tree
version=v4
num_class=1
num_tree_per_iteration=1
label_index=0
max_feature_idx=5
objective=regression
feature_names=country location_freq bedrooms bathrooms area_sqm property_type
feature_infos=-1:3:0:1:2 [2.9205607476635515e-05:0.0054614485981308416] [1:13] [1:43] [0.92902266815310297:2200] -1:20:33:0:14:15:17:37:32:26:21:36:11:34:5:8:3:2:22:40:41:24:38:10:12:46
tree_sizes=2757 2805 2807 2802 2815 2804 2810 2814 2816 2827 2837 2823 2830 2831 2852 2826 2840 2820 2826 2840 2827 2861 2819 2841 2801 2814 2837 2848 2826 2866 2827 2853 2870 2846 2820 2865 2843 2864 2838 2834 2855 2820 2873 2865 2849 2814 2868 2834 2851 2863 2854 2858 2884 2896 2861 2862 2843 2886 2918 2890 2919 2869 2873 2851 2897 2914 2896 2883 2868 2854 2892 2877 2842 2853 2840 2880 2875 2895 2892 2899 2916 2889 2827 2867 2883 2902 2838 2873 2847 2859 2874 2877 2877 2899 2862 2857 2902 2854 2902 2834 2888 2833 2911 2897 2888 2824 2900 2834 2857 2857 2859 2864 2867 2854 2887 2857 2860 2876 2864 2874 2880 2832 2902 2868 2876 2879 2833 2855 2866 2865 2901 2844 2882 2855 2836 2821 2856 2881 2845 2882 2848 2869 2877 2854 2870 2848 2864 2884 2864 2871 2889 2881 2838 2834 2827 2885 2881 2879 2856 2811 2846 2913 2873 2827 2862 2827 2853 2826 2815 2837 2849 2870 2842 2848 2835 2851 2833 2835 2833 2854 2850 2853 2855 2845 2850 2861 2833 2846 2817 2832 2845 2848 2815 2804 2852 2816

Tree=0
num_leaves=31
num_cat=6
split_feature=4 4 4 0 5 3 4 4 4 4 3 0 3 1 4 4 0 0 4 4 1 1 1 3 1 3 0 2 4 4
split_gain=1.60848e+15 3.0638e+14 4.6788e+13 3.59052e+13 2.76387e+13 2.77594e+13 2.41715e+13 9.93894e+12 5.15212e+12 4.84368e+12 5.68838e+12 4.37271e+12 4.33052e+12 4.17704e+12 2.22121e+12 1.88954e+12 1.20156e+12 1.19239e+12 1.26532e+12 1.09659e+12 9.4602e+11 8.41166e+11 8.39511e+11 7.67263e+11 7.65039e+11 7.60702e+11 6.26833e+11 5.75313e+11 5.48122e+11 5.42475e+11
threshold=855.00000000000011 541.00000000000011 342.85821225290857 0 1 2.5000000000000004 610.00000000000011 36.100000000000009 206.50265366987779 391.08371961117962 3.2500000000000004 2 3.2500000000000004 7.3014018691588793e-05 46.70000000000001 153.64123960510702 3 4 160.12820512820517 246.96711259754741 0.00010221962616822432 0.00010221962616822432 0.0031103971962616827 4.2500000000000009 0.00016063084112149533 4.2500000000000009 5 2.5000000000000004 72.008630548569897 27.950000000000003
decision_type=10 10 8 1 9 2 10 10 10 8 2 1 2 10 10 10 1 1 10 10 8 10 10 2 10 2 1 2 10 10
left_child=1 2 4 9 5 14 -3 25 12 -4 -11 19 16 -12 26 28 -9 -16 -19 20 -10 -8 27 -14 -5 -7 29 -18 -6 -1
right_child=-2 6 3 24 15 7 21 8 11 10 13 -13 23 -15 17 -17 22 18 -20 -21 -22 -23 -24 -25 -26 -27 -28 -29 -30 -31
leaf_value=230049.77888832949 590709.68034286355 302880.30622176977 263282.91618013731 235652.06648710385 227106.95634655273 234337.76945505536 376916.55641243194 233318.09662456639 237247.9601951584 264135.49450301973 276624.41961695207 237819.4460068568 237773.98401435892 303407.63768555777 233879.26541995435 232557.51819149349 234761.95469667643 229804.66017869045 242770.48699813694 251405.031450676 248442.68543584924 362588.80557235569 240293.00327832019 238861.25988921351 243164.29239880395 237385.85556410195 227913.84234043892 236696.16719902941 229361.35122557051 232300.64378820002
leaf_weight=341 32 20 38 94 360 3353 21 266 32 24 24 237 3597 37 3769 435 404 318 20 125 46 20 157 2956 53 218 135 7943 1074 1245
leaf_count=341 32 20 38 94 360 3353 21 266 32 24 24 237 3597 37 3769 435 404 318 20 125 46 20 157 2956 53 218 135 7943 1074 1245
internal_value=236428 236014 235764 256474 235557 235994 347945 236906 237445 274988 284757 242780 237292 292870 232969 229707 236565 233601 230740 247935 243850 369927 236670 238264 238237 234524 231461 236603 228795 231846
internal_weight=27394 27362 27301 270 27031 25162 61 19334 15763 123 85 440 15323 61 5828 1869 8770 4107 338 203 78 41 8504 6553 147 3571 1721 8347 1434 1586
internal_count=27394 27362 27301 270 27031 25162 61 19334 15763 123 85 440 15323 61 5828 1869 8770 4107 338 203 78 41 8504 6553 147 3571 1721 8347 1434 1586
cat_boundaries=0 1 2 3 4 5 6
cat_threshold=2 1048576 2 2 8 12
is_linear=0
shrinkage=1


Tree=1
num_leaves=31
num_cat=6
split_feature=4 4 4 0 5 3 4 4 4 4 3 0 3 2 4 4 0 0 4 4 1 3 1 1 1 3 0 4 2 4
split_gain=1.45165e+15 2.76509e+14 4.22272e+13 3.24045e+13 2.49418e+13 2.5065e+13 2.18148e+13 8.98501e+12 4.61715e+12 4.37142e+12 5.13377e+12 3.94375e+12 3.8576e+12 3.79205e+12 2.00891e+12 1.70531e+12 1.10109e+12 1.07586e+12 1.14195e+12 9.89671e+11 8.53783e+11 7.68009e+11 7.59152e+11 7.49248e+11 6.90448e+11 6.53125e+11 5.7724e+11 5.20359e+11 5.04281e+11 4.9618e+11
threshold=855.00000000000011 541.00000000000011 342.85821225290857 0 1 2.5000000000000004 610.00000000000011 37.975000000000009 206.50265366987779 391.08371961117962 3.2500000000000004 2 3.2500000000000004 4.5000000000000009 46.70000000000001 153.64123960510702 3 4 160.12820512820517 246.96711259754741 0.00010221962616822432 4.2500000000000009 0.00010221962616822432 0.0031103971962616827 0.00016063084112149533 4.2500000000000009 5 20.075000000000003 2.5000000000000004 25.050000000000004
decision_type=10 10 8 1 9 2 10 10 10 8 2 1 2 2 10 10 1 1 10 10 8 2 10 10 10 2 1 10 2 10
left_child=1 2 4 9 5 14 -3 21 12 -4 -11 19 16 -12 26 -6 -9 -16 -19 20 -10 27 -8 28 -5 -14 29 -7 -18 -1
right_child=-2 6 3 24 15 7 22 8 11 10 13 -13 25 -15 17 -17 23 18 -20 -21 -22 -23 -24 -25 -26 -27 -28 -29 -30 -31
leaf_value=-6350.7804062463292 336567.64482421876 63129.735209960934 25512.212792968752 -737.09429022606389 -7250.9326471091981 -5105.9696249364843 133464.17235863095 -2959.9993652012035 779.00480804443362 26322.162565104169 67609.337991898152 1324.7329971715026 1305.221769108228 42510.680003446694 -2421.5925127300457 -3676.9150824746321 -1572.2313591572192 -6292.1302832645442 6025.4053930664068 14228.22275617676 11413.993902853261 1006.0465235793245 119852.81203125001 3671.7957693695266 6399.5204861622942 2314.7392336752082 -8117.7662931034492 -1796.1340773196107 272.25598694339499 -3983.6970739821236
leaf_weight=266 32 20 38 94 1434 123 21 266 32 24 27 237 3531 34 3769 435 389 318 20 125 46 241 20 157 53 2933 135 3436 7818 1320
leaf_count=266 32 20 38 94 1434 123 21 266 32 24 27 237 3531 34 3769 435 389 318 20 125 46 241 20 157 53 2933 135 3436 7818 1320
internal_value=-0.233259 -393.851 -631.44 19044.1 -827.97 -412.504 105941 453.755 986.867 36631.7 45912.3 6035.7 839.69 53619.9 -3286.97 -6384.94 147.904 -2686.05 -5403.42 10931.9 7050.92 -1725.55 126824 249.985 1719.03 1763.28 -4721.01 -1910.52 184.83 -4353.25
internal_weight=27394 27362 27301 270 27031 25162 61 19334 15534 123 85 440 15094 61 5828 1869 8630 4107 338 203 78 3800 41 8364 147 6464 1721 3559 8207 1586
internal_count=27394 27362 27301 270 27031 25162 61 19334 15534 123 85 440 15094 61 5828 1869 8630 4107 338 203 78 3800 41 8364 147 6464 1721 3559 8207 1586
cat_boundaries=0 1 2 3 4 5 6
cat_threshold=2 1048576 2 2 8 12
is_linear=0
shrinkage=0.05


Tree=2
num_leaves=31
num_cat=6
split_feature=4 4 4 0 5 3 4 4 4 4 3 1 0 3 4 4 0 0 4 3 4 1 1 1 1 4 0 3 4 4
split_gain=1.31012e+15 2.49551e+14 3.8111e+13 2.9245e+13 2.25081e+13 2.26321e+13 1.96879e+13 8.12198e+12 4.11724e+12 3.9452e+12 4.63322e+12 3.72844e+12 3.55686e+12 3.31456e+12 1.81692e+12 1.53904e+12 1.02231e+12 9.75851e+11 1.07568e+12 9.19942e+11 8.93178e+11 7.70539e+11 6.85134e+11 6.60113e+11 6.23129e+11 6.08408e+11 5.31478e+11 5.26369e+11 4.94681e+11 4.69485e+11
threshold=855.00000000000011 541.00000000000011 342.85821225290857 0 1 2.5000000000000004 610.00000000000011 38.95000000000001 206.50265366987779 391.08371961117962 3.2500000000000004 7.3014018691588793e-05 2 3.2500000000000004 46.70000000000001 153.64123960510702 3 4 160.12820512820517 4.2500000000000009 246.96711259754741 0.00010221962616822432 0.00010221962616822432 0.0031103971962616827 0.00016063084112149533 34.95000000000001 5 4.2500000000000009 72.008630548569897 160.12820512820517
decision_type=10 10 8 1 9 2 10 10 10 8 2 10 1 2 10 10 1 1 10 2 10 8 10 10 10 10 1 2 10 10
left_child=1 2 4 9 5 14 -3 19 13 -4 -11 -12 20 16 26 28 29 18 -16 25 21 -10 -8 -18 -5 -7 -1 -15 -6 -9
right_child=-2 6 3 24 15 7 22 8 12 10 11 -13 -14 27 17 -17 23 -19 -20 -21 -22 -23 -24 -25 -26 -27 -28 -29 -30 -31
leaf_value=-4135.5880056395572 319739.25827636721 59973.248652343755 24236.602281992062 -700.23946559175533 -8492.4026866319455 -2228.4373819135285 126790.96469494049 -4313.2193988861909 740.05447998046884 25006.054036458336 35590.508003743489 60894.656791728252 1261.1781106307924 1272.7758721998741 -6277.1152610480158 -3493.069461999652 214.32357178614618 -2314.4213836685917 5724.1351855468747 1238.5002627974709 13516.811751171874 10843.294531780741 113860.173125 3488.205937671054 6079.5444557045994 -953.78267608446959 -7739.8703017241387 2189.0563356573653 -6350.7273301847381 251.28099542311679
leaf_weight=1586 32 20 38 94 360 2341 21 185 32 24 24 37 237 3422 281 435 7974 3806 20 282 125 46 20 157 53 1560 135 2892 1074 81
leaf_count=1586 32 20 38 94 360 2341 21 185 32 24 24 37 237 3422 281 435 7974 3806 20 282 125 46 20 157 53 1560 135 2892 1074 81
internal_value=-0.443824 -374.381 -600.091 18091.9 -786.797 -392.121 100644 431.025 969.497 34800.1 43616.7 50938.9 5735.42 826.95 -3123.52 -6065.69 176.143 -2552.04 -5303.49 -1519.34 10385.3 6698.38 120483 277.197 1633.08 -1718.71 -4487.32 1692.46 -6888.39 -2817.36
internal_weight=27394 27362 27301 270 27031 25162 61 19334 15151 123 85 61 440 14711 5828 1869 8397 4107 301 4183 203 78 41 8131 147 3901 1721 6314 1434 266
internal_count=27394 27362 27301 270 27031 25162 61 19334 15151 123 85 61 440 14711 5828 1869 8397 4107 301 4183 203 78 41 8131 147 3901 1721 6314 1434 266
cat_boundaries=0 1 2 3 4 5 6
cat_threshold=2 1048576 2 2 2 12
is_linear=0
shrinkage=0.05


Tree=3
num_leaves=31
num_cat=6
split_feature=4 4 4 0 5 3 4 4 4 4 3 2 0 3 4 4 0 4 0 1 0 4 1 1 1 3 3 4 2 4
split_gain=1.18238e+15 2.25221e+14 3.43961e+13 2.63936e+13 2.03116e+13 2.04406e+13 1.77683e+13 7.35326e+12 3.792e+12 3.56055e+12 4.18149e+12 3.38327e+12 3.20793e+12 3.19582e+12 1.66258e+12 1.38898e+12 8.89818e+11 8.06093e+11 7.58641e+11 6.99929e+11 6.75985e+11 8.86404e+11 6.18334e+11 6.16928e+11 5.62374e+11 5.61224e+11 5.51526e+11 5.25101e+11 4.68737e+11 4.48814e+11
threshold=855.00000000000011 541.00000000000011 342.85821225290857 0 1 2.5000000000000004 610.00000000000011 36.100000000000009 206.50265366987779 391.08371961117962 3.2500000000000004 4.5000000000000009 2 3.2500000000000004 50.620000000000012 153.64123960510702 3 246.96711259754741 4 0.0002774532710280374 5 160.12820512820517 0.00010221962616822432 0.0031103971962616827 0.00016063084112149533 4.2500000000000009 4.2500000000000009 27.950000000000003 2.5000000000000004 77.020452094153072
decision_type=10 10 8 1 9 2 10 10 10 8 2 2 1 2 10 10 1 10 1 8 1 10 10 10 10 2 2 10 2 10
left_child=1 2 4 9 5 14 -3 26 13 -4 -11 -12 17 16 18 29 -9 19 27 -10 -16 -22 -8 28 -5 -15 -7 -1 -18 -6
right_child=-2 6 3 24 15 7 22 8 12 10 11 -13 -14 25 20 -17 23 -19 -20 -21 21 -23 -24 -25 -26 -27 -28 -29 -30 -31
leaf_value=-5560.9801069779833 303752.29822082521 56974.585410156258 23024.772273334704 -665.22764788688505 -7927.7116548978365 -1797.6127781891589 120451.41603422619 -2676.4936260085178 2090.2947478538335 23755.751497395835 61605.874508101857 37898.5929888557 1200.6720870662798 1158.0890485581672 -2126.9640025553831 -3318.4158588595778 -1511.2089182560987 12840.971033184815 -7538.748942342836 11613.3415625 -5442.7685524404869 5437.9283300781253 108167.16203125002 3313.795594855631 5775.5672980542458 2087.9878452357807 797.77798165137619 -3392.5360782122925 234.68082882510043 -5978.5072240413529
leaf_weight=341 32 20 38 94 416 3353 21 266 43 24 27 34 237 3597 3474 435 404 125 161 35 292 20 20 157 53 2956 218 1540 7943 1018
leaf_count=341 32 20 38 94 416 3353 21 266 43 24 27 34 237 3597 3474 435 404 125 161 35 292 20 20 157 53 2956 218 1540 7943 1018
internal_value=-0.657629 -355.898 -570.324 17187.3 -747.696 -372.772 95611.7 409.506 873.62 33060.1 41435.9 48392 5450.08 742.207 -2968.57 -5762.41 118.027 9866.06 -4118.47 6363.46 -2348.36 -4597.92 114459 208.34 1551.42 1577.56 -1639.17 -3765.63 150.179 -6543.97
internal_weight=27394 27362 27301 270 27031 25162 61 19334 15763 123 85 61 440 15323 5828 1869 8770 203 2042 78 3786 312 41 8504 147 6553 3571 1881 8347 1434
internal_count=27394 27362 27301 270 27031 25162 61 19334 15763 123 85 61 440 15323 5828 1869 8770 203 2042 78 3786 312 41 8504 147 6553 3571 1881 8347 1434
cat_boundaries=0 1 2 3 4 5 6
cat_threshold=2 1048576 2 2 12 8
is_linear=0
shrinkage=0.05


Tree=4
num_leaves=31
num_cat=6
split_feature=4 4 4 0 5 3 4 4 4 4 3 1 0 3 4 4 0 3 4 0 1 0 4 1 1 4 1 4 1 4
split_gain=1.0671e+15 2.03263e+14 3.10432e+13 2.38203e+13 1.83296e+13 1.84567e+13 1.60359e+13 6.66662e+12 3.35485e+12 3.21339e+12 3.77379e+12 3.32802e+12 2.89322e+12 2.69522e+12 1.50327e+12 1.25731e+12 8.37104e+11 7.56001e+11 7.27499e+11 6.94502e+11 6.43904e+11 6.09897e+11 8.05955e+11 5.62392e+11 5.58047e+11 5.13724e+11 5.07543e+11 4.73904e+11 4.29633e+11 4.2623e+11
threshold=855.00000000000011 541.00000000000011 342.85821225290857 0 1 2.5000000000000004 610.00000000000011 38.95000000000001 206.50265366987779 391.08371961117962 3.2500000000000004 7.3014018691588793e-05 2 3.2500000000000004 50.620000000000012 140.03401652231085 3 4.2500000000000009 246.96711259754741 4 0.00010221962616822432 5 157.37043019679473 0.00010221962616822432 0.00010221962616822432 34.95000000000001 0.00016063084112149533 27.950000000000003 0.0031103971962616827 159.99269837140113
decision_type=10 10 8 1 9 2 10 10 10 8 2 10 1 2 10 10 1 2 10 1 8 1 10 10 10 10 10 10 10 10
left_child=1 2 4 9 5 14 -3 17 13 -4 -11 -12 18 16 19 -6 29 25 20 27 -10 -16 -23 -18 -8 -7 -5 -1 -25 -9
right_child=-2 6 3 26 15 7 24 8 12 10 11 -13 -14 -15 21 -17 23 -19 -20 -21 -22 22 -24 28 -26 -27 -28 -29 -30 -31
leaf_value=-5282.9311835593844 288564.68024291995 54125.855312500003 21873.53387708162 -631.96618444564501 -6439.4127953128182 -2027.1348884347462 114428.84572172619 -4050.575524216556 598.53713111877448 22567.963997395836 31471.540958658858 55378.331239442567 1143.0690002873841 1528.6360609348794 -2020.9210866934673 -3706.4739145660405 -287.33715466897957 1122.0456557794666 12198.922645312501 -7183.854568713451 9834.325124193274 -5224.9310544340669 4500.0756708559784 491.36403607362695 102758.80078125 -855.85661858289677 5486.7886995135614 -3222.909285123751 3148.1059133015624 203.26766503073952
leaf_weight=341 32 20 38 94 1229 2341 21 178 32 24 24 37 237 6314 3474 640 3024 282 125 161 46 289 23 4950 20 1560 53 1540 157 88
leaf_count=341 32 20 38 94 1229 2341 21 178 32 24 24 37 237 6314 3474 640 3024 282 125 161 46 289 23 4950 20 1560 53 1540 157 88
internal_value=-0.828107 -338.307 -542.011 16327.9 -710.517 -354.354 90831.1 388.993 876.842 31407.1 39364.1 45972.4 5178.94 748.167 -2820.97 -5474.29 161.305 -1378.02 9372.76 -3914.4 6045.28 -2231.22 -4368.02 252.745 108736 -1558.74 1473.85 -3577.35 573.038 -2547.52
internal_weight=27394 27362 27301 270 27031 25162 61 19334 15151 123 85 61 440 14711 5828 1869 8397 4183 203 2042 78 3786 312 8131 41 3901 147 1881 5107 266
internal_count=27394 27362 27301 270 27031 25162 61 19334 15151 123 85 61 440 14711 5828 1869 8397 4183 203 2042 78 3786 312 8131 41 3901 147 1881 5107 266
cat_boundaries=0 1 2 3 4 5 6
cat_threshold=2 1048576 2 2 12 8
is_linear=0
shrinkage=0.05


Tree=5
num_leaves=31
num_cat=6
split_feature=4 4 4 0 5 3 4 4 4 4 3 4 0 3 4 4 0 0 4 4 4 1 1 1 4 3 3 0 4 4
split_gain=9.63062e+14 1.83445e+14 2.8017e+13 2.14978e+13 1.65414e+13 1.66662e+13 1.44724e+13 6.01684e+12 3.02962e+12 2.90009e+12 3.40585e+12 3.1059e+12 2.60937e+12 2.43243e+12 1.36304e+12 1.15957e+12 7.55486e+11 7.37523e+11 8.07424e+11 6.83893e+11 6.56568e+11 5.84606e+11 5.07559e+11 5.03637e+11 4.86125e+11 4.43102e+11 4.25655e+11 4.05606e+11 3.95975e+11 3.91204e+11
threshold=855.00000000000011 541.00000000000011 342.85821225290857 0 1 2.5000000000000004 610.00000000000011 38.95000000000001 206.50265366987779 391.08371961117962 3.2500000000000004 485.50000000000006 2 3.2500000000000004 46.70000000000001 153.64123960510702 3 4 157.37043019679473 34.95000000000001 246.96711259754741 0.0002774532710280374 0.00010221962616822432 0.00010221962616822432 365.25855766946296 4.2500000000000009 4.2500000000000009 5 72.008630548569897 139.48765205362346
decision_type=10 10 8 1 9 2 10 10 10 8 2 8 1 2 10 10 1 1 10 10 10 8 10 10 10 2 2 1 10 10
left_child=1 2 4 9 5 14 -3 19 13 -4 -11 -12 20 16 27 28 29 18 -16 -7 21 -10 -18 -8 -5 -21 -15 -1 -6 -9
right_child=-2 6 3 24 15 7 23 8 12 10 11 -13 -14 26 17 -17 22 -19 -20 25 -22 -23 -24 -25 -26 -27 -28 -29 -30 -31
leaf_value=-3556.2318937832251 274136.45000000001 51419.563602905277 20779.857128263775 7423.0229003906252 -7349.4261398654526 -1846.2813921413453 108707.4013625372 -4357.8233950407612 1837.7210395280706 21439.56570638021 35498.942294921879 59244.846558779762 1088.2294961164839 1074.8008477537066 -5472.9792583108811 -2967.1713482455552 -272.9703935693812 -1979.45411207451 4275.0720618206524 -813.06379848773668 11588.976273176575 10540.957991071429 544.38599946716886 97620.862500000003 100.67730517988446 1868.0191935221355 1898.7723798464278 -6694.203507543104 -5433.2955602961993 -520.15263519287112
leaf_weight=1586 32 20 38 28 360 2452 21 138 43 24 40 21 237 3422 278 435 3024 3806 23 1560 125 35 5107 20 119 171 2892 135 1074 128
leaf_count=1586 32 20 38 28 360 2452 21 138 43 24 40 21 237 3422 278 435 3024 3806 23 1560 125 35 5107 20 119 171 2892 135 1074 128
internal_value=-0.93383 -321.539 -515.058 15511.5 -675.14 -336.797 86289.6 369.573 833.037 29836.7 37395.9 43673.8 4921.3 710.759 -2680.71 -5200.57 153.24 -2185.72 -4576.08 -1309.12 8904.12 5743.02 240.108 103299 1400.16 -548.208 1452.2 -3861.94 -5914.33 -2420.14
internal_weight=27394 27362 27301 270 27031 25162 61 19334 15151 123 85 61 440 14711 5828 1869 8397 4107 301 4183 203 78 8131 41 147 1731 6314 1721 1434 266
internal_count=27394 27362 27301 270 27031 25162 61 19334 15151 123 85 61 440 14711 5828 1869 8397 4107 301 4183 203 78 8131 41 147 1731 6314 1721 1434 266
cat_boundaries=0 1 2 3 4 5 6
cat_threshold=2 1048576 2 2 2 12
is_linear=0
shrinkage=0.05


Tree=6
num_leaves=31
num_cat=5
split_feature=4 4 4 0 2 4 5 3 1 4 4 4 0 0 3 4 2 3 0 4 4 4 4 1 4 1 4 1 1 4
split_gain=8.69164e+14 1.6556e+14 2.5286e+13 1.94017e+13 1.49751e+13 1.30613e+13 1.017e+13 7.87506e+12 2.80381e+12 2.56308e+12 2.16858e+12 2.00365e+12 1.59957e+12 1.57232e+12 1.5076e+12 3.1704e+12 3.4721e+12 1.47486e+12 1.2883e+12 1.20577e+12 7.44567e+11 7.05368e+11 6.11413e+11 5.84834e+11 5.23152e+11 4.87208e+11 4.72833e+11 4.54532e+11 4.49745e+11 4.42611e+11
threshold=855.00000000000011 541.00000000000011 342.85821225290857 0 3.5000000000000004 610.00000000000011 1 2.5000000000000004 0.00030665887850467294 200.29221985743729 270.50726110884449 34.95000000000001 2 3 3.2500000000000004 447.50000000000006 4.5000000000000009 3.2500000000000004 4 42.867018476890188 130.27467500124359 38.050000000000004 35.050000000000004 0.0031103971962616827 246.96711259754741 0.00030665887850467294 250.34974971036357 0.00010221962616822432 0.00016063084112149533 117.01402464142608
decision_type=10 10 8 1 2 10 9 2 10 10 10 10 1 1 2 8 2 2 1 10 10 10 10 10 10 8 10 10 10 10
left_child=1 2 4 8 6 -3 7 18 14 11 17 -9 24 23 -4 16 -16 21 29 -20 -8 -6 -19 -13 25 -11 -26 -7 -5 -1
right_child=-2 5 3 28 10 27 20 9 -10 12 -12 13 -14 -15 15 -17 -18 22 19 -21 -22 -23 -24 -25 26 -27 -28 -29 -30 -31
leaf_value=-5935.1584373333953 260429.62181396486 48848.585048828128 18155.894750976564 -656.03506794381656 -1584.6937207794863 103272.03173828125 -6274.0252687443644 -1903.901224220788 46824.231986860803 -190.84533110119048 8157.7445430126018 -7.7660125379241656 722.03342529296879 -3370.0951339678209 37906.629501488096 45504.854097167969 9786.3977921195656 -408.64221700412122 -3741.7751939435752 -1976.0527361783477 -4111.4731836947622 349.39213692260444 1469.9584854916916 3242.0764845827794 17438.386574074073 9100.3845430595939 8317.878577473959 92739.821953125007 5103.7973153744106 689.55226417824088
leaf_weight=381 32 20 32 94 566 21 901 1893 22 21 103 7612 155 341 21 25 23 469 1293 3833 713 2821 5661 141 27 43 30 20 53 27
leaf_count=381 32 20 32 94 566 21 901 1893 22 21 103 7612 155 341 21 25 23 469 1293 3833 713 2821 5661 141 27 43 30 20 53 27
internal_value=-1.09051 -305.666 -489.51 14735.9 -641.589 81975.1 -1516.37 -1127.17 28344.9 -308.112 941.656 -439.468 4444.99 -96.9713 27126.1 31286.2 23207.4 863.558 -2648.18 -2416.73 -5285.95 26.1879 1326.23 51.2711 8455.58 6051.7 12638.1 98134.4 1330.15 -5365.26
internal_weight=27394 27362 27301 270 27031 61 17411 15797 123 10263 9620 9987 276 8094 101 69 44 9517 5534 5126 1614 3387 6130 7753 121 64 57 41 147 408
internal_count=27394 27362 27301 270 27031 61 17411 15797 123 10263 9620 9987 276 8094 101 69 44 9517 5534 5126 1614 3387 6130 7753 121 64 57 41 147 408
cat_boundaries=0 1 3 4 5 6
cat_threshold=2 1081632 5 3 8 2
is_linear=0
shrinkage=0.05


Tree=7
num_leaves=31
num_cat=5
split_feature=4 4 2 2 4 2 4 5 3 4 1 0 4 4 4 4 3 0 0 4 4 4 4 4 4 1 4 1 1 0
split_gain=7.84421e+14 1.49809e+14 3.81998e+13 3.12388e+13 1.72861e+13 1.57213e+13 1.61065e+13 9.27789e+12 7.70377e+12 4.64393e+12 4.52042e+12 3.4894e+12 2.71284e+12 2.44725e+12 1.86368e+12 1.80897e+12 1.32634e+12 1.24889e+12 1.15822e+12 1.07601e+12 7.68887e+11 7.67932e+11 6.36476e+11 6.13987e+11 5.5038e+11 5.04492e+11 3.99457e+11 3.91668e+11 5.7052e+11 3.74814e+11
threshold=855.00000000000011 541.00000000000011 3.5000000000000004 5.5000000000000009 610.00000000000011 3.5000000000000004 350.83532286447655 0 2.5000000000000004 215.16819001774374 0.00010221962616822432 1 420.50000000000006 264.62970034264117 35.050000000000004 342.85821225290857 3.2500000000000004 2 3 42.867018476890188 400.25000000000006 154.90258159621155 38.050000000000004 168.10000000000002 35.050000000000004 0.0031103971962616827 117.01402464142608 4.3808411214953281e-05 0.00010221962616822432 4
decision_type=10 8 2 2 10 2 10 9 2 10 10 1 10 10 10 10 2 1 1 10 10 10 10 10 10 10 10 10 10 1
left_child=1 5 -3 4 -4 7 13 8 18 14 20 -11 -12 16 -10 -13 22 25 26 -20 -8 -9 -7 -19 -18 -16 -1 -15 -29 -24
right_child=-2 2 3 -5 -6 6 10 21 9 11 12 15 -14 27 17 -17 24 23 19 -21 -22 -23 29 -25 -26 -27 -28 28 -30 -31
leaf_value=-5638.4004967957344 247408.14409179689 6063.3682421875001 74449.361230468756 33415.737597656254 137388.96715494792 -1505.4590133164882 18152.962501162576 -5600.2309096973167 -1625.372422371632 576.19340807256856 21259.166436298081 8624.0537131094734 45115.54477982955 4202.3955460230509 59.846780304072382 21522.312467447919 -388.21006858841952 -3857.5034960197681 -3554.686445135012 -1888.5298136424799 5678.6620426432301 -3023.5387416920767 523.03060217199027 2131.4511132812499 1394.1990654932902 3079.9726507633295 655.07469075520839 16286.352859375002 7123.2053344402666 -1379.0945367621716
leaf_weight=381 32 20 20 20 24 566 21 1252 2380 177 26 111 22 45 7155 36 469 297 1293 3867 30 376 2541 50 5658 141 27 25 53 279
leaf_count=381 32 20 20 20 24 566 21 1252 2380 177 26 111 22 45 7155 36 469 297 1293 3867 30 376 2541 50 5658 141 27 25 53 279
internal_value=-1.08432 -290.431 66379.8 85228.7 108780 -495.735 1115.62 -1389.91 -1019.46 -213.124 21180.3 5678.46 32193.3 909.476 -403.573 11032.3 818.87 -23.1095 -2519.7 -2301.58 10815.1 -4974.57 24.6908 -2910.66 1257.76 118.051 -5096.99 7917.04 10060.1 331.806
internal_weight=27394 27362 84 64 44 27278 9735 17543 15915 10347 99 324 48 9636 10023 147 9513 7643 5568 5160 51 1628 3386 347 6127 7296 408 123 78 2820
internal_count=27394 27362 84 64 44 27278 9735 17543 15915 10347 99 324 48 9636 10023 147 9513 7643 5568 5160 51 1628 3386 347 6127 7296 408 123 78 2820
cat_boundaries=0 2 3 4 5 6
cat_threshold=1081388 5 8 8 2 8
is_linear=0
shrinkage=0.05


Tree=8
num_leaves=31
num_cat=4
split_feature=4 4 2 2 4 2 4 5 3 4 1 0 4 4 4 4 0 3 0 4 4 4 4 1 4 1 4 4 4 2
split_gain=7.0794e+14 1.35203e+14 3.44753e+13 2.8193e+13 1.56007e+13 1.41877e+13 1.45361e+13 8.37337e+12 6.95283e+12 4.19596e+12 4.07968e+12 3.33697e+12 2.813e+12 2.44834e+12 2.20976e+12 1.65962e+12 1.24372e+12 1.20162e+12 1.04672e+12 9.51973e+11 7.03702e+11 6.93921e+11 5.74385e+11 5.64251e+11 5.07072e+11 4.75692e+11 3.82543e+11 3.799e+11 3.64332e+11 3.51592e+11
threshold=855.00000000000011 541.00000000000011 3.5000000000000004 5.5000000000000009 610.00000000000011 3.5000000000000004 350.83532286447655 0 2.5000000000000004 200.29221985743729 0.00010221962616822432 1 290.50000000000006 420.50000000000006 270.50726110884449 34.95000000000001 2 3.2500000000000004 3 42.867018476890188 146.96795082418143 400.25000000000006 38.050000000000004 0.00021904205607476641 34.95000000000001 0.0031103971962616827 80.050000000000011 139.48765205362346 246.96711259754741 1.5000000000000002
decision_type=10 8 2 2 10 2 10 9 2 10 10 1 10 10 10 10 1 2 1 10 10 10 10 10 10 8 10 10 10 2
left_child=1 5 -3 4 -4 7 14 8 18 15 21 12 28 -12 17 -10 25 22 19 -1 -9 -8 -7 -13 -19 -17 -20 -18 -11 -21
right_child=-2 2 3 -5 -6 6 10 20 9 11 13 23 -14 -15 -16 16 27 24 26 29 -22 -23 -24 -25 -26 -27 -28 -29 -30 -31
leaf_value=-3356.9868103513472 235037.73115234377 5760.1998437500006 70726.894492187508 31744.951953125001 130519.51907552083 -1430.186047853935 17245.314253162203 -5430.0282814738848 -1727.4375352798033 6237.1954462280273 20196.20864093487 137.36616541544598 29032.893368183486 42859.768013139204 7635.2423081341913 -4.979238124627912 -4114.1001392318167 -766.83056491949628 -5641.8562398631675 -277.41987281712619 -3154.327490809344 5394.7289729817712 315.11190440959859 5299.2624021809897 1302.2183003953742 2925.9739459531529 -2308.3118856148099 -319.63958523220487 12781.933514528018 -1935.7239028899935
leaf_weight=1283 32 20 20 20 24 566 21 1145 1893 50 26 180 22 22 119 7612 247 312 342 352 483 30 2821 75 5818 141 115 90 37 3476
leaf_count=1283 32 20 20 20 24 566 21 1145 1893 50 26 180 22 22 119 7612 247 312 342 352 483 30 2821 75 5818 141 115 90 37 3476
internal_value=-1.0352 -275.914 63060.8 80967.3 103341 -470.954 1059.79 -1320.4 -968.468 -202.44 20121.3 5070.56 11962.3 30583.7 863.957 -394.704 -82.8541 779.29 -2393.72 -2174.04 -4725.84 10274.4 23.456 1593.1 1196.91 48.2623 -4700.15 -3011.38 9020.59 -1783.24
internal_weight=27394 27362 84 64 44 27278 9735 17543 15915 10347 99 364 109 48 9636 9983 8090 9517 5568 5111 1628 51 3387 255 6130 7753 457 337 87 3828
internal_count=27394 27362 84 64 44 27278 9735 17543 15915 10347 99 364 109 48 9636 9983 8090 9517 5568 5111 1628 51 3387 255 6130 7753 457 337 87 3828
cat_boundaries=0 2 3 4 5
cat_threshold=1081388 5 2 8 8
is_linear=0
shrinkage=0.05


Tree=9
num_leaves=31
num_cat=4
split_feature=4 4 2 2 4 2 4 5 3 4 1 0 4 4 4 4 2 0 0 4 4 4 4 4 3 1 4 2 4 1
split_gain=6.38916e+14 1.22021e+14 3.1114e+13 2.54442e+13 1.40796e+13 1.28044e+13 1.31189e+13 7.58344e+12 6.29537e+12 4.05581e+12 3.68191e+12 3.40183e+12 2.56949e+12 2.20962e+12 1.99648e+12 1.55942e+12 1.11287e+12 1.0259e+12 9.44669e+11 8.59155e+11 8.31492e+11 6.57401e+11 6.26264e+11 5.35408e+11 4.56637e+11 4.02685e+11 3.7959e+11 3.58831e+11 3.57349e+11 3.52586e+11
threshold=855.00000000000011 541.00000000000011 3.5000000000000004 5.5000000000000009 610.00000000000011 3.5000000000000004 350.83532286447655 0 2.5000000000000004 215.16819001774374 0.00010221962616822432 1 342.85821225290857 420.50000000000006 264.62970034264117 36.100000000000009 4.5000000000000009 2 3 42.867018476890188 38.050000000000004 130.27467500124359 400.25000000000006 168.10000000000002 3.2500000000000004 0.0031103971962616827 25.050000000000004 2.5000000000000004 65.01579338535862 4.3808411214953281e-05
decision_type=10 8 2 2 10 2 10 9 2 10 10 1 10 10 10 10 2 1 1 10 10 10 10 10 2 10 10 2 10 10
left_child=1 5 -3 4 -4 7 14 8 18 15 22 -11 -13 -12 16 26 20 25 19 -1 -7 -9 -8 -19 -22 27 -10 -17 -20 -16
right_child=-2 2 3 -5 -6 6 10 21 9 11 13 12 -14 -15 29 17 -18 23 28 -21 24 -23 -24 -25 -26 -27 -28 -29 -30 -31
leaf_value=-3189.1375292997295 223285.85078125002 5472.1894921875 67190.548945312505 30157.703692626954 123993.54261067708 -998.40855178088736 16383.049032738096 -5411.6598586412292 -3083.9233981483862 483.07527820770758 19186.397919170671 8223.2499375387888 25002.469918507544 40716.779269131745 3625.6839583333335 -1341.4056353598762 1511.7533001311413 -3490.8631512959801 -5863.446592793367 -1694.0744967334076 62.349240178052312 -3398.681759011924 5124.9924792607635 2150.3707380022324 991.11278055186801 2779.6753330961187 -1202.4705804978662 171.31699543509254 -3059.8007808469379 9183.463119115584
leaf_weight=1283 32 20 20 20 24 957 21 905 304 177 26 107 29 22 45 417 3127 297 245 3828 2286 735 30 49 3143 141 2269 6545 212 78
leaf_count=1283 32 20 20 20 24 957 21 905 304 177 26 107 29 22 45 417 3127 297 245 3828 2286 735 30 49 3143 141 2269 6545 212 78
internal_value=-0.983455 -262.119 59907.8 76918.9 98174 -447.406 1006.81 -1254.38 -918.118 -188.506 19115.2 5416.28 10992.9 29054.5 820.76 -363.55 738.923 3.00975 -2274.03 -2065.34 360.495 -4482.17 9760.66 -2616.34 600.036 134.098 -1424.76 80.7101 -4465.14 7150.13
internal_weight=27394 27362 84 64 44 27278 9735 17543 15903 10335 99 313 136 48 9636 10022 9513 7449 5568 5111 6386 1640 51 346 5429 7103 2573 6962 457 123
internal_count=27394 27362 84 64 44 27278 9735 17543 15903 10335 99 313 136 48 9636 10022 9513 7449 5568 5111 6386 1640 51 346 5429 7103 2573 6962 457 123
cat_boundaries=0 2 3 4 5
cat_threshold=1081384 5 8 8 8
is_linear=0
shrinkage=0.05


Tree=10
num_leaves=31
num_cat=4
split_feature=4 4 2 2 4 2 4 5 3 4 0 1 4 4 4 4 3 0 0 4 4 4 4 2 1 4 2 3 4 4
split_gain=5.76622e+14 1.10124e+14 2.80803e+13 2.29634e+13 1.27069e+13 1.15558e+13 1.18398e+13 6.85403e+12 5.70639e+12 3.76929e+12 3.39524e+12 3.32292e+12 3.24369e+12 1.99418e+12 1.80217e+12 1.39038e+12 1.03477e+12 1.01434e+12 8.53262e+11 7.99283e+11 7.93399e+11 6.22849e+11 5.65203e+11 4.54375e+11 3.64865e+11 3.53729e+11 3.46296e+11 3.43702e+11 3.4258e+11 3.33541e+11
threshold=855.00000000000011 541.00000000000011 3.5000000000000004 5.5000000000000009 610.00000000000011 3.5000000000000004 350.83532286447655 0 2.5000000000000004 200.29221985743729 1 0.00010221962616822432 342.85821225290857 420.50000000000006 270.50726110884449 36.100000000000009 4.2500000000000009 2 3 38.050000000000004 41.050000000000004 153.64123960510702 400.25000000000006 4.5000000000000009 0.0031103971962616827 136.61049030537524 1.5000000000000002 1.5000000000000002 25.050000000000004 117.01402464142608
decision_type=10 8 2 2 10 2 10 9 2 10 1 10 10 10 10 10 2 1 1 10 10 10 10 2 10 10 2 2 10 10
left_child=1 5 -3 4 -4 7 14 8 18 15 -11 22 -12 -13 16 28 19 24 29 -7 -20 -9 -8 -21 -17 -19 -22 -28 -10 -1
right_child=-2 2 3 -5 -6 6 11 21 9 10 12 13 -14 -15 -16 17 -18 25 20 23 26 -23 -24 -25 -26 -27 27 -29 -30 -31
leaf_value=-4860.098305241142 212121.55312500001 5198.5802734375002 63831.022265625004 28649.818234863284 117793.86661783856 -918.76685116393514 15563.896316964288 -4830.0280875365324 -2929.7271109330031 572.95835846843818 7829.0573806895381 18227.07795269306 27700.745222656249 38680.9404296875 6894.7205884917457 71.485355086004674 1464.4568327782931 -3742.0494841394343 -3092.3373651482598 345.41623312164029 -154.07038262261287 -2603.9580629471079 4868.7428970336914 1445.1137379469462 2640.6914820894285 93.08485092163086 -2772.9181538812795 -1539.0776336622239 -1142.3470166723757 890.72651717574502
leaf_weight=381 32 20 20 20 24 1047 21 1239 304 207 115 26 25 22 119 6932 3039 242 1218 4223 360 421 30 1208 141 80 702 2880 2269 27
leaf_count=381 32 20 20 20 24 1047 21 1239 304 207 115 26 25 22 119 6932 3039 242 1218 4223 360 421 30 1208 141 80 702 2880 2269 27
internal_value=-0.925449 -249.004 56912.4 73073 93265.3 -425.027 956.465 -1191.65 -869.842 -174.085 4948.68 18159.5 10619.1 27601.8 779.722 -352.415 703.26 -4.09131 -2160.33 346.163 -1973.13 -4239.92 9272.63 590.018 122.529 -2705.21 -1632.32 -1780.89 -1353.53 -4372.36
internal_weight=27394 27362 84 64 44 27278 9735 17543 15883 10315 347 99 140 48 9636 9968 9517 7395 5568 6478 5160 1660 51 5431 7073 322 3942 3582 2573 408
internal_count=27394 27362 84 64 44 27278 9735 17543 15883 10315 347 99 140 48 9636 9968 9517 7395 5568 6478 5160 1660 51 5431 7073 322 3942 3582 2573 408
cat_boundaries=0 2 3 4 5
cat_threshold=1081384 1 8 8 2
is_linear=0
shrinkage=0.05


Tree=11
num_leaves=31
num_cat=5
split_feature=4 4 2 2 4 3 4 5 3 4 0 1 4 4 4 0 4 2 1 4 4 4 4 1 0 4 3 4 4 0
split_gain=5.20401e+14 9.93865e+13 2.53425e+13 2.07245e+13 1.14679e+13 1.05062e+13 1.47249e+13 6.51362e+12 5.32061e+12 3.41693e+12 3.17865e+12 2.14538e+12 2.02473e+12 1.71579e+12 1.3958e+12 1.08799e+12 8.75815e+11 8.35653e+11 1.05598e+12 8.16827e+11 7.88282e+11 5.72408e+11 5.44988e+11 4.3386e+11 4.23816e+11 3.49616e+11 3.45126e+11 3.39624e+11 3.03612e+11 2.75714e+11
threshold=855.00000000000011 541.00000000000011 3.5000000000000004 5.5000000000000009 610.00000000000011 3.2500000000000004 350.83532286447655 0 2.5000000000000004 210.01995379122039 1 7.3014018691588793e-05 400.25000000000006 38.95000000000001 35.050000000000004 2 246.96711259754741 3.5000000000000004 0.00024824766355140192 264.62970034264117 50.620000000000012 130.27467500124359 139.48765205362346 0.00010221962616822432 3 25.050000000000004 4.2500000000000009 25.050000000000004 61.730000000000011 4
decision_type=10 8 2 2 10 2 10 9 2 10 1 10 10 10 10 1 10 2 8 10 10 10 10 10 1 10 2 10 10 1
left_child=1 5 -3 4 -4 7 14 8 20 13 16 -8 -13 27 -7 22 -11 18 -18 26 24 -9 -15 -17 25 -1 -16 -10 -25 -22
right_child=-2 2 3 -5 -6 6 11 21 9 10 -12 12 -14 15 19 23 17 -19 -20 -21 29 -23 -24 28 -26 -27 -28 -29 -30 -31
leaf_value=-4225.0972253090576 201515.48024902344 4938.6512499999999 60639.4713671875 27217.327915039066 111904.17345377605 -626.97303265339463 11449.911913511489 -4897.9118590904391 -3140.2424286347582 5603.5665740411932 391.14760951289423 17587.406511579244 36602.104438127797 -3483.8258660519127 762.92595706008854 -293.51508758148293 23894.973545258621 6985.2341982841499 10817.075840435607 5986.5455571374232 -1422.9675470707261 -3041.7783368698779 90.130456746816648 101.68449712943263 -5210.9071016905737 -2252.1881002727437 1480.0898153240196 -1248.7577889462809 874.24584235559996 -3002.279297035619
leaf_weight=261 32 20 20 20 24 1327 36 906 266 55 206 28 28 320 3760 3032 29 32 33 86 3511 767 160 2731 173 1608 3029 2201 2380 313
leaf_count=261 32 20 20 20 24 1327 36 906 266 55 206 28 28 320 3760 3032 29 32 33 86 3511 767 160 2731 173 1608 3029 2201 2380 313
internal_value=-0.868718 -236.543 54066.8 69419.3 88602 -403.765 1080.8 -1052.36 -762.514 -135.398 4693.32 20972.9 27094.8 -289.969 857.674 42.684 9947.43 13547.3 16934.2 1144.24 -1987.36 -4022.91 -2245.72 180.114 -2780.54 -2514.25 1082.9 -1452.7 461.437 -1563.81
internal_weight=27394 27362 84 64 44 27278 8294 18984 17311 11445 355 92 56 11090 8202 8623 149 94 62 6875 5866 1673 480 8143 2042 1869 6789 2467 5111 3824
internal_count=27394 27362 84 64 44 27278 8294 18984 17311 11445 355 92 56 11090 8202 8623 149 94 62 6875 5866 1673 480 8143 2042 1869 6789 2467 5111 3824
cat_boundaries=0 2 3 4 5 6
cat_threshold=1081376 1 3 3 8 8
is_linear=0
shrinkage=0.05


Tree=12
num_leaves=31
num_cat=4
split_feature=4 4 2 2 4 2 4 5 3 4 0 4 1 4 4 4 2 0 0 4 4 4 2 4 1 3 4 3 1 1
split_gain=4.69663e+14 8.96969e+13 2.28716e+13 1.87038e+13 1.03498e+13 9.52407e+12 9.62653e+12 5.59381e+12 4.65668e+12 3.30841e+12 3.35855e+12 3.71342e+12 2.77753e+12 1.63643e+12 1.5171e+12 1.14627e+12 8.76459e+11 7.76983e+11 7.07287e+11 6.50048e+11 6.26744e+11 5.24504e+11 5.20717e+11 3.53218e+11 4.08417e+11 4.08265e+11 3.4484e+11 3.43116e+11 3.37439e+11 3.18717e+11
threshold=855.00000000000011 541.00000000000011 3.5000000000000004 5.5000000000000009 610.00000000000011 3.5000000000000004 350.83532286447655 0 2.5000000000000004 200.29221985743729 1 342.85821225290857 0.00010221962616822432 420.50000000000006 264.62970034264117 34.95000000000001 4.5000000000000009 2 3 33.050000000000004 38.050000000000004 153.64123960510702 4.5000000000000009 63.850000000000001 0.0022050233644859817 4.2500000000000009 246.96711259754741 3.2500000000000004 0.0016501168224299068 0.0003942757009345795
decision_type=10 8 2 2 10 2 10 9 2 10 1 10 10 10 10 10 2 1 1 10 10 10 2 10 10 2 10 2 10 8
left_child=1 5 -3 4 -4 7 14 8 18 15 11 26 22 -14 16 -10 20 23 19 -1 -7 -9 -8 25 28 -17 29 -22 -25 -11
right_child=-2 2 3 -5 -6 6 12 21 9 10 -12 -13 13 -15 -16 17 -18 -19 -20 -21 27 -23 -24 24 -26 -27 -28 -29 -30 -31
leaf_value=-3282.8382064139005 191439.70488281251 4691.7182812500005 57607.497675781255 25856.461135253907 106308.96591796876 -875.90159684064622 12658.000159112338 -4368.5743605880034 -1430.2407145111763 101.0537158203125 487.84220848259292 31339.328769531254 16522.881822791467 35051.410933061081 6228.4609961532969 -338.57464216178266 1325.5708390800421 -2435.5496252607363 -3848.6607826510644 -1565.2006368604325 45.771571719051977 -2348.7582036418298 2456.9324779163708 414.83959578624746 3881.5361275178839 2847.5400345589351 10816.321559025691 850.85315442290084 -2672.1044735415953 7973.337239583333
leaf_weight=628 32 20 20 20 24 957 29 1239 1893 20 207 20 26 22 123 4218 3127 321 457 4483 2286 434 22 3258 83 103 52 3143 91 36
leaf_count=628 32 20 20 20 24 957 29 1239 1893 20 207 20 26 22 123 4218 3127 321 457 4483 2286 434 22 3258 83 103 52 3143 91 36
internal_value=-0.994026 -224.885 51363.4 65948.3 84171.9 -383.746 870.431 -1079.72 -787.749 -158.582 4728.83 10712.3 16382.4 25015.1 711.061 -322.852 639.723 -63.2183 -1953.26 -1772.78 303.888 -3821.76 8257.54 38.0964 416.828 -262.627 7884.35 511.856 330.96 5161.81
internal_weight=27394 27362 84 64 44 27278 9735 17543 15870 10302 335 128 99 48 9636 9967 9513 8074 5568 5111 6386 1673 51 7753 3432 4321 108 5429 3349 56
internal_count=27394 27362 84 64 44 27278 9735 17543 15870 10302 335 128 99 48 9636 9967 9513 8074 5568 5111 6386 1673 51 7753 3432 4321 108 5429 3349 56
cat_boundaries=0 2 3 4 5
cat_threshold=1081376 1 3 8 8
is_linear=0
shrinkage=0.05


Tree=13
num_leaves=31
num_cat=4
split_feature=4 4 2 2 4 3 4 5 3 4 0 2 4 4 4 0 1 4 4 4 4 1 4 0 4 4 4 3 2 3
split_gain=4.23871e+14 8.09518e+13 2.06416e+13 1.68802e+13 9.34071e+12 8.68546e+12 1.22167e+13 5.30027e+12 4.34133e+12 2.83349e+12 2.83735e+12 1.86243e+12 1.4533e+12 1.12984e+12 1.08377e+12 8.81099e+11 7.92292e+11 6.7347e+11 6.50363e+11 5.889e+11 4.95508e+11 4.14985e+11 3.74582e+11 3.65595e+11 3.00114e+11 2.94211e+11 2.93554e+11 2.88935e+11 2.63268e+11 3.59547e+11
threshold=855.00000000000011 541.00000000000011 3.5000000000000004 5.5000000000000009 610.00000000000011 3.2500000000000004 350.83532286447655 0 2.5000000000000004 210.01995379122039 1 4.5000000000000009 38.95000000000001 35.050000000000004 342.85821225290857 2 7.3014018691588793e-05 50.620000000000012 264.62970034264117 136.61049030537524 130.27467500124359 0.00010221962616822432 246.96711259754741 3 24.050000000000004 61.730000000000011 25.050000000000004 4.2500000000000009 1.5000000000000002 1.5000000000000002
decision_type=10 8 2 2 10 2 8 9 2 10 1 2 10 10 10 1 10 10 10 10 10 8 10 1 10 10 10 2 2 2
left_child=1 5 -3 4 -4 7 13 8 17 12 14 16 24 -7 22 21 -8 23 27 -17 -9 -14 -11 26 -10 -23 -1 -15 -19 -30
right_child=-2 2 3 -5 -6 6 11 20 9 10 -12 -13 15 18 -16 19 -18 28 -20 -21 -22 25 -24 -25 -26 -27 -28 -29 29 -31
leaf_value=-3851.9665340730517 181867.7229309082 4457.1328125 54727.122724609384 24563.637616882326 100993.51699218751 -553.82484509792209 17915.572033691406 -4434.6244799609758 -3132.2740023630972 5152.353713198062 310.19772440592448 11341.963361249653 -286.96245746058969 692.22636872190117 20312.738302456251 -3205.2769297041132 30763.168977864581 -16.523965493101663 5360.5391170058138 186.27457205392784 -2718.1267647961245 102.32865655871811 10767.555321525806 -4782.6815370987024 -1164.5854402329812 869.4184151962678 -2044.1463632963191 1348.4165833498553 -2584.4501591930652 -1287.111429540344
leaf_weight=261 32 20 20 20 24 1327 20 908 212 54 206 42 3032 3760 22 338 30 313 86 206 783 2731 66 173 2255 2305 1608 3029 657 2854
leaf_count=261 32 20 20 20 24 1327 20 908 212 54 206 42 3032 3760 22 338 30 313 86 206 783 2731 66 173 2255 2305 1608 3029 657 2854
internal_value=-1.05012 -213.747 48795.3 62650.9 79963.3 -364.665 985.143 -954.388 -691.393 -124.182 4318.3 19104 -263.724 781.908 9445.83 42.7761 25624.1 -1797.5 1039.73 -1886.3 -3618.42 174.969 8240.71 -2530.65 -1333.68 453.429 -2284.38 984.994 -1406.01 -1529.88
internal_weight=27394 27362 84 64 44 27278 8294 18984 17293 11427 348 92 11079 8202 142 8612 50 5866 6875 544 1691 8068 120 2042 2467 5036 1869 6789 3824 3511
internal_count=27394 27362 84 64 44 27278 8294 18984 17293 11427 348 92 11079 8202 142 8612 50 5866 6875 544 1691 8068 120 2042 2467 5036 1869 6789 3824 3511
cat_boundaries=0 2 3 4 5
cat_threshold=1081344 1 3 8 8
is_linear=0
shrinkage=0.05


Tree=14
num_leaves=31
num_cat=4
split_feature=4 4 2 2 1 3 4 5 3 4 0 1 4 4 4 4 0 4 0 4 4 4 2 4 4 1 1 4 3 4
split_gain=3.82544e+14 7.30592e+13 1.86291e+13 1.52344e+13 8.94825e+12 7.83963e+12 1.10256e+13 4.78305e+12 3.92013e+12 2.55775e+12 2.56024e+12 1.68372e+12 1.7153e+12 1.3116e+12 1.01968e+12 9.78099e+11 7.95192e+11 6.40038e+11 6.14128e+11 5.86953e+11 5.31483e+11 4.60199e+11 3.9207e+11 3.67247e+11 3.3806e+11 3.35148e+11 3.34964e+11 2.75238e+11 2.60764e+11 2.54099e+11
threshold=855.00000000000011 541.00000000000011 3.5000000000000004 5.5000000000000009 0.00010221962616822432 3.2500000000000004 350.83532286447655 0 2.5000000000000004 210.01995379122039 1 7.3014018691588793e-05 400.25000000000006 38.95000000000001 35.050000000000004 342.85821225290857 2 75.018223136952244 3 264.62970034264117 136.61049030537524 82.050000000000011 2.5000000000000004 33.050000000000004 246.96711259754741 4.3808411214953281e-05 7.3014018691588793e-05 20.075000000000003 4.2500000000000009 174.38982969721681
decision_type=10 8 2 2 10 2 10 9 2 10 1 10 10 10 10 10 1 10 1 10 10 10 2 10 10 10 10 10 2 10
left_child=1 5 -3 4 -4 7 14 8 17 13 15 -8 -13 27 -7 24 22 18 23 28 -18 -9 -15 -1 -11 -19 -24 -10 -16 -27
right_child=-2 2 3 -5 -6 6 11 21 9 10 -12 12 -14 16 19 -17 20 25 -20 -21 -22 -23 26 -25 -26 29 -28 -29 -30 -31
leaf_value=-2968.0236762727586 172774.33277587892 4234.2757421875003 99562.726822916666 23335.455917968749 54419.574691639777 -526.13357688139138 9712.4649115668417 -4881.4453674172792 -3723.3892768509891 4894.7359033655239 295.40589487994157 14821.410130092077 32322.938497706826 -1397.0356275728236 657.61510773344253 19297.101904296876 -3045.012983550123 -1815.015937281685 -4216.8679387566508 5092.5122188479399 176.96084238996787 -2979.9142141046873 -254.93529336157906 -1644.3703519805003 10229.177787642046 -703.55399219484161 462.44439549265076 -1153.4451825820156 1280.9957431098028 1983.3229557719985
leaf_weight=643 32 20 21 20 23 1327 36 425 109 54 206 28 28 382 3760 22 338 787 316 86 206 1266 2339 2832 66 1193 5347 2358 3029 95
leaf_count=643 32 20 21 20 23 1327 36 425 109 54 206 28 28 382 3760 22 338 787 316 86 206 1266 2339 2832 66 1193 5347 2358 3029 95
internal_value=-1.07924 -203.141 46355.5 59518.4 75965.2 -346.514 935.886 -906.787 -656.953 -117.959 4102.83 18148.8 23572.2 -250.537 742.812 8973.54 40.6373 -1708.04 -2094.43 987.742 -1791.99 -3437.5 166.22 -1883.87 7828.68 -1002.09 244.132 -1266.99 935.744 -505.376
internal_weight=27394 27362 84 64 44 27278 8294 18984 17293 11427 348 92 56 11079 8202 142 8612 5866 3791 6875 544 1691 8068 3475 120 2075 7686 2467 6789 1288
internal_count=27394 27362 84 64 44 27278 8294 18984 17293 11427 348 92 56 11079 8202 142 8612 5866 3791 6875 544 1691 8068 3475 120 2075 7686 2467 6789 1288
cat_boundaries=0 2 3 4 5
cat_threshold=1081344 1 3 8 8
is_linear=0
shrinkage=0.05


Tree=15
num_leaves=31
num_cat=4
split_feature=4 4 2 2 4 2 4 5 3 1 4 0 4 4 0 3 2 1 4 2 0 4 4 2 1 4 1 3 4 4
split_gain=3.45246e+14 6.59362e+13 1.68127e+13 1.3749e+13 8.46611e+12 7.12794e+12 6.9746e+12 4.11128e+12 3.31676e+12 1.87426e+12 1.74292e+12 2.15039e+12 1.73148e+12 8.32972e+11 7.58975e+11 7.51241e+11 7.89343e+11 7.81771e+11 6.74583e+11 7.15312e+11 5.67735e+11 5.30149e+11 4.67636e+11 3.63488e+11 4.32265e+11 3.42809e+11 3.03124e+11 2.79442e+11 2.83922e+11 2.70868e+11
threshold=855.00000000000011 541.00000000000011 3.5000000000000004 5.5000000000000009 610.00000000000011 3.5000000000000004 320.50000000000006 0 2.5000000000000004 0.00042348130841121499 200.29221985743729 1 290.50000000000006 34.95000000000001 2 3.2500000000000004 5.5000000000000009 0.00010221962616822432 264.62970034264117 4.5000000000000009 3 42.867018476890188 39.95000000000001 4.5000000000000009 4.3808411214953281e-05 78.009349760950727 0.0031103971962616827 4.2500000000000009 63.850000000000001 117.01402464142608
decision_type=10 8 2 2 10 2 10 9 2 10 10 1 10 10 1 2 2 10 10 2 1 10 10 2 10 10 10 2 10 10
left_child=1 5 -3 4 -4 7 18 25 20 15 13 12 -12 -10 26 -8 17 -17 19 22 29 -22 -7 24 -20 -1 27 28 -15 -9
right_child=-2 2 3 -5 -6 6 9 8 10 -11 11 -13 -14 14 -16 16 -18 -19 23 -21 21 -23 -24 -25 -26 -27 -28 -29 -30 -31
leaf_value=-4725.7012692756061 164135.61445312502 4022.5623437499999 48141.209091796882 22168.683837890625 92188.332421875006 -725.74700352615525 1085.4318029230292 -3909.2254638191284 -1246.8655721343011 24529.804367187502 6300.3908410784843 705.98737428711684 22001.140687144885 -331.12325139290164 -2234.5400369634385 10189.457791215946 3571.1779679008159 21977.213893821026 2370.0894836425782 1178.0479672823237 -2407.0476884891336 -1237.528658322891 441.70951317537424 1617.924305308949 12068.420097746673 -2995.0120093884384 2323.155752282109 2347.3567388891206 288.33661934040805 1273.2137098524306
leaf_weight=382 32 20 20 20 24 1021 22 381 1893 25 87 318 22 4155 380 39 23 22 20 3127 1293 3867 5365 44 27 1140 141 123 3334 27
leaf_count=382 32 20 20 20 24 1021 22 381 1893 25 87 318 22 4155 380 39 23 22 20 3127 1293 3867 5365 44 27 1140 141 123 3334 27
internal_value=-1.09685 -193.056 44037.7 56542.5 72166.9 -329.26 755.74 -931.351 -693.603 12214.9 -168.973 2959.54 8673.61 -302.214 -82.3415 9310.42 11464.6 14440.8 599.435 558.451 -1679.75 -1527.63 255.055 4883.93 7941.47 -3407 25.9934 -16.5236 -55.3482 -3480.95
internal_weight=27394 27362 84 64 44 27278 9735 17543 16021 131 10453 427 109 10026 8133 106 84 61 9604 9513 5568 5160 6386 91 47 1522 7753 7612 7489 408
internal_count=27394 27362 84 64 44 27278 9735 17543 16021 131 10453 427 109 10026 8133 106 84 61 9604 9513 5568 5160 6386 91 47 1522 7753 7612 7489 408
cat_boundaries=0 2 3 4 5
cat_threshold=67258369 50 2 8 2
is_linear=0
shrinkage=0.05


Tree=16
num_leaves=31
num_cat=4
split_feature=4 4 2 2 1 3 4 5 3 4 0 2 4 4 4 0 1 4 0 4 4 4 2 1 4 4 1 1 4 4
split_gain=3.11585e+14 5.95075e+13 1.51735e+13 1.24085e+13 8.11018e+12 6.52839e+12 9.14789e+12 3.90148e+12 3.1791e+12 2.12416e+12 2.17098e+12 1.6741e+12 1.09591e+12 8.61839e+11 8.30564e+11 6.74476e+11 5.9837e+11 5.42241e+11 5.07444e+11 4.62351e+11 4.49994e+11 4.05208e+11 3.48672e+11 3.25422e+11 5.58425e+11 3.17853e+11 3.01447e+11 3.00706e+11 2.47849e+11 2.18954e+11
threshold=855.00000000000011 541.00000000000011 3.5000000000000004 5.5000000000000009 0.00010221962616822432 3.2500000000000004 350.83532286447655 0 2.5000000000000004 210.01995379122039 1 4.5000000000000009 38.95000000000001 342.85821225290857 35.050000000000004 2 7.3014018691588793e-05 75.018223136952244 3 142.01342337501239 290.50000000000006 153.64123960510702 2.5000000000000004 4.3808411214953281e-05 247.44277342203219 25.050000000000004 4.3808411214953281e-05 7.3014018691588793e-05 25.050000000000004 174.38982969721681
decision_type=10 8 2 2 10 2 10 9 2 10 1 2 10 10 10 1 10 10 1 10 10 10 2 8 10 10 10 10 10 10
left_child=1 5 -3 4 -4 7 14 8 17 12 13 16 28 23 -7 22 -8 18 25 -17 -16 -9 -14 -11 -25 -1 -19 -24 -10 -28
right_child=-2 2 3 -5 -6 6 11 21 9 10 -12 -13 15 -15 20 19 -18 26 -20 -21 -22 -23 27 24 -26 -27 29 -29 -30 -31
leaf_value=-3392.2676798034904 155928.83818359376 3821.4343750000003 91023.916741071444 21060.249003906254 48046.725968070656 -463.6839173633889 16018.876611328125 -3592.0917793666436 -2604.6307113131188 1782.0752377717392 231.5754874547323 9177.138205101377 -1326.2763578804377 17894.529172585226 861.28905950467913 -2706.7411537483949 27184.02387746175 -1666.1929843781411 -3829.7911575785447 395.5492927423403 4862.5633500220074 -1836.9319805793848 -251.46089043456197 6161.6633656819668 14835.31527734375 -1577.9337804789566 -608.10438898954692 428.24474547039983 -988.79342439245067 1886.041806383635
leaf_weight=261 32 20 21 20 23 1327 20 1244 266 23 206 42 382 22 6804 365 30 787 316 179 71 447 2339 72 25 3214 1193 5347 2201 95
leaf_count=261 32 20 21 20 23 1327 20 1244 266 23 206 42 382 22 6804 365 30 787 316 179 71 447 2339 72 25 3214 1193 5347 2201 95
internal_value=-1.06992 -183.431 41835.8 53715.3 68558.6 -312.825 857.425 -824.101 -598.454 -113.074 3733.36 16536.3 -233.893 8218.36 681.559 32.2646 22718 -1545 -1900.65 -1655.52 902.611 -3109.74 147.935 7129.25 8397.14 -1709.29 -895.223 221.397 -1163.02 -424.142
internal_weight=27394 27362 84 64 44 27278 8294 18984 17293 11427 348 92 11079 142 8202 8612 50 5866 3791 544 6875 1691 8068 120 97 3475 2075 7686 2467 1288
internal_count=27394 27362 84 64 44 27278 8294 18984 17293 11427 348 92 11079 142 8202 8612 50 5866 3791 544 6875 1691 8068 120 97 3475 2075 7686 2467 1288
cat_boundaries=0 2 3 4 5
cat_threshold=1081344 1 3 8 8
is_linear=0
shrinkage=0.05


Tree=17
num_leaves=31
num_cat=5
split_feature=4 4 4 0 2 5 4 3 2 4 4 4 4 4 0 4 1 2 4 0 0 4 4 4 1 4 1 4 2 1
split_gain=2.81206e+14 5.43144e+13 1.14749e+13 1.38663e+13 5.08054e+12 3.40218e+12 3.12044e+12 2.54826e+12 1.81801e+12 2.46551e+12 9.96075e+11 8.2484e+11 8.09259e+11 7.49377e+11 7.24347e+11 6.9986e+11 6.88268e+11 6.23387e+11 4.95093e+11 4.64057e+11 4.18727e+11 3.9661e+11 3.84418e+11 3.23056e+11 3.10241e+11 3.78376e+11 2.71373e+11 2.68648e+11 2.6365e+11 2.48767e+11
threshold=855.00000000000011 610.00000000000011 342.85821225290857 0 3.5000000000000004 1 485.50000000000006 2.5000000000000004 4.5000000000000009 391.08371961117962 189.7651557885049 500.50000000000006 379.50000000000006 270.50726110884449 2 34.95000000000001 0.00010221962616822432 4.5000000000000009 75.018223136952244 3 4 365.25855766946296 39.95000000000001 82.050000000000011 0.00010221962616822432 247.44277342203219 0.0031103971962616827 25.050000000000004 1.5000000000000002 4.3808411214953281e-05
decision_type=10 10 8 1 2 9 10 2 2 10 10 10 10 10 1 10 10 2 10 1 1 10 10 10 8 10 10 10 2 10
left_child=1 2 4 6 5 7 8 18 9 -4 15 21 -10 17 -12 -9 -3 22 20 26 27 -5 -6 -7 25 -16 -17 -1 -20 -15
right_child=-2 16 3 11 13 23 -8 10 12 -11 14 -13 -14 29 24 19 -18 -19 28 -21 -22 -23 -24 -25 -26 -27 -28 -29 -30 -31
leaf_value=-3228.3741585994976 148132.39619140627 63653.350799851192 14821.764950022978 5382.9732596261165 -662.98724259723065 -4230.4178115808827 36163.497659505214 -1133.5337981712989 17853.230152529763 35275.499042217554 599.03995355676727 -10567.591268484934 4656.4954251802883 1649.572092848558 -2152.8684151785715 -28.45719439762955 50693.018759765633 1087.7173397421418 1062.8415639737757 -1957.9862095970818 -3615.5620479808131 -1321.1703044891358 395.47520127670492 -2632.204313290013 7956.6873485668293 7456.5975830078132 2185.432209702079 -1545.8325401950178 -1035.6380149757292 6715.5449203491216
leaf_weight=257 32 21 34 28 1021 425 30 1893 21 26 206 21 26 39 21 7561 20 3129 164 301 313 104 5367 1235 74 20 141 3086 1714 64
leaf_count=257 32 21 34 28 1021 425 30 1893 21 26 206 21 26 39 21 7561 20 3129 164 301 313 104 5367 1235 74 20 141 3086 1714 64
internal_value=-1.08209 -174.325 -260.622 9632.4 -366.759 -876.288 20421.7 -647.697 17916.7 23685 -180.055 -1279.74 10552.9 555.426 2561.09 -268.971 57331.2 509.517 -1512.24 -64.4699 -1851.19 100.921 226.3 -3023.17 5541.73 2534.68 12.0567 -1670.19 -852.384 4797.36
internal_weight=27394 27362 27321 290 27031 17411 137 15751 107 60 10217 153 47 9620 321 9896 41 9517 5534 8003 3656 132 6388 1660 115 41 7702 3343 1878 103
internal_count=27394 27362 27321 290 27031 17411 137 15751 107 60 10217 153 47 9620 321 9896 41 9517 5534 8003 3656 132 6388 1660 115 41 7702 3343 1878 103
cat_boundaries=0 1 3 4 5 6
cat_threshold=2 1081344 1 8 8 8
is_linear=0
shrinkage=0.05


Tree=18
num_leaves=31
num_cat=5
split_feature=4 4 4 0 2 5 4 3 4 2 3 4 4 0 4 1 2 4 0 0 4 4 4 4 1 2 4 2 4 1
split_gain=2.53788e+14 4.90189e+13 1.03563e+13 1.25143e+13 4.58615e+12 3.07003e+12 2.85158e+12 2.30075e+12 8.99648e+11 8.92066e+11 2.23135e+12 7.44418e+11 6.76313e+11 6.53277e+11 6.31471e+11 6.21162e+11 5.62606e+11 4.47287e+11 4.20221e+11 3.80329e+11 3.57941e+11 3.46937e+11 2.92797e+11 2.87594e+11 4.00331e+11 2.53471e+11 2.45871e+11 2.37945e+11 2.29438e+11 2.28785e+11
threshold=855.00000000000011 610.00000000000011 342.85821225290857 0 3.5000000000000004 1 447.50000000000006 2.5000000000000004 189.7651557885049 4.5000000000000009 3.2500000000000004 500.50000000000006 270.50726110884449 2 34.95000000000001 0.00010221962616822432 4.5000000000000009 75.018223136952244 3 4 365.25855766946296 39.95000000000001 78.009349760950727 246.96711259754741 0.00013142523364485984 2.5000000000000004 33.050000000000004 1.5000000000000002 120.89254377047602 0.0031103971962616827
decision_type=10 10 8 1 2 9 10 2 10 2 2 10 10 1 10 10 2 10 1 1 10 10 10 10 8 2 10 2 10 10
left_child=1 2 4 6 5 7 9 17 14 10 -4 20 16 -10 -9 -3 21 19 25 26 -5 -6 -7 24 -15 -16 -1 -19 -20 -27
right_child=-2 15 3 11 12 22 -8 8 13 -11 -12 -13 -14 23 18 -17 -18 27 28 -21 -22 -23 -24 -25 -26 29 -28 -29 -30 -31
leaf_value=-2483.0035140505261 140725.77187500001 60470.682514880951 7816.8997292258537 5113.8245343889512 -629.83787580820774 -4099.8005299886072 31131.069210069447 -1076.8571067057399 570.47457857485176 10032.12307817508 28637.812696887602 -10039.211371140254 4557.4931155899203 -1973.5226407137784 -1159.4768117134724 48158.3679663086 1033.331486359996 1009.699436504085 -2798.2077818262856 -3440.3808313706345 -1255.1117941342868 375.70143870262541 -2525.0324714594876 8523.4573699352786 6352.4270321800595 42.263190462774986 -1385.1928257453596 -983.85613893132779 257.54260410042701 2076.1606253982436
leaf_weight=628 32 21 22 28 1021 384 45 1893 206 39 31 21 103 22 436 20 3129 164 215 313 104 5367 1276 51 42 7125 2715 1714 86 141
leaf_count=628 32 21 22 28 1021 384 45 1893 206 39 31 21 103 22 436 20 3129 164 215 313 104 5367 1276 51 42 7125 2715 1714 86 141
internal_value=-1.11879 -165.7 -247.682 9150.78 -348.513 -832.617 19400.6 -615.47 -171.119 15771.7 19995.2 -1215.75 527.655 2433.97 -255.621 54464.7 484.041 -1436.95 -61.3687 -1759.13 95.8747 214.985 -2872.01 5264.65 3490.38 11.4538 -1586.68 -809.765 -1863.23 81.7319
internal_weight=27394 27362 27321 290 27031 17411 137 15751 10217 92 53 153 9620 321 9896 41 9517 5534 8003 3656 132 6388 1660 115 64 7702 3343 1878 301 7266
internal_count=27394 27362 27321 290 27031 17411 137 15751 10217 92 53 153 9620 321 9896 41 9517 5534 8003 3656 132 6388 1660 115 64 7702 3343 1878 301 7266
cat_boundaries=0 1 3 4 5 6
cat_threshold=2 1081344 1 8 8 8
is_linear=0
shrinkage=0.05


Tree=19
num_leaves=31
num_cat=4
split_feature=4 4 2 2 1 3 4 5 3 2 4 0 4 0 4 1 0 4 4 4 2 4 1 1 4 1 4 4 4 4
split_gain=2.29044e+14 4.44597e+13 1.21274e+13 1.12813e+13 7.17352e+12 5.01207e+12 6.61058e+12 2.83438e+12 2.23559e+12 1.40123e+12 1.31375e+12 9.36641e+11 8.05003e+11 9.00375e+11 6.14432e+11 4.59666e+11 4.02963e+11 5.07418e+11 3.90702e+11 3.41988e+11 5.45862e+11 3.23154e+11 3.21347e+11 2.93195e+11 2.84826e+11 2.57341e+11 2.46943e+11 2.40244e+11 2.25287e+11 2.07042e+11
threshold=855.00000000000011 541.00000000000011 3.5000000000000004 5.5000000000000009 0.00010221962616822432 3.2500000000000004 350.83532286447655 0 2.5000000000000004 4.5000000000000009 195.04738015607583 1 40.750000000000007 2 35.050000000000004 7.3014018691588793e-05 3 166.0792672774908 42.867018476890188 246.96711259754741 3.5000000000000004 247.44277342203219 0.00033586448598130848 0.00013142523364485984 290.50000000000006 0.00021904205607476641 78.009349760950727 20.075000000000003 103.21237045295018 108.01294582285483
decision_type=10 8 2 2 10 2 10 9 2 2 10 1 10 1 10 10 1 10 10 10 2 10 10 10 10 10 10 10 10 10
left_child=1 5 -3 4 -4 7 14 26 16 15 12 19 27 23 -7 -8 18 -18 -9 -12 21 -21 -20 -14 -16 -13 -1 -10 -15 -24
right_child=-2 2 3 -5 -6 6 9 8 10 -11 11 25 13 28 24 -17 17 -19 22 20 -22 -23 29 -25 -26 -27 -28 -29 -30 -31
leaf_value=-3896.8304342755496 133689.48867187501 2177.3469921874998 82064.168973214284 15646.411992187503 41644.854874320656 -378.4590505058099 13868.300493164064 -1945.1834112581 -3235.4453871700744 7351.5997494107205 3271.1442324510263 -143.8512975915686 -191.63179744314539 -3052.0372309473273 763.81972584665561 23654.200849609377 -3104.3682911328492 5028.8666113281251 -1186.7269384667875 7272.6024251302078 3020.6401214599609 15395.242744873049 -318.03633810525628 446.21133706046515 3947.1729127695867 2532.2706731056683 -2427.614401434023 -845.97009361591324 -1069.6660021520861 2618.0912894850512
leaf_weight=381 32 20 21 20 23 1327 20 1328 109 42 67 231 3167 239 6804 30 466 20 3200 24 32 25 787 4179 71 147 1147 3012 358 65
leaf_count=381 32 20 21 20 23 1327 20 1328 109 42 67 231 3167 239 6804 30 466 20 3200 24 32 25 787 4179 71 147 1147 3012 358 65
internal_value=-1.11524 -157.467 36162.6 46782.9 60935.9 -269.311 756.067 -717.293 -535.207 14084.3 -132.961 2308.49 -249.031 18.3107 606.567 19739.8 -1330.87 -2713.83 -1198.67 5539.56 8099.8 11416.8 -956.971 170.992 796.695 873.748 -2775.79 -929.422 -1832.58 -94.036
internal_weight=27394 27362 84 64 44 27278 8294 18984 17456 92 11590 526 11064 7943 8202 50 5866 486 5380 148 81 49 4052 7346 6875 378 1528 3121 597 852
internal_count=27394 27362 84 64 44 27278 8294 18984 17456 92 11590 526 11064 7943 8202 50 5866 486 5380 148 81 49 4052 7346 6875 378 1528 3121 597 852
cat_boundaries=0 2 3 4 5
cat_threshold=69355521 34 2 8 8
is_linear=0
shrinkage=0.05


Tree=20
num_leaves=31
num_cat=4
split_feature=4 4 4 0 2 5 1 3 2 3 4 4 4 4 1 4 2 1 4 3 0 3 0 4 4 4 2 1 2 4
split_gain=2.06712e+14 4.08235e+13 8.31884e+12 1.0509e+13 3.79759e+12 2.51262e+12 2.47813e+12 1.86455e+12 1.78937e+12 2.43554e+12 1.77946e+12 7.35576e+11 6.73156e+11 5.71704e+11 5.5313e+11 5.27324e+11 4.91894e+11 4.8083e+11 3.84687e+11 3.60079e+11 3.54334e+11 3.20636e+11 3.13371e+11 2.70613e+11 2.50476e+11 2.46366e+11 2.36245e+11 2.2168e+11 2.99376e+11 2.20766e+11
threshold=855.00000000000011 610.00000000000011 342.85821225290857 0 3.5000000000000004 1 0.00042348130841121499 2.5000000000000004 5.5000000000000009 3.2500000000000004 447.50000000000006 189.7651557885049 500.50000000000006 270.50726110884449 0.00021904205607476641 36.100000000000009 4.5000000000000009 0.00010221962616822432 75.018223136952244 3.2500000000000004 2 4.2500000000000009 3 365.25855766946296 130.27467500124359 38.050000000000004 2.5000000000000004 4.3808411214953281e-05 4.5000000000000009 24.050000000000004
decision_type=10 10 8 1 2 9 10 2 2 2 8 10 10 10 8 10 2 10 10 2 1 2 1 10 10 10 2 10 2 10
left_child=1 2 4 6 5 7 8 18 9 -4 -11 15 19 16 -13 -9 21 -3 22 23 26 25 29 -5 -7 -6 -17 -15 -29 -1
right_child=-2 17 3 12 13 24 -8 11 -10 10 -12 14 -14 27 -16 20 -18 -19 -20 -21 -22 -23 -24 -25 -26 -27 -28 28 -30 -31
leaf_value=-2961.1065067018785 127005.009765625 54989.455989583337 7273.0297946068549 5585.3974013108482 -761.86024519876946 -3174.9047324899011 33848.854401961617 -850.99516315045082 2276.4674511718749 16631.364664234836 33490.935378502159 582.36005909728999 -9677.8564929780514 1216.1349083533655 4865.165436516123 -1102.9005073060187 956.02535588431192 44156.852324218751 -716.73074025569508 -5879.4580078125 -1670.4314219385867 888.93981356752033 -3123.2745665937018 -251.93595915294827 -1941.0744159008595 167.94343159851971 126.95903739958069 9638.9025211588541 2786.1019436106963 -1336.0356397090031
leaf_weight=224 32 21 31 26 857 908 23 2573 20 34 29 200 21 39 121 415 3129 20 1878 22 301 1308 313 84 752 4223 6607 30 34 3119
leaf_count=224 32 21 31 26 857 908 23 2573 20 34 29 200 21 39 121 415 3129 20 1878 22 301 1308 313 84 752 4223 6607 30 34 3119
internal_value=-1.05947 -149.594 -224.41 8198.95 -314.779 -755.302 17593.3 -558.852 15857 18746.5 24392.1 -158.838 -1279.3 482.513 2196.75 -235.247 442.413 49705.3 -1298.38 -40.0785 -18.8979 190.833 -1597.16 1127.8 -2600.3 11.0848 54.1972 4187.61 5998.35 -1440.62
internal_weight=27394 27362 27321 290 27031 17411 137 15751 114 94 63 10217 153 9620 321 9896 9517 41 5534 132 7323 6388 3656 110 1660 5080 7022 103 64 3343
internal_count=27394 27362 27321 290 27031 17411 137 15751 114 94 63 10217 153 9620 321 9896 9517 41 5534 132 7323 6388 3656 110 1660 5080 7022 103 64 3343
cat_boundaries=0 1 3 4 5
cat_threshold=2 1081344 1 8 8
is_linear=0
shrinkage=0.05


Tree=21
num_leaves=31
num_cat=3
split_feature=4 4 4 0 2 4 5 3 2 3 4 4 1 4 4 2 1 4 0 3 3 4 3 4 1 1 4 2 3 1
split_gain=1.86558e+14 3.68433e+13 7.50792e+12 9.48434e+12 3.42813e+12 2.27758e+12 2.26729e+12 1.68338e+12 7.95061e+11 1.78435e+12 6.64917e+11 6.07523e+11 5.33489e+11 5.16895e+11 4.7492e+11 4.46095e+11 4.33949e+11 3.52237e+11 3.31124e+11 3.24971e+11 2.90592e+11 2.44228e+11 2.33105e+11 2.72364e+11 2.96817e+11 3.17979e+11 2.27413e+11 2.24964e+11 2.91064e+11 2.21365e+11
threshold=855.00000000000011 610.00000000000011 342.85821225290857 0 3.5000000000000004 447.50000000000006 1 2.5000000000000004 4.5000000000000009 3.2500000000000004 179.65200040916665 500.50000000000006 4.3808411214953281e-05 264.62970034264117 34.95000000000001 4.5000000000000009 0.00010221962616822432 50.620000000000012 2 3.2500000000000004 4.2500000000000009 365.25855766946296 4.2500000000000009 63.850000000000001 0.0022050233644859817 0.0016501168224299068 146.96795082418143 1.5000000000000002 1.5000000000000002 0.00016063084112149533
decision_type=10 10 8 1 2 10 9 2 2 2 10 10 8 10 10 2 10 10 1 2 2 10 2 10 10 10 10 2 2 10
left_child=1 2 4 5 6 8 7 17 9 -4 14 19 -12 15 -9 20 -3 -1 22 21 -6 -5 23 -16 25 -25 -8 -19 29 -29
right_child=-2 16 3 11 13 -7 26 10 -10 -11 12 -13 -14 -15 18 -17 -18 27 -20 -21 -22 -23 -24 24 -26 -27 -28 28 -30 -31
leaf_value=-1768.5953879411347 120654.76132812501 52239.98117559524 6521.7483265269893 5306.127394925632 8.7428062889697085 27151.590577256949 -2872.6880557878389 -939.72330542970963 8006.3321564503203 25140.723803317163 -685.71914702384709 -9193.9636962890636 3370.8180497324365 3914.2010441004672 -297.17846618071729 908.81698539436229 41949.009062500001 348.38250055343775 -1691.0558324756432 -5585.4851762251419 844.4928473423015 -239.33918665931338 2164.1469027883641 312.567674231296 3260.0184876223648 -2804.2412817818781 -1601.37223833135 -2612.1734849302447 -824.63262675572719 -567.40249318413555
leaf_weight=1978 32 21 22 26 5078 45 1154 1893 39 31 124 21 234 107 4218 3127 20 311 289 22 1308 84 123 3169 83 84 506 453 2605 187
leaf_count=1978 32 21 22 26 5078 45 1154 1893 39 31 124 21 234 107 4218 3127 20 311 289 22 1308 84 123 3169 83 84 506 453 2605 187
internal_value=-1.09399 -142.202 -213.277 7789 -299.129 16713.7 -717.675 -531.061 13424.9 17412.1 -150.977 -1215.33 1965.76 458.387 -227.84 419.517 47220 -1233.74 -58.6721 -38.0746 179.924 1071.41 4.97509 -30.1756 307.42 232.084 -2470.29 -936.232 -1059.35 -2014.72
internal_weight=27394 27362 27321 290 27031 137 17411 15751 92 53 10217 153 358 9620 9859 9513 41 5534 7966 132 6386 110 7677 7554 3336 3253 1660 3556 3245 640
internal_count=27394 27362 27321 290 27031 137 17411 15751 92 53 10217 153 358 9620 9859 9513 41 5534 7966 132 6386 110 7677 7554 3336 3253 1660 3556 3245 640
cat_boundaries=0 1 3 4
cat_threshold=2 1081344 1 8
is_linear=0
shrinkage=0.05


Tree=22
num_leaves=31
num_cat=5
split_feature=4 4 4 0 3 1 5 3 2 3 4 4 4 0 4 0 4 1 1 0 4 4 3 4 1 4 1 4 4 4
split_gain=1.68369e+14 3.32511e+13 6.77595e+12 8.55962e+12 3.15335e+12 2.18244e+12 2.13281e+12 1.56479e+12 1.55977e+12 2.07405e+12 1.56143e+12 8.5261e+11 6.08758e+11 7.25855e+11 5.4829e+11 4.83761e+11 4.55312e+11 3.91639e+11 3.84284e+11 3.48934e+11 3.8861e+11 3.26907e+11 2.93286e+11 2.87394e+11 2.73096e+11 2.67108e+11 2.65389e+11 2.78927e+11 2.36832e+11 2.20416e+11
threshold=855.00000000000011 610.00000000000011 342.85821225290857 0 3.2500000000000004 0.00042348130841121499 1 2.5000000000000004 5.5000000000000009 3.2500000000000004 485.50000000000006 40.750000000000007 200.29221985743729 2 500.50000000000006 3 35.050000000000004 0.00010221962616822432 7.3014018691588793e-05 4 160.12820512820517 33.050000000000004 3.2500000000000004 103.21237045295018 0.00013142523364485984 246.96711259754741 0.00021904205607476641 108.01294582285483 160.12820512820517 365.25855766946296
decision_type=10 10 8 1 2 10 9 2 2 2 8 10 10 1 10 1 10 10 10 1 10 10 2 10 10 10 10 10 10 10
left_child=1 2 4 5 6 8 7 19 9 -4 18 -9 15 -14 22 24 -6 -3 -11 21 -21 -1 29 -17 -13 -15 -23 -28 -18 -5
right_child=-2 17 3 14 16 -7 -8 11 -10 10 -12 12 13 25 -16 23 28 -19 -20 20 -22 26 -24 -25 -26 -27 27 -29 -30 -31
leaf_value=-2076.1996611119062 114622.02172851562 49627.983035714286 6312.3106854838716 5040.8212223933297 -312.84620323871081 31086.751842730977 -2346.7709664495551 -835.85227618683462 1523.0115332031251 11761.234979538691 33242.015910993301 -193.59927552571003 100.65090684991134 3055.5713165283205 -8734.2651390438987 -2760.5492548356979 636.66034898010048 39851.55859375 21326.59703311012 -2768.41909039241 4349.5516503906247 -1145.2320964436824 -5306.2108398437504 -412.21187700974315 420.05576160036912 7588.9598344282676 -529.10994493558144 2113.0944364458605 2084.8344448888906 -227.37220067523776
leaf_weight=643 32 21 31 26 1327 23 1660 3121 20 21 21 3189 180 64 21 228 6567 20 21 465 20 3091 22 304 4202 66 1502 107 295 84
leaf_count=643 32 21 31 26 1327 23 1660 3121 20 21 21 3189 180 64 21 228 6567 20 21 465 20 3091 22 304 4202 66 1502 107 295 84
internal_value=-1.07016 -135.122 -202.644 7399.55 -284.204 15878 -640.226 -473.71 14202.4 16900.1 22109.9 -132.127 134.644 2308.23 -1154.57 49.5985 534.965 44859 16543.9 -1139.99 -2424.9 -1016.91 -36.1708 -1392.47 155.072 4974.49 -874.156 -353.401 698.918 1017.84
internal_weight=27394 27362 27321 290 27031 137 18842 17182 114 94 63 11354 8233 310 153 7923 8189 41 42 5828 485 5343 132 532 7391 130 4700 1609 6862 110
internal_count=27394 27362 27321 290 27031 137 18842 17182 114 94 63 11354 8233 310 153 7923 8189 41 42 5828 485 5343 132 532 7391 130 4700 1609 6862 110
cat_boundaries=0 1 3 4 5 6
cat_threshold=2 1081344 1 8 8 8
is_linear=0
shrinkage=0.05


Tree=23
num_leaves=31
num_cat=4
split_feature=4 4 2 2 1 3 4 5 3 2 4 0 4 0 4 0 4 4 1 2 1 1 4 2 4 1 4 4 4 4
split_gain=1.51953e+14 3.00832e+13 9.07328e+12 9.93714e+12 6.32801e+12 3.42699e+12 4.28249e+12 1.88632e+12 1.47152e+12 1.28521e+12 8.64837e+11 7.09984e+11 5.89394e+11 6.13156e+11 4.09695e+11 3.09058e+11 3.87457e+11 2.90314e+11 2.86629e+11 2.5023e+11 2.4932e+11 2.44827e+11 2.41435e+11 5.39607e+11 2.99933e+11 2.11127e+11 1.99156e+11 1.98249e+11 1.9574e+11 1.94292e+11
threshold=855.00000000000011 541.00000000000011 3.5000000000000004 5.5000000000000009 0.00010221962616822432 3.2500000000000004 350.83532286447655 0 2.5000000000000004 4.5000000000000009 195.04738015607583 1 36.100000000000009 2 35.050000000000004 3 166.0792672774908 33.050000000000004 7.3014018691588793e-05 2.5000000000000004 0.00033586448598130848 4.3808411214953281e-05 246.96711259754741 3.5000000000000004 247.44277342203219 7.3014018691588793e-05 61.730000000000011 78.009349760950727 103.21237045295018 160.12820512820517
decision_type=10 8 2 2 10 2 10 9 2 2 10 1 10 1 10 1 10 10 10 2 10 10 10 2 10 10 10 10 10 10
left_child=1 5 -3 4 -4 7 14 27 15 18 12 22 -10 19 -7 17 -17 -9 -8 -14 -19 -13 -12 24 -24 -21 -27 -1 -15 -16
right_child=-2 2 3 -5 -6 6 9 8 10 -11 11 21 13 28 29 16 -18 20 -20 25 -22 -23 23 -25 -26 26 -28 -29 -30 -31
leaf_value=-3282.2706801126642 108890.9248046875 351.79609375000001 72061.185305059524 9711.1626953124996 34098.559756071678 -297.20386541290401 12134.864018554688 -1972.3896249180821 -968.14949860112836 4907.0702927362354 2755.1631081652286 -1313.2555944932246 -1140.333329784308 -2689.9292627255782 604.82729012662276 -2637.4756812951086 4469.6187451171882 -1036.2146659985308 19862.3756245931 -256.4833444124485 -169.03437509403176 1442.5940020401708 6117.7252929687502 1762.3421813964844 13943.091589843751 40.047720327621853 641.89622759634665 -1963.2417433294393 -851.06931478712295 1889.7439607843176
leaf_weight=381 32 20 21 20 23 1327 20 643 2094 42 67 113 403 242 6567 466 20 3666 30 2390 1071 281 24 32 25 3120 2457 1129 360 308
leaf_count=381 32 20 21 20 23 1327 20 643 2094 42 67 113 403 242 6567 466 20 3666 30 2390 1071 281 24 32 25 3120 2457 1129 360 308
internal_value=-1.05764 -128.407 29747.7 38934 52217.1 -220.408 627.468 -590.84 -443.232 11355.1 -117.311 1832.78 -212.824 -36.5369 507.139 -1088.94 -2297.72 -973.663 16771.4 75.1239 -840.152 636.067 4660.72 6812.32 10110.3 136.7 305.198 -2280.95 -1564.29 662.392
internal_weight=27394 27362 84 64 44 27278 8294 18984 17474 92 11608 542 11066 8972 8202 5866 486 5380 50 8370 4737 394 148 81 49 7967 5577 1510 602 6875
internal_count=27394 27362 84 64 44 27278 8294 18984 17474 92 11608 542 11066 8972 8202 5866 486 5380 50 8370 4737 394 148 81 49 7967 5577 1510 602 6875
cat_boundaries=0 2 3 4 5
cat_threshold=67258377 34 2 8 8
is_linear=0
shrinkage=0.05


Tree=24
num_leaves=31
num_cat=5
split_feature=4 4 4 0 2 1 5 2 3 4 3 4 4 0 4 2 4 3 4 0 1 1 0 3 2 4 1 2 3 4
split_gain=1.37138e+14 2.76956e+13 5.44728e+12 7.19144e+12 2.59786e+12 1.9765e+12 1.67389e+12 1.30446e+12 1.72784e+12 1.25048e+12 1.22368e+12 5.07155e+11 4.93108e+11 4.60304e+11 4.21542e+11 3.73948e+11 3.56609e+11 3.22754e+11 3.12699e+11 3.03381e+11 2.97139e+11 2.93851e+11 2.3247e+11 2.32003e+11 2.09267e+11 2.25181e+11 1.96848e+11 2.67443e+11 1.96603e+11 2.26306e+11
threshold=855.00000000000011 610.00000000000011 342.85821225290857 0 3.5000000000000004 0.00042348130841121499 1 5.5000000000000009 3.2500000000000004 400.25000000000006 2.5000000000000004 168.10000000000002 500.50000000000006 2 270.50726110884449 4.5000000000000009 34.050000000000004 3.2500000000000004 75.018223136952244 3 0.00010221962616822432 0.00010221962616822432 4 4.2500000000000009 2.5000000000000004 365.25855766946296 4.3808411214953281e-05 4.5000000000000009 4.2500000000000009 63.850000000000001
decision_type=10 10 8 1 2 10 9 2 2 8 2 10 10 1 10 2 10 2 10 1 8 10 1 2 2 10 10 2 2 10
left_child=1 2 4 5 6 7 10 8 -4 -10 18 16 17 20 15 23 -12 24 22 28 -13 -3 -1 -6 -5 -26 -16 -28 29 -18
right_child=-2 21 3 12 14 -7 -8 -9 9 -11 11 13 -14 -15 26 -17 19 -19 -20 -21 -22 -23 -24 -25 25 -27 27 -29 -30 -31
leaf_value=-1194.9027641564883 103446.37353515625 45072.6171875 5562.6669964205839 -3272.5182725989303 -3.9907733830129071 28827.376358695656 -2127.0020637841139 1164.0859179687502 11296.840343750002 25695.352348889806 -828.33210820494901 1184.559375 -8385.4986490885422 289.67632396922392 784.10722405849356 816.08474971537169 -275.72530345399059 -5665.1627330433239 -535.43747351811976 -1651.6548456211815 5965.709279959543 36604.230312499996 -2641.251474972185 742.73859829042306 6746.1491088867188 700.49233106926306 8731.4466373697924 2254.4213456097773 1973.3917643024079 276.28419761022894
leaf_weight=3343 32 21 31 23 5080 23 1660 20 25 38 1873 53 21 262 39 3129 4237 22 1878 279 84 20 313 1308 20 67 30 34 124 3305
leaf_count=3343 32 21 31 23 5080 23 1660 20 25 38 1873 53 21 262 39 3129 4237 22 1878 279 84 20 313 1308 20 67 30 34 124 3305
internal_value=-1.00477 -121.987 -183.61 6632.61 -256.738 14405.4 -621.091 12759.4 15226.5 19981.7 -460.739 -136.687 -1191.05 1610.76 402.696 368.263 -207.702 -136.709 -1059.85 -61.3916 3836.06 40941.7 -1329.22 148.909 968.982 2090.3 3584.21 5290.53 -1.35855 -33.8277
internal_weight=27394 27362 27321 290 27031 137 17411 114 94 63 15751 10217 153 399 9620 9517 9818 132 5534 7945 137 41 3656 6388 110 87 103 64 7666 7542
internal_count=27394 27362 27321 290 27031 137 17411 114 94 63 15751 10217 153 399 9620 9517 9818 132 5534 7945 137 41 3656 6388 110 87 103 64 7666 7542
cat_boundaries=0 1 3 4 5 6
cat_threshold=2 1081344 1 3 8 8
is_linear=0
shrinkage=0.05


Tree=25
num_leaves=31
num_cat=5
split_feature=4 4 4 0 3 1 4 2 5 4 2 3 4 4 0 4 0 4 1 4 3 4 1 1 0 4 1 4 2 4
split_gain=1.23767e+14 2.49955e+13 4.91638e+12 6.49028e+12 2.36735e+12 1.83549e+12 3.69153e+12 1.75933e+12 1.57988e+12 1.27706e+12 1.4153e+12 1.14483e+12 6.72612e+11 4.49645e+11 5.09884e+11 4.4503e+11 3.94388e+11 3.4117e+11 3.20784e+11 5.30522e+11 2.91285e+11 2.82606e+11 2.652e+11 2.39769e+11 2.36606e+11 2.26351e+11 2.25236e+11 2.13943e+11 2.09788e+11 2.0548e+11
threshold=855.00000000000011 610.00000000000011 342.85821225290857 0 3.2500000000000004 4.3808411214953281e-05 541.00000000000011 4.5000000000000009 1 391.08371961117962 4.5000000000000009 2.5000000000000004 41.938621515944071 198.25000000000003 2 500.50000000000006 3 34.95000000000001 4.3808411214953281e-05 247.44277342203219 3.2500000000000004 75.018223136952244 0.00010221962616822432 4.3808411214953281e-05 4 174.38982969721681 0.00013142523364485984 142.01342337501239 1.5000000000000002 25.050000000000004
decision_type=10 10 8 1 2 10 8 2 9 10 2 2 10 10 1 10 1 10 8 10 2 10 10 10 1 10 10 10 2 10
left_child=1 2 4 5 8 7 9 -4 11 -7 -11 21 29 16 -15 20 26 -6 -16 -20 -5 24 -3 -23 -1 28 -14 -18 -25 -13
right_child=-2 22 3 15 17 6 -8 -9 -10 10 -12 12 13 14 18 -17 27 -19 19 -21 -22 23 -24 25 -26 -27 -28 -29 -30 -31
leaf_value=-1104.2989606978049 98274.062744140625 42818.987276785716 16478.898642113094 920.53304939876909 -407.05320343288673 4773.730324009487 36523.594930752843 -3753.9570096102634 -2021.2887718164709 27818.022716703872 9864.639984926971 -2057.2182547547764 -176.80147044188519 217.92608498021178 -369.50427330280172 -7966.2238385881692 -1962.1659833167212 585.0699742671452 3712.4148865431885 11955.865955078125 -5381.904649769177 -1207.2792183564841 34774.0188671875 2101.7945911626707 -2548.553207107263 2423.0642203194757 386.29483586176832 251.88492599878555 -448.221861243636 -606.76341634540154
leaf_weight=3475 32 21 21 110 985 28 22 22 1660 21 23 266 3134 218 29 21 363 7204 89 25 22 760 20 87 316 84 4098 156 1106 2976
leaf_count=3475 32 21 21 110 985 28 22 22 1660 21 23 266 3134 218 29 21 363 7204 89 25 22 760 20 87 316 84 4098 156 1106 2976
internal_value=-1.08822 -116.022 -174.564 6300.98 -244.036 13685.2 18598.4 6127.21 -552.513 13121.2 18433.3 -409.195 -117.025 126.262 1851.17 -1131.5 45.9255 465.734 4043.05 5520.19 -129.873 -979.098 38894.6 -504.11 -1234.32 -85.6224 142.08 -1272.16 -262.261 -725.771
internal_weight=27394 27362 27321 290 27031 137 94 43 18842 72 44 17182 11354 8112 361 153 7751 8189 143 114 132 5828 41 2037 3791 1277 7232 519 1193 3242
internal_count=27394 27362 27321 290 27031 137 94 43 18842 72 44 17182 11354 8112 361 153 7751 8189 143 114 132 5828 41 2037 3791 1277 7232 519 1193 3242
cat_boundaries=0 1 3 4 5 6
cat_threshold=2 1081344 1 8 8 8
is_linear=0
shrinkage=0.05


Tree=26
num_leaves=31
num_cat=4
split_feature=4 2 4 2 3 4 5 2 3 4 0 4 0 4 4 4 4 4 1 1 1 4 4 4 1 1 0 4 2 3
split_gain=1.11756e+14 6.40733e+13 1.24401e+13 4.59983e+12 2.56184e+12 3.17639e+12 1.39719e+12 1.094e+12 1.08329e+12 7.79228e+11 6.1708e+11 4.58889e+11 5.29542e+11 3.43991e+11 6.84648e+11 8.05127e+11 3.09504e+11 2.58793e+11 2.67415e+11 2.34817e+11 2.03533e+11 1.89548e+11 1.89321e+11 1.80849e+11 1.85035e+11 1.8016e+11 1.70783e+11 3.5062e+11 1.75849e+11 2.93462e+11
threshold=724.50000000000011 5.5000000000000009 541.00000000000011 4.5000000000000009 3.2500000000000004 350.83532286447655 0 4.5000000000000009 2.5000000000000004 195.04738015607583 1 40.750000000000007 2 246.96711259754741 365.25855766946296 320.50000000000006 35.050000000000004 40.750000000000007 0.00033586448598130848 0.00016063084112149533 0.00013142523364485984 250.34974971036357 20.075000000000003 82.6234108886283 0.00024824766355140192 7.3014018691588793e-05 3 166.0792672774908 1.5000000000000002 1.5000000000000002
decision_type=10 2 8 2 2 10 9 2 2 10 1 10 1 10 10 10 10 10 10 10 10 10 10 10 10 10 1 10 2 2
left_child=2 -2 4 -4 6 16 23 19 17 11 -11 22 20 -12 15 21 -6 -8 26 -7 -13 -15 -10 -1 -25 -23 28 -28 -19 -30
right_child=1 -3 3 -5 5 7 8 -9 9 10 13 12 -14 14 -16 -17 -18 18 -20 -21 -22 25 -24 24 -26 -27 27 -29 29 -31
leaf_value=-2852.5016346983557 129217.83075420673 14651.747605298915 6385.4862388873926 32827.082020970396 -258.83277080395027 17577.713538411459 -1560.7222313004013 3833.8134974888399 -2751.367751487242 115.770288096608 1666.7568427969557 -172.41642323022089 -1386.2296148901369 8373.560290948275 -874.65963001251225 16226.842296200706 575.21533928358599 277.58909127758398 -41.179809118214223 10583.41375 359.02228707703546 6316.9649902343754 -630.19799685057103 -2486.7516481347475 -1140.8169397616832 190.51258748372396 -2717.3536370354732 4153.7305432128915 -1958.6933377147316 -723.39103808973937
leaf_weight=421 26 23 29 38 1327 30 1292 42 109 276 109 3167 615 29 32 21 6875 310 1010 20 4179 24 3012 403 697 24 259 20 603 2372
leaf_count=421 26 23 29 38 1327 30 1292 42 109 276 109 3167 615 29 32 21 6875 310 1010 20 4179 24 3012 403 697 24 259 20 603 2372
internal_value=-1.13341 75441.9 -136.321 21382.2 -189.175 543.906 -509.453 9782.82 -381.918 -102.058 1799.17 -190.411 11.0436 3588.21 5475.29 7548.74 440.275 -935.849 -759.343 14780 129.732 5181.98 -704.279 -1958.34 -1633.92 3253.74 -962.863 -2147.82 -853.087 -973.773
internal_weight=27394 49 27345 67 27278 8294 18984 92 17463 11597 515 11082 7961 239 130 98 8202 5866 4574 50 7346 77 3121 1521 1100 48 3564 279 3285 2975
internal_count=27394 49 27345 67 27278 8294 18984 92 17463 11597 515 11082 7961 239 130 98 8202 5866 4574 50 7346 77 3121 1521 1100 48 3564 279 3285 2975
cat_boundaries=0 2 3 4 5
cat_threshold=69353481 34 8 8 8
is_linear=0
shrinkage=0.05


Tree=27
num_leaves=31
num_cat=3
split_feature=4 4 4 0 2 1 5 2 3 4 3 4 4 4 2 3 1 3 4 1 1 1 4 1 4 4 1 1 2 0
split_gain=1.03259e+14 1.9649e+13 3.99461e+12 5.57857e+12 1.97115e+12 1.73696e+12 1.23706e+12 1.068e+12 1.47926e+12 9.98375e+11 8.89819e+11 4.1631e+11 4.1233e+11 3.57974e+11 3.20002e+11 3.13609e+11 3.01625e+11 2.53467e+11 2.49382e+11 2.35853e+11 3.64048e+11 3.69758e+11 2.35504e+11 1.99174e+11 3.03394e+11 1.98733e+11 1.85039e+11 1.81636e+11 2.19274e+11 1.81292e+11
threshold=855.00000000000011 610.00000000000011 342.85821225290857 0 3.5000000000000004 0.00042348130841121499 1 5.5000000000000009 3.2500000000000004 400.25000000000006 2.5000000000000004 73.021775652210451 500.50000000000006 264.62970034264117 4.5000000000000009 3.2500000000000004 0.00010221962616822432 4.2500000000000009 75.018223136952244 0.0021174065420560754 0.0016501168224299068 0.0015040887850467292 18.050000000000004 4.3808411214953281e-05 174.38982969721681 34.95000000000001 0.00016063084112149533 4.3808411214953281e-05 4.5000000000000009 2
decision_type=10 10 8 1 2 10 9 2 2 8 2 10 10 10 2 2 10 2 10 8 10 10 10 10 10 10 10 10 2 1
left_child=1 2 4 5 6 7 10 8 -4 -10 18 17 15 14 25 26 -3 22 29 20 21 23 -12 -13 -25 -6 -5 -15 -29 -1
right_child=-2 16 3 12 13 -7 -8 -9 9 -11 11 19 -14 27 -16 -17 -18 -19 -20 -21 -22 -23 -24 24 -26 -27 -28 28 -30 -31
leaf_value=-1033.202613320025 89763.617911148074 38666.870163690473 4202.9669362714221 -788.98189679046175 -872.1972337019215 25975.230681046196 -1832.586257205438 420.43698242187503 9784.373387695312 22649.830657637751 -3354.4091661857838 -351.58563125610357 -7778.9844448997865 615.99396942883004 735.87387934685671 -5685.5993558016698 30087.191464843752 1752.1041203566001 -442.69978016753294 3626.1246093750001 -2822.8813392723005 4177.2019829644096 -353.2508168684069 379.75196809734808 2513.36755736634 197.0592530018618 3413.6956904921421 7824.0694244384767 2057.4518655215993 -2309.0920172440378
leaf_weight=3343 32 21 31 67 469 23 1660 20 25 38 66 830 21 41 3127 22 20 142 1878 54 91 63 6818 1971 182 5917 43 32 34 313
leaf_count=3343 32 21 31 67 469 23 1660 20 25 38 66 830 21 41 3127 22 20 142 1878 54 91 63 6818 1971 182 5917 43 32 34 313
internal_value=-1.09992 -106.08 -157.985 5679.03 -220.607 12526.8 -537.983 10912.3 13144.6 17544.5 -400.128 -123.799 -1193.34 353.804 321.457 -236.031 34481.7 -338.892 -911.015 349.796 293.398 386.498 -382.024 306.439 560.113 118.531 853.883 3229.71 4853.39 -1151.58
internal_weight=27394 27362 27321 290 27031 137 17411 114 94 63 15751 10217 153 9620 9513 132 41 7026 5534 3191 3137 3046 6884 2983 2153 6386 110 107 66 3656
internal_count=27394 27362 27321 290 27031 137 17411 114 94 63 15751 10217 153 9620 9513 132 41 7026 5534 3191 3137 3046 6884 2983 2153 6386 110 107 66 3656
cat_boundaries=0 1 3 4
cat_threshold=2 1081344 1 8
is_linear=0
shrinkage=0.05


Tree=28
num_leaves=31
num_cat=4
split_feature=4 4 4 0 3 1 4 2 5 4 2 3 4 4 4 0 1 0 4 3 1 4 4 1 1 1 4 4 4 2
split_gain=9.31917e+13 1.77333e+13 3.60526e+12 5.03466e+12 1.78308e+12 1.63045e+12 3.15695e+12 1.59977e+12 1.17026e+12 9.72042e+11 1.40577e+12 8.37558e+11 5.28531e+11 3.72128e+11 3.15343e+11 4.7816e+11 4.37588e+11 3.669e+11 4.8196e+11 2.83032e+11 2.72217e+11 2.61066e+11 2.2891e+11 2.28243e+11 1.92389e+11 2.71118e+11 2.77517e+11 1.91734e+11 1.82251e+11 1.81311e+11
threshold=855.00000000000011 610.00000000000011 342.85821225290857 0 3.2500000000000004 4.3808411214953281e-05 500.50000000000006 4.5000000000000009 1 391.08371961117962 4.5000000000000009 2.5000000000000004 49.973727638524281 500.50000000000006 168.10000000000002 2 4.3808411214953281e-05 3 247.44277342203219 3.2500000000000004 0.00010221962616822432 34.95000000000001 42.867018476890188 0.00033586448598130848 0.0022050233644859817 0.0016501168224299068 74.010000000000005 25.050000000000004 290.50000000000006 2.5000000000000004
decision_type=10 10 8 1 2 10 8 2 9 10 2 2 10 10 10 1 8 1 10 2 10 10 10 10 10 10 10 10 10 2
left_child=1 2 4 5 8 7 9 -4 11 -7 -11 22 27 19 15 24 -16 18 -18 29 -3 -6 -1 -24 25 -14 -27 -13 -23 -5
right_child=-2 20 3 13 21 6 -8 -9 -10 10 -12 12 14 -15 16 -17 17 -19 -20 -21 -22 28 23 -25 -26 26 -28 -29 -30 -31
leaf_value=-1395.1478904465132 85275.435508728027 36733.526488095238 14575.391536458335 -3136.849538786515 -357.16686632572697 3761.5111746651783 31681.078843750001 -4718.1592698530721 -1741.505632637618 24882.313774181548 6360.0310519409177 -1826.2401014743891 207.26040667925554 -7390.0352120535717 -683.84388459858144 -1472.209866045667 3229.6921780423004 865.67310344203236 10914.155312500001 -5401.3195012872875 28582.8325390625 488.04845183097854 -855.83667730737091 10.222883305115246 1892.4529900299258 1361.3626127115886 -3318.5600305860289 -442.46869775220404 3302.1935420595364 1854.9230956329695
leaf_weight=1414 32 21 21 23 985 28 25 22 1660 21 20 266 5566 21 171 452 111 199 25 22 20 7146 3437 977 163 45 107 4249 58 87
leaf_count=1414 32 21 21 23 985 28 25 22 1660 21 20 266 5566 21 171 452 111 199 25 22 20 7146 3437 977 163 45 107 4249 58 87
internal_value=-1.13938 -100.871 -150.181 5395.08 -209.673 11900.4 16458.3 4704.27 -477.389 10942.8 15847.1 -354.04 -104.139 -1133.67 173.042 77.0718 1374.19 2424.7 4324.31 -224.229 32757.6 406.315 -841.5 -664.142 198.312 150.365 -1933.06 -523.993 510.705 811.189
internal_weight=27394 27362 27321 290 27031 137 94 43 18842 69 41 17182 11354 153 6839 6333 506 335 136 132 41 8189 5828 4414 5881 5718 152 4515 7204 110
internal_count=27394 27362 27321 290 27031 137 94 43 18842 69 41 17182 11354 153 6839 6333 506 335 136 132 41 8189 5828 4414 5881 5718 152 4515 7204 110
cat_boundaries=0 1 3 4 5
cat_threshold=2 1081344 1 8 3
is_linear=0
shrinkage=0.05


Tree=29
num_leaves=31
num_cat=3
split_feature=4 4 4 0 2 1 1 1 2 0 4 4 3 5 4 4 2 3 1 4 1 4 1 1 2 3 3 1 4 1
split_gain=8.41056e+13 1.60043e+13 3.2538e+12 4.54378e+12 1.63681e+12 1.5319e+12 1.14035e+12 2.55822e+12 1.44379e+12 1.00438e+12 9.38994e+11 4.85146e+11 4.16604e+11 3.97713e+11 3.35845e+11 2.98644e+11 2.80144e+11 2.55436e+11 2.45676e+11 2.3707e+11 2.36068e+11 2.30134e+11 2.22414e+11 2.24337e+11 2.1217e+11 2.32224e+11 1.88866e+11 1.82611e+11 1.81593e+11 1.78672e+11
threshold=855.00000000000011 610.00000000000011 342.85821225290857 0 3.5000000000000004 0.00042348130841121499 0.00013142523364485984 4.3808411214953281e-05 4.5000000000000009 1 168.10000000000002 25.050000000000004 2.5000000000000004 2 500.50000000000006 264.62970034264117 4.5000000000000009 3.2500000000000004 0.00010221962616822432 65.01579338535862 7.3014018691588793e-05 63.850000000000001 0.0022050233644859817 0.0016501168224299068 1.5000000000000002 1.5000000000000002 4.2500000000000009 4.3808411214953281e-05 247.44277342203219 0.00016063084112149533
decision_type=10 10 8 1 2 10 10 10 2 1 10 10 2 9 10 10 2 2 10 10 8 10 10 10 2 2 2 10 10 10
left_child=1 2 4 5 9 6 7 8 -4 11 19 -1 24 20 17 16 -6 -5 -3 -11 28 26 23 27 -13 29 -14 -23 -12 -26
right_child=-2 18 3 14 15 -7 -8 -9 -10 10 13 12 21 -15 -16 -17 -18 -19 -20 -21 -22 22 -24 -25 25 -27 -28 -29 -30 -31
leaf_value=-1773.4343124743239 81011.66364746094 34896.849813988098 13846.622191220238 770.62938443270605 104.78897515373697 23901.615034816579 1750.6202133178713 22153.015020282455 -4482.251619096236 -2796.1064594494969 -1903.7193191964286 383.18258967569898 -317.53774493610803 -415.98548304155423 -7020.5337100074412 2950.9977613217361 682.40783553603819 -5131.2535167347305 27153.690102539062 -1553.3214770706236 4392.2506028844955 -370.87797984992136 2791.7125738304785 -2210.7488756815596 -2063.5929989272122 -587.9196873201339 1567.556897320467 459.35194279766347 4068.7253759765626 -468.98177154381466
leaf_weight=561 32 21 21 110 6386 23 32 39 22 506 35 448 5773 291 21 107 3127 22 20 1588 94 900 83 96 529 3580 136 2508 20 263
leaf_count=561 32 21 21 110 6386 23 32 39 22 506 35 448 5773 291 21 107 3127 22 20 1588 94 900 83 96 529 3580 136 2508 20 263
internal_value=-1.12526 -95.8701 -142.715 5125.33 -199.232 11305.4 9755.76 12879.7 4469.06 -488.443 -1406.88 -330.838 -274.538 687.282 -1076.99 324.203 294.657 -213.018 31119.7 -1853.63 2689.41 -82.3729 233.55 172.955 -653.126 -759.317 -274.151 240.101 268.079 -1534.07
internal_weight=27394 27362 27321 290 27031 137 114 82 43 17411 2534 14877 14316 440 153 9620 9513 132 41 2094 149 9496 3587 3504 4820 4372 5909 3408 55 792
internal_count=27394 27362 27321 290 27031 137 114 82 43 17411 2534 14877 14316 440 153 9620 9513 132 41 2094 149 9496 3587 3504 4820 4372 5909 3408 55 792
cat_boundaries=0 1 2 3
cat_threshold=2 8 1081344
is_linear=0
shrinkage=0.05


Tree=30
num_leaves=31
num_cat=4
split_feature=4 4 4 3 4 3 5 4 2 3 3 4 4 1 0 3 4 4 1 0 4 0 4 4 4 4 1 4 4 2
split_gain=7.59053e+13 1.44439e+13 2.98715e+12 4.5784e+12 3.05734e+12 1.616e+12 9.43653e+11 8.51935e+11 1.38107e+12 7.19639e+11 4.85996e+11 4.47934e+11 3.12298e+11 5.2675e+11 4.33708e+11 2.55055e+11 4.27946e+11 2.24065e+11 2.21722e+11 2.13676e+11 2.65565e+11 2.12671e+11 3.73947e+11 2.05977e+11 2.13624e+11 2.04973e+11 1.76011e+11 1.69025e+11 3.37583e+11 1.6878e+11
threshold=855.00000000000011 610.00000000000011 447.50000000000006 2.5000000000000004 541.00000000000011 3.2500000000000004 0 350.83532286447655 4.5000000000000009 2.5000000000000004 3.2500000000000004 41.938621515944071 179.65200040916665 4.3808411214953281e-05 1 4.2500000000000009 300.50000000000006 24.050000000000004 0.00010221962616822432 2 166.0792672774908 3 247.44277342203219 310.02166095522585 160.12820512820517 114.05000000000001 0.00013142523364485984 334.40804515234134 365.25855766946296 1.5000000000000002
decision_type=10 10 8 2 8 2 9 10 2 2 2 10 10 8 1 2 10 10 10 1 10 1 10 10 10 10 10 10 10 2
left_child=1 2 5 -4 10 6 25 15 -9 17 -5 -11 14 -14 26 23 -17 -8 -3 29 -21 22 -15 24 -7 -1 -13 -23 -29 -19
right_child=-2 18 3 4 -6 7 9 8 -10 11 -12 12 13 21 -16 16 -18 19 -20 20 -22 27 -24 -25 -26 -27 -28 28 -30 -31
leaf_value=-2491.0083011306883 76961.076025390634 33152.007291666669 -9345.788093261719 2399.9813256048387 26255.118497721356 100.41445758816778 -2243.4921545828543 12542.805148654516 -2941.6589823404952 -596.85018133084611 11184.155348014832 -167.79349393675133 -1141.7434954781063 2617.8668852432916 -1301.4870590942801 667.06418273922827 7664.4214139071382 302.27631513993822 25796.00711669922 -2078.4670905535036 3819.9691162109375 844.23035128600623 9129.2695280930093 -4919.7567565917971 1845.8416821825635 -1217.5533296661761 332.07116105573994 8787.3400780087431 106.70606892903646 -704.64871731246467
leaf_weight=524 32 21 30 31 30 4763 248 36 24 3242 32 3095 173 92 573 3215 22 455 20 416 20 266 29 20 182 796 4086 21 24 4876
leaf_count=524 32 21 30 31 30 4763 248 36 24 3242 32 3095 173 92 573 3215 22 455 20 416 20 266 29 20 182 796 4086 21 24 4876
internal_value=-1.0766 -91.0842 -135.587 7638.8 13117.7 -170.745 -425.323 412.732 6349.02 -327.894 6861.78 -97.9659 95.5241 1189.64 10.1567 369.306 714.621 -771.897 29563.7 -708.614 -1767.36 2123.27 3859.49 144.174 164.655 -1710.12 116.468 1282.43 4157.67 -617.549
internal_weight=27394 27362 27321 123 93 27198 18936 8262 60 17616 63 11601 8359 605 7754 8202 3237 6015 41 5767 436 432 121 4965 4945 1320 7181 311 45 5331
internal_count=27394 27362 27321 123 93 27198 18936 8262 60 17616 63 11601 8359 605 7754 8202 3237 6015 41 5767 436 432 121 4965 4945 1320 7181 311 45 5331
cat_boundaries=0 2 3 4 5
cat_threshold=67239945 34 8 12 2
is_linear=0
shrinkage=0.05


Tree=31
num_leaves=31
num_cat=4
split_feature=4 4 4 3 4 3 5 4 2 3 4 1 0 4 3 4 0 3 4 2 1 4 1 4 4 4 4 1 0 1
split_gain=6.85046e+13 1.30357e+13 2.69592e+12 4.132e+12 2.75925e+12 1.45857e+12 8.61371e+11 7.68871e+11 1.24641e+12 6.55321e+11 4.95521e+11 5.86251e+11 6.01823e+11 1.05417e+12 4.38612e+11 3.29671e+11 3.49584e+11 2.30187e+11 3.86221e+11 2.1801e+11 2.00104e+11 1.93424e+11 2.15596e+11 1.85894e+11 1.92795e+11 1.67612e+11 1.66628e+11 1.53905e+11 1.4758e+11 1.45271e+11
threshold=855.00000000000011 610.00000000000011 447.50000000000006 2.5000000000000004 541.00000000000011 3.2500000000000004 0 350.83532286447655 4.5000000000000009 2.5000000000000004 168.10000000000002 4.3808411214953281e-05 1 270.50726110884449 3.2500000000000004 36.100000000000009 2 4.2500000000000009 300.50000000000006 2.5000000000000004 0.00010221962616822432 75.018223136952244 4.3808411214953281e-05 310.02166095522585 160.12820512820517 108.01294582285483 131.59405492448974 0.0003942757009345795 3 0.00074474299065420576
decision_type=10 10 8 2 8 2 9 10 2 2 10 8 1 10 2 10 1 2 10 2 10 10 10 10 10 10 10 10 1 10
left_child=1 2 5 -4 14 6 9 17 -9 21 15 -12 13 -13 -5 -11 19 23 -19 -17 -3 28 -23 24 -7 -24 -8 -21 -1 -29
right_child=-2 20 3 4 -6 7 26 8 -10 10 11 12 -14 -15 -16 16 -18 18 -20 27 -22 22 25 -25 -26 -27 -28 29 -30 -31
leaf_value=-838.07885116730404 73113.026586914071 31494.406677827381 -8878.4986685689291 2279.9823155556955 24942.362701822916 95.39373970440198 -1936.5276156829664 11915.664978705514 -2794.5759925842285 -715.93830447620519 -871.05514647798395 3265.4038162609763 718.89972024668816 14362.382650991589 10624.947335052491 -1083.980236049633 -1341.1528553009034 633.71090417936102 7281.2005770596588 -31.59234025344988 24506.205595703126 -996.78470641696083 -316.16521759033208 -4673.7688208007812 1753.5496130974739 928.99886520543464 -934.96402634135563 864.68164767584631 -1976.78051761557 88.295633801653352
leaf_weight=3475 32 21 30 31 30 4763 932 36 24 2094 191 121 220 26 32 398 462 3215 22 5470 20 775 896 20 182 387 749 1120 316 1304
leaf_count=3475 32 21 30 31 30 4763 932 36 24 2094 191 121 220 26 32 398 462 3215 22 5470 20 775 896 20 182 387 749 1120 316 1304
internal_value=-1.04652 -86.5538 -128.831 7256.86 12461.8 -162.232 -404.092 392.095 6031.57 -298.103 -77.6206 1375.47 2544.64 4895.13 6518.69 -152.365 -17.5551 350.841 678.89 57.7387 28085.5 -728.57 -338.323 136.965 156.422 59.4221 -1481.45 115.375 -940.421 447.022
internal_weight=27394 27362 27321 123 93 27198 18936 8262 60 17255 11406 558 367 147 63 10848 8754 8202 3237 8292 41 5849 2058 4965 4945 1283 1681 7894 3791 2424
internal_count=27394 27362 27321 123 93 27198 18936 8262 60 17255 11406 558 367 147 63 10848 8754 8202 3237 8292 41 5849 2058 4965 4945 1283 1681 7894 3791 2424
cat_boundaries=0 2 3 4 5
cat_threshold=1081344 1 3 8 8
is_linear=0
shrinkage=0.05


Tree=32
num_leaves=31
num_cat=3
split_feature=4 4 4 3 4 3 5 4 2 3 4 1 0 4 3 4 0 4 4 2 4 1 1 1 4 1 1 4 1 3
split_gain=6.18255e+13 1.17647e+13 2.43311e+12 3.72913e+12 2.49022e+12 1.31667e+12 7.86628e+11 6.93906e+11 1.12489e+12 6.01638e+11 4.23077e+11 5.47374e+11 4.19749e+11 7.0583e+11 3.95847e+11 2.97368e+11 2.82724e+11 2.07783e+11 2.0403e+11 2.02453e+11 2.02075e+11 1.97491e+11 1.80594e+11 1.69703e+11 1.45081e+11 1.44274e+11 1.37014e+11 1.47556e+11 1.23876e+11 1.21541e+11
threshold=855.00000000000011 610.00000000000011 447.50000000000006 2.5000000000000004 541.00000000000011 3.2500000000000004 0 350.83532286447655 4.5000000000000009 2.5000000000000004 179.65200040916665 4.3808411214953281e-05 1 247.44277342203219 3.2500000000000004 36.100000000000009 2 34.95000000000001 42.867018476890188 2.5000000000000004 129.85680038811208 0.00033586448598130848 0.00010221962616822432 0.00024824766355140192 101.05000000000001 7.3014018691588793e-05 0.0031103971962616827 69.688350055741381 0.00010221962616822432 4.2500000000000009
decision_type=10 10 8 2 8 2 9 10 2 2 10 8 1 10 2 10 1 10 10 2 10 10 10 10 10 10 10 10 10 2
left_child=1 2 5 -4 14 6 9 17 -9 18 15 -12 13 -13 -5 -11 19 -7 -1 -17 -8 -20 -3 -22 -18 -21 29 -28 -15 -19
right_child=-2 22 3 4 -6 7 20 8 -10 10 11 12 -14 28 -16 16 24 26 21 25 23 -23 -24 -25 -26 -27 27 -29 -30 -31
leaf_value=-1213.0781776937376 69457.370654296872 29919.688011532737 -8434.573695475261 2165.9833078692041 23695.244205729166 -347.90153132559686 -2122.9670631737545 11319.881429714627 -2654.8471069335938 -680.14138938548638 -1007.0221967016746 2447.1894041888481 709.65775867536968 7135.2881231398824 10093.700174713136 -1043.5159645767212 -2128.6194514762224 221.4019629109109 -717.94658034177382 -217.82297303172336 -1838.2650588585782 48.329457123874015 23280.895343017579 -318.74969528676149 -443.91857702425216 248.46245652054424 564.56083420973562 4575.9601562500002 12446.785041610055 638.36515605219404
leaf_weight=1446 32 21 30 31 30 985 696 36 24 2094 171 113 194 21 32 400 221 4049 3458 2364 312 1111 20 447 303 5562 52 41 23 3075
leaf_count=1446 32 21 30 31 30 985 696 36 24 2094 171 113 194 21 32 400 221 4049 3458 2364 312 1111 20 447 303 5562 52 41 23 3075
internal_value=-1.05694 -82.2889 -122.452 6894.02 11838.7 -154.184 -383.978 372.491 5729.99 -290.286 -77.9977 1312.68 2442.79 4267.36 6192.76 -144.329 -17.5507 333.299 -695.441 53.9357 -1497.34 -531.619 26681.3 -943.373 -1132.83 109.389 426.271 2333.03 9911.75 401.38
internal_weight=27394 27362 27321 123 93 27198 18936 8262 60 17481 11466 522 351 157 63 10944 8850 8202 6015 8326 1455 4569 41 759 524 7926 7217 93 44 7124
internal_count=27394 27362 27321 123 93 27198 18936 8262 60 17481 11466 522 351 157 63 10944 8850 8202 6015 8326 1455 4569 41 759 524 7926 7217 93 44 7124
cat_boundaries=0 2 3 4
cat_threshold=1097760 21 3 8
is_linear=0
shrinkage=0.05


Tree=33
num_leaves=31
num_cat=4
split_feature=4 4 4 3 4 3 5 0 4 2 3 4 1 0 4 4 3 1 4 0 4 4 1 1 2 1 1 4 4 1
split_gain=5.57975e+13 1.06177e+13 2.19587e+12 3.36554e+12 2.24743e+12 1.18824e+12 7.12165e+11 6.32024e+11 9.31018e+11 2.26537e+12 5.33797e+11 4.13726e+11 4.83175e+11 5.00135e+11 8.9068e+11 3.65014e+11 3.57252e+11 3.30141e+11 2.78047e+11 3.09431e+11 1.83124e+11 1.69384e+11 1.90738e+11 1.62986e+11 1.61842e+11 1.56164e+11 2.35283e+11 2.44358e+11 1.51467e+11 1.50755e+11
threshold=855.00000000000011 610.00000000000011 447.50000000000006 2.5000000000000004 541.00000000000011 3.2500000000000004 0 1 350.83532286447655 4.5000000000000009 2.5000000000000004 168.10000000000002 4.3808411214953281e-05 2 247.44277342203219 290.50000000000006 3.2500000000000004 7.3014018691588793e-05 49.973727638524281 3 35.050000000000004 75.018223136952244 4.3808411214953281e-05 0.00010221962616822432 2.5000000000000004 0.0022050233644859817 0.0016501168224299068 74.010000000000005 108.01294582285483 0.00010221962616822432
decision_type=10 10 8 2 8 2 9 1 10 2 2 8 8 1 10 10 2 10 10 1 10 10 10 10 2 10 10 10 10 8
left_child=1 2 5 -4 16 6 10 8 17 -10 21 18 -13 14 29 20 -5 -7 24 25 -9 -1 -23 -3 -12 26 -20 -28 -24 -14
right_child=-2 23 3 4 -6 7 -8 15 9 -11 11 12 13 -15 -16 -17 -18 -19 19 -21 -22 22 28 -25 -26 -27 27 -29 -30 -31
leaf_value=-855.14836033101892 65984.505419921872 28423.700804501488 -8012.8451477050785 2057.6840725806451 22510.481653645835 -905.59932147930203 -1344.367252642216 -230.23430038889103 20066.852791341149 -2420.0740385509671 -1561.5851371637555 -781.13469321365756 -700.52503345630794 655.40770303477416 11600.202520073784 -4810.7842569405693 9589.0149322509769 3838.8336575317389 183.32476026671765 -1170.3444930559629 412.60735132460178 -911.04813497334146 -274.63676394777639 22116.851259765626 -357.77427161026191 1699.8543944563605 1280.8125363625422 -3110.6312568450644 909.04104889985524 3594.3008325485957
leaf_weight=3791 32 21 30 31 30 77 1681 1327 24 21 299 191 27 220 36 35 32 70 5566 452 6708 775 896 20 4216 163 45 107 387 84
leaf_count=3791 32 21 30 31 30 77 1681 1327 24 21 299 191 27 220 36 35 32 70 5566 452 6708 775 896 20 4216 163 45 107 387 84
internal_value=-0.991128 -78.1615 -116.317 6549.32 11246.8 -146.461 -364.76 353.866 3117.67 9572.95 -268.391 -69.3992 1258.35 2319.78 4462.51 283.895 5883.12 1353.65 -137.696 76.0401 306.44 -656.9 -291.709 25347.2 -437.495 173.529 130.323 -1810.53 82.404 2549.61
internal_weight=27394 27362 27321 123 93 27198 18936 8262 192 45 17255 11406 558 367 147 8070 63 147 10848 6333 8035 5849 2058 41 4515 5881 5718 152 1283 111
internal_count=27394 27362 27321 123 93 27198 18936 8262 192 45 17255 11406 558 367 147 8070 63 147 10848 6333 8035 5849 2058 41 4515 5881 5718 152 1283 111
cat_boundaries=0 2 3 4 5
cat_threshold=1081344 1 2 3 8
is_linear=0
shrinkage=0.05


Tree=34
num_leaves=31
num_cat=5
split_feature=4 4 4 3 4 3 5 0 4 2 3 4 4 3 1 4 1 0 4 1 0 4 0 4 4 4 1 1 4 1
split_gain=5.03573e+13 9.58247e+12 1.9818e+12 3.0374e+12 2.0283e+12 1.07254e+12 6.57728e+11 5.70401e+11 8.40244e+11 2.04449e+12 4.82213e+11 3.50398e+11 3.29425e+11 3.2242e+11 2.97953e+11 2.31139e+11 4.07654e+11 3.29921e+11 3.23907e+11 3.01286e+11 2.98543e+11 1.89302e+11 1.80773e+11 2.2963e+11 1.67153e+11 1.63275e+11 1.56662e+11 2.66082e+11 1.93285e+11 1.54857e+11
threshold=855.00000000000011 610.00000000000011 447.50000000000006 2.5000000000000004 541.00000000000011 3.2500000000000004 0 1 350.83532286447655 4.5000000000000009 2.5000000000000004 53.975000000000009 290.50000000000006 3.2500000000000004 7.3014018691588793e-05 195.04738015607583 4.3808411214953281e-05 2 247.44277342203219 0.0002774532710280374 3 24.050000000000004 4 166.0792672774908 34.95000000000001 114.05000000000001 0.0022050233644859817 0.0016501168224299068 72.552914575502271 0.00024824766355140192
decision_type=10 10 8 2 8 2 9 1 10 2 2 10 10 2 10 10 8 1 10 10 1 10 1 10 10 10 10 10 10 10
left_child=1 2 5 -4 13 6 25 8 14 -10 21 -12 24 -5 -7 20 -17 18 -18 -20 26 -8 -23 -24 -9 -1 27 -13 -29 -27
right_child=-2 -3 3 4 -6 7 10 12 9 -11 11 15 -14 -15 -16 16 17 -19 19 -21 -22 22 23 -25 -26 29 -28 28 -30 -31
leaf_value=-2100.2263980299804 62685.279589843754 24079.83018411776 -7612.2028516642258 1954.7997086063508 21384.957838541668 -860.3193768389815 -1979.5033281332064 -318.9947219957071 19063.509879557292 -2299.0702915736611 -375.21821473349445 224.98858957478558 -4570.2450425502238 9109.5643997192383 3646.8919534737724 -1053.1774189824644 2098.7402003586894 488.03406035209622 9009.5207325328483 1843.2433163729581 -958.23880205154421 -485.41393119371514 -1827.6114072396206 3657.2481433105468 376.36119634236007 -1785.2637906238438 1805.4818634643555 2216.7786743164065 -2921.0569356655856 -408.24769729274487
leaf_weight=526 32 41 30 31 30 77 248 985 24 21 5275 4923 35 32 70 138 99 173 44 22 598 5331 416 20 7050 348 150 22 109 494
leaf_count=526 32 41 30 31 30 77 248 985 24 21 5275 4923 35 32 70 138 99 173 44 22 598 5331 416 20 7050 348 150 22 109 494
internal_value=-0.975508 -74.2874 -110.535 6221.85 10684.4 -139.172 -346.571 336.173 2961.79 9094.31 -263.682 -74.8163 269.7 5588.97 1285.97 177.592 1236.8 2171.76 3684.26 6620.76 90.6939 -626.875 -568.708 -1540.68 291.118 -1398.89 212.661 165.808 -2058.21 -977.371
internal_weight=27394 27362 27321 123 93 27198 18936 8262 192 45 17568 11553 8070 63 147 6278 476 338 165 66 5802 6015 5767 436 8035 1368 5204 5054 131 842
internal_count=27394 27362 27321 123 93 27198 18936 8262 192 45 17568 11553 8070 63 147 6278 476 338 165 66 5802 6015 5767 436 8035 1368 5204 5054 131 842
cat_boundaries=0 2 3 4 5 6
cat_threshold=69337353 34 2 3 8 12
is_linear=0
shrinkage=0.05


Tree=35
num_leaves=31
num_cat=4
split_feature=4 4 4 3 4 3 5 0 4 2 4 1 4 0 4 0 1 4 1 4 2 3 1 1 1 4 3 1 1 4
split_gain=4.54475e+13 8.64819e+12 1.78858e+12 2.74126e+12 1.83054e+12 9.6804e+11 5.91166e+11 5.14787e+11 7.5832e+11 1.84515e+12 4.57189e+11 3.8221e+11 8.70922e+11 4.49131e+11 7.32508e+11 3.31289e+11 3.00654e+11 2.97458e+11 2.68902e+11 2.46948e+11 2.07914e+11 2.01222e+11 1.67449e+11 3.19999e+11 2.35817e+11 1.63848e+11 1.61895e+11 1.47095e+11 1.39518e+11 1.33845e+11
threshold=855.00000000000011 610.00000000000011 447.50000000000006 2.5000000000000004 541.00000000000011 3.2500000000000004 0 1 350.83532286447655 4.5000000000000009 28.050000000000004 4.3808411214953281e-05 174.38982969721681 2 270.50726110884449 3 0.00010221962616822432 270.50726110884449 7.3014018691588793e-05 62.510000000000012 4.5000000000000009 1.5000000000000002 0.0022050233644859817 0.0016501168224299068 0.0003942757009345795 129.85680038811208 4.2500000000000009 0.00010221962616822432 0.00024824766355140192 18.050000000000004
decision_type=10 10 8 2 8 2 9 1 10 2 10 8 10 1 10 1 10 10 10 10 2 2 10 10 10 10 2 10 10 10
left_child=1 2 5 -4 16 6 10 8 18 -10 29 21 15 14 -14 19 -5 26 -7 20 -13 -12 23 24 -21 -8 -9 -3 -27 -1
right_child=-2 27 3 4 -6 7 25 17 9 -11 11 12 13 -15 -16 -17 -18 -19 -20 22 -22 -23 -24 -25 -26 28 -28 -29 -30 -31
leaf_value=-2733.3856967241336 59551.017773437503 25798.527222842265 -7231.5927457682301 1447.7329158238003 20315.710598958336 -817.30340940797487 -1861.2429738226654 95.930240791564884 18110.334665934246 -2184.1166085379464 -1565.7158793940459 -314.94416141342572 2657.5140854956403 730.82513590807821 10927.297981770833 -1046.0236224468642 8398.9455175781241 -4044.5120663452153 3464.547410943168 22.517941290313402 1043.908416890125 -491.71519070793943 2198.8797791187581 -2324.9083742187499 857.76032636015577 -1602.2909808640254 554.85642055757012 19807.0166015625 -226.47772068504815 -1099.5461511351846
leaf_weight=156 32 21 30 28 30 77 692 4845 24 21 503 6621 142 284 33 927 35 40 70 3234 294 3280 104 125 1144 315 3185 20 444 638
leaf_count=156 32 21 30 28 30 77 692 4845 24 21 503 6621 142 284 33 927 35 40 70 3234 294 3280 104 125 1144 315 3185 20 444 638
internal_value=-0.944173 -70.5905 -105.026 5910.76 10150.2 -132.231 -329.268 319.364 2813.7 8639.59 -248.171 -192.549 -63.0198 2075.88 3989.02 -141.882 5309.52 256.215 1221.67 -68.1725 -257.171 -634.518 215.362 169.551 240.772 -1295.86 277.958 22875.8 -797.467 -1420.55
internal_weight=27394 27362 27321 123 93 27198 18936 8262 192 45 17485 16691 12908 459 175 12449 63 8070 147 11522 6915 3783 4607 4503 4378 1451 8030 41 759 794
internal_count=27394 27362 27321 123 93 27198 18936 8262 192 45 17485 16691 12908 459 175 12449 63 8070 147 11522 6915 3783 4607 4503 4378 1451 8030 41 759 794
cat_boundaries=0 2 3 4 5
cat_threshold=1099776 21 2 3 8
is_linear=0
shrinkage=0.05


Tree=36
num_leaves=31
num_cat=4
split_feature=4 2 4 3 3 4 3 0 4 2 5 3 4 4 0 4 1 2 0 4 4 1 4 1 4 4 1 1 1 1
split_gain=4.10647e+13 5.97578e+13 3.8902e+12 4.15883e+12 1.46088e+12 1.58818e+12 8.80977e+11 6.30386e+11 8.3813e+11 1.87332e+12 5.50589e+11 4.1594e+11 3.73853e+11 3.27365e+11 3.06306e+11 3.31673e+11 2.42684e+11 2.3567e+11 2.30643e+11 2.57907e+11 1.5998e+11 1.81212e+11 1.44453e+11 1.29565e+11 1.2047e+11 1.19729e+11 2.16107e+11 2.9284e+11 1.18156e+11 2.2366e+11
threshold=724.50000000000011 5.5000000000000009 485.50000000000006 2.5000000000000004 4.2500000000000009 610.00000000000011 3.2500000000000004 0 350.83532286447655 4.5000000000000009 1 2.5000000000000004 350.83532286447655 195.04738015607583 2 334.40804515234134 7.3014018691588793e-05 2.5000000000000004 3 53.975000000000009 40.750000000000007 0.00033586448598130848 37.975000000000009 0.00054030373831775709 290.50000000000006 246.96711259754741 7.3014018691588793e-05 0.00021904205607476641 0.0022050233644859817 0.0016501168224299068
decision_type=10 2 8 2 2 8 2 1 10 2 9 2 10 10 1 10 10 2 1 10 10 10 10 10 10 10 10 10 10 10
left_child=2 -2 6 -4 -5 -6 10 8 16 -10 -1 20 22 17 15 25 24 -13 19 -19 -12 -22 -9 -24 -8 -15 -27 -28 29 -21
right_child=1 -3 3 4 5 -7 7 12 9 -11 11 13 -14 14 -16 -17 -18 18 -20 28 21 -23 23 -25 -26 26 27 -29 -30 -31
leaf_value=-1312.8587171811525 97664.21597055289 -12976.461413043478 -8420.3403906250005 22235.067994648703 18427.876048694958 -363.18984375000002 -2147.7397136981672 -175.17402134745515 17172.786139547414 -1128.8080385561343 -1059.642418088624 -1082.4800707148556 -6588.6889593505857 554.25499299148032 -41.182151148521299 6664.9013546674678 3291.3199381365093 -260.81294151497508 -961.55597168888369 264.27664137899558 -613.17741897382712 109.43444123052139 218.34275348805838 712.58862775816988 2075.8688281250002 6391.6092867943553 -3424.4017622514207 3419.1805371319811 1641.9596524522112 -1846.1969803684442
leaf_weight=1263 26 23 25 37 22 23 52 1566 29 27 1320 602 20 116 285 39 70 4914 662 4675 3552 1148 4631 1858 25 31 22 54 148 129
leaf_count=1263 26 23 25 37 22 23 52 1566 29 27 1320 602 20 116 285 39 70 4914 662 4675 3552 1148 4631 1858 25 31 22 54 148 129
internal_value=-0.902719 45730.8 -82.8502 9432.23 14875.1 8823.55 -120.229 310.121 2995.96 8348.8 -308.121 -235.54 238.595 -61.625 1132.57 2322.29 1160.59 -120.315 -65.2979 -4.18093 -573.273 -436.676 255.843 359.861 -776.438 1666.96 2873.26 1438.14 250.473 207.605
internal_weight=27394 49 27345 107 82 45 27238 8278 203 56 18960 17697 8075 11677 547 262 147 11130 10528 9866 6020 4700 8055 6489 77 223 107 76 4952 4804
internal_count=27394 49 27345 107 82 45 27238 8278 203 56 18960 17697 8075 11677 547 262 147 11130 10528 9866 6020 4700 8055 6489 77 223 107 76 4952 4804
cat_boundaries=0 1 3 4 5
cat_threshold=2 131085 34 3 8
is_linear=0
shrinkage=0.05


Tree=37
num_leaves=31
num_cat=3
split_feature=4 4 4 3 4 2 5 4 1 4 0 4 3 4 4 3 3 4 1 3 0 4 4 1 1 1 2 1 2 1
split_gain=3.80039e+13 6.92542e+12 1.40385e+12 2.19055e+12 1.58314e+12 8.05919e+11 4.72839e+11 4.41984e+11 6.71166e+11 1.7601e+12 3.62737e+11 3.26721e+11 2.82671e+11 2.33242e+11 2.04444e+11 3.16709e+11 3.75724e+11 3.25216e+11 2.42331e+11 1.92592e+11 1.90436e+11 2.12838e+11 2.07612e+11 1.87944e+11 1.73929e+11 1.61194e+11 1.59588e+11 1.54196e+11 1.45039e+11 1.50457e+11
threshold=855.00000000000011 610.00000000000011 447.50000000000006 2.5000000000000004 541.00000000000011 3.5000000000000004 0 108.01294582285483 7.3014018691588793e-05 334.40804515234134 1 18.050000000000004 3.2500000000000004 334.40804515234134 270.50726110884449 5.2500000000000009 4.2500000000000009 365.25855766946296 7.3014018691588793e-05 2.5000000000000004 2 164.05380678379851 44.95000000000001 0.0016793224299065422 0.00010221962616822432 0.00010221962616822432 4.5000000000000009 0.0016501168224299068 2.5000000000000004 0.0016501168224299068
decision_type=10 10 8 2 8 2 9 10 8 10 1 10 2 10 10 2 2 10 10 2 1 10 10 10 10 10 2 10 2 10
left_child=1 2 5 -4 12 6 7 10 13 27 11 -1 -5 -9 20 16 17 18 -16 -13 22 -22 -7 28 -3 -24 -27 -10 -21 -30
right_child=-2 24 3 4 -6 14 -8 8 9 -11 -12 19 -14 -15 15 -17 -18 -19 -20 23 21 -23 25 -25 -26 26 -28 -29 29 -31
leaf_value=-2534.6104887390138 54456.272167968753 23647.629371279763 -6514.0558430989586 1119.4994203629033 18477.606650390626 -144.32219398485543 -1171.3874133865356 -291.35629472795148 1231.882563050588 14212.56895658053 -1593.1701479126223 -525.10299174446652 7818.7377029418949 -3733.960591947116 5203.0549007334612 -3320.8238076171874 6785.8177539643793 -3426.7221540178575 -91.813121337890635 -977.74425269372114 -2003.5464045911733 343.86113642924545 59.159601664219693 982.87715787549757 17132.487382812502 362.96169319312577 993.5987398210699 -941.43130235460069 -107.15908883810499 -3992.1956510009768
leaf_weight=160 32 21 30 31 30 2349 1490 914 876 26 546 4565 32 52 47 25 42 28 40 525 202 185 2285 367 20 2985 1511 90 7863 25
leaf_count=160 32 21 30 31 30 2349 1490 914 876 26 546 4565 32 52 47 25 42 28 40 525 202 185 2285 367 20 2985 1511 90 7863 25
internal_value=-0.899856 -64.5878 -95.4029 5234.23 9024 -119.506 -322.136 -242.211 461.421 1374.93 -340.434 -288.393 4522.29 -476.672 246.081 1906.08 2738.39 1260.2 2768.63 -261.678 214.336 -859.199 260.496 -124.715 20469.5 401.113 574.904 1029.4 -173.031 -119.472
internal_weight=27394 27362 27321 123 93 27198 17499 16009 1958 992 14051 13505 63 966 9699 182 157 115 87 13345 9517 387 9130 8780 41 6781 4496 966 8413 7888
internal_count=27394 27362 27321 123 93 27198 17499 16009 1958 992 14051 13505 63 966 9699 182 157 115 87 13345 9517 387 9130 8780 41 6781 4496 966 8413 7888
cat_boundaries=0 2 3 4
cat_threshold=1097728 17 12 8
is_linear=0
shrinkage=0.05


Tree=38
num_leaves=31
num_cat=4
split_feature=4 4 4 3 4 2 5 4 1 4 0 4 1 4 4 0 4 2 1 4 0 2 3 1 1 3 4 1 2 1
split_gain=3.42986e+13 6.25023e+12 1.267e+12 1.97697e+12 1.42878e+12 7.27554e+11 4.29696e+11 4.07418e+11 6.20861e+11 1.57996e+12 3.25612e+11 2.94866e+11 2.57536e+11 2.11174e+11 1.88841e+11 3.40917e+11 3.78909e+11 6.60422e+11 4.15049e+11 3.62357e+11 3.06867e+11 1.76545e+11 1.73815e+11 1.6962e+11 1.56971e+11 1.48243e+11 1.45478e+11 1.38716e+11 1.30898e+11 1.35787e+11
threshold=855.00000000000011 610.00000000000011 447.50000000000006 2.5000000000000004 541.00000000000011 3.5000000000000004 0 108.01294582285483 7.3014018691588793e-05 334.40804515234134 1 18.050000000000004 0.00010221962616822432 334.40804515234134 168.10000000000002 2 264.62970034264117 4.5000000000000009 0.00013142523364485984 270.50726110884449 3 4.5000000000000009 2.5000000000000004 0.0016793224299065422 0.00010221962616822432 4.2500000000000009 114.05000000000001 0.0016501168224299068 2.5000000000000004 0.0016501168224299068
decision_type=10 10 8 2 8 2 9 10 8 10 1 10 10 10 10 1 10 2 10 10 1 2 2 10 10 2 10 10 2 10
left_child=1 2 5 -4 12 6 7 10 13 27 11 -1 -5 -9 20 16 -16 18 -18 -17 21 -7 -13 28 -3 -19 -8 -10 -24 -30
right_child=-2 24 3 4 -6 14 26 8 9 -11 -12 22 -14 -15 15 19 17 25 -20 -21 -22 -23 23 -25 -26 -27 -28 -29 29 -31
leaf_value=-2407.8799586868286 51733.458300781254 22465.24990699405 -6188.3529378255216 722.01282217843197 17553.726605021158 76.835135514092769 -1773.1281583070315 -271.4675299921276 1203.2707525316725 13501.940351750301 -1514.4799891264543 -498.8478190823792 7155.5006222098209 -3547.262588266226 455.64147299587142 1001.0267111486319 11573.456973184122 -2004.6200249305139 3130.8242645263672 -3306.9553931603064 -1528.1624617961809 549.19658648568088 -928.85703407460176 933.73330002246826 16275.863164062503 3078.2483711242676 -750.55008173791782 -870.65484427119907 -101.80111992779723 -3792.5856035156248
leaf_weight=160 32 21 30 28 30 6029 541 913 857 26 542 4565 35 52 101 196 37 26 24 65 245 2944 525 367 20 32 974 89 7863 25
leaf_count=160 32 21 30 28 30 6029 541 913 857 26 542 4565 35 52 101 196 37 26 24 65 245 2944 525 367 20 32 974 89 7863 25
internal_value=-0.90531 -61.4089 -90.6833 4972.52 8572.8 -113.581 -306.108 -229.229 450.417 1342.35 -323.111 -273.973 4296.17 -447.987 233.777 1199.61 2590.27 4619.68 8251.77 -69.1914 183.38 231.557 -248.594 -118.479 19446 799.721 -1108.39 1008.16 -164.38 -113.499
internal_weight=27394 27362 27321 123 93 27198 17499 15984 1937 972 14047 13505 63 965 9699 481 220 119 61 261 9218 8973 13345 8780 41 58 1515 946 8413 7888
internal_count=27394 27362 27321 123 93 27198 17499 15984 1937 972 14047 13505 63 965 9699 481 220 119 61 261 9218 8973 13345 8780 41 58 1515 946 8413 7888
cat_boundaries=0 2 3 4 5
cat_threshold=1097728 1 12 2 8
is_linear=0
shrinkage=0.05


Tree=39
num_leaves=31
num_cat=5
split_feature=4 4 4 3 4 3 5 0 4 2 4 1 4 0 4 3 4 1 2 0 0 1 1 2 4 3 1 3 2 1
split_gain=3.09545e+13 5.64086e+12 1.14349e+12 1.78421e+12 1.28947e+12 6.59091e+11 4.05826e+11 3.67737e+11 5.68712e+11 1.44423e+12 3.55839e+11 4.05165e+11 6.34141e+11 4.91691e+11 6.71554e+11 2.53113e+11 2.4645e+11 2.32406e+11 2.17002e+11 2.13662e+11 1.67298e+11 1.50299e+11 1.41667e+11 1.34336e+11 1.34283e+11 1.30259e+11 1.18547e+11 1.17609e+11 1.33991e+11 1.1606e+11
threshold=855.00000000000011 610.00000000000011 447.50000000000006 2.5000000000000004 541.00000000000011 3.2500000000000004 0 1 350.83532286447655 4.5000000000000009 40.750000000000007 4.3808411214953281e-05 174.38982969721681 2 270.50726110884449 3.2500000000000004 240.02876849523298 7.3014018691588793e-05 2.5000000000000004 3 4 0.00036507009345794397 0.00010221962616822432 4.5000000000000009 130.27467500124359 4.2500000000000009 0.00074474299065420576 1.5000000000000002 1.5000000000000002 0.0002774532710280374
decision_type=10 10 8 2 8 2 9 1 8 2 10 8 10 1 10 2 10 10 2 1 1 10 10 2 10 2 10 2 2 10
left_child=1 2 5 -4 15 6 10 8 17 -10 18 20 19 14 -14 -5 25 -7 -1 21 -12 23 -3 29 -8 -9 -23 28 -22 -13
right_child=-2 22 3 4 -6 7 24 16 9 -11 11 12 13 -15 -16 -17 -18 -19 -20 -21 27 26 -24 -25 -26 -27 -28 -29 -30 -31
leaf_value=-1134.1723194362396 49146.782910156253 21341.985602678571 -5878.9353662109379 861.39836740801422 16676.04083984375 -904.7874239834872 -1540.3885148236052 70.162509566711847 15793.61279703776 -2161.1417242140997 -1843.7676618944697 -39.423166588380191 2799.9916195284936 608.24951385186648 11251.737863685346 7200.7059900283821 -3253.1817676618989 3075.9028105599541 -364.46738853836064 -767.18251495685399 20.922819069756404 637.57565787750718 15462.069609375001 1218.1770913967912 -598.7256554893504 482.06579808256004 24.229755467886879 -331.24898418155112 -1919.3739958656247 -732.9687460285495
leaf_weight=1291 32 21 30 31 30 77 742 4837 24 21 228 4525 124 284 29 32 51 70 3150 814 135 1678 20 191 773 3182 1485 2530 261 696
leaf_count=1291 32 21 30 31 30 77 742 4837 24 21 228 4525 124 284 29 32 51 70 3150 814 135 1678 20 191 773 3182 1485 2530 261 696
internal_value=-0.915591 -58.3941 -86.2048 4723.9 8144.16 -107.958 -270.54 264.67 2372.81 7414.73 -201.776 -69.7129 88.5544 1950.4 4131.9 4081.36 211.312 990.779 -588.221 1.89695 -562.78 75.7098 18473.7 -84.2321 -1052.97 233.609 349.615 -455.106 -1257.91 -131.878
internal_weight=27394 27362 27321 123 93 27198 18936 8262 192 45 17421 12980 9826 437 153 63 8070 147 4441 9389 3154 8575 41 5412 1515 8019 3163 2926 396 5221
internal_count=27394 27362 27321 123 93 27198 18936 8262 192 45 17421 12980 9826 437 153 63 8070 147 4441 9389 3154 8575 41 5412 1515 8019 3163 2926 396 5221
cat_boundaries=0 2 3 4 5 6
cat_threshold=1097728 1 2 3 8 2
is_linear=0
shrinkage=0.05


Tree=40
num_leaves=31
num_cat=3
split_feature=4 4 4 3 4 2 5 4 1 4 0 4 1 4 4 3 1 1 4 3 3 4 2 1 0 4 1 2 1 4
split_gain=2.79365e+13 5.0909e+12 1.03202e+12 1.61025e+12 1.16375e+12 5.97937e+11 3.49144e+11 3.53949e+11 5.31455e+11 1.37161e+12 2.75238e+11 2.57922e+11 2.30536e+11 1.96475e+11 1.7108e+11 1.45726e+11 1.52359e+11 1.27854e+11 1.23816e+11 2.61138e+11 3.28006e+11 3.06767e+11 1.95746e+11 3.24455e+11 1.70397e+11 1.5556e+11 1.43018e+11 1.27658e+11 1.21467e+11 1.21387e+11
threshold=855.00000000000011 610.00000000000011 447.50000000000006 2.5000000000000004 541.00000000000011 3.5000000000000004 0 108.01294582285483 7.3014018691588793e-05 334.40804515234134 1 18.050000000000004 0.00010221962616822432 334.40804515234134 44.95000000000001 2.5000000000000004 0.0016793224299065422 0.00010221962616822432 270.50726110884449 5.2500000000000009 4.2500000000000009 365.25855766946296 4.5000000000000009 0.00010221962616822432 2 160.12820512820517 0.00010221962616822432 4.5000000000000009 0.0016501168224299068 114.05000000000001
decision_type=10 10 8 2 8 2 9 10 8 10 1 10 10 10 10 2 10 10 10 2 2 10 2 10 1 8 10 2 10 10
left_child=1 2 5 -4 12 6 7 10 13 28 11 -1 -5 -9 -7 -13 -17 -3 24 20 21 22 23 -20 26 -26 -16 -28 -10 -8
right_child=-2 17 3 4 -6 14 29 8 9 -11 -12 15 -14 -15 18 16 -18 -19 19 -21 -22 -23 -24 -25 25 -27 27 -29 -30 -31
leaf_value=-2245.9124446201326 46689.446582031254 20274.888318452384 -5584.9886415608726 495.68002319335938 15842.238710530601 -158.52910895215985 -1607.4523344085751 -235.28680465882087 1122.0699856289627 12580.397021484376 -1390.6627054991932 -455.56146030735209 6582.589109409877 -3395.0180437528174 34.646124104639632 -150.78266801430556 889.95847006857571 14688.965546874999 7400.6551491477285 -3127.1415732421879 6156.546908424014 -3558.3151157924108 -728.89294079196077 -335.41795176630438 -1719.8717044441066 301.59935961749102 330.88710668190043 894.91785802178481 -818.63012379849897 -673.36995294559176
leaf_weight=160 32 21 30 28 30 2355 541 913 857 26 542 4565 35 52 2285 8413 367 20 33 25 42 28 31 23 196 185 2985 1511 89 974
leaf_count=160 32 21 30 28 30 2355 541 913 857 26 542 4565 35 52 2285 8413 367 20 33 25 42 28 31 23 196 185 2985 1511 89 974
internal_value=-0.906355 -55.511 -81.9312 4487.7 7736.96 -102.597 -277.133 -207.832 425.652 1250.87 -295.334 -250.159 3877.3 -405.552 212.303 -226.419 -107.28 17550 331.217 1619.09 2374.86 993.726 2458.75 4223.34 298.49 -719.435 356.219 520.445 939.488 -1000.32
internal_weight=27394 27362 27321 123 93 27198 17499 15984 1937 972 14047 13505 63 965 9699 13345 8780 41 7344 182 157 115 87 56 7162 381 6781 4496 946 1515
internal_count=27394 27362 27321 123 93 27198 17499 15984 1937 972 14047 13505 63 965 9699 13345 8780 41 7344 182 157 115 87 56 7162 381 6781 4496 946 1515
cat_boundaries=0 2 3 4
cat_threshold=1097728 1 12 8
is_linear=0
shrinkage=0.05


Tree=41
num_leaves=31
num_cat=5
split_feature=4 4 4 3 4 3 5 0 3 4 4 3 1 4 0 4 3 4 0 4 0 2 3 2 1 1 4 1 4 1
split_gain=2.52127e+13 4.59455e+12 9.31407e+11 1.45325e+12 1.05029e+12 5.45576e+11 3.29373e+11 3.18889e+11 5.05998e+11 8.98874e+11 3.16309e+11 3.04341e+11 2.81862e+11 6.00524e+11 4.36391e+11 5.82891e+11 2.26646e+11 2.26542e+11 1.82805e+11 1.635e+11 1.62878e+11 1.3564e+11 1.33261e+11 1.21107e+11 1.1945e+11 1.19379e+11 1.33698e+11 1.15388e+11 1.12376e+11 1.09768e+11
threshold=855.00000000000011 610.00000000000011 447.50000000000006 2.5000000000000004 541.00000000000011 3.2500000000000004 0 1 5.2500000000000009 350.83532286447655 28.050000000000004 4.2500000000000009 4.3808411214953281e-05 174.38982969721681 2 247.44277342203219 3.2500000000000004 240.02876849523298 3 41.938621515944071 4 1.5000000000000002 1.5000000000000002 4.5000000000000009 7.3014018691588793e-05 0.0031103971962616827 69.688350055741381 0.00010221962616822432 131.59405492448974 0.0012996495327102806
decision_type=10 10 8 2 8 2 9 1 2 10 10 2 8 10 1 10 2 10 1 10 1 2 2 2 10 10 10 10 10 10
left_child=1 2 5 -4 16 6 10 8 9 11 -1 24 20 18 15 -15 -5 25 -14 29 -12 -21 -23 -24 -7 -9 -27 -3 -8 -20
right_child=-2 27 3 4 -6 7 28 17 -10 -11 12 -13 13 14 -16 -17 -18 -19 19 21 -22 22 23 -25 -26 26 -28 -29 -30 -31
leaf_value=-1158.524522685284 44354.970703125 19261.143638392859 -5305.7390185546874 636.46309302545365 15050.126053059896 -1409.1429511760844 -1382.4019799693135 192.32368536277039 -5207.9256420898446 10099.043187156884 -1750.0263010539709 6163.2489088792072 -1068.7379882755884 2266.2383356955202 535.22095473153252 9289.5189447021494 6635.1817024230959 -3129.7766235351564 -452.17428199881647 1264.1513354599738 -425.96517876262027 -785.43792022960452 34.957982725892592 1036.3958800510236 1908.0951389686736 310.82505234938407 4129.2163991044208 13954.518515625001 -521.0940441340407 636.44322448003868
leaf_weight=794 32 21 30 31 30 58 766 7926 20 37 242 26 449 113 284 40 32 51 2855 227 3539 478 7834 314 51 52 41 20 749 252
leaf_count=794 32 21 30 31 30 58 766 7926 20 37 242 26 449 113 284 40 32 51 2855 227 3539 478 7834 314 51 52 41 20 749 252
internal_value=-0.886421 -52.7608 -77.8601 4263.32 7350.11 -97.4926 -245.413 241.531 2204.62 3194.72 -183.461 1302.42 -137.009 -25.3224 1796.39 3850.71 3683.43 191.856 -89.4764 -51.7762 -516.466 57.6993 25.9506 73.5505 142.959 213.221 1994.2 16672.5 -950.308 -363.88
internal_weight=27394 27362 27321 123 93 27198 18936 8262 192 172 17421 135 16627 12846 437 153 63 8070 12409 11960 3781 8853 8626 8148 109 8019 93 41 1515 3107
internal_count=27394 27362 27321 123 93 27198 18936 8262 192 172 17421 135 16627 12846 437 153 63 8070 12409 11960 3781 8853 8626 8148 109 8019 93 41 1515 3107
cat_boundaries=0 2 3 4 5 6
cat_threshold=1097728 1 2 3 2 2
is_linear=0
shrinkage=0.05


Tree=42
num_leaves=31
num_cat=3
split_feature=4 4 4 3 4 2 5 4 1 4 2 1 4 4 3 4 1 1 4 4 4 4 0 2 1 1 4 1 1 0
split_gain=2.27545e+13 4.14661e+12 8.40615e+11 1.31156e+12 9.47882e+11 4.96281e+11 2.81627e+11 3.02058e+11 2.69406e+11 9.41408e+11 2.06915e+11 2.06367e+11 1.79088e+11 1.66855e+11 1.47399e+11 1.47014e+11 1.30161e+11 1.14546e+11 1.69566e+11 5.21791e+11 1.63252e+11 1.58936e+11 1.87533e+11 1.35884e+11 1.34378e+11 2.39495e+11 4.3685e+11 1.44474e+11 2.48052e+11 1.09332e+11
threshold=855.00000000000011 610.00000000000011 447.50000000000006 2.5000000000000004 541.00000000000011 3.5000000000000004 0 73.021775652210451 0.00010221962616822432 310.02166095522585 2.5000000000000004 0.00010221962616822432 108.01294582285483 99.954431178623565 4.2500000000000009 40.050000000000004 0.0016501168224299068 4.3808411214953281e-05 300.50000000000006 365.25855766946296 219.37708678973661 168.10000000000002 1 4.5000000000000009 0.00013142523364485984 0.00045268691588785053 342.85821225290857 0.0013434579439252339 0.00083235981308411226 2
decision_type=10 10 8 2 8 2 9 10 8 10 2 10 10 10 2 10 10 10 10 10 10 10 1 2 10 10 10 10 10 1
left_child=1 2 5 -4 11 6 7 10 -9 12 -1 -5 13 29 -12 -7 -14 18 20 -20 -17 22 23 -19 -23 26 -26 28 -27 -10
right_child=-2 -3 3 4 -6 15 -8 8 9 -11 14 -13 16 -15 -16 17 -18 21 19 -21 -22 24 -24 -25 25 27 -28 -29 -30 -31
leaf_value=-694.3663645995739 42137.226757812503 15838.917911585366 -5040.4519165039064 299.81687709263394 14297.619749348958 -208.49706949951471 -907.10357124773657 -239.86087881785585 536.84572255065973 9935.5223125751218 -235.55464116596238 6058.8139285714287 1208.552520235228 -747.72981734275822 1407.7665258558536 -96.029741715647162 -806.12332071940102 203.0083844101581 8654.5250930059537 -2246.595363451087 -3031.3614854423367 2822.6963308860518 -1145.3445011229312 713.38462450169573 776.13372493695613 1442.5454981327057 -6926.4380818684895 538.85665588378913 8436.0416480654767 -740.34840229579379
leaf_weight=3027 32 41 30 28 30 1837 1490 2686 1227 26 7454 35 734 440 139 1422 90 3847 21 23 49 116 201 1973 79 32 24 54 21 186
leaf_count=3027 32 41 30 28 30 1837 1490 2686 1227 26 7454 35 734 440 139 1422 90 3847 21 23 49 116 201 1973 79 32 24 54 21 186
internal_value=-0.891556 -50.1723 -74.0167 4050.15 6982.6 -92.6678 -251.677 -189.989 114.781 467.192 -344.82 3499.26 375.232 102.52 -205.471 194.218 988.503 288.314 -102.322 2956.21 -193.808 381.557 323.337 375.383 1456.84 702.365 -1018.64 2359.03 4213.55 367.282
internal_weight=27394 27362 27321 123 93 27198 17499 16009 5389 2703 10620 63 2677 1853 7593 9699 824 7862 1515 44 1471 6347 6021 5820 326 210 103 107 53 1413
internal_count=27394 27362 27321 123 93 27198 17499 16009 5389 2703 10620 63 2677 1853 7593 9699 824 7862 1515 44 1471 6347 6021 5820 326 210 103 107 53 1413
cat_boundaries=0 2 3 4
cat_threshold=1097728 17 8 8
is_linear=0
shrinkage=0.05


Tree=43
num_leaves=31
num_cat=3
split_feature=4 4 4 3 3 4 3 0 4 2 4 5 4 4 1 3 2 4 4 1 0 4 4 2 4 4 1 1 1 1
split_gain=2.0536e+13 3.74234e+12 7.58671e+11 1.20688e+12 5.25772e+11 5.3474e+11 4.51635e+11 2.85052e+11 4.69034e+11 1.23738e+12 2.82924e+11 2.70798e+11 2.6028e+11 8.38497e+11 2.15288e+11 2.14919e+11 2.15749e+11 2.14104e+11 2.11036e+11 2.09484e+11 1.66507e+11 1.31726e+11 1.47771e+11 1.09621e+11 1.05802e+11 1.05477e+11 1.07705e+11 3.08545e+11 1.25638e+11 1.04138e+11
threshold=855.00000000000011 610.00000000000011 447.50000000000006 4.2500000000000009 2.5000000000000004 459.79793511194481 3.2500000000000004 0 350.83532286447655 4.5000000000000009 24.050000000000004 1 365.25855766946296 342.85821225290857 0.00013142523364485984 1.5000000000000002 1.5000000000000002 103.21237045295018 290.50000000000006 7.3014018691588793e-05 2 35.050000000000004 99.954431178623565 2.5000000000000004 34.95000000000001 69.688350055741381 0.00068633177570093468 0.00065712616822429925 0.00074474299065420576 0.00010221962616822432
decision_type=10 10 8 2 2 10 2 1 10 2 10 9 10 10 8 2 2 10 10 10 1 10 10 2 10 10 10 10 10 10
left_child=1 2 6 4 -4 -6 10 8 19 -10 -1 12 13 14 15 16 -12 20 24 -8 21 -16 25 -24 -9 -23 27 -27 -28 -3
right_child=-2 29 3 -5 5 -7 7 18 9 -11 11 -13 -14 -15 17 -17 -18 -19 -20 -21 -22 22 23 -25 -26 26 28 -29 -30 -31
leaf_value=-1421.0802223594983 40030.360742187506 17506.141703869049 -4788.4294514973963 11255.068156352798 9255.6522927989135 -739.36637725830087 -982.5100589108157 -294.87302400695489 14406.714550781251 -2212.5997558593749 60.455350130563104 -834.42985931054307 -3736.4985976562502 9416.605529254417 -434.76532132162583 -240.30040033600085 -1625.2144592598158 698.89905826983488 -3700.4446609933038 2796.7788903808596 -912.92287859633075 22.058603211189588 1304.6996954196838 -1510.3029906605163 258.34742927616202 409.43792483031478 3680.6568546376329 -4491.9296512488163 898.49879861439922 12464.845585937501
leaf_weight=480 32 21 30 38 23 32 77 985 24 21 281 1495 50 23 1447 6575 585 1039 35 70 528 4605 41 221 7050 1189 47 33 297 20
leaf_count=480 32 21 30 38 23 32 77 985 24 21 281 1495 50 23 1447 6575 585 1039 35 70 528 4605 41 221 7050 1189 47 33 297 20
internal_value=-0.888157 -47.7049 -70.3571 3847.64 536.087 3440.37 -88.0759 220.383 2076.33 6651.03 -222.66 -191.492 -134.25 -123.679 -136.672 -337.823 -1078.25 21.7664 173.439 817.151 -61.9088 -3.72329 93.2269 -1069.79 190.529 142.605 497.084 277.077 1278.62 15047
internal_weight=27394 27362 27321 123 85 55 27198 8262 192 45 18936 18456 16961 16911 16888 7441 866 9447 8070 147 8408 7880 6433 262 8035 6171 1566 1222 344 41
internal_count=27394 27362 27321 123 85 55 27198 8262 192 45 18936 18456 16961 16911 16888 7441 866 9447 8070 147 8408 7880 6433 262 8035 6171 1566 1222 344 41
cat_boundaries=0 1 3 4
cat_threshold=2 1097728 1 8
is_linear=0
shrinkage=0.05


Tree=44
num_leaves=31
num_cat=3
split_feature=4 4 1 2 2 3 4 3 5 4 0 4 2 1 4 3 0 4 1 4 4 4 4 3 2 4 1 1 1 4
split_gain=1.94087e+13 2.20261e+12 3.55279e+13 2.28924e+13 8.2213e+12 4.09499e+11 3.15725e+11 7.24838e+11 3.10002e+11 3.19209e+11 5.04016e+11 5.90746e+11 7.75656e+11 4.74138e+11 6.97212e+11 5.11374e+11 3.16037e+11 2.73941e+11 2.70021e+11 2.65414e+11 1.32412e+11 1.2486e+11 2.00413e+11 1.19587e+11 1.17582e+11 1.11964e+11 1.08516e+11 1.10551e+11 1.05555e+11 1.03966e+11
threshold=1186.0000000000002 485.50000000000006 0.0010075934579439254 5.5000000000000009 4.5000000000000009 4.2500000000000009 300.50000000000006 5.2500000000000009 0 179.65200040916665 1 270.50726110884449 4.5000000000000009 0.00024824766355140192 350.83532286447655 3.2500000000000004 2 34.95000000000001 0.0003942757009345795 300.50000000000006 18.050000000000004 250.34974971036357 246.96711259754741 3.2500000000000004 4.5000000000000009 94.015317214225874 0.00042348130841121499 0.00045268691588785053 0.00016063084112149533 391.08371961117962
decision_type=8 10 10 2 2 2 10 2 9 10 1 10 2 10 10 2 1 10 10 10 10 10 10 2 2 10 10 10 10 10
left_child=1 5 3 4 -3 8 -7 29 -1 16 11 21 13 14 15 -13 17 20 24 28 -10 22 -11 -21 -19 -18 -20 -28 -12 -8
right_child=-2 2 -4 -5 -6 6 7 -9 9 10 19 12 -14 -15 -16 -17 25 18 26 23 -22 -23 -24 -25 -26 -27 27 -29 -30 -31
leaf_value=-896.0913986408043 35707.934472656249 -7230.833811035156 67497.168125000011 -48062.058251953131 26210.735684742649 374.19891533491216 5313.5718983968109 -3241.0412682574733 -2029.25217821363 516.45842242216941 -162.90368713214073 9192.5968502269079 -2531.9838348388676 643.59401855468752 15214.180982349537 -731.05406087239589 -1344.0004868585602 -192.49964990633416 1301.8763626098635 -1550.0401370150373 -465.4525230455119 -2356.0075592041017 4355.4723692358994 -5775.0890429687497 451.8072971773463 -405.26456984560718 -647.5447145825342 292.1079548955172 1390.7325575834334 10288.900944010418
leaf_weight=1312 38 40 20 24 34 3215 21 23 142 199 324 34 28 24 27 21 695 11399 247 103 2897 28 41 20 755 585 336 4576 165 21
leaf_count=1312 38 40 20 24 34 3215 21 23 142 199 324 34 28 24 27 21 695 11399 247 103 2897 28 41 20 755 585 336 4576 165 21
internal_value=-0.875642 -50.4785 6765.98 -5628.14 8134.21 -80.0086 443.95 3893.97 -151.742 -108.174 758.822 2106.58 4869.63 6824.77 8633.89 5403.57 -148.865 -100.633 -23.8269 -158.305 -538.522 803.662 1172.29 -2237.04 -152.476 -907.876 279.255 227.832 361.329 7801.24
internal_weight=27394 27356 118 98 74 27238 3280 65 23958 22646 1014 402 134 106 82 55 21632 20352 17313 612 3039 268 240 123 12154 1280 5159 4912 489 42
internal_count=27394 27356 118 98 74 27238 3280 65 23958 22646 1014 402 134 106 82 55 21632 20352 17313 612 3039 268 240 123 12154 1280 5159 4912 489 42
cat_boundaries=0 2 3 4
cat_threshold=2228269 34 3 8
is_linear=0
shrinkage=0.05


Tree=45
num_leaves=31
num_cat=4
split_feature=4 4 1 2 2 3 0 3 4 4 3 5 4 0 0 4 2 4 4 1 3 4 1 4 4 1 4 4 2 2
split_gain=1.75164e+13 1.98786e+12 3.20639e+13 2.06604e+13 7.41972e+12 3.73099e+11 3.17404e+11 5.22826e+11 8.18713e+11 3.29769e+11 2.58877e+11 2.53469e+11 2.54292e+11 3.06976e+11 2.73904e+11 4.51594e+11 3.40764e+11 4.47863e+11 2.16751e+11 2.13589e+11 1.10225e+11 1.0485e+11 1.03944e+11 1.20854e+11 1.01794e+11 9.86566e+10 9.62464e+10 2.24944e+11 8.97745e+10 8.89136e+10
threshold=1186.0000000000002 485.50000000000006 0.0010075934579439254 5.5000000000000009 4.5000000000000009 3.2500000000000004 0 5.2500000000000009 350.83532286447655 350.83532286447655 4.2500000000000009 1 179.65200040916665 2 3 270.50726110884449 3.5000000000000004 342.85821225290857 36.100000000000009 0.00013142523364485984 1.5000000000000002 65.402665761136547 0.0031103971962616827 69.688350055741381 20.075000000000003 7.3014018691588793e-05 250.34974971036357 246.96711259754741 1.5000000000000002 5.5000000000000009
decision_type=8 10 10 2 2 2 1 2 10 10 2 9 10 1 1 10 2 10 10 10 2 10 10 10 10 10 10 10 2 2
left_child=1 5 3 4 -3 11 7 8 10 22 25 -1 13 18 15 26 17 -17 24 -20 -16 -15 -8 -24 -13 -7 27 -14 -21 -30
right_child=-2 2 -4 -5 -6 6 9 -9 -10 -11 -12 12 14 21 20 16 -18 -19 19 28 -22 -23 23 -25 -26 -27 -28 -29 29 -31
leaf_value=-1242.8385463297368 33922.53735608553 -6869.2919726562504 64122.309999999998 -45658.955970255542 24900.199954044117 -1344.547219953866 150.0242056971158 -5064.608375133168 8859.1401850161346 -6258.8978186035165 5618.4485379732578 -1563.0490463116203 540.8508463992348 -1592.4306128403236 -2116.6336612955729 3764.1332611083985 421.95558518629809 13302.069687499999 -267.86900374533496 1416.2968109804042 162.48278003592679 -633.33019314958119 230.86313530114981 3861.2106850228661 -437.83970935769759 1670.1743810317098 -2217.0975809733077 4889.7404655905329 93.091192936864715 1408.5985025653404
leaf_weight=554 38 40 20 24 34 58 7962 22 46 20 26 217 237 348 60 32 26 20 5795 136 458 1573 52 41 2726 51 24 34 6589 131
leaf_count=554 38 40 20 24 34 58 7962 22 46 20 26 217 237 348 60 32 26 20 5795 136 458 1573 52 41 2726 51 24 34 6589 131
internal_value=-0.848217 -47.9709 6427.68 -5346.73 7727.5 -76.0246 204.035 2109.74 3098.32 153.325 1135.37 -198.3 -166.095 -208.102 657.807 1667.59 5095.7 7432.57 -134.229 -44.406 -99.5851 -802.897 169.436 1831.34 -520.806 66.0106 817.703 1086.47 144.475 118.736
internal_weight=27394 27356 118 98 74 27238 8278 203 181 8075 135 18960 18406 17515 891 373 78 52 15594 12651 518 1921 8055 93 2943 109 295 271 6856 6720
internal_count=27394 27356 118 98 74 27238 8278 203 181 8075 135 18960 18406 17515 891 373 78 52 15594 12651 518 1921 8055 93 2943 109 295 271 6856 6720
cat_boundaries=0 1 3 4 5
cat_threshold=2 2228269 32 8 3
is_linear=0
shrinkage=0.05


Tree=46
num_leaves=31
num_cat=2
split_feature=4 2 4 3 4 3 4 4 0 0 2 4 1 4 2 4 4 2 4 1 4 3 1 1 4 1 1 1 4 1
split_gain=1.614e+13 5.10095e+13 1.42024e+12 4.65147e+11 1.48312e+12 3.58153e+11 5.14098e+11 3.57584e+11 3.68455e+11 3.34782e+11 7.3087e+11 1.52647e+12 9.90704e+11 2.11705e+11 2.00829e+11 1.77987e+11 3.34727e+11 1.60326e+11 1.7647e+11 1.4569e+11 1.37713e+11 3.79043e+11 1.35732e+11 1.38041e+11 1.26738e+11 1.2793e+11 1.2438e+11 1.23949e+11 1.19678e+11 1.14781e+11
threshold=724.50000000000011 5.5000000000000009 610.00000000000011 4.2500000000000009 447.50000000000006 1.5000000000000002 300.50000000000006 179.65200040916665 0 1 4.5000000000000009 391.08371961117962 4.3808411214953281e-05 40.750000000000007 4.5000000000000009 270.50726110884449 310.02166095522585 1.5000000000000002 78.972122669233855 0.00036507009345794397 300.50000000000006 5.2500000000000009 0.0002774532710280374 0.00018983644859813087 391.08371961117962 0.00010221962616822432 0.00021904205607476641 7.3014018691588793e-05 18.050000000000004 0.00016063084112149533
decision_type=10 2 10 2 10 2 8 8 1 1 2 8 10 10 2 10 10 2 10 10 10 2 10 10 10 10 10 8 10 10
left_child=2 -2 3 5 20 6 17 8 13 10 11 15 -12 28 19 27 -17 18 -1 22 -5 -22 23 -15 26 -26 -11 -9 -7 -19
right_child=1 -3 -4 4 -6 7 -8 9 -10 24 12 -13 -14 14 -16 16 -18 29 -20 -21 21 -23 -24 -25 25 -27 -28 -29 -30 -31
leaf_value=-537.33993946245516 76651.28384164664 -25570.366576086959 12105.596354166668 345.9686368004871 11205.019023132325 -1849.4616048339847 -7815.5047382061302 -449.77696683756517 -812.6912979026788 -111.55240213936622 -11268.543032004616 13705.736662046371 2514.7377704620362 -155.6199495423636 743.84153444322499 7602.1181611032198 16.379181377704327 -1526.1736010881341 1513.179704872414 237.88701700491893 6131.3218721277581 -2412.3863210405625 -753.10880346080921 426.91008372037516 81.150730387369791 -3861.822253417969 1185.3208298109773 2256.9122637561918 -285.66178065960315 -471.48500207294524
leaf_weight=471 26 23 24 3221 32 125 26 75 1812 436 22 31 32 6547 944 33 26 636 135 3968 34 21 790 1204 48 36 321 97 5764 434
leaf_count=471 26 23 24 3221 32 125 26 75 1812 436 22 31 32 6547 944 33 26 636 135 3968 34 21 790 1204 48 36 321 97 5764 434
internal_value=-0.828489 28669.7 -52.2037 -62.8837 492.966 -139.457 -838.591 -86.1231 -132.936 769.788 2128.6 3287.64 -3100.67 -68.7999 40.6097 1889.54 4259.25 -730.357 -80.541 -12.4602 388.33 2869.18 -128.767 -65.1328 231.164 -1608.69 438.377 1076.67 -318.855 -1098.38
internal_weight=27394 49 27345 27321 3308 24013 1702 22311 21154 1157 316 262 54 19342 13453 231 59 1676 606 12509 3276 55 8541 7751 841 84 757 172 5889 1070
internal_count=27394 49 27345 27321 3308 24013 1702 22311 21154 1157 316 262 54 19342 13453 231 59 1676 606 12509 3276 55 8541 7751 841 84 757 172 5889 1070
cat_boundaries=0 1 2
cat_threshold=12 2
is_linear=0
shrinkage=0.05


Tree=47
num_leaves=31
num_cat=4
split_feature=4 4 1 2 2 3 3 4 0 4 3 4 0 2 4 4 2 2 4 1 1 3 0 1 4 5 4 4 3 1
split_gain=1.54429e+13 1.39609e+12 2.78768e+13 1.78655e+13 6.31483e+12 3.11821e+11 2.44629e+11 2.59513e+11 3.3274e+11 2.34574e+11 5.41032e+11 1.91129e+11 1.84013e+11 2.00879e+11 3.88862e+11 1.616e+11 1.54591e+11 1.38253e+11 1.61741e+11 1.26051e+11 1.70987e+11 1.19258e+11 1.1821e+11 1.11864e+11 1.08067e+11 1.25051e+11 2.77583e+11 1.45071e+11 1.0609e+11 1.05774e+11
threshold=1186.0000000000002 485.50000000000006 0.00074474299065420576 5.5000000000000009 4.5000000000000009 4.2500000000000009 1.5000000000000002 179.65200040916665 0 300.50000000000006 5.2500000000000009 38.95000000000001 1 4.5000000000000009 270.50726110884449 365.25855766946296 4.5000000000000009 1.5000000000000002 34.95000000000001 0.00054030373831775709 0.00074474299065420576 3.2500000000000004 2 7.3014018691588793e-05 180.09918117864149 3 279.50000000000006 247.44277342203219 3.2500000000000004 0.00016063084112149533
decision_type=8 10 8 2 2 2 2 10 1 10 2 10 1 2 10 10 2 2 10 10 10 2 1 8 10 9 10 10 2 10
left_child=1 5 3 4 -3 6 17 8 11 -7 -11 -8 13 14 23 21 19 18 -1 -13 -21 -16 -20 -9 -14 27 -27 -26 -29 -19
right_child=-2 2 -4 -5 -6 9 7 12 -10 10 -12 16 24 -15 15 -17 -18 29 22 20 -22 -23 -24 -25 25 26 -28 28 -30 -31
leaf_value=-1790.6194338206587 31851.525102796051 -6905.3453002929691 59177.626523437502 -43083.449472045904 22403.398477711398 328.53756368390884 -343.39732546754431 -427.28809020996096 -772.27975771539695 6738.1268397739959 -2801.9013783330502 -107.16986408301737 3257.9364468278559 -1265.8061141573864 9208.9511546947342 1953.9557047526043 598.92489262385902 -1457.5038788950721 698.09270043373112 766.03412157445871 -7.2394229502628846 4364.8667302449549 -1083.2142435213416 2144.0666813486632 491.419732429916 360.62095951203378 5180.660926942568 -715.29576212565109 -3823.4656372070312 -447.91074556447393
leaf_weight=116 38 40 20 24 34 3215 4685 75 1812 42 23 10364 29 46 27 24 1081 645 382 1074 2138 24 113 97 329 155 37 240 31 434
leaf_count=116 38 40 20 24 34 3215 4685 75 1812 42 23 10364 29 46 27 24 1081 645 382 1074 2138 24 113 97 329 155 37 240 31 434
internal_value=-0.801898 -45.0477 5381.79 -5596.95 6560.83 -68.5578 -131.154 -87.1387 -126.309 388.66 3362.42 -65.3599 656.673 1709.55 2332.88 5337.25 23.4681 -711.111 -110.139 -22.3531 251.321 6929.38 283.671 1022.84 256.967 150.327 1225.65 -210.691 -1070.84 -1051.42
internal_weight=27394 27356 118 98 74 27238 23958 22268 21154 3280 65 19342 1114 293 247 75 14657 1690 611 13576 3212 51 495 172 821 792 192 600 271 1079
internal_count=27394 27356 118 98 74 27238 23958 22268 21154 3280 65 19342 1114 293 247 75 14657 1690 611 13576 3212 51 495 172 821 792 192 600 271 1079
cat_boundaries=0 1 2 3 5
cat_threshold=12 2 8 3145768 32
is_linear=0
shrinkage=0.05


Tree=48
num_leaves=31
num_cat=3
split_feature=4 4 1 2 2 4 3 5 4 0 3 4 4 4 1 1 0 4 1 1 4 4 2 3 2 4 1 2 4 1
split_gain=1.39372e+13 1.25998e+12 2.51588e+13 1.61236e+13 5.82529e+12 6.28234e+12 2.87172e+11 2.81983e+11 3.02424e+11 5.42345e+11 4.35994e+11 5.92425e+11 2.58648e+11 2.12964e+11 3.22553e+11 4.44174e+11 1.76115e+11 1.80095e+11 1.4653e+11 1.19045e+11 1.07656e+11 1.03463e+11 1.1031e+11 1.06058e+11 1.65878e+11 1.04241e+11 9.31305e+10 1.13232e+11 9.04588e+10 2.0069e+11
threshold=1186.0000000000002 485.50000000000006 0.0010075934579439254 5.5000000000000009 3.5000000000000004 610.00000000000011 2.5000000000000004 0 168.10000000000002 1 5.2500000000000009 391.08371961117962 247.44277342203219 290.50000000000006 0.00010221962616822432 4.3808411214953281e-05 2 34.95000000000001 4.3808411214953281e-05 0.00054030373831775709 81.001374035995624 75.018223136952244 2.5000000000000004 1.5000000000000002 1.5000000000000002 145.03486188785863 0.00074474299065420576 5.5000000000000009 89.952709749343711 0.00091997663551401877
decision_type=8 10 10 2 2 10 2 9 10 1 2 10 10 10 10 10 1 10 8 10 10 10 2 2 2 10 10 2 10 10
left_child=1 6 3 4 -3 -6 21 8 16 10 11 13 -11 18 15 -15 17 -8 -10 -19 -18 -1 23 24 25 -23 -21 28 -28 -30
right_child=-2 2 -4 -5 5 -7 7 -9 9 12 -12 -13 -14 14 -16 -17 20 19 -20 26 -22 22 -24 -25 -26 -27 27 -29 29 -31
leaf_value=-517.28381999328508 30258.948005756582 -11242.328633485993 56218.746386718754 -40929.277189127606 -776.86292883831527 36596.451384943182 -351.973034059675 -665.44084732691908 -651.79219814069347 739.52747619152069 -4575.6150227864591 8740.7212839226977 -1515.7616613493492 5627.9825134277344 7958.7183851841519 -3481.4040039062502 -3924.5859962463383 26.656064811478888 2131.0031116234327 668.12984522504007 -859.81040221722458 1686.5853238442787 -449.06484640966221 735.79113065115007 -826.76663654286369 -1576.2611767578126 196.48070776055829 1098.0443997399282 1705.7588430033102 -1115.905296444412
leaf_weight=3977 38 29 20 24 23 22 2447 1381 66 352 21 38 199 32 35 23 32 11763 167 1407 274 133 1077 571 372 30 2122 295 77 347
leaf_count=3977 38 29 20 24 23 22 2447 1381 66 352 21 38 199 32 35 23 32 11763 167 1407 274 133 1077 571 372 30 2122 295 77 347
internal_value=-0.782933 -42.8165 5112.7 -5317.1 6232.79 17494.5 -65.1511 22.6154 71.1582 949.811 2366.06 2835.42 -73.6594 2140.67 4206.43 1818.6 27.507 47.5046 1342.74 108.587 -1142.96 -365.466 -88.8847 261.851 -243.98 1086.06 335.461 170.707 63.2586 -603.48
internal_weight=27394 27356 118 98 74 45 27238 21078 19697 933 382 361 551 323 90 55 18764 18458 233 16011 306 6160 2183 1106 535 163 4248 2841 2546 424
internal_count=27394 27356 118 98 74 45 27238 21078 19697 933 382 361 551 323 90 55 18764 18458 233 16011 306 6160 2183 1106 535 163 4248 2841 2546 424
cat_boundaries=0 2 3 4
cat_threshold=1081344 1 3 9
is_linear=0
shrinkage=0.05


Tree=49
num_leaves=31
num_cat=2
split_feature=4 4 1 4 3 3 4 4 0 1 2 3 4 0 4 4 1 4 4 2 4 1 4 4 3 4 1 1 4 1
split_gain=1.28889e+13 2.28392e+12 5.03918e+11 3.90939e+11 1.01734e+12 3.37231e+11 5.68834e+11 2.87822e+11 3.40348e+11 2.19665e+11 3.18211e+11 3.50579e+11 4.47902e+11 2.08235e+11 6.0287e+11 1.811e+11 1.80695e+11 1.63221e+11 1.46625e+11 1.31021e+11 1.56622e+11 1.2101e+11 1.07633e+11 1.05034e+11 9.75024e+10 9.68038e+10 1.94848e+11 4.35316e+11 1.88295e+11 1.48246e+11
threshold=855.00000000000011 610.00000000000011 0.00010221962616822432 447.50000000000006 4.2500000000000009 1.5000000000000002 290.50000000000006 179.65200040916665 0 4.3808411214953281e-05 5.5000000000000009 3.2500000000000004 300.50000000000006 1 391.08371961117962 34.95000000000001 0.00054030373831775709 320.50000000000006 500.50000000000006 1.5000000000000002 78.972122669233855 7.3014018691588793e-05 180.09918117864149 65.402665761136547 4.2500000000000009 64.996677692598269 0.0022050233644859817 0.0016501168224299068 78.972122669233855 0.0014748831775700936
decision_type=10 10 10 10 2 2 8 8 1 8 2 2 8 1 8 10 10 8 10 2 10 10 10 10 2 10 10 10 10 10
left_child=1 3 -3 5 18 6 19 8 15 10 11 17 -13 14 -11 -7 24 -9 21 20 -1 -5 -15 -10 -17 -18 27 29 -29 -27
right_child=-2 2 -4 4 -6 7 -8 9 23 13 -12 12 -14 22 -16 16 25 -19 -20 -21 -22 -23 -24 -25 -26 26 -28 28 -30 -31
leaf_value=-473.446990530253 31713.150219726565 17163.880022321431 6074.2492968750003 3849.1537167756455 10416.611425781251 -363.81415224908193 -8088.8393728989822 -276.56407255990166 -1607.5531407654962 1577.9662178004392 -5867.8645579020185 -23.665058253361629 7423.8633759469703 3728.5210847077551 9373.6818638392851 -87.889793887847489 162.60438946123367 -3691.0373889741445 -3439.5738476562506 -969.22423301763945 1475.3100530682188 -1468.7010949707033 499.35425407710659 -540.39478970046787 274.99928942326841 652.67802192324064 2451.5334027683034 1920.9694492885046 -2545.6053621419273 2815.051488539752
leaf_weight=471 32 21 20 23 32 3000 26 210 265 217 24 52 33 27 28 12361 3160 42 25 1065 132 20 583 1775 2177 1174 136 28 150 85
leaf_count=471 32 21 20 23 32 3000 26 210 265 217 24 52 33 27 28 12361 3160 42 25 1065 132 20 583 1775 2177 1174 136 28 150 85
internal_value=-0.755921 -37.8455 11754.3 -55.5417 3064.99 -67.0054 -750.169 -21.6699 -59.2188 729.031 -305.191 90.964 2867.73 1165.7 2372.09 -2.44453 53.8102 -845.643 -394.6 -635.777 -46.8534 1375.73 631.925 -675.708 -33.5488 322.144 642.644 471.447 -1843 798.668
internal_weight=27394 27362 41 27321 100 27221 1694 25527 24311 1216 361 337 85 855 245 22271 19271 252 68 1668 603 43 610 2040 14538 4733 1573 1437 178 1259
internal_count=27394 27362 41 27321 100 27221 1694 25527 24311 1216 361 337 85 855 245 22271 19271 252 68 1668 603 43 610 2040 14538 4733 1573 1437 178 1259
cat_boundaries=0 1 2
cat_threshold=8 2
is_linear=0
shrinkage=0.05


Tree=50
num_leaves=31
num_cat=3
split_feature=4 4 1 2 2 4 3 5 4 0 3 4 4 1 4 0 4 1 2 4 4 1 1 4 1 4 1 1 4 1
split_gain=1.19968e+13 9.15993e+11 2.25038e+13 1.48318e+13 5.05514e+12 5.51181e+12 2.39091e+11 2.37115e+11 2.45815e+11 4.56601e+11 3.97439e+11 4.93584e+11 8.51066e+11 3.30548e+11 2.30659e+11 1.50754e+11 1.49448e+11 1.24615e+11 9.57336e+10 9.50562e+10 9.3306e+10 9.04843e+10 1.28515e+11 1.07611e+11 9.28695e+10 8.65961e+10 1.83523e+11 3.03542e+11 2.05318e+11 1.12957e+11
threshold=1186.0000000000002 485.50000000000006 0.0010075934579439254 5.5000000000000009 3.5000000000000004 610.00000000000011 2.5000000000000004 0 168.10000000000002 1 5.2500000000000009 334.40804515234134 365.25855766946296 0.00013142523364485984 247.44277342203219 2 38.95000000000001 0.00010221962616822432 2.5000000000000004 81.001374035995624 15.050000000000002 0.0012996495327102806 0.001153621495327103 29.050000000000004 0.0011828271028037384 63.850000000000001 0.0022050233644859817 0.0016501168224299068 78.972122669233855 0.0015040887850467292
decision_type=8 10 10 2 2 10 2 9 10 1 2 10 10 10 10 1 10 10 2 10 10 10 10 10 10 10 10 10 10 10
left_child=1 6 3 4 -3 -6 20 8 15 10 11 -10 -13 -14 -11 16 21 18 -18 -17 -1 22 -8 -23 -24 -19 27 29 -29 -27
right_child=-2 2 -4 -5 5 -7 7 -9 9 14 -12 12 13 -15 -16 19 17 25 -20 -21 -22 23 24 -25 -26 26 -28 28 -30 -31
leaf_value=-2147.8558684430805 28073.58696546053 -10709.517547817888 52690.276230468757 -39663.837906901048 -1053.8483058763586 33952.596910511369 -232.36645014374909 -609.62357209889183 1616.4877113607008 687.10615364421506 -4472.8031821114673 13945.601538085939 5667.4214564732147 -2267.4053431919642 -1442.6661414678374 -3669.6557086944581 -1334.568606258083 92.044125330969308 -43.280985232028911 -789.80013651186539 -311.92006811426972 -2036.4070447136376 -3907.2754269330931 949.00121137200676 -919.00526044796686 392.38542187186408 2145.4476493467132 2291.386292860243 -2454.832720320192 2561.1174886234476
leaf_weight=70 38 29 20 24 23 22 3756 1381 281 352 21 24 35 21 199 32 148 5181 4758 274 6090 34 39 269 78 3816 145 27 146 61
leaf_count=70 38 29 20 24 23 22 3756 1381 281 352 21 24 35 21 199 32 148 5181 4758 274 6090 34 39 269 78 3816 145 27 146 61
internal_value=-0.718134 -39.7159 4356.07 -5508.06 5569.49 16060.4 -58.7593 21.3236 65.8367 858 2157.51 2602.97 6067.98 2691.86 -80.6225 26.4832 44.984 121.941 -82.2354 -1056.44 -332.783 -218.101 -283.2 614.005 -1915.1 228.776 397.645 335.07 -1714.09 426.508
internal_weight=27394 27356 118 98 74 45 27238 21078 19697 933 382 361 80 56 551 18764 18458 14282 4906 306 6160 4176 3873 303 117 9376 4195 4050 173 3877
internal_count=27394 27356 118 98 74 45 27238 21078 19697 933 382 361 80 56 551 18764 18458 14282 4906 306 6160 4176 3873 303 117 9376 4195 4050 173 3877
cat_boundaries=0 2 3 4
cat_threshold=1081344 1 3 9
is_linear=0
shrinkage=0.05


Tree=51
num_leaves=31
num_cat=3
split_feature=4 4 1 2 2 3 5 4 0 0 4 2 1 4 3 4 4 3 4 1 1 2 3 3 4 4 4 1 1 1
split_gain=1.08271e+13 8.26688e+11 2.03096e+13 1.33857e+13 4.61844e+12 2.24562e+11 1.95455e+11 2.02018e+11 2.8955e+11 2.05247e+11 4.14479e+11 5.70125e+11 4.0977e+11 5.29247e+11 4.64595e+11 1.75032e+11 1.58875e+11 3.88913e+11 1.58763e+11 1.85048e+11 1.01984e+11 9.94232e+10 1.33073e+11 9.75572e+10 9.63134e+10 1.4997e+11 9.10714e+10 8.61955e+10 8.51563e+10 8.22423e+10
threshold=1186.0000000000002 485.50000000000006 0.0010075934579439254 5.5000000000000009 4.5000000000000009 4.2500000000000009 0 157.37043019679473 1 2 270.50726110884449 4.5000000000000009 0.00024824766355140192 350.83532286447655 3.2500000000000004 300.50000000000006 300.50000000000006 5.2500000000000009 33.050000000000004 0.00054030373831775709 0.00021904205607476641 1.5000000000000002 1.5000000000000002 3.2500000000000004 250.34974971036357 246.96711259754741 18.050000000000004 0.00074474299065420576 0.0003942757009345795 7.3014018691588793e-05
decision_type=8 10 10 2 2 2 9 10 1 1 10 2 10 10 2 10 10 2 10 10 10 2 2 2 10 10 10 10 10 10
left_child=1 5 3 4 -3 6 -1 8 18 10 24 12 13 14 -12 -11 -7 -18 26 21 -10 28 -23 29 25 -9 -8 -21 -20 -17
right_child=-2 2 -4 -5 -6 16 7 9 20 15 11 -13 -14 -15 -16 23 17 -19 19 27 -22 22 -24 -25 -26 -27 -28 -29 -30 -31
leaf_value=-1028.8687968666673 26669.910382401315 -6225.2292895507817 50055.76019042969 -37680.645548502609 18839.547736672797 282.6942034705653 -1659.5548584844028 416.44556824455515 -1220.9119401063781 238.2313922954603 7774.8865263097432 -2744.7570007324221 -334.55440625000006 12710.891431568287 -1683.9914934430803 -284.64226193814665 5641.5728004092271 -2446.8581500509513 506.37155451627672 613.24127917022008 -436.606712616202 -832.71880632379623 -92.758522834326953 -4985.200415039063 -2198.2976885395669 3571.4836181640626 -359.12936865185958 118.70266275075795 3711.5517400568187 -3426.0292801429491
leaf_weight=554 38 40 20 24 34 3215 142 463 690 789 34 28 25 27 21 74 42 23 357 1318 1038 639 12363 20 31 41 2595 2658 22 29
leaf_count=554 38 40 20 24 34 3215 142 463 690 789 34 28 25 27 21 74 42 23 357 1318 1038 639 12363 20 31 41 2595 2658 22 29
internal_value=-0.69335 -37.7413 4138.26 -5232.65 5291.02 -55.8325 -108.953 -86.7008 -126.291 458.849 1114.79 3607.11 5269.28 6977.76 4163.31 -34.8783 332.174 2779.51 -72.6366 -16.8628 -745.47 -105.855 -129.125 -1789.61 506.725 673.105 -426.598 282.637 692.424 -1169.11
internal_weight=27394 27356 118 98 74 27238 23958 23404 21822 1582 670 135 107 82 55 912 3280 65 20094 17357 1728 13381 13002 123 535 504 2737 3976 379 103
internal_count=27394 27356 118 98 74 27238 23958 23404 21822 1582 670 135 107 82 55 912 3280 65 20094 17357 1728 13381 13002 123 535 504 2737 3976 379 103
cat_boundaries=0 2 3 4
cat_threshold=2228269 32 8 3
is_linear=0
shrinkage=0.05


Tree=52
num_leaves=31
num_cat=2
split_feature=4 4 1 1 4 3 1 1 1 3 0 3 4 4 4 5 2 1 4 3 1 4 4 1 4 1 1 2 1 4
split_gain=1.00628e+13 1.82707e+12 3.19477e+12 8.21599e+12 3.46657e+11 2.77418e+11 4.57133e+11 3.83765e+11 2.84174e+11 2.0412e+11 2.27099e+11 3.67139e+11 6.22864e+11 2.27569e+11 1.78097e+11 1.63458e+11 1.5147e+11 1.41843e+11 2.51582e+11 1.30041e+11 1.27841e+11 2.28579e+11 1.26241e+11 1.20976e+11 1.14664e+11 1.03579e+11 2.09922e+11 1.03285e+11 1.0315e+11 9.63096e+10
threshold=855.00000000000011 500.50000000000006 4.3808411214953281e-05 0.00013142523364485984 15.050000000000002 1.5000000000000002 7.3014018691588793e-05 0.00036507009345794397 0.0012120327102803741 3.2500000000000004 0 5.2500000000000009 391.08371961117962 365.25855766946296 170.00423548663119 1 5.5000000000000009 0.00013142523364485984 310.02166095522585 1.5000000000000002 0.00018983644859813087 290.50000000000006 447.50000000000006 4.3808411214953281e-05 63.027918602480881 0.0021174065420560754 0.0016501168224299068 1.5000000000000002 0.0003942757009345795 320.50000000000006
decision_type=10 10 10 10 10 2 10 10 10 2 1 2 10 10 10 9 2 8 10 2 10 10 10 10 10 8 10 2 10 10
left_child=1 4 -3 -4 5 8 -7 -8 -1 15 11 12 14 -12 -11 -6 17 19 24 27 21 -16 29 -23 -19 26 28 -17 -26 -21
right_child=-2 2 3 -5 9 6 7 -9 -10 10 13 -13 -14 -15 20 16 -18 18 -20 22 -22 23 -24 -25 25 -27 -28 -29 -30 -31
leaf_value=-10290.57037841797 28021.419946289065 -7308.5821445312504 36211.273193359375 -2755.5377642231606 -961.60312903409181 3471.1738195082721 -9402.7070507812514 -399.72314874057111 -2141.3185716711955 -3123.3574080033741 133.11361509668296 -4291.1503395774153 7989.1474776105188 -5206.9933984375002 497.46178770901861 -87.638247333873409 1196.0528915405273 -162.86679758735556 4005.9737639598361 -204.99621894592252 -1303.5228117766205 8040.4948009672626 3755.4626547050475 2734.9100497159093 0.9927870833217759 1872.7458960793238 -1052.6731207410028 -1227.0803663513589 509.6912368039732 -2200.6300032818904
leaf_weight=20 32 25 24 31 569 34 20 29 23 22 8051 22 41 20 57 297 220 5845 39 6794 27 21 20 22 2108 88 340 602 1890 61
leaf_count=20 32 25 24 31 569 34 20 29 23 22 8051 22 41 20 57 297 220 5845 39 6794 27 21 20 22 2108 88 340 602 1890 61
internal_value=-0.677458 -33.4494 7511.68 14248.2 -55.5743 -2672.13 -983.448 -4074.41 -5931.67 -43.4339 163.488 1741.51 2531.68 119.732 1029.96 -134.248 -107.944 -123.868 -2.27172 -285.13 1749.44 2573.74 -211.182 5326.01 -17.4914 174.492 140.042 -850.646 241.473 -222.755
internal_weight=27394 27362 80 55 27282 126 83 49 43 27156 8283 212 190 8071 149 18873 18304 18084 10310 7774 127 100 6875 43 10271 4426 4338 899 3998 6855
internal_count=27394 27362 80 55 27282 126 83 49 43 27156 8283 212 190 8071 149 18873 18304 18084 10310 7774 127 100 6875 43 10271 4426 4338 899 3998 6855
cat_boundaries=0 1 3
cat_threshold=2 69337389 4
is_linear=0
shrinkage=0.05


Tree=53
num_leaves=31
num_cat=2
split_feature=4 4 1 2 1 2 4 1 4 0 4 0 2 4 4 1 1 1 1 1 4 1 1 1 4 3 3 2 1 4
split_gain=9.41924e+12 5.77059e+11 1.66459e+13 1.18269e+13 5.56105e+12 9.32609e+12 1.50777e+12 1.97133e+11 3.2333e+11 3.10742e+11 2.08607e+11 1.44478e+11 1.2462e+11 9.47568e+10 1.79915e+11 1.21858e+11 1.36582e+11 1.14263e+11 2.38524e+11 1.7521e+11 1.32876e+11 1.28572e+11 1.84213e+11 1.10516e+11 9.64604e+10 9.32755e+10 9.14038e+10 1.26054e+11 1.0969e+11 8.89163e+10
threshold=1186.0000000000002 447.50000000000006 0.0010075934579439254 5.5000000000000009 0.00018983644859813087 4.5000000000000009 500.50000000000006 4.3808411214953281e-05 168.10000000000002 0 36.100000000000009 1 4.5000000000000009 63.850000000000001 59.0047915781523 0.0010367990654205608 0.0002774532710280374 0.0022050233644859817 0.0016501168224299068 0.0014748831775700936 78.972122669233855 0.0012704439252336451 0.0010660046728971965 0.00036507009345794397 101.05000000000001 1.5000000000000002 2.5000000000000004 2.5000000000000004 0.00083235981308411226 247.44277342203219
decision_type=8 10 10 2 10 2 10 8 10 1 10 1 2 10 10 10 10 10 10 10 10 10 10 10 10 2 2 2 10 10
left_child=1 7 3 4 5 6 -3 25 9 10 -9 29 13 14 -12 16 -16 18 19 21 -20 22 26 -18 -22 -1 27 -15 -29 -10
right_child=-2 2 -4 -5 -6 -7 -8 8 11 -11 12 -13 -14 17 15 -17 23 -19 20 -21 24 -23 -24 -25 -26 -27 -28 28 -30 -31
leaf_value=-951.36101382273557 24875.577672697371 5896.6711831229077 44429.786356026787 -33028.600885009764 -16827.539191406249 32423.971458333337 -10663.224490017361 -300.08799682876725 1127.6852062340938 -602.17126680702881 48.185877365693543 524.69433527521221 466.23916089514364 320.17929173916889 -302.16040372184779 746.23320405809147 -2925.7440108953742 1946.2726912959931 1467.4870404924666 2757.7562031689813 -3599.4908689686949 -1496.0506339816873 2218.1989094344431 -1054.8135425119483 -974.33714440387234 -253.37612460140278 327.64861517030545 -434.50122532203034 -2978.9527061631943 3038.4956501918559
leaf_weight=530 38 28 21 27 25 30 27 3669 132 2102 5723 748 2221 776 546 139 102 93 28 68 71 109 115 349 69 4940 3789 721 45 113
leaf_count=530 38 28 21 27 25 30 27 3669 132 2102 5723 748 2221 776 546 139 102 93 28 68 71 109 115 349 69 4940 3789 721 45 113
internal_value=-0.661147 -35.2165 2977.74 -3376.22 3902.09 9999.05 -2232.73 -52.7196 14.8211 -27.388 37.7565 896.196 120.617 60.3783 -65.9048 -640.677 -834.038 207.587 179.665 235.131 -1676.81 204.251 238.282 -1477.95 -2305.67 -321.005 195.571 -128.968 -583.979 1930.21
internal_weight=27394 27356 158 137 110 85 55 27198 21728 20735 18633 993 14964 12743 6859 1136 997 5884 5791 5623 168 5555 5446 451 140 5470 5331 1542 766 245
internal_count=27394 27356 158 137 110 85 55 27198 21728 20735 18633 993 14964 12743 6859 1136 997 5884 5791 5623 168 5555 5446 451 140 5470 5331 1542 766 245
cat_boundaries=0 1 2
cat_threshold=8 2
is_linear=0
shrinkage=0.05


Tree=54
num_leaves=31
num_cat=3
split_feature=4 2 4 1 3 4 5 4 0 0 4 2 4 1 2 4 4 1 4 4 1 4 1 3 4 1 1 4 4 1
split_gain=8.52991e+12 3.91208e+13 8.97799e+11 2.90744e+12 5.68253e+11 3.7494e+11 1.8971e+11 2.24466e+11 2.82534e+11 2.31339e+11 4.59712e+11 9.47046e+11 6.38203e+11 3.02663e+11 6.2827e+11 2.14559e+11 1.53307e+11 1.56202e+11 1.64817e+11 1.41786e+11 1.12913e+11 1.10142e+11 9.53395e+10 9.25183e+10 9.14468e+10 1.3763e+11 2.57002e+11 1.47118e+11 1.15119e+11 1.11257e+11
threshold=724.50000000000011 5.5000000000000009 500.50000000000006 0.00013142523364485984 4.2500000000000009 1.0000000180025095e-35 0 157.37043019679473 1 2 270.50726110884449 4.5000000000000009 391.08371961117962 0.00016063084112149533 3.5000000000000004 350.83532286447655 34.95000000000001 0.00054030373831775709 148.81200982779711 247.44277342203219 7.3014018691588793e-05 151.03562962108694 0.00021904205607476641 3.2500000000000004 64.996677692598269 0.0022050233644859817 0.0016501168224299068 83.656020066889653 101.05000000000001 0.0014748831775700936
decision_type=10 2 10 10 2 10 9 10 1 1 10 2 10 10 2 10 10 10 10 10 8 10 10 2 10 10 10 10 10 10
left_child=2 -2 5 4 -4 -1 -7 8 16 10 20 12 13 14 -12 -13 -8 18 -18 -11 -9 23 -10 -20 -19 26 29 -28 -29 -26
right_child=1 -3 3 -5 -6 6 7 9 22 19 11 15 -14 -15 -16 -17 17 24 21 -21 -22 -23 -24 -25 25 -27 27 28 -30 -31
leaf_value=-6432.9676290760872 62861.828795447713 -26658.384239130435 19536.684188988096 -8739.463512073864 7760.4026953124994 -924.11803785812026 -343.18636320118679 -773.88741957211323 -1140.8006091994021 407.74970470823831 -4343.5059946289066 1519.9860483530406 12274.386822916667 7290.8914300380611 6309.84369014617 -3829.1188065378287 -25.872021250970938 132.07245173739295 -1533.9573546994118 -893.77642781025668 877.67834540737317 304.57247379187385 -380.82324645818153 -4628.3312792968745 553.29544966466926 2114.1225003987333 1199.3670562744142 -3731.903395835157 -295.91948065506784 2407.5502639244346
leaf_weight=23 26 23 21 22 20 592 3150 141 689 714 25 37 30 39 31 38 15091 3229 124 296 389 66 1029 30 1153 137 36 68 38 87
leaf_count=23 26 23 21 22 20 592 3150 141 689 714 25 37 30 39 31 38 15091 3229 124 296 389 66 1029 30 1153 137 36 68 38 87
internal_value=-0.629501 20842.1 -37.978 5923.97 13792.2 -51.7455 -46.3612 -26.5188 -64.8551 522.529 1192.74 3251.63 5916.75 3909.08 1553.88 -1190.23 -18.8968 32.0192 -45.6792 26.0544 438.3 -1404.36 -681.643 -2136.76 282.575 602.504 452.655 -1562.23 -2500.14 683.392
internal_weight=27394 49 27345 63 41 27282 27259 26667 24927 1740 730 200 125 95 56 75 23209 20059 15311 1010 530 220 1718 154 4748 1519 1382 142 106 1240
internal_count=27394 49 27345 63 41 27282 27259 26667 24927 1740 730 200 125 95 56 75 23209 20059 15311 1010 530 220 1718 154 4748 1519 1382 142 106 1240
cat_boundaries=0 2 3 4
cat_threshold=2228525 36 8 3
is_linear=0
shrinkage=0.05


Tree=55
num_leaves=31
num_cat=2
split_feature=4 4 1 2 1 2 4 1 4 0 4 0 2 2 4 4 3 1 1 4 1 4 2 4 4 4 1 1 1 1
split_gain=8.511e+12 3.83406e+11 1.44847e+13 1.00933e+13 4.95291e+12 8.39168e+12 1.50127e+12 1.72669e+11 2.6951e+11 2.53089e+11 1.74696e+11 1.1643e+11 1.114e+11 9.01175e+10 8.79443e+10 8.46642e+10 8.41198e+10 7.58631e+10 1.99739e+11 8.05101e+11 1.9684e+11 2.79601e+11 1.01715e+11 9.09109e+10 7.25515e+10 1.65474e+11 1.22329e+11 1.1472e+11 8.99135e+10 1.94274e+11
threshold=1186.0000000000002 447.50000000000006 0.0010075934579439254 5.5000000000000009 0.00018983644859813087 4.5000000000000009 500.50000000000006 4.3808411214953281e-05 168.10000000000002 0 36.100000000000009 1 4.5000000000000009 1.5000000000000002 365.25855766946296 65.01579338535862 1.5000000000000002 0.00018983644859813087 7.3014018691588793e-05 334.40804515234134 0.00074474299065420576 320.50000000000006 4.5000000000000009 279.50000000000006 63.850000000000001 59.0047915781523 0.0010367990654205608 0.00016063084112149533 0.0022050233644859817 0.0016501168224299068
decision_type=8 10 10 2 10 2 10 8 10 1 10 1 2 2 10 10 2 8 10 10 8 10 2 10 10 10 10 10 10 10
left_child=1 7 3 4 5 6 -3 14 9 10 -9 17 13 -12 16 -11 -1 18 23 22 21 -19 -20 -10 25 -15 27 -27 29 -26
right_child=-2 2 -4 -5 -6 -7 -8 8 11 15 12 -13 -14 24 -16 -17 -18 20 19 -21 -22 -23 -24 -25 28 26 -28 -29 -30 -31
leaf_value=-879.95549871849289 23645.897430098688 5482.0329868861609 41089.976525297621 -30897.770457175928 -16344.288994140627 30244.870091145836 -11042.160687934029 -273.4318880812873 1810.0663692589962 -1161.9767207221726 1006.2687686654389 486.09813685555577 438.33945507065022 35.157466750444733 -2475.8295112941578 -381.32377681502794 -215.69078505978086 1586.5651499720982 2651.4238745712655 12335.426782226563 3085.9648699143354 -5606.7907004616482 -1627.7293294270835 -2462.0584619140627 192.58090191630936 -99.646085849532426 762.96874006381938 -1229.3773326722644 1717.0919785209326 -1533.5256993248349
leaf_weight=528 38 28 21 27 25 30 27 3669 33 439 244 748 2221 5631 46 1663 4896 35 41 22 51 22 21 20 5490 349 138 631 92 168
leaf_count=528 38 28 21 27 25 30 27 3669 33 439 244 748 2221 5631 46 1663 4896 35 41 22 51 22 21 20 5490 349 138 631 92 168
internal_value=-0.614888 -33.4621 2422.45 -3504.69 3219.07 8973 -2629.84 -47.7291 15.4819 -23.0544 35.7355 820.165 111.564 54.6093 -298.817 -541.785 -280.354 1748.87 2601.43 4117.92 829.302 -1189.82 1202.03 197.944 36.0315 -75.1596 -630.791 -827.055 166.541 141.329
internal_weight=27394 27356 158 137 110 85 55 27198 21728 20735 18633 993 14964 12743 5470 2102 5424 245 137 84 108 57 62 53 12499 6749 1118 980 5750 5658
internal_count=27394 27356 158 137 110 85 55 27198 21728 20735 18633 993 14964 12743 5470 2102 5424 245 137 84 108 57 62 53 12499 6749 1118 980 5750 5658
cat_boundaries=0 1 2
cat_threshold=8 2
is_linear=0
shrinkage=0.05


Tree=56
num_leaves=31
num_cat=3
split_feature=4 4 1 4 1 4 2 3 5 2 4 1 0 2 4 1 1 4 4 2 4 0 4 1 4 2 3 4 4 1
split_gain=7.68117e+12 3.46021e+11 1.30724e+13 9.23686e+12 3.51868e+12 9.80318e+11 1.58638e+11 1.57243e+11 1.52301e+11 1.62469e+11 1.44927e+11 2.0999e+11 1.62656e+11 1.77239e+11 8.72434e+11 1.54355e+11 1.91842e+11 1.78778e+11 1.43941e+11 1.20644e+11 9.35501e+10 8.9347e+10 9.31285e+10 8.57169e+10 7.93089e+10 1.0314e+11 7.793e+10 7.65013e+10 7.46561e+10 7.37427e+10
threshold=1186.0000000000002 447.50000000000006 0.0010075934579439254 724.50000000000011 0.00013142523364485984 541.00000000000011 3.5000000000000004 2.5000000000000004 0 2.5000000000000004 168.10000000000002 4.3808411214953281e-05 1 3.5000000000000004 247.44277342203219 0.00013142523364485984 7.3014018691588793e-05 342.85821225290857 270.50726110884449 5.5000000000000009 300.50000000000006 2 38.95000000000001 0.00018983644859813087 75.018223136952244 2.5000000000000004 3.2500000000000004 279.50000000000006 111.14110927355573 0.0012996495327102806
decision_type=8 10 10 10 10 10 2 2 9 2 10 8 1 2 10 10 10 10 10 2 10 1 10 10 10 2 2 10 10 10
left_child=1 7 3 4 5 6 -3 24 9 26 21 19 13 14 -13 16 -15 18 -17 -12 -14 22 29 -10 -1 27 -9 -26 -25 -11
right_child=-2 2 -4 -5 -6 -7 -8 8 23 10 11 12 20 15 -16 17 -18 -19 -20 -21 -22 -23 -24 28 25 -27 -28 -29 -30 -31
leaf_value=-400.44845202948648 22463.598581414477 6915.9527427936428 39035.478329613099 -33012.564204545452 -9860.1011020758233 16489.178665865384 1209.7076404389882 -842.70889398103463 -1114.7071702641688 -209.31163555005415 -75.451460177656529 1344.7312794082468 823.31601065409563 484.44057442801341 11783.019489933895 -876.1986218261718 6093.9151084617333 -3797.4201585036058 4599.8998413085938 -3771.3761540730798 -1603.1923753821332 -794.78856392031003 126.54652689628011 -909.45905763411292 391.07114964621923 -373.62586111734083 2005.4234472656253 -1952.39487101237 43.370235775032654 618.97338913490034
leaf_weight=3977 38 29 21 22 39 26 21 611 393 3662 276 87 291 35 26 30 27 26 20 24 46 297 13895 293 1067 1075 25 36 689 290
leaf_count=3977 38 29 21 22 39 26 21 611 393 3662 276 87 291 35 26 30 27 26 20 24 46 297 13895 293 1067 1075 25 36 689 290
internal_value=-0.575275 -31.7801 2301.33 -3329.45 2349.05 8614.28 4519.33 -45.3337 19.6863 55.3373 81.6356 705.316 1254.52 2190.88 3746.46 1075.87 2927.28 -434.485 1314.24 -371.125 477.92 51.1115 65.5971 -487.126 -267.627 -25.0969 -730.754 314.584 -240.926 -148.532
internal_weight=27394 27356 158 137 115 76 50 27198 21043 19668 19032 888 588 251 113 138 62 76 50 300 337 18144 17847 1375 6155 2178 636 1103 982 3952
internal_count=27394 27356 158 137 115 76 50 27198 21043 19668 19032 888 588 251 113 138 62 76 50 300 337 18144 17847 1375 6155 2178 636 1103 982 3952
cat_boundaries=0 2 3 4
cat_threshold=1081344 1 3 9
is_linear=0
shrinkage=0.05


Tree=57
num_leaves=31
num_cat=3
split_feature=4 2 4 1 4 3 3 4 2 4 3 5 4 0 0 2 4 1 4 1 4 1 4 2 1 4 4 4 4 2
split_gain=7.22223e+12 3.41803e+13 7.1152e+11 2.46809e+12 6.45007e+11 5.80281e+11 1.59474e+11 1.47191e+11 1.41137e+11 1.32603e+11 2.17968e+11 1.26089e+11 1.18131e+11 1.74899e+11 1.17741e+11 2.9456e+11 7.43342e+11 3.20017e+11 2.05195e+11 1.87311e+11 1.04287e+11 9.20411e+10 9.00838e+10 8.7288e+10 8.22529e+10 7.94365e+10 9.95991e+10 9.93243e+10 1.01992e+11 8.58115e+10
threshold=724.50000000000011 5.5000000000000009 500.50000000000006 0.00013142523364485984 1.0000000180025095e-35 4.2500000000000009 4.2500000000000009 20.075000000000003 6.5000000000000009 300.50000000000006 5.2500000000000009 0 157.37043019679473 1 2 4.5000000000000009 290.50000000000006 0.00010221962616822432 290.50000000000006 4.3808411214953281e-05 300.50000000000006 0.00054030373831775709 32.050000000000004 3.5000000000000004 0.00074474299065420576 148.81200982779711 100.09435955727518 99.954431178623565 79.995688885745395 2.5000000000000004
decision_type=10 2 10 10 10 2 2 10 2 10 2 9 10 1 1 2 10 10 10 10 10 10 10 2 10 10 10 10 10 2
left_child=2 -2 4 5 -1 -4 7 -6 11 -8 -11 -9 13 21 15 16 -14 19 -17 -18 -16 25 -23 -22 -24 26 27 28 29 -13
right_child=1 -3 3 -5 6 -7 9 8 -10 10 -12 12 14 -15 20 18 17 -19 -20 -21 23 22 24 -25 -26 -27 -28 -29 -30 -31
leaf_value=-8416.7933763586971 58455.036959134617 -25221.873029891307 18326.973535156252 -8237.5821732954555 -1250.116726694534 6426.708125000001 238.5718456214027 -821.12263377405532 1645.8714130690119 4305.7463687818881 -1510.249031575521 -441.60220662303777 503.61379961976911 -616.49670347473841 200.99341438176384 -215.02776794433595 5798.9745629446852 9315.0556145163137 -5962.4919514973963 -290.69918478260871 -664.26434918571931 -477.20893473589331 537.20805121385547 -3861.3934226707179 64.752677299585059 -1133.1035138286611 315.05674277175194 -785.25200220300758 231.19882503604583 -99.655131009225414
leaf_weight=23 26 23 21 22 268 20 3215 551 119 49 24 2308 505 1475 782 44 28 34 24 23 102 532 1341 27 2943 189 1309 574 1846 8947
leaf_count=23 26 23 21 22 268 20 3215 551 119 49 24 2308 505 1475 782 44 28 34 24 23 102 532 1341 27 2943 189 1309 574 1846 8947
internal_value=-0.561015 19178.1 -34.9276 5272.6 -47.1839 12522 -40.1219 -84.9121 -71.7376 286.419 2393.64 -80.4043 -62.3012 -92.9431 356.485 859.523 1231.73 5557.61 -2243.54 3052.65 -16.1083 -53.9744 136.439 -1333.43 212.643 -114.448 -101.599 -141.483 -113.277 -169.776
internal_weight=27394 49 27345 63 27282 41 27259 23971 23703 3288 73 23584 23033 21464 1569 658 590 85 68 51 911 19989 4816 129 4284 15173 14984 13675 13101 11255
internal_count=27394 49 27345 63 27282 41 27259 23971 23703 3288 73 23584 23033 21464 1569 658 590 85 68 51 911 19989 4816 129 4284 15173 14984 13675 13101 11255
cat_boundaries=0 2 3 4
cat_threshold=69337133 4 12 3
is_linear=0
shrinkage=0.05


Tree=58
num_leaves=31
num_cat=1
split_feature=4 1 4 4 4 4 4 0 2 3 4 4 2 2 4 4 3 4 4 1 1 1 1 1 1 1 4 1 1 3
split_gain=6.99211e+12 3.11007e+11 5.46061e+12 4.60425e+12 6.96093e+11 2.9678e+11 1.7905e+11 1.91897e+11 1.45576e+11 1.60739e+11 1.57989e+11 1.38447e+11 9.41569e+10 8.50356e+10 7.80814e+10 7.31489e+10 7.25457e+10 6.4544e+10 1.46881e+11 1.09045e+11 1.05081e+11 1.03712e+11 8.18062e+10 8.05921e+10 1.76886e+11 1.48574e+11 1.11044e+11 9.21003e+10 1.95324e+11 1.19936e+11
threshold=1186.0000000000002 4.3808411214953281e-05 500.50000000000006 724.50000000000011 500.50000000000006 447.50000000000006 168.10000000000002 0 5.5000000000000009 5.2500000000000009 447.50000000000006 35.050000000000004 4.5000000000000009 1.5000000000000002 365.25855766946296 64.996677692598269 1.5000000000000002 63.850000000000001 59.0047915781523 0.0010367990654205608 0.0002774532710280374 0.00036507009345794397 0.00097838785046728996 0.0022050233644859817 0.0016501168224299068 0.0015040887850467292 78.972122669233855 0.0012704439252336451 0.0010660046728971965 2.5000000000000004
decision_type=8 8 10 10 10 10 10 1 2 2 10 10 2 2 10 10 2 10 10 10 10 10 10 10 10 10 10 10 10 2
left_child=1 2 5 4 6 14 7 11 10 -10 -8 -3 13 -13 16 -9 -1 18 -15 20 -20 -22 -23 24 25 27 -26 28 29 -19
right_child=-2 3 -4 -5 -6 -7 8 15 9 -11 -12 12 -14 17 -16 -17 -18 23 19 -21 21 22 -24 -25 26 -27 -28 -29 -30 -31
leaf_value=-815.04668871489446 21432.334498355267 -257.75546774406502 -22390.262074497768 20316.8505859375 6537.2326076600621 5826.2776855468755 658.44270246805218 -1046.3652606141677 6237.5948791503906 320.71847922585226 -2588.6627766927086 962.23156279904788 396.37476521330251 26.945459237546711 -2326.9266655963402 -318.90440770248836 -198.17042375688072 -252.54744396799899 -309.90667389144613 718.13306694583616 -2758.7869360593286 -612.70836724291075 -2764.6827768179087 1621.6260996942935 1406.0381661551339 2718.1167733175716 -2043.2538215637207 -1217.7688961791991 2267.9898709869385 286.11696444644843
leaf_weight=528 38 3313 28 28 41 20 949 436 24 22 39 249 2264 5939 46 1666 4896 1422 534 138 101 293 52 92 28 57 140 120 110 3781
leaf_count=528 38 3313 28 28 41 20 949 436 24 22 39 249 2264 5939 46 1666 4896 1422 534 138 101 293 52 92 28 57 140 120 110 3781
internal_value=-0.559204 -30.3315 -365.717 54.4134 28.4002 -253.388 16.1414 -15.8804 658.281 3407.78 530.267 35.307 98.7058 47.088 -275.617 -467.571 -258.22 29.2953 -72.0254 -597.775 -783.076 -1349.61 -937.064 153.647 129.777 178.682 -1468.37 152.04 182.978 138.898
internal_weight=27394 27356 5518 21838 21810 5490 21769 20735 1034 46 988 18633 15320 13056 5470 2102 5424 12807 7057 1118 980 446 345 5750 5658 5490 168 5433 5313 5203
internal_count=27394 27356 5518 21838 21810 5490 21769 20735 1034 46 988 18633 15320 13056 5470 2102 5424 12807 7057 1118 980 446 345 5750 5658 5490 168 5433 5313 5203
cat_boundaries=0 1
cat_threshold=8
is_linear=0
shrinkage=0.05


Tree=59
num_leaves=31
num_cat=2
split_feature=4 1 4 4 4 4 5 4 1 1 4 1 2 4 2 2 1 4 1 4 4 0 4 4 1 1 1 1 1 1
split_gain=6.31038e+12 2.80684e+11 4.9282e+12 4.15533e+12 6.28224e+11 2.67844e+11 1.62515e+11 2.11734e+11 1.58714e+11 1.08973e+12 4.0281e+11 5.84208e+11 2.59343e+11 1.96595e+11 4.5604e+11 1.37808e+11 1.0063e+11 2.72459e+11 1.21449e+11 2.38766e+11 9.60502e+10 8.07151e+10 1.17655e+11 9.7963e+10 8.6799e+10 1.06997e+11 8.76847e+10 7.54311e+10 7.47982e+10 1.65434e+11
threshold=1186.0000000000002 4.3808411214953281e-05 500.50000000000006 724.50000000000011 500.50000000000006 447.50000000000006 0 174.38982969721681 0.0010075934579439254 0.0012120327102803741 365.25855766946296 0.00013142523364485984 3.5000000000000004 334.40804515234134 3.5000000000000004 4.5000000000000009 7.3014018691588793e-05 270.50726110884449 0.00016063084112149533 279.50000000000006 18.050000000000004 1 63.850000000000001 59.0047915781523 0.0010367990654205608 0.0002774532710280374 0.00036507009345794397 0.00013142523364485984 0.0022050233644859817 0.0016501168224299068
decision_type=8 8 10 10 10 10 9 10 8 8 10 10 2 10 2 2 10 10 10 10 10 1 10 10 10 10 10 10 10 10
left_child=1 2 5 4 6 -1 -3 15 10 -10 13 -12 -13 16 -15 20 17 -9 19 27 -8 22 23 -22 25 -25 -27 -18 29 -24
right_child=-2 3 -4 -5 -6 -7 7 8 9 -11 11 12 -14 14 -16 -17 18 -19 -20 -21 21 -23 28 24 -26 26 -28 -29 -30 -31
leaf_value=-261.83626416022429 20360.718482730266 -1733.7718006480825 -21270.746875000001 19301.006696428572 6210.3718940548788 5534.9640234375001 -1425.2266665000616 707.42544822291325 13079.675607910156 787.25106484668504 2053.8004477896343 -2107.5730152271412 -8761.4698577880863 8798.0348887125656 -1168.2530695134944 341.52412147782314 733.26231435139971 6573.9337031250006 885.98257295182611 -5648.6881170099441 -56.518071246560936 -349.0421795366729 192.67247493335037 -241.38137543507111 621.56915169036654 -2571.6673044242111 -905.15914494314984 -1807.2694298153831 1575.8256584741737 -1394.9306914922049
leaf_weight=5470 38 122 28 28 41 20 127 95 20 183 41 27 32 24 22 2491 96 25 309 22 9104 1942 5647 546 139 102 349 42 93 169
leaf_count=5470 38 122 28 28 41 20 127 95 20 183 41 27 32 24 22 2491 96 25 309 22 9104 1942 5647 546 139 102 349 42 93 169
internal_value=-0.531241 -28.8149 -347.431 51.6927 26.9802 -240.719 15.3343 25.981 760.752 1998.33 418.945 -2530.66 -5716.47 883.449 4031.55 -7.2874 637.588 1929.61 307.005 -811.145 -54.9814 -45.3622 -8.62165 -111.147 -548.95 -712.141 -1282.06 -39.943 169.035 146.54
internal_weight=27394 27356 5518 21838 21810 5490 21769 21647 938 203 735 100 59 635 46 20709 589 120 469 160 18218 18091 16149 10240 1136 997 451 138 5909 5816
internal_count=27394 27356 5518 21838 21810 5490 21769 21647 938 203 735 100 59 635 46 20709 589 120 469 160 18218 18091 16149 10240 1136 997 451 138 5909 5816
cat_boundaries=0 1 2
cat_threshold=131084 8
is_linear=0
shrinkage=0.05


Tree=60
num_leaves=31
num_cat=2
split_feature=4 4 4 1 3 3 4 3 2 4 5 1 5 4 1 4 4 4 1 4 1 2 1 1 4 2 4 1 1 4
split_gain=5.69514e+12 2.54639e+11 7.30686e+11 2.58243e+12 5.95704e+11 1.29013e+11 1.27178e+11 1.95248e+11 1.21513e+11 1.19098e+11 1.01151e+11 9.84263e+10 1.48886e+11 7.20702e+11 7.52267e+10 9.79652e+10 9.3404e+10 6.81901e+10 2.67686e+11 6.40266e+10 1.12126e+11 9.02261e+10 9.85927e+10 1.00003e+11 6.36676e+10 1.11678e+11 5.96575e+10 7.42865e+10 5.90708e+10 1.56233e+11
threshold=1186.0000000000002 724.50000000000011 500.50000000000006 0.00013142523364485984 4.2500000000000009 4.2500000000000009 300.50000000000006 5.2500000000000009 6.5000000000000009 20.075000000000003 0 0.00054030373831775709 1 145.03486188785863 0.00059871495327102817 224.50000000000003 75.994942039179293 420.50000000000006 4.3808411214953281e-05 49.973727638524281 0.00048189252336448607 2.5000000000000004 0.00045268691588785053 0.00042348130841121499 119.35000000000001 5.5000000000000009 50.010000000000012 0.0003942757009345795 4.3808411214953281e-05 391.08371961117962
decision_type=8 10 10 10 2 2 10 2 2 10 9 8 9 10 10 10 10 10 10 10 10 2 10 10 10 2 10 10 10 10
left_child=1 2 5 4 -4 8 24 -8 9 -1 -11 12 13 -12 16 -16 -13 19 -19 20 21 -14 23 -23 -7 -26 27 -21 -28 -30
right_child=-2 -3 3 -5 -6 6 7 -9 -10 10 11 14 17 -15 15 -17 -18 18 -20 26 -22 22 -24 -25 25 -27 28 -29 29 -31
leaf_value=-1130.7968450176184 19342.678176398025 -4351.7869025735299 18653.53178013393 -8463.0829922762787 6596.1634179687508 280.29940081716035 4132.6192602040819 -1371.9266560872397 1519.0275135713466 -781.7602581074774 14.758164041983981 264.49428571609252 -590.67358892362256 9865.5853737571033 42.068136854389302 2010.4473877906801 1724.2454133655178 2045.7872265625001 -5946.684126420455 272.47401183949631 -1617.8093539049837 -109.45357206711101 1284.8307626943119 -1348.9624398135575 394.46298050027809 -1635.0328800108375 -258.84047829888635 2266.0441165960751 -13.615924405619964 4027.0564880371094
leaf_weight=268 38 34 21 22 20 2941 49 24 119 480 119 374 1287 22 5129 64 155 20 22 461 147 4382 122 169 151 123 3154 52 7401 24
leaf_count=268 38 34 21 22 20 2941 49 24 119 480 119 374 1287 22 5129 64 155 20 22 461 147 4382 122 169 151 123 3154 52 7401 24
internal_value=-0.542701 -27.4122 -22.0309 5356.5 12771.9 -34.4615 259.242 2322.91 -74.7476 -82.6991 -70.7889 -55.6556 -114.891 1449 124.19 66.327 692.21 -128.447 -2140.75 -123.608 -253.621 -219.974 -117.879 -155.482 212.384 -516.588 -52.0249 474.551 -77.5598 -0.555165
internal_weight=27394 27356 27322 63 41 27259 3288 73 23971 23852 23584 23104 17382 141 5722 5193 529 17241 42 17199 6107 5960 4673 4551 3215 274 11092 513 10579 7425
internal_count=27394 27356 27322 63 41 27259 3288 73 23971 23852 23584 23104 17382 141 5722 5193 529 17241 42 17199 6107 5960 4673 4551 3215 274 11092 513 10579 7425
cat_boundaries=0 2 4
cat_threshold=2228493 4 32768 1
is_linear=0
shrinkage=0.05


Tree=61
num_leaves=31
num_cat=3
split_feature=4 4 4 1 1 3 5 4 4 3 0 0 4 2 4 1 4 4 3 4 2 4 2 4 1 1 1 1 1 1
split_gain=5.48414e+12 1.11982e+12 1.11615e+12 2.49564e+12 7.46407e+12 1.19708e+11 1.18738e+11 1.72446e+11 1.24613e+11 1.2122e+11 1.16826e+11 1.11556e+11 3.12868e+11 7.86491e+11 5.03179e+11 2.52707e+11 8.0825e+11 1.97101e+11 1.16232e+11 1.16042e+11 9.35861e+10 9.75993e+10 9.16413e+10 1.00571e+11 8.73977e+10 8.17545e+10 2.55448e+11 1.42559e+11 9.31942e+10 1.56974e+11
threshold=855.00000000000011 1.0000000180025095e-35 500.50000000000006 4.3808411214953281e-05 0.00013142523364485984 1.5000000000000002 0 154.90258159621155 148.81200982779711 4.2500000000000009 1 2 270.50726110884449 4.5000000000000009 391.08371961117962 0.00010221962616822432 310.02166095522585 391.08371961117962 4.2500000000000009 247.44277342203219 1.5000000000000002 34.95000000000001 4.5000000000000009 73.021775652210451 7.3014018691588793e-05 0.0022050233644859817 0.0016501168224299068 0.0015040887850467292 0.0012704439252336451 0.0010367990654205608
decision_type=10 10 10 10 10 2 9 10 10 2 1 1 10 2 10 10 10 10 2 10 2 10 2 10 8 10 10 10 10 10
left_child=1 -1 5 -4 -5 20 -7 8 10 -10 22 12 24 14 15 16 -14 18 -15 -13 21 -3 23 -8 -9 26 27 28 29 -25
right_child=-2 2 3 4 -6 6 7 11 9 -11 -12 19 13 17 -16 -17 -18 -19 -20 -21 -22 -23 -24 25 -26 -27 -28 -29 -30 -31
leaf_value=-11052.740930706523 20686.374145507812 -1251.2697747066104 -7216.8750546875008 32769.713326009114 -4371.2086630544354 -888.98085139160162 -95.121052756277209 -720.71585757664275 -779.98085066887643 -4652.5743990811434 -441.94608918850417 476.72062016215614 6440.5381997244704 -1637.0137756347658 10882.619789632161 6455.815042361698 -6719.8739746093752 -4494.0741379310348 3394.4540039062504 -757.09438163815571 -720.30129787782698 360.05221573877816 277.09792463030561 164.85372160068073 739.64264478284031 2016.3790478722524 -2423.6693398244761 3286.0559840846709 -1614.8164831585354 2717.6989284577921
leaf_weight=23 32 116 25 24 31 365 13878 140 248 22 1490 699 28 24 30 37 20 29 22 262 1079 495 2878 4691 382 59 95 37 72 61
leaf_count=23 32 116 25 24 31 365 13878 140 248 22 1490 699 28 24 30 37 20 29 22 262 1079 495 2878 4691 382 59 95 37 72 61
internal_value=-0.529832 -24.7233 -15.4455 5881.8 11835.7 -32.7528 -5.81495 7.32472 -27.5454 -1095.53 -15.1489 497.821 966.74 2717.59 5315.49 3350.62 957.033 -1265.85 769.34 138.897 -440.312 54.1384 14.2574 -25.7739 347.976 166.13 144.104 194.286 170.572 197.624
internal_weight=27394 27362 27339 80 55 27259 25569 25204 23531 270 23261 1673 712 190 115 85 48 75 46 961 1690 611 21771 18893 522 5015 4956 4861 4824 4752
internal_count=27394 27362 27339 80 55 27259 25569 25204 23531 270 23261 1673 712 190 115 85 48 75 46 961 1690 611 21771 18893 522 5015 4956 4861 4824 4752
cat_boundaries=0 2 3 4
cat_threshold=69337388 36 8 3
is_linear=0
shrinkage=0.05


Tree=62
num_leaves=31
num_cat=3
split_feature=4 4 4 1 3 5 1 4 4 2 3 4 3 4 4 1 1 0 4 5 2 2 2 1 1 4 4 2 3 4
split_gain=5.09867e+12 3.10691e+11 5.86047e+11 2.15296e+12 5.88835e+11 1.11061e+11 1.19877e+11 3.14049e+11 3.85705e+11 7.36033e+11 2.73936e+11 1.34656e+11 9.68876e+10 7.06136e+10 2.60522e+11 8.40162e+10 8.35762e+10 7.96512e+10 1.29913e+11 7.85879e+10 7.13042e+10 7.64482e+10 6.66151e+10 6.40003e+10 5.69996e+10 7.77302e+10 1.01005e+11 5.54229e+10 6.12892e+10 5.10301e+10
threshold=1186.0000000000002 724.50000000000011 500.50000000000006 0.00013142523364485984 4.2500000000000009 0 0.00010221962616822432 310.02166095522585 365.25855766946296 3.5000000000000004 4.2500000000000009 36.100000000000009 1.5000000000000002 103.21237045295018 99.954431178623565 0.0016501168224299068 0.0020297897196261687 1 90.100000000000009 2 2.5000000000000004 5.5000000000000009 1.5000000000000002 0.00042348130841121499 0.0010367990654205608 65.9773406544046 89.952709749343711 1.5000000000000002 2.5000000000000004 75.018223136952244
decision_type=8 10 10 10 2 9 8 10 10 2 2 10 2 10 10 10 10 1 10 9 2 2 2 10 10 10 10 2 2 10
left_child=1 2 5 4 -4 -1 12 11 9 -9 -10 -8 22 14 17 19 -17 18 24 -15 -16 -22 29 -21 27 -26 -27 -13 -29 -7
right_child=-2 -3 3 -5 -6 6 7 8 10 -11 -12 13 -14 15 20 16 -18 -19 -20 23 21 -23 -24 -25 25 26 -28 28 -30 -31
leaf_value=-708.50866690326393 18301.751778371712 -4802.6152573529416 17415.255650692892 -7821.3690252130682 5427.6014062499999 -560.70455854092427 -246.04043487892702 13120.552238537017 -2720.2668184168201 -117.4931873139881 3958.1311104910719 1102.5107320149741 -108.69699087664615 656.74303160365014 503.19737104143417 -1129.9769284193683 1604.275819307215 -471.44378412799108 1039.9616045426351 -515.08870597382077 -1350.6225155908487 1435.5367149939905 -976.49643831169692 441.46356219560676 208.28437820306883 1469.8022947663312 -935.97697472205527 -230.50136069109504 112.1993161354257 843.83820607112011
leaf_weight=582 38 34 21 22 20 171 3206 21 34 21 28 126 8647 1469 70 157 34 539 392 317 464 26 572 390 1195 271 52 1617 6754 104
leaf_count=582 38 34 21 22 20 171 3206 21 34 21 28 126 8647 1469 70 157 34 539 392 317 464 26 572 390 1195 271 52 1617 6754 104
internal_value=-0.527634 -25.9512 -20.007 4796.86 11567.6 -31.1396 -16.0901 62.6889 2801.95 6501.53 295.784 46.0086 -158.688 113.5 62.3359 362.209 -643.251 116.15 146.895 450.464 -989.538 -1202.79 -669.04 12.3956 112.085 394.299 1082.49 61.6676 46.0009 -29.532
internal_weight=27394 27356 27322 63 41 27259 26677 17183 104 42 62 17079 9494 13873 11506 2367 191 10946 10407 2176 560 490 847 707 10015 1518 323 8497 8371 275
internal_count=27394 27356 27322 63 41 27259 26677 17183 104 42 62 17079 9494 13873 11506 2367 191 10946 10407 2176 560 490 847 707 10015 1518 323 8497 8371 275
cat_boundaries=0 2 3 5
cat_threshold=69337389 4 8 1081344 1
is_linear=0
shrinkage=0.05


Tree=63
num_leaves=31
num_cat=3
split_feature=4 2 4 4 1 3 4 5 4 0 2 4 4 1 4 4 4 4 0 4 3 4 4 2 4 4 2 1 1 4
split_gain=4.82532e+12 3.1117e+13 1.19382e+12 5.2891e+11 1.94305e+12 5.31424e+11 1.04053e+11 9.82886e+10 1.10455e+11 2.02522e+11 3.23776e+11 8.22244e+11 1.82206e+11 1.78402e+11 5.79324e+11 4.00537e+11 3.40091e+11 1.4742e+11 1.33965e+11 1.15301e+11 9.59138e+10 8.73209e+10 8.48318e+10 7.83706e+10 7.69418e+10 7.5051e+10 9.5961e+10 7.63869e+10 1.73355e+11 7.54872e+10
threshold=724.50000000000011 5.5000000000000009 1.0000000180025095e-35 500.50000000000006 0.00013142523364485984 4.2500000000000009 15.050000000000002 0 154.90258159621155 1 4.5000000000000009 391.08371961117962 391.08371961117962 0.00010221962616822432 290.50000000000006 310.02166095522585 270.50726110884449 148.81200982779711 2 247.44277342203219 4.2500000000000009 130.27467500124359 300.50000000000006 4.5000000000000009 119.35000000000001 73.021775652210451 1.5000000000000002 0.0022050233644859817 0.0016501168224299068 89.952709749343711
decision_type=10 2 10 10 10 2 10 9 10 1 2 10 10 10 10 10 10 10 1 10 2 10 10 2 10 10 2 10 10 10
left_child=2 -2 -1 6 5 -5 -4 8 17 10 11 13 22 15 -15 16 -10 18 -8 -11 -19 23 -12 25 -25 -20 -27 28 -28 -30
right_child=1 -3 3 4 -6 -7 7 -9 9 19 12 -13 -14 14 -16 -17 -18 20 21 -21 -22 -23 -24 24 -26 26 27 -29 29 -31
leaf_value=-11415.191219429347 53151.414663461539 -26687.762296195655 -1615.7908500449173 16544.492931547618 -7430.3003484552555 5156.2231054687509 -750.12718445697237 -414.22959409291809 13.761940727859248 352.99355362516002 -847.59961585411656 10158.033516298492 -4343.5739830280172 1309.3904033003182 10334.498672340031 -6378.44480834961 6123.9460117885046 -957.86332748785253 -100.99294635569453 -811.7510867131723 -4431.9072620738643 797.77068140381266 2331.0844222530245 283.72637190990639 -1298.9578524432607 1442.1124630806144 111.63702057731658 1871.8185981362553 -182.99724889294856 -2476.7712351048249
leaf_weight=23 26 23 103 21 22 20 593 1510 122 753 65 29 29 116 21 20 28 205 14624 296 22 342 31 2747 79 133 5180 59 58 94
leaf_count=23 26 23 103 21 22 20 593 1510 122 753 65 29 29 116 21 20 28 205 14624 296 22 342 31 2747 79 133 5180 59 58 94
internal_value=-0.510799 15675.9 -28.6016 -19.0162 4557.02 10989.2 -29.5922 -23.5759 -0.413098 414.443 1274.49 2110.35 -870.352 1350.14 2692.8 268.121 1154.33 -26.3676 -14.327 24.1037 -1294.55 4.70647 178.85 -7.09735 239.483 -41.6832 115.331 82.5982 62.8 -1601.52
internal_weight=27394 49 27345 27322 63 41 27259 27156 25646 1510 461 336 125 307 137 170 150 24136 23909 1049 227 23316 96 22974 2826 20148 5524 5391 5332 152
internal_count=27394 49 27345 27322 63 41 27259 27156 25646 1510 461 336 125 307 137 170 150 24136 23909 1049 227 23316 96 22974 2826 20148 5524 5391 5332 152
cat_boundaries=0 2 3 4
cat_threshold=1097728 1 3 2
is_linear=0
shrinkage=0.05


Tree=64
num_leaves=31
num_cat=3
split_feature=4 4 4 1 3 3 5 4 5 1 4 4 1 4 2 4 3 2 4 1 4 1 4 4 4 1 0 3 1 1
split_gain=4.73047e+12 4.19634e+11 4.77346e+11 1.7536e+12 4.7961e+11 9.77304e+10 9.79731e+10 4.34337e+11 9.62245e+10 9.9493e+10 3.71386e+11 8.65693e+10 5.26826e+11 1.73259e+11 1.62008e+11 8.64044e+10 8.00211e+10 7.51688e+10 8.02621e+10 7.08327e+10 8.02374e+10 6.93766e+10 7.23645e+10 6.36552e+10 1.50152e+11 1.16267e+11 1.02553e+11 8.18769e+10 7.14318e+10 8.48367e+10
threshold=1186.0000000000002 724.50000000000011 500.50000000000006 0.00013142523364485984 4.2500000000000009 1.5000000000000002 0 111.14110927355573 1 0.00054030373831775709 320.50000000000006 365.25855766946296 0.00013142523364485984 342.85821225290857 3.5000000000000004 32.050000000000004 4.2500000000000009 1.5000000000000002 34.95000000000001 0.00059871495327102817 111.14110927355573 0.00016063084112149533 94.996511165361696 154.90258159621155 148.81200982779711 0.00024824766355140192 2 3.2500000000000004 0.0002774532710280374 0.00018983644859813087
decision_type=8 10 10 10 2 2 9 10 9 8 10 10 10 10 2 10 2 2 10 10 10 10 10 10 10 10 1 2 10 10
left_child=1 2 5 4 -4 17 7 -7 -8 11 15 13 14 23 -13 -11 -16 18 -1 20 -17 -19 -23 24 26 -25 28 -26 29 -10
right_child=-2 -3 3 -5 -6 6 8 -9 9 10 -12 12 -14 -15 16 19 -18 21 -20 -21 -22 22 -24 25 27 -27 -28 -29 -30 -31
leaf_value=-1137.049557074185 17628.548612253289 -5576.3076746323532 15717.268159412204 -7058.7856034712358 4898.4089648437503 273.61623641552569 -943.91258451642796 7960.8400344122028 -38.732427278005751 -430.25332606309121 6971.3513743591311 2731.6285721124386 -5706.5370773978866 3464.2842382812505 -3048.7628941127236 549.8476665294055 931.52368376358709 -976.19110130036518 324.16576191141149 148.27830381634777 2628.9594250248929 -386.22489357192285 1672.3346961975099 73.054646725031731 -909.95340324280755 1415.4620844782617 -591.66614998261866 -3374.8106552496192 -230.95243679441256 301.16982655079249
leaf_weight=116 38 34 21 22 20 147 264 21 10516 588 20 51 46 35 28 515 23 645 495 5216 51 386 48 911 189 196 862 41 3625 2224
leaf_count=116 38 34 21 22 20 147 264 21 10516 588 20 51 46 35 28 515 23 645 495 5216 51 386 48 911 189 196 862 41 3625 2224
internal_value=-0.506516 -24.9949 -18.0867 4329.17 10439.8 -28.134 -3.79419 1165.16 -11.9796 -1.82053 168.561 -59.8969 -1264.38 -50.3123 738.948 147.202 -1253.73 -396.384 46.7501 205.927 737.188 -647.316 -158.55 -56.9386 -80.2539 310.735 -63.3102 -1349.34 -35.0969 20.6037
internal_weight=27394 27356 27322 63 41 27259 25569 168 25401 25137 6390 18747 148 18599 102 6370 51 1690 611 5782 566 1079 434 18564 17457 1107 17227 230 16365 12740
internal_count=27394 27356 27322 63 41 27259 25569 168 25401 25137 6390 18747 148 18599 102 6370 51 1690 611 5782 566 1079 434 18564 17457 1107 17227 230 16365 12740
cat_boundaries=0 2 4 5
cat_threshold=16384 1 131372 36 8
is_linear=0
shrinkage=0.05


Tree=65
num_leaves=31
num_cat=2
split_feature=4 4 4 1 1 3 2 4 4 5 1 5 4 4 1 1 4 1 4 4 1 1 4 4 1 1 3 1 4 1
split_gain=4.35022e+12 1.26127e+12 7.88285e+11 2.66484e+12 6.24171e+12 9.57229e+10 1.0462e+11 1.03834e+11 9.29225e+10 8.7762e+10 7.00276e+10 1.23059e+11 5.70158e+11 7.62016e+10 1.97476e+11 6.62523e+10 7.90514e+10 7.64889e+10 7.4684e+10 4.96139e+10 5.00422e+10 8.45594e+10 1.24484e+11 1.07172e+11 1.00028e+11 8.28271e+10 1.04353e+11 7.0374e+10 4.92822e+10 1.00233e+11
threshold=855.00000000000011 1.0000000180025095e-35 500.50000000000006 4.3808411214953281e-05 0.00013142523364485984 4.2500000000000009 6.5000000000000009 391.08371961117962 20.075000000000003 0 0.00054030373831775709 1 145.03486188785863 420.50000000000006 4.3808411214953281e-05 0.00074474299065420576 250.34974971036357 0.00071553738317757011 65.9773406544046 38.050000000000004 0.00059871495327102817 0.0006279205607476636 64.035264419072533 64.996677692598269 0.00068633177570093468 0.00065712616822429925 2.5000000000000004 0.00068633177570093468 49.973727638524281 0.00048189252336448607
decision_type=10 10 10 10 10 2 2 10 10 9 8 9 10 10 10 10 10 8 10 10 10 10 10 10 10 10 2 10 10 10
left_child=1 -1 5 -4 -5 6 8 -7 -3 -10 11 12 -11 28 -15 17 -17 19 -19 -12 -21 23 27 -22 25 -24 -27 -23 29 -13
right_child=-2 2 3 4 -6 7 -8 -9 9 10 15 13 -14 14 -16 16 -18 18 -20 20 21 22 24 -25 -26 26 -28 -29 -30 -31
leaf_value=-11725.859256114132 18424.03786621094 -994.61831329117967 -8591.6592739257812 30239.494986979171 -3724.3314592915194 195.4482114234753 1417.3934101906143 2790.8193609775644 -1311.1192354709983 47.211601680467112 -359.9218507935218 -190.71660062271178 8808.9942171963776 1252.4297061011905 -5526.1701171875002 -21.825882056442946 2983.0893948468297 675.76751884460452 2756.9964195639404 799.08772093614311 -1900.910601501465 1661.8995750542263 395.04066118481518 683.31769664251988 1785.5377983940973 -4735.658957741477 -963.40498343727813 -49.780930168684137 -46.040847336216686 -1512.3336813271453
leaf_weight=23 32 268 25 24 31 3249 119 39 129 119 283 5963 22 21 22 4259 22 160 59 439 100 199 87 67 45 22 110 86 11223 147
leaf_count=23 32 268 25 24 31 3249 119 39 129 119 283 5963 22 21 22 4259 22 160 59 439 100 199 87 67 45 22 110 86 11223 147
internal_value=-0.509214 -22.0568 -12.2105 4943.78 11096.2 -26.7554 -61.4567 226.233 -68.8349 -58.3146 -50.8436 -101.166 1320.64 -113.399 -2215.69 97.522 -6.38366 365.971 1236.46 233.399 378.776 121.071 420.757 -864.124 -361.52 -802.696 -1592.11 1145.39 -108.249 -222.513
internal_weight=27394 27362 27339 80 55 27259 23971 3288 23852 23584 23455 17517 141 17376 43 5938 4281 1657 219 1438 1155 716 549 167 264 219 132 285 17333 6110
internal_count=27394 27362 27339 80 55 27259 23971 3288 23852 23584 23455 17517 141 17376 43 5938 4281 1657 219 1438 1155 716 549 167 264 219 132 285 17333 6110
cat_boundaries=0 1 3
cat_threshold=131084 32768 1
is_linear=0
shrinkage=0.05


Tree=66
num_leaves=31
num_cat=2
split_feature=4 4 4 2 3 4 1 2 2 4 1 4 4 4 4 4 5 5 4 2 4 4 4 1 1 1 4 4 1 4
split_gain=4.2648e+12 4.69115e+11 3.81859e+11 1.51421e+12 8.74418e+10 9.83138e+10 3.25036e+11 4.43157e+11 9.64108e+10 8.31197e+10 7.82794e+10 1.37161e+11 4.7221e+11 6.61729e+10 1.16772e+11 5.65016e+10 5.85805e+10 5.63615e+10 8.01904e+10 7.21929e+10 5.71544e+10 5.82054e+10 6.53767e+10 6.65433e+10 7.25869e+10 5.61698e+10 5.114e+10 5.04069e+10 5.1243e+10 8.42005e+10
threshold=1186.0000000000002 724.50000000000011 500.50000000000006 4.5000000000000009 3.2500000000000004 350.83532286447655 0.00013142523364485984 4.5000000000000009 5.5000000000000009 24.050000000000004 0.00013142523364485984 379.50000000000006 342.85821225290857 447.50000000000006 320.50000000000006 49.973727638524281 0 1 240.02876849523298 1.5000000000000002 108.01294582285483 99.954431178623565 100.09435955727518 0.00083235981308411226 0.00051109813084112166 0.0010367990654205608 65.9773406544046 118.33048016815181 0.00024824766355140192 215.16819001774374
decision_type=8 10 10 2 2 10 10 2 2 10 8 10 10 10 10 10 9 9 10 2 10 10 10 10 10 10 10 10 8 10
left_child=1 2 4 -4 8 -6 7 -7 9 -1 13 12 17 14 15 -11 -17 19 -19 -12 21 26 23 24 -23 -25 -21 -22 29 -29
right_child=-2 -3 3 -5 5 6 -8 -9 -10 10 11 -13 -14 -15 -16 16 -18 18 -20 20 27 22 -24 25 -26 -27 -28 28 -30 -31
leaf_value=-746.32846837838497 16738.351531661185 -5893.2467371323537 -4003.9003819619461 11501.303298950195 92.410803747025966 9163.8852402343746 -1428.5346155678353 -821.61770996093753 955.97884914051417 -406.83851232093184 1051.9830598530016 -3367.5892301432295 7693.622196044922 2476.7311353600544 -2146.5373002485794 -68.103012648249958 -861.31729533086059 -569.90905071428631 2035.1237865817163 -81.869399807248556 1039.6147345519184 -1097.145220346162 59.885760975373103 -4654.0965494791662 1841.1271357421876 -1533.2666445524796 206.8451123676931 -92.421768519826173 368.30333282575327 -2802.8498168945316
leaf_weight=480 38 34 31 32 8202 25 41 20 220 2146 171 30 20 23 77 5210 234 628 31 5733 201 132 195 21 25 46 2094 274 948 32
leaf_count=480 38 34 31 32 8202 25 41 20 220 2146 171 30 20 23 77 5210 234 628 31 5733 201 132 195 21 25 46 2094 274 948 32
internal_value=-0.507681 -23.7595 -16.4554 3871.76 -25.4417 110.044 1791.8 4725.88 -84.6325 -96.8417 -79.7789 8.45024 18.0494 -201.177 -209.211 -189.557 -103.905 3.47234 -440.679 33.5338 15.6161 -35.3635 -609.507 -1192.24 -629.267 -2511.44 -4.62803 304.536 186.712 -375.865
internal_weight=27394 27356 27322 63 27259 8288 86 45 18971 18751 18271 10581 10551 7690 7667 7590 5444 10531 659 9872 9701 8246 419 224 157 67 7827 1455 1254 306
internal_count=27394 27356 27322 63 27259 8288 86 45 18971 18751 18271 10581 10551 7690 7667 7590 5444 10531 659 9872 9701 8246 419 224 157 67 7827 1455 1254 306
cat_boundaries=0 2 4
cat_threshold=1081344 1 3162368 19
is_linear=0
shrinkage=0.05


Tree=67
num_leaves=31
num_cat=2
split_feature=4 2 4 4 1 3 3 5 1 0 1 4 4 1 4 2 4 1 1 4 4 4 1 1 3 1 1 1 1 2
split_gain=3.88657e+12 2.86e+13 1.31506e+12 3.44631e+11 1.4485e+12 5.27461e+11 8.53548e+10 8.48955e+10 3.98894e+11 8.69044e+10 9.01207e+10 3.54235e+11 1.16347e+11 4.79643e+11 2.70684e+11 1.40648e+11 7.52357e+10 8.41745e+10 1.43395e+11 1.35958e+11 7.46487e+10 8.39251e+10 9.16088e+10 1.06638e+11 6.80646e+10 6.75244e+10 1.89896e+11 1.06529e+11 6.81997e+10 6.73909e+10
threshold=724.50000000000011 5.5000000000000009 1.0000000180025095e-35 500.50000000000006 0.00013142523364485984 4.2500000000000009 1.5000000000000002 0 0.0002774532710280374 1 0.00054030373831775709 279.50000000000006 365.25855766946296 0.00013142523364485984 342.85821225290857 3.5000000000000004 64.996677692598269 0.0022050233644859817 0.0016501168224299068 78.972122669233855 111.14110927355573 99.954431178623565 0.00083235981308411226 0.0012996495327102806 4.2500000000000009 0.00068633177570093468 0.00065712616822429925 0.00074474299065420576 0.0010660046728971965 1.5000000000000002
decision_type=10 2 10 10 10 2 2 9 10 1 8 10 10 10 10 2 10 10 10 10 10 10 10 10 2 10 10 10 10 2
left_child=2 -2 -1 6 5 -5 29 8 -8 10 12 16 14 15 -9 -14 -12 18 20 -20 21 25 -23 -24 -17 26 -18 -27 -29 -4
right_child=1 -3 3 4 -6 -7 7 9 -10 -11 11 -13 13 -15 -16 24 17 -19 19 -21 -22 22 23 -25 -26 27 -28 28 -30 -31
leaf_value=-11976.483423913043 49996.567773437506 -26545.613722826089 51.250183523774346 14766.32933640253 -6671.825549316407 3420.5986425781252 7268.755058222232 -36.229443638256555 181.05023307274129 -355.92398553013379 41.023032380547896 6519.720923961293 2351.8777861328126 -5738.9188899739584 4717.1960351562502 -3035.5065011160714 504.0650393450702 1626.6788749694824 1572.0530341515175 -1274.482146348382 1245.8980473072456 507.82228339700146 -2871.4610182762149 394.71432584436934 635.39471807065229 2199.1409199864411 -2822.6312909294579 -50.447587464650475 1171.239470791598 -605.92746434622723
leaf_weight=23 26 23 611 21 22 20 23 17764 145 1676 3958 22 50 45 30 28 270 136 52 217 293 102 64 41 23 121 51 240 218 1079
leaf_count=23 26 23 611 21 22 20 23 17764 145 1676 3958 22 50 45 30 28 270 136 52 217 293 102 64 41 23 121 51 240 218 1079
internal_value=-0.499265 14068.6 -25.7099 -15.6496 3678.17 9231.83 -24.1867 -1.44011 1086.71 -9.06127 15.5817 187.197 -39.7492 -1445.46 -28.2154 467.463 163.023 430.543 333.075 -724.223 536.227 348.392 -559.383 -1596.1 -1380 557.18 -24.4755 879.653 531.054 -368.332
internal_weight=27394 49 27345 27322 63 41 27259 25569 168 25401 23725 5785 17940 146 17794 101 5763 1805 1669 269 1400 1107 207 105 51 900 321 579 458 1690
internal_count=27394 49 27345 27322 63 41 27259 25569 168 25401 23725 5785 17940 146 17794 101 5763 1805 1669 269 1400 1107 207 105 51 900 321 579 458 1690
cat_boundaries=0 2 3
cat_threshold=16384 1 10
is_linear=0
shrinkage=0.05


Tree=68
num_leaves=31
num_cat=1
split_feature=4 4 4 2 4 5 1 4 2 3 2 4 2 1 3 4 1 4 3 4 1 1 3 3 4 4 4 1 1 4
split_gain=3.98675e+12 5.75241e+11 3.11031e+11 1.40441e+12 8.12456e+10 7.80297e+10 8.62879e+10 1.298e+11 1.5785e+11 1.51722e+11 1.12528e+11 2.06714e+11 7.64455e+10 6.91829e+10 3.22872e+11 1.61195e+11 3.72698e+11 1.1239e+11 1.69393e+11 1.80525e+11 2.17439e+11 7.63116e+10 5.42761e+10 4.85868e+10 4.96048e+10 4.80214e+10 9.95734e+10 9.68794e+10 8.30543e+10 5.77065e+10
threshold=1186.0000000000002 724.50000000000011 500.50000000000006 4.5000000000000009 15.050000000000002 0 4.3808411214953281e-05 179.65200040916665 5.5000000000000009 5.2500000000000009 4.5000000000000009 290.50000000000006 4.5000000000000009 0.0010075934579439254 3.2500000000000004 365.25855766946296 0.00024824766355140192 270.50726110884449 3.2500000000000004 342.85821225290857 7.3014018691588793e-05 0.00021904205607476641 4.2500000000000009 1.5000000000000002 140.03401652231085 62.510000000000012 59.0047915781523 0.0010367990654205608 0.00016063084112149533 54.955142748933561
decision_type=8 10 10 2 10 9 8 10 2 2 2 10 2 10 2 10 10 10 2 10 10 10 2 2 10 10 10 10 10 10
left_child=1 2 4 -4 -1 -6 23 12 10 -10 13 -12 22 15 -15 17 -17 -9 19 20 -19 -22 25 24 -7 26 29 28 -28 -8
right_child=-2 -3 3 -5 5 6 7 8 9 -11 11 -13 -14 14 -16 16 -18 18 -20 -21 21 -23 -24 -25 -26 -27 27 -29 -30 -31
leaf_value=-1424.6007119780606 16183.525267269737 -6522.5430534811585 -4090.4901879095264 10841.99061279297 -1199.2966898856403 -446.53024187321654 -111.07527218940832 343.32973657929074 6484.0899158824577 466.9118017578125 894.39899802694515 -4056.7368929476356 267.44819627516648 727.3717034306087 7372.8039806547622 851.36707763671882 -6581.5161456768328 5902.9257430366852 -1611.3213439941408 7305.6942602539057 -2271.8643508184523 1780.5881906362681 295.53359822778788 -140.52832541051961 -1827.8095980995579 47.646625735758739 -106.85805413382394 720.97268820369948 -1168.0209314035487 332.64704835953256
leaf_weight=103 38 34 31 32 129 449 8060 404 22 20 49 37 2497 141 21 48 26 23 24 20 21 26 1213 4932 76 7173 280 119 540 806
leaf_count=103 38 34 31 32 129 449 8060 404 22 20 49 37 2497 141 21 48 26 23 24 20 21 26 1213 4932 76 7173 280 119 540 806
internal_value=-0.480797 -22.9619 -14.8737 3494.26 -22.9839 -17.6677 -11.5797 33.3524 627.381 3618.77 477.811 -1235.74 8.02691 673.256 1588.82 422.715 -1760.19 734.558 2121.01 3116.3 1919.33 -30.0821 -27.5827 -189.205 -646.487 -50.6679 -122.591 -612.2 -805.673 -70.7369
internal_weight=27394 27356 27322 63 27259 27156 27027 21570 882 42 840 86 20688 754 162 592 74 518 114 90 70 47 18191 5457 525 16978 9805 939 820 8866
internal_count=27394 27356 27322 63 27259 27156 27027 21570 882 42 840 86 20688 754 162 592 74 518 114 90 70 47 18191 5457 525 16978 9805 939 820 8866
cat_boundaries=0 1
cat_threshold=131084
is_linear=0
shrinkage=0.05


Tree=69
num_leaves=31
num_cat=2
split_feature=4 4 4 1 3 5 1 4 0 1 1 3 1 4 4 4 4 4 4 2 1 4 1 1 1 1 1 2 4 4
split_gain=3.59805e+12 5.19152e+11 2.80709e+11 1.2967e+12 5.23976e+11 7.50096e+10 8.55104e+10 1.78009e+11 1.43832e+11 2.46035e+11 5.21067e+11 4.45508e+11 2.84429e+11 1.155e+12 6.40707e+11 4.18231e+11 2.0868e+11 9.32922e+10 7.40037e+10 5.87867e+10 5.36798e+10 1.24912e+11 1.13945e+11 9.75832e+10 9.83852e+10 5.17983e+10 5.09559e+10 5.08837e+10 4.62897e+10 4.47058e+10
threshold=1186.0000000000002 724.50000000000011 500.50000000000006 0.00013142523364485984 4.2500000000000009 0 4.3808411214953281e-05 168.10000000000002 1 7.3014018691588793e-05 0.00013142523364485984 3.2500000000000004 0.0010075934579439254 365.25855766946296 300.50000000000006 246.96711259754741 279.50000000000006 300.50000000000006 40.050000000000004 4.5000000000000009 0.0012996495327102806 30.950000000000003 0.0014164719626168227 0.001153621495327103 0.0011828271028037384 0.00021904205607476641 7.3014018691588793e-05 1.5000000000000002 87.725000000000009 83.656020066889653
decision_type=8 10 10 10 2 9 8 10 1 8 8 2 10 10 10 10 10 10 10 2 10 10 10 10 10 8 10 2 10 10
left_child=1 2 5 4 -4 6 -1 18 9 16 11 -11 13 14 25 -14 -9 -10 20 27 23 -22 -23 -8 -25 -12 -19 28 -20 -21
right_child=-2 -3 3 -5 -6 -7 7 8 17 10 12 -13 15 -15 -16 -17 -18 26 19 29 21 22 -24 24 -26 -27 -28 -29 -30 -31
leaf_value=-177.69159690035141 15374.348303865132 -6196.417995677275 14090.322315906344 -6473.0846413352274 2782.1335351562502 -361.62934995209247 -148.5157852518862 1514.7249431834503 545.6642233723959 2102.6805199032738 -718.4594422875382 12175.485128651495 776.73895425796513 -8751.2420224946127 10349.484005301339 9857.6957151503811 -4373.0892578125004 522.14419051460607 354.62091053523375 474.67172281379464 -967.39361407631316 2588.6917326626717 388.86101895382535 -3451.6844522165698 -648.31493100373655 1880.6829880608454 -2330.6566894531252 21.033251467906382 1960.5085201009115 -42.671664970319831
leaf_weight=5438 38 34 21 22 20 1523 4833 34 375 21 41 23 32 29 21 21 27 23 178 1453 133 73 304 43 115 36 49 11788 60 586
leaf_count=5438 38 34 21 22 20 1523 4833 34 375 21 41 23 32 29 21 21 27 23 178 1453 133 73 304 43 115 36 49 11788 60 586
internal_value=-0.478651 -21.8357 -14.1519 3319.55 8574.13 -21.8567 -1.60852 45.5648 811.092 1665.38 2490.45 7368.01 1298.16 14.1803 2608.03 4374.85 -1091.36 224.138 16.925 77.738 -138.562 350.049 814.823 -188.49 -1411.26 496.724 -1419.35 35.6472 759.467 325.989
internal_weight=27394 27356 27322 63 41 27259 25736 20298 732 285 224 44 180 127 98 53 61 447 19566 14065 5501 510 377 4991 158 77 72 12026 238 2039
internal_count=27394 27356 27322 63 41 27259 25736 20298 732 285 224 44 180 127 98 53 61 447 19566 14065 5501 510 377 4991 158 77 72 12026 238 2039
cat_boundaries=0 2 3
cat_threshold=1097728 1 3
is_linear=0
shrinkage=0.05


Tree=70
num_leaves=31
num_cat=2
split_feature=4 2 4 4 1 1 4 1 1 4 0 4 4 0 4 2 1 1 1 1 1 4 4 4 2 3 1 1 1 2
split_gain=3.48574e+12 2.60645e+13 1.53969e+12 2.60801e+11 8.85585e+11 1.86228e+12 5.18148e+11 1.15548e+11 7.78115e+10 8.79352e+10 9.28483e+10 8.35118e+10 8.75029e+10 7.97193e+10 6.86458e+10 7.45859e+10 7.28441e+10 1.12845e+11 1.0923e+11 1.03477e+11 1.10534e+11 1.02294e+11 7.75652e+10 6.74333e+10 6.11207e+10 6.48692e+10 6.39138e+10 7.02325e+10 1.60997e+11 6.61047e+10
threshold=724.50000000000011 5.5000000000000009 1.0000000180025095e-35 447.50000000000006 0.00013142523364485984 0.00024824766355140192 541.00000000000011 4.3808411214953281e-05 4.3808411214953281e-05 168.10000000000002 0 391.08371961117962 350.83532286447655 1 62.510000000000012 2.5000000000000004 0.0022050233644859817 0.0016501168224299068 0.0014748831775700936 0.0012704439252336451 0.0010367990654205608 78.972122669233855 67.050000000000011 101.05000000000001 1.5000000000000002 2.5000000000000004 0.00083235981308411226 0.00068633177570093468 0.00065712616822429925 2.5000000000000004
decision_type=10 2 10 10 10 10 10 10 8 10 1 10 10 1 10 2 10 10 10 10 10 10 10 10 2 2 10 10 10 2
left_child=2 -2 -1 8 6 -6 7 -5 11 10 14 12 13 -4 15 -10 17 18 19 20 24 -19 -18 -23 -16 26 27 28 -26 -28
right_child=1 -3 3 4 5 -7 -8 -9 9 -11 -12 -13 -14 -15 16 -17 22 21 -20 -21 -22 23 -24 -25 25 -27 29 -29 -30 -31
leaf_value=-12955.553430706523 47621.809068885224 -25448.672146739133 -139.88117244411907 4700.7510371767239 -14209.732314918156 5643.0638165509263 11357.61568321815 -169.22775065104167 -337.61442464927183 478.1928229286832 -317.6575163471428 -2916.0802664620537 2772.8646250000002 -906.35000123494285 1211.126867006742 11.950832935293787 -371.37289083975338 1420.9476680871212 1894.1232758246531 -1234.8494586090544 1563.6419431617792 -2698.2025570518094 1932.3250013773422 -570.39623449665226 -99.144145229358358 206.2707873106003 583.01596180308957 1798.5499351014482 -4511.3837704613097 -2749.3321819802991
leaf_weight=23 26 23 5062 29 21 27 26 21 1807 993 2102 28 25 355 130 9811 54 33 90 134 139 76 113 73 1335 4702 22 47 21 46
leaf_count=23 26 23 5062 29 21 27 26 21 1807 993 2102 28 25 355 130 9811 54 33 90 134 139 76 113 73 1335 4702 22 47 21 46
internal_value=-0.46131 13323.4 -24.3366 -13.451 2274.39 -3042.53 5632.45 2655.36 -23.8816 18.5517 -3.46048 -192.436 -178.422 -192.043 32.1375 -42.4186 155.661 130.5 164.037 140.359 168.965 -1097.86 1187.42 -1655.72 138.208 115.613 -174.172 -101.614 -167.475 -1671.22
internal_weight=27394 49 27345 27322 124 48 76 50 27198 21728 20735 5470 5442 5417 18633 11618 7015 6848 6666 6576 6442 182 167 149 6303 6173 1471 1403 1356 68
internal_count=27394 49 27345 27322 124 48 76 50 27198 21728 20735 5470 5442 5417 18633 11618 7015 6848 6666 6576 6442 182 167 149 6303 6173 1471 1403 1356 68
cat_boundaries=0 1 2
cat_threshold=8 8
is_linear=0
shrinkage=0.05


Tree=71
num_leaves=31
num_cat=2
split_feature=4 4 4 1 1 4 1 4 4 4 1 3 2 4 1 4 0 1 3 4 0 4 4 1 1 4 4 1 1 1
split_gain=3.38994e+12 6.1897e+11 2.35378e+11 7.9924e+11 1.68071e+12 4.67628e+11 1.04282e+11 7.06715e+10 3.36913e+11 2.06522e+11 1.69505e+11 1.07422e+11 8.29049e+10 6.99343e+10 6.83392e+10 9.48778e+10 1.02702e+11 1.10285e+11 2.29294e+11 7.66573e+10 7.10702e+10 7.34266e+10 7.61076e+10 8.18454e+10 8.7401e+10 7.71852e+10 8.5076e+10 6.30896e+10 9.32859e+10 9.72859e+10
threshold=1186.0000000000002 724.50000000000011 447.50000000000006 0.00013142523364485984 0.00024824766355140192 541.00000000000011 4.3808411214953281e-05 365.25855766946296 350.83532286447655 391.08371961117962 4.3808411214953281e-05 3.2500000000000004 3.5000000000000004 15.050000000000002 4.3808411214953281e-05 240.02876849523298 0 0.00018983644859813087 3.2500000000000004 320.50000000000006 1 62.510000000000012 59.0047915781523 0.0010367990654205608 0.0002774532710280374 54.955142748933561 55.013363633764975 0.0022050233644859817 0.0016501168224299068 0.0014748831775700936
decision_type=8 10 10 10 10 10 10 10 10 10 10 2 2 10 8 10 1 8 2 10 1 10 10 10 10 10 10 10 10 10
left_child=1 2 7 5 -5 6 -4 8 13 12 -11 -12 -9 -1 19 20 17 18 -17 -15 21 22 25 24 -24 -16 -27 28 29 -23
right_child=-2 -3 3 4 -6 -7 -8 9 -10 10 11 -13 -14 14 15 16 -18 -19 -20 -21 -22 27 23 -25 -26 26 -28 -29 -30 -31
leaf_value=-1322.8411065388652 14923.110865542765 -6763.2948069852937 4465.7135102370694 -13499.246056547619 5360.9110496238427 10789.734541672928 -160.76630859375001 -1887.1514988111412 6031.6352783203129 -2770.2763357979911 -282.90034383138021 4400.2637226562501 -6232.3826311383928 -165.21576328423188 -38.098552675215174 6863.7428155307107 131.619658203125 356.70703721788198 811.75319896024814 -3266.4814508056643 -244.09478505739409 154.38197164853742 -162.07022385094831 631.70488981330925 -1105.1754122560289 1121.071984878389 126.20757923990851 1128.0458651970962 -906.23516749684404 1800.1156846937245
leaf_weight=103 38 34 29 21 27 26 21 23 23 28 24 25 21 5371 9382 29 185 45 34 20 2427 6803 541 159 450 303 739 167 205 91
leaf_count=103 38 34 29 21 27 26 21 23 23 28 24 25 21 5371 9382 29 185 45 34 20 2427 6803 541 159 450 303 739 167 205 91
internal_value=-0.463145 -21.1934 -12.8034 2160.67 -2890.41 5350.82 2522.59 -22.7126 -17.3247 -1228.39 333.107 2106.47 -3961.01 -22.4673 -17.4975 22.3157 915.924 2056.78 3597.59 -176.721 10.0043 42.8446 -35.3427 -421.363 -590.322 7.24401 415.501 167.448 144.85 176.105
internal_weight=27394 27356 27322 124 48 76 50 27198 27077 121 77 49 44 27054 26951 21560 293 108 63 5391 21267 18840 11574 1150 991 10424 1042 7266 7099 6894
internal_count=27394 27356 27322 124 48 76 50 27198 27077 121 77 49 44 27054 26951 21560 293 108 63 5391 21267 18840 11574 1150 991 10424 1042 7266 7099 6894
cat_boundaries=0 1 2
cat_threshold=2 8
is_linear=0
shrinkage=0.05


Tree=72
num_leaves=31
num_cat=4
split_feature=4 2 4 4 1 1 4 2 3 5 4 4 4 1 3 2 5 4 2 0 1 4 4 0 4 3 4 2 4 4
split_gain=3.14898e+12 2.36413e+13 1.56349e+12 2.12429e+11 7.21315e+11 1.52032e+12 4.22034e+11 9.55058e+10 6.74291e+10 7.87611e+10 3.5714e+11 5.93283e+10 1.8913e+11 1.45554e+11 9.69485e+10 7.57707e+10 6.76742e+10 1.24879e+11 5.75752e+10 6.45371e+10 5.81335e+10 6.1559e+10 5.05458e+10 9.03264e+10 9.23725e+10 8.43006e+10 6.18076e+10 5.44762e+10 4.87496e+10 6.68813e+10
threshold=724.50000000000011 5.5000000000000009 1.0000000180025095e-35 447.50000000000006 0.00013142523364485984 0.0002774532710280374 541.00000000000011 3.5000000000000004 1.5000000000000002 0 111.14110927355573 365.25855766946296 391.08371961117962 4.3808411214953281e-05 3.2500000000000004 3.5000000000000004 1 342.85821225290857 1.5000000000000002 2 0.00016063084112149533 94.996511165361696 154.90258159621155 3 148.81200982779711 3.2500000000000004 130.27467500124359 8.5000000000000018 75.018223136952244 145.03486188785863
decision_type=10 2 10 10 10 10 10 2 2 9 10 10 10 10 2 2 9 10 2 1 10 10 10 1 10 2 10 2 10 10
left_child=2 -2 -1 8 6 -6 7 -5 18 10 -10 16 15 -14 -15 -13 17 22 19 28 -20 -22 23 24 26 -26 27 -11 -4 -30
right_child=1 -3 3 4 5 -7 -8 -9 9 11 -12 12 13 14 -16 -17 -18 -19 20 -21 21 -23 -24 -25 25 -27 -28 -29 29 -31
leaf_value=-13053.930859375001 45328.646521935094 -24262.373233695653 11.486658033981822 4256.0231681034484 -11644.387085978191 6152.6116068522133 10250.24776141827 -171.50284830729169 237.73583317970744 3.3684828101841719 7208.4261904761916 -1721.8793545809658 -2570.8762098524307 -268.75535685221354 4180.2507031250007 -5920.7633556547626 -711.49450164442669 2948.7642843034537 -848.73417223965907 -781.31851401101983 -310.02882898755644 1588.6271148681642 285.35705264476059 -401.18288838136448 -537.72720157398896 -3090.7137421398629 764.83141050965253 1113.9127807342254 1648.0625399573375 -1031.9756583378232
leaf_weight=23 26 23 306 29 24 24 26 21 147 21386 21 22 27 24 25 21 323 36 644 158 386 48 1478 1420 153 41 274 111 118 29
leaf_count=23 26 23 306 29 24 24 26 21 147 21386 21 22 27 24 25 21 323 36 644 158 386 48 1478 1420 153 41 274 111 118 29
internal_value=-0.442044 12663.5 -23.1347 -12.1653 2052.64 -2745.89 5083.28 2396.46 -21.579 -1.32117 1046.76 -8.67918 -1122.48 376.875 2001.15 -3772.5 -3.4276 6.04106 -327.534 60.225 -547.312 -100.039 1.78262 -16.1401 8.93083 -1077.28 18.6141 9.10279 362.978 1119.35
internal_weight=27394 49 27345 27322 124 48 76 50 27198 25509 168 25341 119 76 49 43 25222 24899 1689 611 1078 434 24863 23385 21965 194 21771 21497 453 147
internal_count=27394 49 27345 27322 124 48 76 50 27198 25509 168 25341 119 76 49 43 25222 24899 1689 611 1078 434 24863 23385 21965 194 21771 21497 453 147
cat_boundaries=0 2 4 5 6
cat_threshold=16384 1 1081345 54 8 8
is_linear=0
shrinkage=0.05


Tree=73
num_leaves=31
num_cat=3
split_feature=4 4 4 1 1 4 1 1 4 1 4 3 4 4 2 4 4 4 0 2 4 4 0 4 1 1 2 2 5 1
split_gain=3.20109e+12 7.13413e+11 1.91724e+11 6.50986e+11 1.38587e+12 3.80886e+11 9.08888e+10 6.24756e+10 1.04878e+11 4.32342e+11 2.8966e+11 1.63495e+11 8.58744e+10 7.09342e+10 1.35108e+11 9.64437e+10 1.13097e+11 5.85204e+10 6.53398e+10 7.85933e+10 4.86258e+10 2.04858e+11 7.40354e+10 1.07623e+11 6.4906e+10 7.66344e+10 5.8613e+10 6.32265e+10 5.81137e+10 5.69966e+10
threshold=1186.0000000000002 724.50000000000011 447.50000000000006 0.00013142523364485984 0.00024824766355140192 541.00000000000011 4.3808411214953281e-05 0.00010221962616822432 310.02166095522585 0.00024824766355140192 365.25855766946296 4.2500000000000009 33.050000000000004 365.25855766946296 3.5000000000000004 342.85821225290857 310.02166095522585 290.50000000000006 0 1.5000000000000002 103.21237045295018 99.954431178623565 1 90.100000000000009 0.0016501168224299068 0.0020297897196261687 2.5000000000000004 5.5000000000000009 2 0.00024824766355140192
decision_type=8 10 10 10 10 10 10 8 10 10 10 2 10 10 2 10 10 10 1 2 10 10 1 10 10 10 2 2 9 10
left_child=1 2 7 5 -5 6 -4 13 12 10 -10 -11 -9 15 -15 16 17 18 -1 -20 21 22 23 -14 28 -26 -23 -28 -22 -30
right_child=-2 -3 3 4 -6 -7 -8 8 9 11 -12 -13 20 14 -16 -17 -18 -19 19 -21 24 26 -24 -25 25 -27 27 -29 29 -31
leaf_value=-82.756352736963635 14501.468097245066 -7258.8041389016553 4090.6958580280175 -12242.06404389881 4884.1065655743641 9737.7352651742785 -228.48665829613097 -278.28524459156546 9659.509188988095 -3147.1650845914278 1354.8980724516368 2463.8803930664067 74.690719846158231 250.04822875976561 -4108.7976318359379 3194.8034523703836 -2677.9785110739776 1302.3034825155182 -3485.5731063179346 -507.82614857326246 530.09505958279863 449.37947160993309 -370.95865047545152 917.54347921098986 -1053.1360984380992 1556.5103727452897 -1229.8934989635763 1303.3305044320914 -588.21737852587421 294.52056757027958
leaf_weight=8685 38 34 29 21 27 26 21 2049 21 37 21 20 11197 40 32 22 43 73 23 606 1469 70 877 392 163 34 468 26 272 558
leaf_count=8685 38 34 29 21 27 26 21 2049 21 37 21 20 11197 40 32 22 43 73 23 606 1469 70 877 392 163 34 468 26 272 558
internal_value=-0.454504 -20.599 -11.5917 1950 -2608.59 4829.12 2276.64 -20.5349 35.0938 1657.93 5507.2 -1178.38 25.9524 -123.767 -1687.22 -111.857 -119.572 -107.852 -118.905 -607.059 66.1033 27.3754 69.5451 103.111 268.276 -602.74 -904.693 -1096.57 342.913 5.17542
internal_weight=27394 27356 27322 124 48 76 50 27198 17674 99 42 57 17575 9524 72 9452 9430 9387 9314 629 15526 13030 12466 11589 2496 197 564 494 2299 830
internal_count=27394 27356 27322 124 48 76 50 27198 17674 99 42 57 17575 9524 72 9452 9430 9387 9314 629 15526 13030 12466 11589 2496 197 564 494 2299 830
cat_boundaries=0 1 2 4
cat_threshold=8 8 1081344 1
is_linear=0
shrinkage=0.05


Tree=74
num_leaves=31
num_cat=3
split_feature=4 4 4 1 1 3 4 4 1 4 4 4 0 4 1 1 3 3 2 4 4 4 5 4 1 1 4 0 4 4
split_gain=2.88898e+12 6.43856e+11 1.73031e+11 5.87515e+11 1.25317e+12 3.48831e+11 7.45067e+11 6.14031e+10 5.6572e+10 7.02037e+10 2.85454e+11 9.82574e+10 1.15095e+11 1.15446e+11 1.47296e+11 1.52164e+11 1.0703e+11 8.66674e+10 5.79259e+10 5.58599e+10 8.45567e+10 6.83443e+10 5.1084e+10 5.52618e+10 4.72006e+10 4.6981e+10 6.94168e+10 4.61676e+10 1.48906e+11 5.46499e+10
threshold=1186.0000000000002 724.50000000000011 447.50000000000006 0.00013142523364485984 0.0002774532710280374 2.5000000000000004 541.00000000000011 15.050000000000002 4.3808411214953281e-05 391.08371961117962 365.25855766946296 240.02876849523298 0 334.40804515234134 7.3014018691588793e-05 0.00016063084112149533 3.2500000000000004 3.2500000000000004 8.5000000000000018 391.08371961117962 350.83532286447655 320.50000000000006 1 154.90258159621155 0.0016209112149532712 0.00021904205607476641 215.16819001774374 2 290.50000000000006 224.50000000000003
decision_type=8 10 10 10 10 2 10 10 8 10 10 10 1 10 8 8 2 2 2 10 10 10 9 10 8 10 10 1 10 10
left_child=1 2 7 5 -5 -4 -7 -1 19 10 11 18 -13 14 -14 -16 -17 -11 22 20 21 27 23 -10 25 26 -25 -9 29 -29
right_child=-2 -3 3 4 -6 6 -8 8 9 17 -12 12 13 -15 15 16 -18 -19 -20 -21 -22 -23 -24 24 -26 -27 -28 28 -30 -31
leaf_value=-1237.9989519230371 13776.396062911186 -6895.8665355009189 -1080.5941406250001 -10557.102884928387 5600.7764434814453 1797.2145596590908 13520.269892153534 -110.54892897717626 1.3308718918032136 -234.38973388671877 -5218.8128493088952 -357.4584174328902 4431.8522508893693 4389.9116122159094 -2759.3443649818159 520.49410869457108 4526.1270600818452 3972.1046406250007 1242.4049473812706 -2386.4741908482142 2753.7043261718754 -3078.3145922851563 -447.86041065562858 396.1746352175449 -792.27730778874582 871.15039755954353 -1576.0770884387898 -812.33572187003449 3076.9687881469727 -3203.5560809795675
leaf_weight=103 38 34 20 24 24 33 23 5026 19731 24 26 117 28 33 29 81 21 25 95 28 25 20 595 282 74 437 53 295 24 26
leaf_count=103 38 34 20 24 24 33 23 5026 19731 24 26 117 28 33 29 81 21 25 95 28 25 20 595 282 74 437 53 295 24 26
internal_value=-0.430389 -19.5677 -11.0107 1852.5 -2478.16 4587.66 6612.04 -19.5067 -14.8747 21.3534 17.0654 23.3748 908.574 1614.59 1140.12 436.547 1345.18 1911.78 10.5133 -158.955 -147.44 -160.893 4.9857 18.2889 414.011 529.64 84.1468 -150.03 -701.646 -1006.02
internal_weight=27394 27356 27322 124 48 76 56 27198 27095 21651 21602 21576 309 192 159 131 102 49 21267 5444 5416 5391 21172 20577 846 772 335 5371 345 321
internal_count=27394 27356 27322 124 48 76 56 27198 27095 21651 21602 21576 309 192 159 131 102 49 21267 5444 5416 5391 21172 20577 846 772 335 5371 345 321
cat_boundaries=0 1 3 4
cat_threshold=8 1098016 19 8
is_linear=0
shrinkage=0.05


Tree=75
num_leaves=31
num_cat=3
split_feature=4 2 4 4 1 1 3 4 3 5 1 4 4 4 0 4 4 4 1 1 4 2 4 4 4 1 4 0 1 1
split_gain=2.86955e+12 2.15567e+13 1.75175e+12 1.56163e+11 5.30233e+11 1.14277e+12 3.1482e+11 6.72423e+11 5.69456e+10 7.06813e+10 3.34913e+11 5.59533e+10 6.65231e+10 7.03552e+10 4.92351e+10 7.28099e+10 1.38543e+11 1.0277e+11 9.27244e+10 5.29769e+10 5.85177e+10 4.64345e+10 6.93469e+10 4.35413e+10 1.26297e+11 7.98713e+10 1.22413e+11 6.76401e+10 7.02284e+10 6.9606e+10
threshold=724.50000000000011 5.5000000000000009 1.0000000180025095e-35 447.50000000000006 0.00013142523364485984 0.00024824766355140192 2.5000000000000004 541.00000000000011 1.5000000000000002 0 0.0002774532710280374 144.01726109713979 110.02672726752995 119.35000000000001 1 365.25855766946296 391.08371961117962 342.85821225290857 4.3808411214953281e-05 0.00054030373831775709 32.050000000000004 1.5000000000000002 84.98579275090411 154.90258159621155 148.81200982779711 0.00016063084112149533 310.02166095522585 2 0.0002774532710280374 0.00024824766355140192
decision_type=10 2 10 10 10 10 2 10 2 9 10 10 10 10 1 10 10 10 10 8 10 2 10 10 10 10 10 1 10 10
left_child=2 -2 -1 8 6 -6 -5 -8 11 10 -10 12 21 -14 15 17 -17 19 -18 23 -21 22 -4 24 27 26 -25 28 29 -11
right_child=1 -3 3 4 5 -7 7 -9 9 14 -12 -13 13 -15 -16 16 18 -19 -20 20 -22 -23 -24 25 -26 -27 -28 -29 -30 -31
leaf_value=-13815.128269361414 43280.346972656254 -23171.723165760872 -143.77958128582875 -1026.5644335937502 -11102.106124441965 4449.6282633463543 1707.354167406487 12844.2572265625 6657.3775332243549 10.083173364354705 162.92130907782195 -1395.3940098246303 2862.1693054612947 96.220269968811905 -268.62732656021939 -3713.7212402343753 -2198.2880470558448 2805.8198993523915 1593.9235424804688 -331.57263874324082 198.37468052416904 -527.95433127471529 1656.5286865234375 201.20161832787142 -1343.102794036045 1189.957672326088 -2962.8087165832521 -768.27038441387765 -213.31756077609884 560.89875930013056
leaf_weight=23 26 23 493 20 21 27 33 23 23 12138 145 109 34 71 1668 38 27 33 40 579 5192 922 60 684 186 200 32 297 3625 602
leaf_count=23 26 23 493 20 21 27 33 23 23 12138 145 109 34 71 1668 38 27 33 40 579 5192 922 60 684 186 200 32 297 3625 602
internal_value=-0.425585 12088.6 -22.0881 -10.4769 1759.88 -2354.26 4358.28 6281.44 -18.5482 0.0683329 992.94 -299.715 -224.127 991.861 -6.90309 11.6436 -1302.08 17.5015 65.7189 13.5918 145.205 -310.688 51.5522 -29.1656 -47.4182 306.554 59.7933 -32.9543 -19.1283 36.1107
internal_weight=27394 49 27345 27322 124 48 76 56 27198 25509 168 1689 1580 105 25341 23673 105 23568 67 23535 5771 1475 553 17764 16848 916 716 16662 16365 12740
internal_count=27394 49 27345 27322 124 48 76 56 27198 25509 168 1689 1580 105 25341 23673 105 23568 67 23535 5771 1475 553 17764 16848 916 716 16662 16365 12740
cat_boundaries=0 2 3 4
cat_threshold=16384 1 10 8
is_linear=0
shrinkage=0.05


Tree=76
num_leaves=31
num_cat=1
split_feature=4 4 4 1 1 3 4 4 1 4 1 4 1 4 4 2 4 4 3 4 2 2 4 4 4 0 4 1 1 2
split_gain=2.74896e+12 7.31197e+11 1.4094e+11 4.78535e+11 1.03295e+12 2.84125e+11 6.06862e+11 5.49322e+10 5.07474e+10 8.51153e+10 3.86909e+11 2.41283e+11 1.48252e+11 5.64755e+10 5.51955e+10 1.16975e+11 7.67018e+10 9.09651e+10 4.92505e+10 6.30671e+10 4.63931e+10 4.3598e+10 4.10042e+10 3.93697e+10 1.86566e+11 6.30638e+10 9.14793e+10 5.52348e+10 6.82756e+10 5.26455e+10
threshold=1186.0000000000002 724.50000000000011 447.50000000000006 0.00013142523364485984 0.0002774532710280374 2.5000000000000004 541.00000000000011 18.050000000000004 0.00010221962616822432 310.02166095522585 0.00024824766355140192 365.25855766946296 0.00045268691588785053 36.100000000000009 365.25855766946296 3.5000000000000004 342.85821225290857 310.02166095522585 1.5000000000000002 290.50000000000006 8.5000000000000018 1.5000000000000002 75.018223136952244 103.21237045295018 99.954431178623565 0 90.100000000000009 0.0016501168224299068 0.0020297897196261687 2.5000000000000004
decision_type=8 10 10 10 10 2 10 10 8 10 10 10 8 10 10 2 10 10 2 10 2 2 10 8 10 1 10 10 10 2
left_child=1 2 7 5 -5 -4 -7 -1 14 13 11 -11 -12 -10 16 -16 17 18 21 -20 23 22 -9 24 25 26 -15 -25 -29 -26
right_child=-2 -3 3 4 -6 6 -8 8 9 10 12 -13 -14 20 15 -17 -18 -19 19 -21 -22 -23 -24 27 29 -27 -28 28 -30 -31
leaf_value=-895.60882862112612 13438.382319078948 -7346.9584070542278 -975.23624511718754 -9571.3405843098953 5098.2554016113281 1621.9863665956441 12202.045516304348 -423.62173516340317 -162.18601166128238 8931.4831740606405 -3688.409267241379 1352.0217122395834 1412.28292628697 71.317768217000605 318.23109130859376 -3737.5771427154541 2854.1740545099433 -2396.0222889035244 -67.253131281428637 1508.2581655979156 1304.2297599892868 -708.55791325152677 875.76026512685439 315.45140348636431 423.35714128766745 -414.23555759289911 830.42153123943342 -982.16818541544353 1481.0481506347658 -1041.7776024087723
leaf_weight=177 38 34 20 24 24 33 23 157 3133 21 29 21 28 10169 40 32 22 43 8442 64 76 561 99 2290 70 620 413 163 34 494
leaf_count=177 38 34 20 24 24 33 23 157 3133 21 29 21 28 10169 40 32 22 43 8442 64 76 561 99 2290 70 620 413 163 34 494
internal_value=-0.423227 -19.091 -9.97203 1671.89 -2236.54 4140.37 5967.37 -17.6399 -11.8888 38.403 1500.34 5141.75 -1182.81 30.1146 -105.248 -1484.35 -94.6707 -101.597 -91.0149 -55.3988 72.1607 -461.823 78.8736 65.591 27.3859 72.0609 100.849 246.339 -557.045 -859.935
internal_weight=27394 27356 27322 124 48 76 56 27198 27021 17561 99 42 57 17462 9460 72 9388 9366 9323 8506 14329 817 256 14253 11766 11202 10582 2487 197 564
internal_count=27394 27356 27322 124 48 76 56 27198 27021 17561 99 42 57 17462 9460 72 9388 9366 9323 8506 14329 817 256 14253 11766 11202 10582 2487 197 564
cat_boundaries=0 1
cat_threshold=12
is_linear=0
shrinkage=0.05


Tree=77
num_leaves=31
num_cat=1
split_feature=3 4 4 4 4 1 1 5 4 1 4 4 4 1 4 3 4 2 1 1 4 3 4 2 4 1 1 1 4 2
split_gain=2.70005e+12 3.80178e+13 3.07111e+13 1.7498e+12 7.41843e+11 2.68269e+12 5.862e+12 6.45397e+10 7.58528e+10 9.06482e+10 5.89815e+10 3.22049e+11 1.60332e+11 1.0337e+11 5.13576e+10 4.74472e+10 1.16963e+11 7.74846e+10 5.04292e+10 1.09963e+11 1.21238e+11 6.26734e+10 6.07481e+10 4.85445e+10 4.5975e+10 4.50982e+10 7.50388e+10 8.87311e+10 4.46067e+10 4.08538e+10
threshold=7.2500000000000009 855.00000000000011 157.37043019679473 1.0000000180025095e-35 500.50000000000006 4.3808411214953281e-05 0.00013142523364485984 0 447.50000000000006 0.00010221962616822432 365.25855766946296 350.83532286447655 391.08371961117962 4.3808411214953281e-05 15.050000000000002 4.2500000000000009 300.50000000000006 6.5000000000000009 0.0003942757009345795 0.00042348130841121499 40.750000000000007 2.5000000000000004 33.850000000000009 3.5000000000000004 71.90000000000002 0.00045268691588785053 0.00048189252336448607 0.00054030373831775709 95.050000000000011 2.5000000000000004
decision_type=2 10 10 10 10 10 10 9 10 10 10 10 10 10 10 2 10 2 8 10 10 2 10 2 10 10 10 10 10 2
left_child=1 3 28 -1 7 -6 -7 -5 10 -10 11 14 -12 -14 -9 17 23 18 -16 20 29 -22 25 24 -17 -21 -27 -28 -2 -20
right_child=2 -3 -4 4 5 6 -8 8 9 -11 12 -13 13 -15 15 16 -18 -19 19 22 21 -23 -24 -25 -26 26 27 -29 -30 -31
leaf_value=-13796.290913722827 401.32301159336072 60479.195763221156 -64601.78662109375 -748.86139551712301 -9039.2509114583336 30177.18149573285 -3138.2146807270669 -1123.3188630261468 73.877610677083325 4246.0565429687504 -3688.3150952148444 6338.1580938720708 -2051.4584347316199 1889.6656952648627 -85.915579082835777 1336.3489694649834 3993.5619628906252 1249.4326501620019 -1681.8889869689942 -1692.3305451797228 3864.6214010915451 1400.5335264924286 84.452931947700222 108.47920197010379 -1075.7595522673234 1441.4857861328126 -2368.5243564893617 -248.62974512606903 -1289.9411137695315 330.56713111941554
leaf_weight=23 177 26 20 285 24 23 31 103 30 23 40 20 28 41 15781 140 20 118 32 59 31 154 6327 2814 23 60 53 719 50 119
leaf_count=23 177 26 20 285 24 23 31 103 30 23 40 20 28 41 15781 140 20 118 32 59 31 154 6327 2814 23 60 53 719 50 119
internal_value=-0.40963 46.9399 -5204.45 -10.9945 0.70606 4869.85 11051.7 -13.35 -5.2272 1884.45 -8.98273 -4.22158 -1169.7 290.369 -8.99873 -4.65941 182.675 -28.5985 -35.0612 71.1783 955.364 1813.43 30.0192 157.073 995.99 -356.515 -261.788 -394.167 28.7979 -95.9136
internal_weight=27394 27147 247 27121 27098 78 54 27020 26735 53 26682 26573 109 69 26553 26450 2997 23453 23335 7554 336 185 7218 2977 163 891 832 772 227 151
internal_count=27394 27147 247 27121 27098 78 54 27020 26735 53 26682 26573 109 69 26553 26450 2997 23453 23335 7554 336 185 7218 2977 163 891 832 772 227 151
cat_boundaries=0 2
cat_threshold=69337388 4
is_linear=0
shrinkage=0.05


Tree=78
num_leaves=31
num_cat=2
split_feature=4 4 4 1 1 3 3 2 4 4 4 3 3 2 3 4 4 1 1 5 1 1 2 1 1 5 4 4 4 1
split_gain=2.49914e+12 9.67667e+11 1.11452e+11 4.11525e+11 9.37019e+11 2.35027e+11 6.07556e+11 5.16599e+10 9.54928e+10 7.75044e+10 6.17837e+10 5.99748e+10 5.2201e+10 7.24981e+10 4.87851e+10 6.90779e+10 6.56928e+10 8.61085e+10 1.25242e+11 5.13857e+10 6.32242e+10 4.98544e+10 5.1932e+10 4.50722e+10 4.40827e+10 4.35574e+10 4.6171e+10 4.34521e+10 4.27011e+10 6.77589e+10
threshold=1186.0000000000002 724.50000000000011 447.50000000000006 0.00013142523364485984 0.00024824766355140192 2.5000000000000004 3.2500000000000004 2.5000000000000004 76.026746492412926 279.50000000000006 74.750000000000014 2.5000000000000004 1.5000000000000002 1.5000000000000002 2.5000000000000004 290.50000000000006 59.0047915781523 0.0010367990654205608 0.00083235981308411226 0 0.00024824766355140192 0.00068633177570093468 4.5000000000000009 0.0018983644859813086 0.0016501168224299068 1 240.02876849523298 18.050000000000004 42.867018476890188 0.00018983644859813087
decision_type=8 10 10 10 10 2 2 2 10 10 10 2 2 2 2 10 10 10 10 9 10 10 2 10 10 9 10 10 10 10
left_child=1 2 7 5 -5 -4 -7 8 10 11 28 12 13 -10 15 16 -9 18 21 27 -21 22 -18 25 -19 -22 -27 -16 -1 -30
right_child=-2 -3 3 4 -6 6 -8 14 9 -11 -12 -13 -14 -15 19 -17 17 24 -20 20 23 -23 -24 -25 -26 26 -28 -29 29 -31
leaf_value=-477.58741362978571 12813.211883223685 -8448.1235014073991 -875.63957519531255 -10057.864862351191 4024.4244574652785 12425.92169921875 1556.8857774522571 192.00410791801687 953.51979675292978 -1988.8656902215419 -1770.9297531772668 -658.77145003255214 749.50180620305684 -354.81128733287915 -1411.4148018798828 2524.9890290633493 -482.50683499109891 2336.1135785554584 -2643.3733995643033 -722.91387065337949 -778.74061254773824 1521.075459173954 1965.7388161399149 -1385.8762582455042 220.79691628592354 179.73857421585461 1921.6718869092988 64.482919278967572 -400.97052954935026 230.98787670208205
leaf_weight=1465 38 34 20 21 27 20 36 660 152 39 71 150 544 349 50 23 1403 38 65 479 102 33 22 53 70 527 41 19155 920 787
leaf_count=1465 38 34 20 21 27 20 36 660 152 39 71 150 544 349 50 23 1403 38 65 479 102 33 22 53 70 527 41 19155 920 787
internal_value=-0.402818 -18.2021 -7.71176 1487.89 -2136.58 3777.02 5438.68 -14.5304 -169.769 204.581 -312.213 276.167 410.368 42.1275 16.0581 -201.516 -228.889 -399.207 -495.952 40.7294 -275.112 -400.216 -444.709 17.7599 965.075 128.794 300.192 60.6089 -279.562 -109.611
internal_weight=27394 27356 27322 124 48 76 56 27198 4477 1234 3243 1195 1045 501 22721 2314 2291 1631 1523 20407 1202 1458 1425 723 108 670 568 19205 3172 1707
internal_count=27394 27356 27322 124 48 76 56 27198 4477 1234 3243 1195 1045 501 22721 2314 2291 1631 1523 20407 1202 1458 1425 723 108 670 568 19205 3172 1707
cat_boundaries=0 2 4
cat_threshold=1081377 1 133120 4
is_linear=0
shrinkage=0.05


Tree=79
num_leaves=31
num_cat=3
split_feature=3 4 4 4 4 1 3 4 2 5 4 2 4 1 1 1 5 1 1 1 3 1 5 1 4 3 4 4 4 2
split_gain=2.4516e+12 3.43271e+13 2.78483e+13 1.73751e+12 7.01727e+11 1.75697e+12 5.56339e+10 1.2538e+11 6.96597e+10 4.94577e+10 5.40198e+10 6.74726e+10 6.24467e+10 8.01453e+10 1.24754e+11 1.10475e+11 5.49418e+10 3.27755e+11 5.6554e+10 1.69786e+11 6.50657e+10 6.02165e+10 6.38639e+10 6.2066e+10 5.06741e+10 1.04818e+11 5.73451e+10 4.48207e+10 4.30847e+10 4.19537e+10
threshold=7.2500000000000009 855.00000000000011 157.37043019679473 1.0000000180025095e-35 541.00000000000011 0.00013142523364485984 4.2500000000000009 447.50000000000006 6.5000000000000009 0 49.973727638524281 2.5000000000000004 46.02534630120838 0.00074474299065420576 0.0006279205607476636 0.00083235981308411226 1 0.0002774532710280374 0.0003942757009345795 0.00042348130841121499 2.5000000000000004 0.0002774532710280374 2 0.00021904205607476641 100.09435955727518 3.2500000000000004 56.002456309579351 210.01995379122039 54.955142748933561 3.5000000000000004
decision_type=2 10 10 10 10 10 2 10 2 9 10 2 10 10 10 10 9 10 8 8 2 10 9 10 10 2 10 10 10 2
left_child=1 3 -2 -1 6 -6 8 29 9 27 11 -11 -13 14 -14 -15 17 -12 21 20 -20 22 23 -18 26 -26 28 -5 -23 -8
right_child=2 -3 -4 4 5 -7 7 -9 -10 10 16 12 13 15 -16 -17 18 -19 19 -21 -22 24 -24 -25 25 -27 -28 -29 -30 -31
leaf_value=-13747.136463994566 24.133826722132479 57468.771454326925 -61520.462106933599 -556.47714215113115 13373.924682617188 -3945.0335901331018 943.46979847539433 3951.4649147727273 1170.5799234342173 -401.47359697780348 6623.7017003839665 -19.232106693082535 -504.02432240537365 -4527.5792860243055 2653.6217111026544 -903.16747743305405 -19.709265008889851 154.6834933623839 4481.5123674665183 107.6039452387251 1446.4900574280337 -317.08099701852512 -584.8513649753088 457.05063573745241 453.46694198043264 -3135.6342318448155 -811.97523211942325 -2745.0612254175649 1219.9641886347815 118.82897036842888
leaf_weight=23 227 26 20 121 32 27 163 22 119 1862 22 6444 391 27 34 95 8038 178 21 4119 111 165 448 746 270 22 661 29 63 2868
leaf_count=23 227 26 20 121 32 27 163 22 119 1862 22 6444 391 27 34 95 8038 178 21 4119 111 165 448 746 270 22 661 29 63 2868
internal_value=-0.396889 44.7216 -4959.23 -10.3289 1.33053 5448.3 -10.5549 190.475 -36.1425 -42.1592 -36.215 -134.008 -62.7704 -575.678 -251.413 -1705.29 22.0061 825.024 10.4841 164.171 1929.33 -52.2471 -9.24233 20.757 -388.42 183.055 -576.126 -918.378 107.629 163.176
internal_weight=27394 27147 247 27121 27098 59 27039 3053 23986 23867 23717 8853 6991 547 425 122 14864 200 14664 4251 132 10413 9232 8784 1181 292 889 150 228 3031
internal_count=27394 27147 247 27121 27098 59 27039 3053 23986 23867 23717 8853 6991 547 425 122 14864 200 14664 4251 132 10413 9232 8784 1181 292 889 150 228 3031
cat_boundaries=0 2 4 5
cat_threshold=131084 4 16384 1 1081345
is_linear=0
shrinkage=0.05


Tree=80
num_leaves=31
num_cat=2
split_feature=4 4 5 4 4 4 3 1 4 4 4 1 2 4 4 3 0 1 1 4 4 4 3 4 1 4 1 4 2 4
split_gain=2.27948e+12 1.19685e+12 9.49258e+10 3.57336e+11 1.68559e+11 9.18119e+10 6.09864e+11 1.38165e+11 5.70574e+10 2.03955e+11 1.13203e+11 7.72901e+10 5.68782e+10 4.74355e+10 8.62321e+10 8.81499e+10 7.34133e+10 5.32281e+10 5.1622e+10 4.92051e+10 5.74167e+10 5.61097e+10 8.08682e+10 5.8665e+10 8.38953e+10 5.0803e+10 1.02108e+11 1.00099e+11 7.24579e+10 8.54273e+10
threshold=1186.0000000000002 724.50000000000011 0 610.00000000000011 342.85821225290857 447.50000000000006 4.2500000000000009 0.00010221962616822432 365.25855766946296 342.85821225290857 391.08371961117962 4.3808411214953281e-05 8.5000000000000018 154.90258159621155 148.81200982779711 4.2500000000000009 1 4.3808411214953281e-05 0.00036507009345794397 130.27467500124359 123.02468001013929 110.02672726752995 2.5000000000000004 119.35000000000001 0.00051109813084112166 99.954431178623565 0.00083235981308411226 75.018223136952244 2.5000000000000004 74.010000000000005
decision_type=8 10 9 10 10 10 2 10 10 10 10 10 2 10 10 2 1 8 10 10 10 10 2 10 10 10 10 8 2 10
left_child=1 2 3 5 -4 8 7 -7 9 12 -10 -12 13 14 16 18 19 -15 -16 20 21 25 -23 24 -24 27 -27 28 29 -1
right_child=-2 -3 4 -5 -6 6 -8 -9 10 -11 11 -13 -14 17 15 -17 -18 -19 -20 -21 -22 22 23 -25 -26 26 -28 -29 -30 -31
leaf_value=-226.36086830961469 12237.157673725329 -9392.5815659466916 -489.11037763297384 6234.9312330163048 -4340.9364667338714 -3227.6883711965461 7143.4967468261721 1825.8223470052083 -3305.1334948417471 3612.4242074819713 -1940.7946999686105 1484.3384692382815 1053.7980039142428 -188.36988098013836 -1078.899952611235 -4088.8699072265626 -316.84297187551266 450.5043023658792 465.75650980631508 641.16665346259322 -775.45671294007127 1536.0811305890766 212.62591484192222 -423.55029031744908 2483.0940410907456 -154.86439335129805 -1574.3231886509486 273.50034945208876 12.751940120331044 -2291.2524661307243
leaf_weight=2804 38 34 339 23 31 38 32 21 39 39 28 40 126 467 194 20 1883 1080 75 302 237 140 187 221 52 1333 140 3147 14233 51
leaf_count=2804 38 34 339 23 31 38 32 21 39 39 28 40 126 467 194 20 1883 1080 75 302 237 140 187 221 52 1333 140 3147 14233 51
internal_value=-0.387721 -17.3868 -5.72013 5.34426 -790.467 0.0255708 1585.52 -1428.98 -5.35038 -0.737888 -1157.65 73.9895 -6.01712 -11.0437 -27.6575 -886.34 -17.6228 257.644 -648.234 7.17384 -1.31558 6.90889 483.881 163.646 706.619 -6.27443 -289.776 14.3629 -33.3609 -263.247
internal_weight=27394 27356 27322 26952 370 26929 91 59 26838 26731 107 68 26692 26566 25019 289 24730 1547 269 22847 22545 22308 600 460 239 21708 1473 20235 17088 2855
internal_count=27394 27356 27322 26952 370 26929 91 59 26838 26731 107 68 26692 26566 25019 289 24730 1547 269 22847 22545 22308 600 460 239 21708 1473 20235 17088 2855
cat_boundaries=0 2 3
cat_threshold=1099777 35 8
is_linear=0
shrinkage=0.05


Tree=81
num_leaves=31
num_cat=2
split_feature=3 4 4 4 4 1 3 4 2 4 5 4 5 1 1 1 4 4 1 4 1 2 4 4 4 4 4 4 1 1
split_gain=2.24253e+12 3.10409e+13 2.52726e+13 1.71866e+12 6.25784e+11 1.57126e+12 4.73556e+10 9.19296e+10 6.16142e+10 4.41021e+10 4.26521e+10 3.06419e+11 4.11935e+10 4.15922e+10 5.94215e+10 5.94076e+10 5.56067e+10 5.49054e+10 4.3085e+10 7.26697e+10 4.27287e+10 6.39944e+10 5.77518e+10 5.15484e+10 8.35856e+10 4.46636e+10 5.73178e+10 5.37194e+10 5.65137e+10 5.3618e+10
threshold=7.2500000000000009 855.00000000000011 157.37043019679473 1.0000000180025095e-35 541.00000000000011 0.00013142523364485984 4.2500000000000009 447.50000000000006 6.5000000000000009 20.075000000000003 0 111.14110927355573 1 0.00054030373831775709 0.00074474299065420576 0.00071553738317757011 224.50000000000003 65.9773406544046 0.00059871495327102817 75.994942039179293 0.0006279205607476636 3.5000000000000004 45.979359282938951 64.996677692598269 47.975000000000009 64.996677692598269 89.000894982142924 43.900000000000006 0.00065712616822429925 0.00068633177570093468
decision_type=2 10 10 10 10 8 2 10 2 8 9 10 9 8 10 10 10 10 10 10 10 2 10 10 10 10 10 10 10 10
left_child=1 3 -2 -1 6 -6 8 -8 9 -5 11 -11 -12 -14 15 18 -16 -17 19 -15 23 25 -23 24 -20 27 -27 28 -22 -29
right_child=2 -3 -4 4 5 -7 7 -9 -10 10 12 -13 13 14 16 17 -18 -19 20 -21 21 22 -24 -25 -26 26 -28 29 -30 -31
leaf_value=-13671.637126358695 4.2651445699683377 54649.002644230779 -58625.139848937994 -676.25893761933742 12640.869708251954 -3737.2254484953701 152.89654271608137 3396.7171164772731 1102.0917726660978 78.848002711125616 -675.14380435563658 6417.5475458054316 -69.416560750394254 206.7939983813437 -37.665599030804344 636.38603015899662 1577.5826499091254 2443.6013671875003 -140.71768966674804 1503.8243750522013 -1396.5331911001633 -184.07312268708881 1532.3056774194692 557.20499868819968 -2538.1037873815317 -1649.8635197431192 54.25854276690567 1889.9234848424007 577.58147915224492 -390.60208853697168
leaf_weight=23 227 26 20 268 32 27 3031 22 119 207 241 21 17427 373 4013 160 54 57 90 152 67 76 138 67 61 87 114 76 79 39
leaf_count=23 227 26 20 268 32 27 3031 22 119 207 241 21 17427 373 4013 160 54 57 90 152 67 76 138 67 61 87 114 76 79 39
internal_value=-0.374117 42.7777 -4743.06 -9.57148 2.02449 5145.81 -9.19942 176.272 -32.8067 -38.4652 -31.2222 634.832 -37.9754 -31.0476 86.1444 340.614 -16.219 1111.09 222.789 582.315 11.6574 207.955 922.751 -597.047 -1109.2 -123.14 -683.347 308.283 -328.348 1116.53
internal_weight=27394 27147 247 27121 27098 59 27039 3053 23986 23867 23599 228 23371 23130 5703 1636 4067 217 1419 525 894 676 214 218 151 462 201 261 146 115
internal_count=27394 27147 247 27121 27098 59 27039 3053 23986 23867 23599 228 23371 23130 5703 1636 4067 217 1419 525 894 676 214 218 151 462 201 261 146 115
cat_boundaries=0 2 4
cat_threshold=16384 1 2228524 20
is_linear=0
shrinkage=0.05


Tree=82
num_leaves=31
num_cat=3
split_feature=4 4 5 4 4 4 3 4 4 4 1 3 0 0 2 4 4 4 4 4 3 4 1 4 2 1 4 4 4 3
split_gain=2.08577e+12 1.41816e+12 8.13696e+10 2.98008e+11 1.51864e+11 7.98154e+10 2.55794e+11 3.3805e+11 1.79131e+11 8.01071e+10 7.72398e+10 7.3344e+10 6.87662e+10 6.67711e+10 1.78362e+11 4.78867e+11 1.2608e+11 9.75179e+10 1.81516e+11 8.07476e+10 6.77811e+10 9.73971e+10 5.39608e+10 7.03773e+10 7.02076e+10 1.51173e+11 4.72265e+10 5.65168e+10 5.08346e+10 7.21227e+10
threshold=1186.0000000000002 724.50000000000011 0 610.00000000000011 342.85821225290857 154.90258159621155 4.2500000000000009 485.50000000000006 500.50000000000006 148.81200982779711 0.00030665887850467294 3.2500000000000004 1 2 4.5000000000000009 350.83532286447655 258.12721786829519 290.50000000000006 310.02166095522585 300.50000000000006 3.2500000000000004 365.25855766946296 0.00010221962616822432 379.50000000000006 5.5000000000000009 4.3808411214953281e-05 130.27467500124359 123.02468001013929 110.02672726752995 2.5000000000000004
decision_type=8 10 9 10 10 10 2 10 10 10 10 2 1 1 2 10 10 10 10 10 2 10 10 10 2 10 10 10 10 2
left_child=1 2 3 5 -4 9 8 22 13 12 11 -11 26 14 15 17 -16 -7 -19 -15 21 -21 24 -24 25 -8 27 28 -1 -30
right_child=-2 -3 4 -5 -6 6 7 -9 -10 10 -12 -13 -14 19 16 -17 -18 18 -20 20 -22 -23 23 -25 -26 -27 -28 -29 29 -31
leaf_value=-0.64042607292980336 11705.669942434211 -10221.848158892464 -443.90583708321446 5695.3000424592392 -4100.0017782888108 329.58328708316282 1528.2475465716739 7874.2217329545456 -4171.3805094401041 -928.1235456726256 421.83813875086173 -3385.8962532662063 -301.53080432690837 96.446351637991839 114.05956581592559 7031.8066084798184 -4096.6423917651182 5733.8686129252119 -631.42378278459819 -2475.2194686564994 -3925.1729174804686 542.72702026367188 1352.4015669973273 4738.3989862351191 2143.8965179443362 -3752.3230044157608 630.0351668198382 -759.51774360656736 1459.4254432569232 163.65292174366189
leaf_weight=21815 38 34 339 23 31 482 33 22 24 169 85 37 1883 818 40 30 32 24 21 47 20 62 57 21 38 23 305 240 140 461
leaf_count=21815 38 34 339 23 31 482 33 22 24 169 85 37 1883 818 40 30 32 24 21 47 20 62 57 21 38 23 305 240 140 461
internal_value=-0.367735 -16.6285 -3.92893 6.31399 -730.485 1.45738 323.662 2038.26 115.767 -21.5398 -846.305 -1369.57 -11.8793 181.053 575.33 887.193 -1757.36 537.404 2763.4 -85.9943 -1249.53 -758.589 1291.8 2264.02 485.072 -640.558 12.0007 3.68593 11.8573 465.497
internal_weight=27394 27356 27322 26952 370 26929 1794 194 1600 25135 291 206 24844 1576 629 557 72 527 45 947 129 109 172 78 94 56 22961 22656 22416 601
internal_count=27394 27356 27322 26952 370 26929 1794 194 1600 25135 291 206 24844 1576 629 557 72 527 45 947 129 109 172 78 94 56 22961 22656 22416 601
cat_boundaries=0 2 3 4
cat_threshold=1099777 35 8 3
is_linear=0
shrinkage=0.05


Tree=83
num_leaves=31
num_cat=3
split_feature=3 4 4 4 4 1 3 3 5 1 4 4 4 5 4 4 3 3 1 0 1 3 4 4 1 1 1 1 1 4
split_gain=2.07065e+12 1.94858e+13 1.19806e+13 1.69303e+12 2.3443e+11 2.98576e+12 4.39402e+12 3.93097e+10 5.16148e+10 2.59196e+11 5.11849e+10 5.16493e+10 5.66948e+10 3.92551e+10 4.43082e+10 5.73978e+10 7.83319e+10 5.31413e+10 1.5875e+11 5.03417e+10 4.44643e+10 6.06762e+10 1.36854e+11 6.53312e+10 4.15292e+10 1.34053e+11 1.07378e+11 6.59054e+10 4.26859e+10 7.6636e+10
threshold=8.5000000000000018 855.00000000000011 124.71156790688305 1.0000000180025095e-35 500.50000000000006 4.3808411214953281e-05 4.2500000000000009 1.5000000000000002 0 0.0002774532710280374 144.01726109713979 110.02672726752995 119.35000000000001 1 154.90258159621155 148.81200982779711 4.2500000000000009 4.2500000000000009 0.0006279205607476636 2 0.00036507009345794397 5.2500000000000009 300.50000000000006 224.50000000000003 0.0016793224299065422 0.0018253504672897198 0.0019713785046728978 0.001752336448598131 0.0016501168224299068 99.954431178623565
decision_type=2 10 10 10 10 10 2 2 9 10 10 10 10 9 10 10 2 2 10 1 10 2 10 10 10 10 10 10 10 10
left_child=1 3 -2 -1 7 -6 -7 10 9 -9 11 -5 -13 -10 15 19 -17 -16 20 24 21 22 -19 -23 28 27 -27 -26 -15 -30
right_child=2 -3 -4 4 5 6 -8 8 13 -11 -12 12 -14 14 17 16 -18 18 -20 -21 -22 23 -24 -25 25 26 -28 -29 29 -31
leaf_value=-13573.339300271738 474.49290602278001 42483.964699074073 -41882.688984375003 -247.16608174657418 -11626.636515625001 27908.626928710939 -1470.1240234375 5835.9683508997377 -564.26433849397256 122.61320990726865 -1286.3668077542566 2579.5099286247705 96.562670135498053 7.0518063548186865 158.42211152021798 -492.46216450553925 -3741.0719421386721 -50.374234838071082 4950.3256963315216 -298.38593470953629 -1532.8755222486416 1413.7831139605978 4169.2711544152471 -2244.5051349346454 1006.2479135328724 -1861.1007168344349 294.85985366865475 3303.4765352614386 74.214542992909756 -3147.2424471028648
leaf_weight=23 101 27 20 1475 25 20 35 23 295 145 110 34 71 20863 1528 257 20 46 23 1347 23 23 33 26 93 65 518 47 48 30
leaf_count=23 101 27 20 1475 25 20 35 23 295 145 110 34 71 20863 1528 257 20 46 23 1347 23 23 33 26 93 65 518 47 48 30
internal_value=-0.354849 28.6001 -6526.69 -13.472 -2.01561 2700.65 9213.06 -9.98133 5.52343 853.967 -243.498 -170.893 900.565 -0.45141 6.42729 -11.5689 -727.019 252.702 1080.63 -2.95652 491.208 854.911 1712.26 -527.349 15.5429 388.119 54.4869 1777.46 2.68692 -1164.81
internal_weight=27394 27273 121 27246 27223 80 55 27143 25453 168 1690 1580 105 25285 24990 23288 277 1702 174 23011 151 128 79 49 21664 723 583 140 20941 78
internal_count=27394 27273 121 27246 27223 80 55 27143 25453 168 1690 1580 105 25285 24990 23288 277 1702 174 23011 151 128 79 49 21664 723 583 140 20941 78
cat_boundaries=0 2 4 5
cat_threshold=16384 1 2228524 36 8
is_linear=0
shrinkage=0.05


Tree=84
num_leaves=31
num_cat=1
split_feature=3 4 4 4 4 2 3 4 2 4 4 2 1 1 1 1 4 3 5 1 4 1 1 4 1 4 2 4 3 2
split_gain=1.89933e+12 2.66605e+13 2.21558e+13 1.5494e+12 2.60848e+11 1.6629e+12 3.8325e+10 5.74382e+10 5.55088e+10 4.25564e+10 5.34635e+10 5.86259e+10 5.54539e+10 1.15579e+11 8.82108e+10 5.81141e+10 5.17186e+10 4.76939e+10 4.74015e+10 2.59494e+11 4.31402e+10 1.02063e+11 1.43071e+11 1.57219e+11 8.21278e+10 7.54449e+10 7.50754e+10 2.30886e+11 1.35419e+11 4.16894e+10
threshold=7.2500000000000009 1186.0000000000002 157.37043019679473 724.50000000000011 500.50000000000006 4.5000000000000009 4.2500000000000009 391.08371961117962 6.5000000000000009 49.973727638524281 46.02534630120838 2.5000000000000004 0.00074474299065420576 0.0006279205607476636 0.00083235981308411226 7.3014018691588793e-05 50.010000000000012 2.5000000000000004 0 0.0002774532710280374 300.50000000000006 0.00021904205607476641 0.00010221962616822432 350.83532286447655 0.00048189252336448607 320.50000000000006 3.5000000000000004 379.50000000000006 2.5000000000000004 5.5000000000000009
decision_type=2 8 10 10 10 2 2 10 2 10 10 2 10 10 10 10 10 2 9 10 10 10 10 10 10 10 2 10 2 2
left_child=1 3 -2 4 6 -6 8 -8 9 10 11 -1 13 15 -14 -12 17 -11 19 -18 29 22 23 25 -23 -22 27 -25 -29 -20
right_child=2 -3 -4 -5 5 -7 7 -9 -10 16 12 -13 14 -15 -16 -17 18 -19 20 -21 21 24 -24 26 -26 -27 -28 28 -30 -31
leaf_value=-346.77609344700659 79.886624481604485 44953.461659564397 -54815.251020507822 -10842.86297422467 -4857.3167779737905 11655.692994791667 132.78191436173515 2064.0104755108173 1046.4805723639097 -359.69517244684619 -1189.1157600629447 -17.695486529069075 -3837.7109431966146 2202.3162071591332 -772.94065346894445 -109.17785862379809 5900.2976013183597 648.19795362013804 -15.001084582743406 144.21097140472929 -1011.1601184082033 -3976.3076863606775 2837.7323629940256 -2928.495808919271 -200.29028930664063 -4587.603438594424 -1749.8469003530649 305.631650390625 5778.1383845402643 730.77525258917558
leaf_weight=1713 227 33 20 33 31 30 3010 39 119 149 202 6447 30 42 108 325 22 553 13647 178 30 36 34 21 24 29 26 20 26 190
leaf_count=1713 227 33 20 33 31 30 3010 39 119 149 202 6447 30 42 108 325 22 553 13647 178 30 36 34 21 24 29 26 20 26 190
internal_value=-0.352855 39.36 -4365.06 -15.3043 -2.11016 3263.84 -9.48331 157.484 -30.7208 -36.0951 -122.917 -86.7782 -540.022 -321.945 -1439.2 -523.12 15.2797 434.272 -5.31352 740.362 -16.4173 -672.751 -94.3151 -750.168 -2465.9 -2769.07 530.643 1415.61 3398.79 -4.76061
internal_weight=27394 27147 247 27114 27081 61 27020 3049 23971 23852 8867 8160 707 569 138 527 14985 702 14283 200 14083 246 186 152 60 59 93 67 46 13837
internal_count=27394 27147 247 27114 27081 61 27020 3049 23971 23852 8867 8160 707 569 138 527 14985 702 14283 200 14083 246 186 152 60 59 93 67 46 13837
cat_boundaries=0 2
cat_threshold=16384 1
is_linear=0
shrinkage=0.05


Tree=85
num_leaves=31
num_cat=1
split_feature=4 3 4 4 4 1 3 4 4 2 4 4 1 4 2 2 4 4 4 2 1 1 1 1 4 3 5 4 4 1
split_gain=2.11115e+12 1.73107e+12 1.72204e+13 1.00165e+13 2.34487e+11 2.07672e+11 5.82375e+10 4.75064e+11 1.38616e+11 5.00967e+10 4.23258e+10 1.25724e+11 6.70385e+10 1.07164e+11 5.25499e+10 4.09538e+10 8.58097e+10 3.84071e+10 4.82508e+10 5.29099e+10 5.00472e+10 1.0431e+11 7.96102e+10 5.2448e+10 4.6676e+10 4.30438e+10 4.27799e+10 2.52439e+11 3.8934e+10 9.21115e+10
threshold=1.0000000180025095e-35 8.5000000000000018 855.00000000000011 124.71156790688305 610.00000000000011 0.00010221962616822432 4.2500000000000009 447.50000000000006 500.50000000000006 6.5000000000000009 152.49554726004004 146.96795082418143 0.0006279205607476636 350.83532286447655 3.5000000000000004 5.5000000000000009 198.25000000000003 49.973727638524281 46.02534630120838 2.5000000000000004 0.00074474299065420576 0.0006279205607476636 0.00083235981308411226 7.3014018691588793e-05 50.010000000000012 2.5000000000000004 0 111.14110927355573 300.50000000000006 0.00021904205607476641
decision_type=10 2 10 10 10 10 2 10 10 2 10 10 10 10 2 2 10 10 10 2 10 10 10 10 10 2 9 10 10 10
left_child=-1 2 4 -3 6 -6 8 10 9 17 11 14 13 15 -8 -12 -17 18 19 -2 21 23 -22 -20 25 -19 27 -26 -28 -30
right_child=1 3 -4 -5 5 -7 7 -9 -10 -11 12 -13 -14 -15 -16 16 -18 24 20 -21 22 -23 -24 -25 26 -27 28 -29 29 -31
leaf_value=-15142.345274286687 -329.4372915164393 446.77392517694153 39950.069197591147 -38282.934487304687 7250.4555152529765 131.34206054687499 1001.8155313263899 6255.9408905029304 -3754.2383437500002 994.15655579126178 417.41001014122594 -3860.1348449707034 3561.1489374069943 -2295.2693540219911 67.528674187083013 -61.464733428955086 4332.5284306640633 -341.7104062701232 -1129.6599455880648 -16.810711226708133 -3645.8253597005205 2092.2003941127236 -734.29361204924408 -103.71894212458683 130.07314370437709 615.78804244581227 -4.5225704785844814 5924.7240606398809 -89.599175278858468 -2342.60567952474
leaf_weight=23 1713 101 27 20 21 20 159 32 25 119 65 20 21 27 2817 20 25 149 202 6447 30 42 108 325 179 553 13837 21 186 60
leaf_count=23 1713 101 27 20 21 20 159 32 25 119 65 20 21 27 2817 20 25 149 202 6447 30 42 108 325 179 553 13837 21 186 60
internal_value=-0.335214 12.3887 38.8853 -5954.83 -0.698904 3777.72 -6.39808 194.454 -33.0657 -29.1848 132.956 90.8926 930.553 527.323 117.445 1220.14 2379.64 -34.2903 -116.771 -82.4393 -513.021 -305.848 -1367.24 -496.964 14.5157 412.558 -5.04784 703.344 -15.5964 -639.113
internal_weight=27394 27371 27250 121 27223 41 27182 3186 23996 23971 3154 2996 158 137 2976 110 45 23852 8867 8160 707 569 138 527 14985 702 14283 200 14083 246
internal_count=27394 27371 27250 121 27223 41 27182 3186 23996 23971 3154 2996 158 137 2976 110 45 23852 8867 8160 707 569 138 527 14985 702 14283 200 14083 246
cat_boundaries=0 2
cat_threshold=16384 1
is_linear=0
shrinkage=0.05


Tree=86
num_leaves=31
num_cat=3
split_feature=4 3 4 4 4 1 1 2 5 4 1 1 4 0 2 4 4 3 4 4 4 3 4 0 1 4 2 1 4 4
split_gain=1.90532e+12 1.61832e+12 2.3295e+13 1.93866e+13 5.15715e+11 2.31938e+12 4.58973e+12 3.92735e+10 3.63771e+10 4.39734e+10 3.93547e+11 1.94383e+11 4.63298e+11 2.10517e+11 3.99996e+11 3.8532e+11 2.31464e+11 1.93029e+11 2.08842e+11 1.4534e+11 9.96325e+10 6.41593e+10 4.97422e+10 4.50634e+10 4.34649e+10 4.32892e+10 3.9157e+10 3.86688e+10 3.81242e+10 3.61386e+10
threshold=1.0000000180025095e-35 7.2500000000000009 855.00000000000011 157.37043019679473 500.50000000000006 4.3808411214953281e-05 0.00013142523364485984 8.5000000000000018 0 235.22696404346487 0.0010075934579439254 0.00042348130841121499 334.40804515234134 1 4.5000000000000009 350.83532286447655 391.08371961117962 3.2500000000000004 270.50726110884449 300.50000000000006 227.05000000000004 3.2500000000000004 365.25855766946296 2 7.3014018691588793e-05 122.01631930666568 3.5000000000000004 0.0018253504672897198 247.44277342203219 75.018223136952244
decision_type=10 2 10 10 10 10 10 2 9 10 10 10 10 1 2 10 10 2 10 10 10 2 10 1 10 8 2 10 8 10
left_child=-1 2 4 7 8 -6 -7 -3 -2 20 11 13 -13 14 15 17 19 18 -11 -16 23 28 -23 29 -25 26 -26 -27 -15 -10
right_child=1 3 -4 -5 5 6 -8 -9 9 10 -12 12 -14 21 16 -17 -18 -19 -20 -21 -22 22 -24 24 25 27 -28 -29 -30 -31
leaf_value=-14385.228558084238 -615.13963105337962 -372.83366612644062 47353.399729567311 -51209.353261718752 -8870.1707194010432 26734.093062160329 -2745.1097246723793 982.89864587118473 -26.739176061494529 467.67475267493211 5208.3932120513919 751.40463951958554 -8593.5386207217271 1503.5061836751302 -2315.9155776977541 7505.2191996680376 -5402.4366987304693 -1647.2081798206677 5285.9828091708105 3079.8810246394232 -3168.0742543945312 -890.00226199988163 -4050.0864819335943 -653.43217677187818 -225.03779848603119 223.95347401414207 -1236.6977411033995 -1120.2897632264255 -393.52940422665756 111.63813317477467
leaf_weight=23 235 141 26 20 24 23 31 86 17033 46 40 36 21 30 24 36 25 33 44 26 25 33 20 454 1074 871 105 57 226 6526
leaf_count=23 235 141 26 20 24 23 31 86 17033 46 40 36 21 30 24 36 25 33 44 26 25 33 20 454 1074 871 105 57 226 6526
internal_value=-0.31845 11.7693 48.4576 -4017.11 3.06944 4062.84 9810.85 140.792 -8.65011 -3.09822 406.372 86.2372 -2691.47 377.82 1472.79 2955.51 -1474.21 1623.89 2823.29 489.899 -13.1228 -483.399 -2082.49 -10.1031 -208.866 -114.066 -315.135 141.387 -171.221 11.5873
internal_weight=27394 27371 27124 247 27098 78 54 227 27020 26785 640 600 57 543 234 159 75 123 90 50 26145 309 53 26120 2561 2107 1179 928 256 23559
internal_count=27394 27371 27124 247 27098 78 54 227 27020 26785 640 600 57 543 234 159 75 123 90 50 26145 309 53 26120 2561 2107 1179 928 256 23559
cat_boundaries=0 2 3 4
cat_threshold=2230572 4 3 8
is_linear=0
shrinkage=0.05


Tree=87
num_leaves=31
num_cat=1
split_feature=4 3 4 4 4 1 1 4 1 5 4 2 4 4 2 1 4 1 4 2 4 1 1 4 4 3 1 2 4 4
split_gain=1.71954e+12 1.46052e+12 2.10238e+13 1.74964e+13 4.65435e+11 2.09324e+12 4.14223e+12 3.57866e+10 3.62193e+10 6.37499e+10 3.02246e+11 6.06628e+10 5.49764e+10 5.01791e+10 2.74841e+11 2.07445e+11 9.25173e+10 5.84839e+10 4.5127e+10 4.48835e+10 3.76851e+10 4.32661e+10 5.90436e+10 6.81962e+10 8.07406e+10 4.4555e+10 3.57309e+10 3.54443e+10 3.33324e+10 3.68509e+10
threshold=1.0000000180025095e-35 7.2500000000000009 855.00000000000011 157.37043019679473 500.50000000000006 4.3808411214953281e-05 0.00013142523364485984 15.050000000000002 0.00054030373831775709 0 176.75715347454482 5.5000000000000009 106.00440534068535 365.25855766946296 3.5000000000000004 0.00013142523364485984 447.50000000000006 7.3014018691588793e-05 122.01631930666568 4.5000000000000009 30.950000000000003 0.00059871495327102817 0.0006279205607476636 64.996677692598269 58.750000000000007 3.2500000000000004 0.00094918224299065431 8.5000000000000018 342.85821225290857 334.40804515234134
decision_type=10 2 10 10 10 10 10 10 8 9 10 2 10 10 2 10 10 10 10 2 10 10 10 10 10 2 10 2 10 8
left_child=-1 2 4 27 7 -6 -7 -2 9 10 18 20 -13 28 16 19 17 -15 -9 -16 26 -22 23 24 25 -23 -10 -3 29 -11
right_child=1 3 -4 -5 5 6 -8 8 11 13 -12 12 -14 14 15 -17 -18 -19 -20 -21 21 22 -24 -25 -26 -27 -28 -29 -30 -31
leaf_value=-13665.966915760871 -938.44195005546499 -354.19197954759534 44985.731355168275 -48648.884179687506 -8426.6625437418625 25397.387109375002 -2607.8542559223793 -418.61063142991537 81.630783351262423 -40.34128815975123 6290.7808731742534 571.64510370380219 3267.171114807129 -1391.6132953065817 212.13301130022325 -6488.5962297712058 3566.5247333233174 1892.8253216287367 1816.6324858566813 -2768.8233504585601 502.01105987363394 -1567.7004258897571 80.375474420238845 466.61204294972606 -3355.4308516652964 442.59090336390904 -863.17052366357098 933.75371867335127 1439.756871594881 -2187.6775476074217
leaf_weight=23 103 141 26 20 24 23 31 102 192 19632 23 349 20 33 28 28 26 23 29 23 576 63 5339 77 38 49 209 86 38 20
leaf_count=23 103 141 26 20 24 23 31 102 192 19632 23 349 20 33 28 28 26 23 29 23 576 63 5339 77 38 49 209 86 38 20
internal_value=-0.313754 11.1696 46.0234 -3816.26 2.90461 3859.7 9320.3 -8.22899 -4.66946 -38.762 943.122 94.0026 717.744 -46.8307 -925.978 -3030.68 1101.72 -42.6474 76.2142 -1132.22 58.8259 89.4867 46.7965 -742.975 -1363.9 -688.198 -410.797 133.752 -39.666 -42.5266
internal_weight=27394 27371 27124 247 27098 78 54 27020 26917 20005 154 6912 369 19851 161 79 82 56 131 51 6543 6142 5566 227 150 112 401 227 19690 19652
internal_count=27394 27371 27124 247 27098 78 54 27020 26917 20005 154 6912 369 19851 161 79 82 56 131 51 6543 6142 5566 227 150 112 401 227 19690 19652
cat_boundaries=0 2
cat_threshold=32800 1
is_linear=0
shrinkage=0.05


Tree=88
num_leaves=31
num_cat=2
split_feature=4 3 2 4 4 4 4 4 0 3 1 1 1 2 4 4 1 2 1 1 0 1 4 1 4 4 2 3 4 1
split_gain=1.55189e+12 1.3533e+12 4.37669e+13 1.48968e+13 1.47668e+13 1.18288e+12 5.66668e+11 3.60229e+10 2.02889e+11 1.84725e+11 1.80046e+11 3.76106e+11 2.68003e+11 2.20101e+11 8.26742e+10 7.51768e+10 6.93077e+10 3.96074e+11 5.73601e+10 7.14397e+10 3.91094e+10 5.95793e+10 7.51811e+10 1.55232e+11 5.16846e+10 6.41374e+10 3.61547e+10 7.0809e+10 4.36749e+10 3.94351e+10
threshold=1.0000000180025095e-35 6.5000000000000009 5.5000000000000009 334.40804515234134 724.50000000000011 541.00000000000011 152.49554726004004 290.50000000000006 0 3.2500000000000004 0.00010221962616822432 0.00018983644859813087 4.3808411214953281e-05 4.5000000000000009 459.79793511194481 365.25855766946296 0.00071553738317757011 3.5000000000000004 7.3014018691588793e-05 0.00030665887850467294 1 4.3808411214953281e-05 247.44277342203219 0.00013142523364485984 224.50000000000003 191.19380127490498 1.5000000000000002 1.5000000000000002 27.950000000000003 0.00016063084112149533
decision_type=10 2 2 10 10 10 10 10 1 2 10 10 10 2 10 10 10 2 10 10 1 8 10 10 10 10 2 2 10 10
left_child=-1 4 -3 6 5 7 -4 20 9 14 12 -12 13 -10 18 -14 17 -13 -9 -20 26 24 -23 -24 25 -22 28 29 -2 -28
right_child=1 2 3 -5 -6 -7 -8 8 10 -11 11 16 15 -15 -16 -17 -18 -19 19 -21 21 22 23 -25 -26 -27 27 -29 -30 -31
leaf_value=-12982.668147078804 -755.5719329391701 59123.939408874518 116.77388458251954 -43597.419199218755 -33981.371405029298 8819.7997018914484 8028.5564674377447 203.07148640950521 4622.2329307154605 -3807.9794250488285 7329.6194106158091 3782.4240747912177 -1024.5674949909078 -1756.0730480375744 2666.0318129882817 -5009.2696679687506 3116.6033052884618 -5114.3628090598368 -4164.8763842773433 -35.940096768465907 -886.47288225152522 -153.81916930053711 4985.5787381258888 -120.93643440578295 -3015.5244238281252 1628.8978754316058 -703.35059226892474 13.535908302430006 594.38957436404394 28.420717138848147
leaf_weight=23 69 32 397 20 32 38 24 99 38 39 34 29 29 21 25 20 26 22 20 22 267 2500 22 46 25 28 549 22166 455 277
leaf_count=23 69 32 397 20 32 38 24 99 38 39 34 29 29 21 25 20 26 22 20 22 267 2500 22 46 25 28 549 22166 455 277
internal_value=-0.298069 10.6111 2661.87 -1435.16 -36.0111 4.42112 567.802 -8.06526 449.146 -678.347 1468.48 2949.67 82.1247 2351.99 16.0642 -2650.98 1015.66 -55.4056 -453.788 -2002.1 -15.4072 -188.715 -109.201 1531.17 -832.71 -647.726 5.95438 -3.40249 416.627 -457.95
internal_weight=27394 27371 473 441 26898 26866 421 26828 424 205 219 111 108 59 166 49 77 51 141 42 26404 2888 2568 68 320 295 23516 22992 524 826
internal_count=27394 27371 473 441 26898 26866 421 26828 424 205 219 111 108 59 166 49 77 51 141 42 26404 2888 2568 68 320 295 23516 22992 524 826
cat_boundaries=0 1 2
cat_threshold=8 8
is_linear=0
shrinkage=0.05


Tree=89
num_leaves=31
num_cat=1
split_feature=4 4 2 4 3 4 4 4 4 4 3 2 1 3 2 2 4 4 4 4 5 4 4 3 1 2 4 4 4 4
split_gain=1.75181e+12 1.88825e+12 1.25356e+11 1.59979e+11 1.08207e+11 1.40431e+12 1.06766e+12 4.28221e+10 1.42697e+11 2.02922e+11 8.73081e+10 1.82497e+11 2.10181e+11 9.83854e+10 4.93086e+10 3.24277e+10 3.16286e+10 5.53637e+10 3.45869e+10 3.12406e+10 3.17102e+10 3.96935e+10 1.0009e+11 8.68748e+10 1.09582e+11 2.90989e+11 1.37098e+11 6.6235e+10 8.12267e+10 3.90651e+10
threshold=1186.0000000000002 724.50000000000011 8.5000000000000018 115.01092707614448 6.5000000000000009 210.01995379122039 541.00000000000011 391.08371961117962 365.25855766946296 350.83532286447655 4.2500000000000009 3.5000000000000004 0.00010221962616822432 2.5000000000000004 3.5000000000000004 5.5000000000000009 47.975000000000009 42.005000000000003 72.552914575502271 15.050000000000002 0 290.50000000000006 279.50000000000006 4.2500000000000009 0.00016063084112149533 3.5000000000000004 310.02166095522585 270.50726110884449 258.12721786829519 151.03562962108694
decision_type=8 10 2 10 2 10 10 10 10 10 2 2 10 2 2 2 10 10 10 10 9 10 10 2 10 2 10 10 10 10
left_child=1 2 4 -4 6 15 7 8 9 19 11 12 13 -9 -10 -6 17 -17 -18 -1 21 22 27 24 26 -26 -23 28 29 -21
right_child=-2 -3 3 -5 5 -7 -8 10 14 -11 -12 -13 -14 -15 -16 16 18 -19 -20 20 -22 23 -24 -25 25 -27 -28 -29 -30 -31
leaf_value=-881.38521589330105 10727.740717516448 -11790.973943014707 799.45690410293162 5671.338260498047 -1907.9091499660328 -13415.554128301712 8378.8105108963828 1180.2478891225962 -1258.62554241678 4686.2074582307241 2833.0680645751954 -3155.4022949218752 -1835.7798095703126 5573.2742043457038 -4609.6986206054689 470.63693768901214 1060.7284280127221 -2568.6974377862339 -149.59232579639979 -17.467063468205637 -447.38805470771979 866.29790048310247 -3234.6833292643232 3606.8499193274461 6378.4724673063865 -1342.2151404747597 -2761.9197143554688 2738.0765919078481 -2230.3084410132433 259.30771105457859
leaf_weight=103 38 34 107 20 23 21 38 26 23 23 40 31 32 25 21 31 91 29 168 24461 396 66 24 23 23 26 43 22 41 1345
leaf_count=103 38 34 107 20 23 21 38 26 23 23 40 31 32 25 21 31 91 29 168 24461 396 66 24 23 23 26 43 22 41 1345
internal_value=-0.283167 -15.1854 -0.531371 1566.68 -7.85022 -865.334 3.75035 -8.12739 -12.9333 -8.22649 823.238 118.034 1340.64 3333.69 -2858 -94.7065 36.026 -998.375 275.656 -12.2897 -8.90789 -2.07608 -7.23479 735.79 317.851 2281.78 -565.017 -4.24052 -6.57467 -3.04166
internal_weight=27394 27356 27322 127 27195 363 26832 26794 26640 26596 154 114 83 51 44 342 319 60 259 26573 26470 26074 25893 181 158 49 109 25869 25847 25806
internal_count=27394 27356 27322 127 27195 363 26832 26794 26640 26596 154 114 83 51 44 342 319 60 259 26573 26470 26074 25893 181 158 49 109 25869 25847 25806
cat_boundaries=0 2
cat_threshold=3194881 7
is_linear=0
shrinkage=0.05


Tree=90
num_leaves=31
num_cat=2
split_feature=4 4 2 4 3 4 4 4 4 4 1 1 2 4 2 2 1 4 0 1 3 0 4 4 1 1 4 4 1 1
split_gain=1.58101e+12 1.70414e+12 1.13135e+11 1.44381e+11 9.76546e+10 1.26739e+12 9.63569e+11 3.86477e+10 1.28784e+11 1.83138e+11 8.36052e+10 1.64437e+11 1.09695e+11 1.2235e+11 4.4501e+10 2.9266e+10 2.89235e+10 5.36594e+10 5.95937e+10 1.06304e+11 1.95686e+11 4.04774e+10 3.82192e+10 7.00128e+10 5.84804e+10 7.79892e+10 5.54787e+10 8.15675e+10 5.41149e+10 8.61763e+10
threshold=1186.0000000000002 724.50000000000011 8.5000000000000018 115.01092707614448 6.5000000000000009 210.01995379122039 541.00000000000011 391.08371961117962 365.25855766946296 350.83532286447655 0.00042348130841121499 0.00013142523364485984 4.5000000000000009 485.50000000000006 3.5000000000000004 5.5000000000000009 4.3808411214953281e-05 240.02876849523298 0 0.00018983644859813087 3.2500000000000004 1 62.510000000000012 59.0047915781523 0.0010367990654205608 0.0002774532710280374 54.955142748933561 55.013363633764975 0.0022050233644859817 0.0018253504672897198
decision_type=8 10 2 10 2 10 10 10 10 10 10 10 2 10 2 2 8 10 1 8 2 1 10 10 10 10 10 10 10 8
left_child=1 2 4 -4 6 15 7 8 9 16 11 12 13 -9 -10 -6 21 22 19 20 -19 -1 23 26 25 -25 -18 -28 29 -24
right_child=-2 -3 3 -5 5 -7 -8 10 14 -11 -12 -13 -14 -15 -16 -17 17 18 -20 -21 -22 -23 28 24 -26 -27 27 -29 -30 -31
leaf_value=-78.404704362690637 10191.352898848685 -11201.424689797794 759.48405486490128 5387.7713598632818 -1812.5136485224186 -12744.775711495537 7959.8693976151326 3596.6392053674772 -1195.6942913552991 4451.8969264818279 3797.6068041992185 -2401.6775196564504 -1735.1545654296876 -981.36566406250006 -4379.2138218470982 34.224700281986252 -51.496127176865393 6051.843243197738 86.281151148881861 -126.49498860677085 381.08721542358398 -626.7816656502572 91.194200530715577 -159.30628524835964 433.7274734840837 -1039.6964948477796 1035.9030687028271 57.580543562828183 976.55596420104257 -869.21130836486816
leaf_weight=4955 38 34 107 20 23 21 38 54 23 23 20 39 21 20 21 319 9609 29 179 45 32 352 8719 548 172 465 295 767 166 240
leaf_count=4955 38 34 107 20 23 21 38 54 23 23 20 39 21 20 21 319 9609 29 179 45 32 352 8719 548 172 465 295 767 166 240
internal_value=-0.277176 -14.4343 -0.51299 1488.35 -7.46594 -822.067 3.5545 -7.72937 -12.2951 -7.82358 782.076 331.997 1454.24 2359.34 -2715.1 -89.9712 -11.6836 14.3753 695.835 1569.02 3077.02 -116.106 5.11852 -54.0847 -418.698 -563.434 -13.5948 329.337 82.0405 65.4662
internal_weight=27394 27356 27322 127 27195 363 26832 26794 26640 26596 154 134 95 74 44 342 26573 21266 285 106 61 5307 20981 11856 1185 1013 10671 1062 9125 8959
internal_count=27394 27356 27322 127 27195 363 26832 26794 26640 26596 154 134 95 74 44 342 26573 21266 285 106 61 5307 20981 11856 1185 1013 10671 1062 9125 8959
cat_boundaries=0 1 2
cat_threshold=2 8
is_linear=0
shrinkage=0.05


Tree=91
num_leaves=31
num_cat=1
split_feature=4 3 4 4 4 1 3 4 4 4 4 3 1 4 4 2 2 4 4 2 1 4 4 1 1 4 3 1 4 5
split_gain=1.64822e+12 1.41895e+12 1.34223e+13 7.91913e+12 2.66938e+11 1.25279e+11 4.53937e+10 3.81296e+11 1.58076e+11 6.57167e+10 1.11974e+11 6.17627e+10 6.61278e+10 5.10849e+10 6.51536e+10 4.43775e+10 4.2559e+10 3.65937e+10 2.45759e+11 2.12323e+11 9.8068e+10 1.29995e+11 3.08618e+10 3.30888e+10 9.21109e+10 8.96391e+10 5.74403e+10 4.66736e+10 1.37319e+11 4.35814e+10
threshold=1.0000000180025095e-35 8.5000000000000018 855.00000000000011 124.71156790688305 610.00000000000011 0.00010221962616822432 4.2500000000000009 447.50000000000006 500.50000000000006 152.49554726004004 146.96795082418143 6.5000000000000009 0.0006279205607476636 350.83532286447655 290.50000000000006 3.5000000000000004 6.5000000000000009 365.25855766946296 350.83532286447655 3.5000000000000004 0.00021904205607476641 447.50000000000006 20.075000000000003 0.0003942757009345795 0.00042348130841121499 40.750000000000007 2.5000000000000004 0.00045268691588785053 108.01294582285483 0
decision_type=10 2 10 10 10 10 2 10 10 10 10 2 10 10 10 2 2 10 10 2 10 10 10 8 8 10 2 8 10 9
left_child=-1 2 4 -3 6 -6 8 9 16 10 15 12 13 14 -11 -8 17 18 22 20 21 -19 -2 29 25 -25 -27 28 -26 -24
right_child=1 3 -4 -5 5 -7 7 -9 -10 11 -12 -13 -14 -15 -16 -17 -18 19 -20 -21 -22 -23 23 24 27 26 -28 -29 -30 -31
leaf_value=-13379.489453125001 -563.85824553788598 300.4799011022148 35270.935995370375 -34136.543720703128 6728.6669921875 1199.2941015624999 901.50502586124821 5601.6809791564947 -4003.4248627929687 3.541789653484638 -3664.9667065429694 3390.1409755859381 3256.1635416666668 -1743.4482384314904 3207.0235398065479 42.934416887738585 917.74690354291124 -41.662972337372452 5381.0241693405878 -3957.011123422476 -2394.3320142663047 4660.2493489583339 -49.043600193714319 -50.38202253723145 -843.01551025901779 3552.6808385049148 1201.1316766643524 57.747593494206775 1297.8565605661145 -484.71895391601612
leaf_weight=23 268 101 27 20 21 20 159 32 25 65 20 25 21 26 21 2817 119 49 21 39 23 21 15203 150 403 31 160 6805 92 587
leaf_count=23 268 101 27 20 21 20 159 32 25 65 20 25 21 26 21 2817 119 49 21 39 23 21 15203 150 403 31 160 6805 92 587
internal_value=-0.274613 10.968 34.9574 -5391.59 0.0100152 4031.41 -6.07075 171.256 -29.6148 116.16 63.7471 1110.01 681.41 198.643 785.787 88.8056 -25.4704 -30.1762 -25.5562 -860.374 438.216 1368.91 -30.347 -24.2448 61.1696 864.39 1582.8 23.6493 -445.116 -65.5781
internal_weight=27394 27371 27250 121 27223 41 27182 3186 23996 3154 2996 158 133 112 86 2976 23971 23852 23720 132 93 70 23699 23431 7641 341 191 7300 495 15790
internal_count=27394 27371 27250 121 27223 41 27182 3186 23996 3154 2996 158 133 112 86 2976 23971 23852 23720 132 93 70 23699 23431 7641 341 191 7300 495 15790
cat_boundaries=0 2
cat_threshold=1083393 1
is_linear=0
shrinkage=0.05


Tree=92
num_leaves=31
num_cat=2
split_feature=4 3 4 4 4 1 4 5 4 2 1 4 4 5 4 4 1 4 1 4 4 3 1 4 1 4 4 1 4 1
split_gain=1.48751e+12 1.29322e+12 1.90015e+13 1.52412e+13 4.44442e+11 2.72837e+11 6.9091e+10 3.56496e+10 5.46133e+10 3.45027e+10 3.40182e+10 1.23696e+11 7.55838e+10 5.74273e+10 3.46794e+11 5.03523e+10 4.84445e+10 5.71334e+10 4.29011e+10 4.84854e+10 6.02345e+10 3.67415e+10 3.35526e+10 4.22316e+10 1.40443e+11 1.13406e+11 3.92975e+10 5.84522e+10 8.10897e+10 5.45657e+10
threshold=1.0000000180025095e-35 7.2500000000000009 855.00000000000011 157.37043019679473 610.00000000000011 0.00010221962616822432 500.50000000000006 0 210.01995379122039 8.5000000000000018 0.00054030373831775709 310.02166095522585 459.79793511194481 1 142.01342337501239 31.050000000000004 0.00059871495327102817 111.14110927355573 0.0006279205607476636 64.996677692598269 58.750000000000007 3.2500000000000004 0.00074474299065420576 76.026746492412926 0.00068633177570093468 81.001374035995624 71.100000000000009 0.00068633177570093468 40.750000000000007 0.00071553738317757011
decision_type=10 2 10 10 10 10 10 9 10 2 8 10 10 9 10 10 10 10 10 10 10 2 10 10 10 10 10 10 10 10
left_child=-1 2 4 9 6 -6 7 8 -2 -3 12 15 13 14 -9 -12 17 -17 19 20 21 -18 23 26 25 -25 27 28 -20 -28
right_child=1 3 -4 -5 5 -7 -8 10 -10 -11 11 -13 -14 -15 -16 16 18 -19 22 -21 -22 -23 -24 24 -26 -27 29 -29 -30 -31
leaf_value=-12710.515692934783 -345.24044532460618 -385.9029190388132 42766.976081730769 -45434.705351562501 9398.2141455078126 1139.329609375 2124.9390847457084 -174.28915392004927 -2795.6603916713175 884.81907825248186 -394.03519416853015 3533.778412334736 -2428.1626139322921 -40.64105031075345 6219.8202463003308 392.86454377817307 -1330.5778256370909 2099.4823270161946 -196.29748553251611 408.62579360961917 -2778.0759985351565 474.70684706744026 42.910180116248341 -3729.9386242675787 1741.7146470013788 -369.65012772300031 423.47892470941315 -42.751940114157549 1414.7090521370098 3154.9507131865535
leaf_weight=23 121 141 26 20 20 20 38 115 28 86 521 26 33 19794 26 534 63 54 117 80 40 51 4520 30 68 154 41 336 235 33
leaf_count=23 121 141 26 20 20 20 38 115 28 86 521 26 33 19794 26 534 63 54 117 80 40 51 4520 30 68 154 41 336 235 33
internal_value=-0.270619 10.4099 43.2068 -3591.14 2.21415 5268.77 -5.57143 -8.56771 -755.048 95.516 -4.14593 91.535 -37.2252 -33.2673 938.226 78.5208 117.256 549.595 73.1828 -589.954 -1108.7 -522.95 101.223 361.157 -199.951 -917.523 546.721 428.961 879.232 1641.57
internal_weight=27394 27371 27124 247 27098 40 27058 27020 149 227 26871 6903 19968 19935 141 6877 6356 588 5768 234 154 114 5534 1014 252 184 762 688 352 74
internal_count=27394 27371 27124 247 27098 40 27058 27020 149 227 26871 6903 19968 19935 141 6877 6356 588 5768 234 154 114 5534 1014 252 184 762 688 352 74
cat_boundaries=0 2 4
cat_threshold=131084 4 32768 1
is_linear=0
shrinkage=0.05


Tree=93
num_leaves=31
num_cat=2
split_feature=4 4 2 4 3 4 4 4 4 4 1 2 1 1 2 5 4 4 1 1 0 4 4 4 4 4 1 1 1 1
split_gain=1.48489e+12 2.13673e+12 1.38627e+11 2.6049e+11 7.8553e+10 1.08027e+12 7.96393e+11 3.659e+10 1.1137e+11 1.43274e+11 7.38081e+10 2.71605e+11 2.01354e+11 1.44928e+11 3.80153e+10 2.63015e+10 3.14313e+10 7.30496e+10 4.66449e+10 4.75819e+10 4.50405e+10 4.65222e+10 4.57535e+10 4.42744e+10 4.63019e+10 1.48431e+11 9.79956e+10 9.38468e+10 1.34957e+11 7.77588e+10
threshold=1186.0000000000002 724.50000000000011 8.5000000000000018 115.01092707614448 6.5000000000000009 210.01995379122039 541.00000000000011 391.08371961117962 365.25855766946296 350.83532286447655 7.3014018691588793e-05 3.5000000000000004 0.00016063084112149533 0.00042348130841121499 3.5000000000000004 0 151.03562962108694 148.81200982779711 4.3808411214953281e-05 0.0015040887850467292 1 130.27467500124359 134.01904820009949 124.71156790688305 100.09435955727518 99.954431178623565 0.00083235981308411226 0.00051109813084112166 0.00042348130841121499 0.00097838785046728996
decision_type=8 10 2 10 2 10 10 10 10 10 10 2 10 10 2 9 10 10 8 10 1 10 10 10 10 10 10 10 10 10
left_child=1 2 4 -4 6 -6 7 8 9 15 11 -9 -12 -14 -10 16 17 20 -18 -20 21 23 -23 24 25 -1 27 28 -27 -28
right_child=-2 -3 3 -5 5 -7 -8 10 14 -11 12 -13 13 -15 -16 -17 18 -19 19 -21 -22 22 -24 -25 -26 26 29 -29 -30 -31
leaf_value=16.624431735055865 9876.7075863486843 -12540.64942555147 670.69133815587122 6887.3994744873053 -60.791585942318569 -11744.117387462798 7237.0608231393917 2307.9910640272988 -1120.013414465863 3937.848553201427 5774.4039232336963 -3672.1338608685664 -1798.6948077033549 3565.3080761718757 -4062.4134870256698 -409.50977791753309 -201.41731767802506 -989.45946720043821 530.11789097912367 -342.96133217225105 -246.88871772318777 1939.4590700461649 334.14788008316708 -718.06938940084206 302.64080188693561 -468.26774091235131 -4922.069810267858 1576.7750104118795 -3502.2561473357378 -1422.3940507155201
leaf_weight=19984 38 34 107 20 342 21 38 43 23 23 23 34 34 20 21 396 483 192 943 187 1849 55 230 212 1257 609 21 51 39 65
leaf_count=19984 38 34 107 20 342 21 38 43 23 23 23 34 34 20 21 396 483 192 943 187 1849 55 230 212 1257 609 21 51 39 65
internal_value=-0.257833 -13.9778 1.61057 1649.7 -6.08597 -736.686 3.79805 -6.46036 -10.9028 -6.74466 762.032 -332.584 1856.65 187.973 -2524.34 -10.1589 -3.95961 -18.0009 209.847 385.635 -10.3478 9.17628 643.945 1.04527 7.96675 -9.86778 -684.289 -488.337 -650.869 -2276.97
internal_weight=27394 27356 27322 127 27195 363 26832 26794 26640 26596 154 77 77 54 44 26573 26177 24564 1613 1130 24372 22523 285 22238 22026 20769 785 699 648 86
internal_count=27394 27356 27322 127 27195 363 26832 26794 26640 26596 154 77 77 54 44 26573 26177 24564 1613 1130 24372 22523 285 22238 22026 20769 785 699 648 86
cat_boundaries=0 2 3
cat_threshold=3194881 7 8
is_linear=0
shrinkage=0.05


Tree=94
num_leaves=31
num_cat=3
split_feature=4 3 2 4 4 4 4 5 4 0 2 1 1 1 3 3 4 1 4 4 4 1 1 1 4 4 0 4 2 3
split_gain=1.45454e+12 1.30405e+12 3.98142e+13 1.38699e+13 1.37513e+13 7.92911e+11 7.18719e+11 2.814e+10 4.79147e+10 2.94676e+11 3.13151e+11 2.77312e+11 7.22675e+11 3.8398e+11 1.62914e+11 1.46476e+11 1.06895e+11 9.0453e+10 7.54976e+10 7.54516e+10 6.00009e+10 5.57269e+10 6.58559e+10 3.2449e+10 2.71203e+10 7.21449e+10 2.75014e+10 3.83354e+10 3.28578e+10 5.97396e+10
threshold=1.0000000180025095e-35 6.5000000000000009 5.5000000000000009 724.50000000000011 334.40804515234134 152.49554726004004 541.00000000000011 0 290.50000000000006 1 4.5000000000000009 0.00010221962616822432 0.00024824766355140192 4.3808411214953281e-05 4.2500000000000009 3.2500000000000004 279.50000000000006 0.00013142523364485984 270.50726110884449 459.79793511194481 258.12721786829519 7.3014018691588793e-05 0.00030665887850467294 7.3014018691588793e-05 235.22696404346487 227.05000000000004 2 123.02468001013929 1.5000000000000002 1.5000000000000002
decision_type=10 2 2 10 10 10 10 9 10 1 2 10 10 10 2 2 10 10 10 10 10 10 10 10 10 10 1 10 2 2
left_child=-1 3 -3 6 5 -4 7 -2 16 10 11 13 -13 -10 -12 19 18 -16 20 21 24 -11 -23 -22 25 26 28 -28 -9 -30
right_child=1 2 4 -5 -6 -7 -8 8 9 15 14 12 -14 -15 17 -17 -18 -19 -20 -21 23 22 -24 -25 -26 -27 27 -29 29 -31
leaf_value=-12568.824745244565 -505.53715269437402 56464.967997741704 96.112401234893412 -32933.700671386723 -41803.524833984382 9454.9584622701004 6875.2079467773438 401.65285396139132 4994.5461569393383 75.487764620540119 -3539.8875651041667 13292.889728338068 867.52298632812517 -3168.280538574219 3650.6305797230111 -3528.3024163661862 -3416.0153394616168 -995.37657699584963 2921.9533558238636 2408.476384765625 -3221.7405240145599 -4174.5968115234382 -210.30513583096592 -439.02370239257817 615.06995506068642 -2641.9676574707032 -331.74023194740562 61.230513778106413 -419.97145297045785 16.731692948868123
leaf_weight=23 269 32 397 32 20 24 38 524 34 99 27 22 25 25 22 39 23 20 22 25 22 20 22 20 175 26 1450 1085 812 22020
leaf_count=23 269 32 397 32 20 24 38 524 34 99 27 22 25 25 22 39 23 20 22 25 22 20 22 20 175 26 1450 1085 812 22020
internal_value=-0.256919 10.3045 2612.86 -35.4613 -1294.77 629.633 3.72364 -6.00934 -0.759298 556.661 1997.67 3818.29 6683.65 1535.72 -509.719 -735.057 -8.8508 1438.25 -5.85475 -123.093 -8.31942 -571.953 -2098.06 -1896.64 -5.27982 -9.46862 -6.82504 -162.903 10.1807 1.20073
internal_weight=27394 27371 473 26898 441 421 26866 26828 26559 380 175 106 47 59 69 205 26179 42 26156 166 26134 141 42 42 26092 25917 25891 2535 23356 22832
internal_count=27394 27371 473 26898 441 421 26866 26828 26559 380 175 106 47 59 69 205 26179 42 26156 166 26134 141 42 42 26092 25917 25891 2535 23356 22832
cat_boundaries=0 2 3 4
cat_threshold=69337132 4 3 8
is_linear=0
shrinkage=0.05


Tree=95
num_leaves=31
num_cat=0
split_feature=4 4 2 4 3 4 4 2 4 4 4 3 2 1 3 2 4 4 4 4 4 1 1 1 4 1 3 4 4 4
split_gain=1.57296e+12 1.49451e+12 1.21057e+11 2.22765e+11 1.1469e+11 9.29363e+11 6.4867e+11 1.75811e+11 3.0422e+10 9.95089e+10 1.27162e+11 7.09215e+10 1.37333e+11 1.59925e+11 8.64722e+10 3.24106e+10 2.88487e+10 5.00699e+10 3.09166e+10 2.55884e+10 7.02549e+10 6.88198e+10 6.80025e+10 6.59194e+10 7.1243e+10 6.59039e+10 5.59338e+10 5.90978e+10 5.68343e+10 5.33597e+10
threshold=1186.0000000000002 724.50000000000011 8.5000000000000018 115.01092707614448 6.5000000000000009 210.01995379122039 541.00000000000011 5.5000000000000009 391.08371961117962 365.25855766946296 350.83532286447655 4.2500000000000009 3.5000000000000004 0.00010221962616822432 2.5000000000000004 3.5000000000000004 47.975000000000009 42.005000000000003 72.552914575502271 63.850000000000001 59.968473166229138 0.0022050233644859817 0.0018253504672897198 0.0003942757009345795 64.035264419072533 0.00033586448598130848 2.5000000000000004 84.98579275090411 74.750000000000014 54.955142748933561
decision_type=8 10 2 10 2 10 10 2 10 10 10 2 2 10 2 2 10 10 10 10 10 10 10 8 10 10 2 10 10 10
left_child=1 2 4 -4 6 7 8 -6 9 10 19 12 13 14 -10 -11 17 -9 -18 20 29 22 23 24 -21 -26 27 -27 -28 -1
right_child=-2 -3 3 -5 5 -7 -8 16 11 15 -12 -13 -14 -15 -16 -17 18 -19 -20 21 -22 -23 -24 -25 25 26 28 -29 -30 -31
leaf_value=-48.688939879398923 10165.396885279606 -10490.737327665442 633.4268686223254 6382.3742822265631 -4486.3538611370586 -11101.021912202383 6531.4482775236429 449.10310294858874 839.54017615685098 -1089.0471265709918 3710.2116784137233 2506.3145257568358 -2780.3379646547382 -1650.8757904052736 4958.0179140625005 -3805.9007215227402 1011.0927489228302 -2441.2712006667566 -133.20835918244862 880.63204772517372 -360.08656229104298 1120.1262995402019 -799.72358983463278 242.8908904643086 -16.727767318917586 -1029.3806244880923 353.06874370272203 1912.3818436472041 -1332.1739308172785 286.35525469300069
leaf_weight=11600 38 34 107 20 23 21 38 31 26 23 23 40 31 32 25 21 91 29 168 212 1658 147 241 3178 7838 31 63 38 243 1324
leaf_count=11600 38 34 107 20 23 21 38 31 26 23 23 40 31 32 25 21 91 29 168 212 1658 147 241 3178 7838 31 63 38 243 1324
internal_value=-0.253307 -14.3743 -1.33735 1538.77 -8.52963 -891.327 3.41341 -264.416 -5.84483 -9.89561 -5.96507 694.887 59.2982 1119.89 2858.4 -2385.73 39.9867 -947.911 268.843 -9.18157 -53.6745 44.9253 31.5806 48.8472 -24.3482 -47.7082 -695.241 590.72 -985.212 -14.3653
internal_weight=27394 27356 27322 127 27195 363 26832 342 26794 26640 26596 154 114 83 51 44 319 60 259 26573 14582 11991 11844 11603 8425 8213 375 69 306 12924
internal_count=27394 27356 27322 127 27195 363 26832 342 26794 26640 26596 154 114 83 51 44 319 60 259 26573 14582 11991 11844 11603 8425 8213 375 69 306 12924
is_linear=0
shrinkage=0.05


Tree=96
num_leaves=31
num_cat=1
split_feature=4 3 4 4 4 1 1 4 4 4 4 2 4 4 4 4 3 4 4 4 4 0 1 1 1 2 1 1 1 1
split_gain=1.42686e+12 1.25899e+12 1.18122e+13 6.82498e+12 3.46838e+11 7.73368e+10 3.89294e+10 8.68101e+11 6.14725e+11 7.57533e+10 5.733e+10 5.57443e+10 3.39651e+11 8.20755e+10 5.99716e+10 1.46117e+11 9.28977e+10 5.35968e+10 4.31154e+10 4.09991e+10 5.29169e+10 3.3651e+10 3.36488e+10 3.13826e+10 3.78744e+10 3.00461e+10 2.64197e+10 1.18825e+11 9.00519e+10 5.22628e+10
threshold=1.0000000180025095e-35 8.5000000000000018 855.00000000000011 124.71156790688305 610.00000000000011 0.00010221962616822432 4.3808411214953281e-05 485.50000000000006 500.50000000000006 350.83532286447655 320.50000000000006 5.5000000000000009 290.50000000000006 447.50000000000006 391.08371961117962 365.25855766946296 3.2500000000000004 45.979359282938951 130.27467500124359 119.35000000000001 170.00423548663119 0 0.0010952102803738321 0.0016501168224299068 0.0020297897196261687 3.5000000000000004 0.0016793224299065422 0.0018253504672897198 0.0019713785046728978 0.001752336448598131
decision_type=10 2 10 10 10 10 8 10 10 10 10 2 10 10 10 10 2 10 10 10 10 1 10 10 10 2 10 10 10 10
left_child=-1 2 4 -3 6 -6 7 9 11 10 -2 13 17 14 15 18 -16 22 21 -19 -21 26 -13 -20 -25 -23 -8 29 -29 -28
right_child=1 3 -4 -5 5 -7 8 -9 -10 -11 -12 12 -14 -15 16 -17 -18 19 23 20 -22 25 -24 24 -26 -27 27 28 -30 -31
leaf_value=-12448.653430706523 -97.750307795368229 205.51768010205561 33087.956568287038 -31764.109140625005 6714.5566231863841 2370.1496093750002 -14.915784930376834 -10272.36099562872 8020.8594401041673 1583.9692402853896 -2779.7137915039066 -526.63294530456324 6372.3503662109379 -2295.865565686348 -347.90239562988285 -3903.061063639323 4150.2528142755682 588.68397317521715 282.79809415099209 -1340.0843233702615 1569.9592704409645 -185.59491962531376 872.50605013978259 -875.0542797023968 1141.7385123417296 -1023.1094471898573 945.7825276913851 -1721.1704812754758 227.54657298017852 3040.9344055175784
leaf_weight=23 5373 101 27 20 21 20 16387 21 24 67 20 273 23 39 24 24 22 680 1789 61 21 1394 51 118 29 116 92 69 421 44
leaf_count=23 5373 101 27 20 21 20 16387 21 24 67 20 273 23 39 24 24 22 680 1789 61 21 1394 51 118 29 116 92 69 421 44
internal_value=-0.240636 10.2198 32.8166 -5078.72 0.0322196 4595.33 -6.89911 -125.962 23.1726 -86.9379 -107.696 14.3179 359.621 -4.30047 0.0529354 -3.99693 1803.39 232.28 0.576972 461.324 -594.829 -22.8891 -306.398 225.093 -477.184 -248.289 -2.73603 316.053 -46.8646 1623.63
internal_weight=27394 27371 27250 121 27223 41 27182 5481 21701 5460 5393 21677 1109 20568 20529 20483 46 1086 20459 762 82 18523 324 1936 147 1510 17013 626 490 136
internal_count=27394 27371 27250 121 27223 41 27182 5481 21701 5460 5393 21677 1109 20568 20529 20483 46 1086 20459 762 82 18523 324 1936 147 1510 17013 626 490 136
cat_boundaries=0 1
cat_threshold=8
is_linear=0
shrinkage=0.05


Tree=97
num_leaves=31
num_cat=1
split_feature=4 4 2 4 3 4 4 2 4 4 4 1 1 2 4 2 4 4 4 4 5 1 4 4 4 4 3 3 4 2
split_gain=1.43877e+12 1.58295e+12 1.32888e+11 2.84071e+11 1.05208e+11 8.65152e+11 5.52195e+11 1.53373e+11 2.73544e+10 8.5176e+10 1.11684e+11 6.87171e+10 1.3271e+11 9.32818e+10 9.86261e+10 2.8893e+10 2.54932e+10 4.53022e+10 2.65786e+10 2.49259e+10 2.40248e+10 2.79748e+10 5.88513e+10 3.77459e+10 2.77244e+10 8.29949e+10 6.3686e+10 1.02834e+11 1.91373e+11 6.27472e+10
threshold=1186.0000000000002 724.50000000000011 8.5000000000000018 115.01092707614448 6.5000000000000009 210.01995379122039 541.00000000000011 5.5000000000000009 391.08371961117962 365.25855766946296 350.83532286447655 0.00042348130841121499 0.00013142523364485984 4.5000000000000009 485.50000000000006 3.5000000000000004 47.975000000000009 42.005000000000003 72.552914575502271 15.050000000000002 0 0.00021904205607476641 240.02876849523298 156.03962222900353 290.50000000000006 279.50000000000006 4.2500000000000009 3.2500000000000004 310.02166095522585 3.5000000000000004
decision_type=8 10 2 10 2 10 10 2 10 10 10 10 10 2 10 2 10 10 10 10 9 10 10 10 10 10 2 2 10 2
left_child=1 2 4 -4 6 7 8 -6 9 10 19 12 13 14 -10 -11 17 -9 -18 -1 24 23 -23 -22 25 -21 27 29 -29 -26
right_child=-2 -3 3 -5 5 -7 -8 16 11 15 -12 -13 -14 -15 -16 -17 18 -19 -20 20 21 22 -24 -25 26 -27 -28 28 -30 -31
leaf_value=-784.48153551712778 9722.1396175986847 -10795.614774816177 590.93112614711879 7082.9354223632808 -4191.8371730638592 -10704.051920282274 6026.6408896998364 435.9808081842238 3205.1784270109956 -982.58146813434109 3477.5225522248643 3393.3889013671878 -2204.3710414788661 -1681.4676711309523 -905.08823150634771 -3547.7693033854166 939.15599479256093 -2313.340692349138 -121.83296453385127 -0.79307446405513327 -291.13995885245407 -340.14561655781853 2210.0132641601563 -2006.3622510627465 1751.0155962656781 -2942.4457168579102 3075.6573284646743 1527.1627856445314 -5389.7184997558597 -773.25120117187498
leaf_weight=103 38 34 107 20 23 21 38 31 54 23 23 20 39 21 20 21 91 29 168 25869 79 238 25 54 83 24 23 20 20 35
leaf_count=103 38 34 107 20 23 21 38 31 54 23 23 20 39 21 20 21 91 29 168 25869 79 238 25 54 83 24 23 20 20 35
internal_value=-0.228605 -13.7339 -0.316697 1613.29 -7.85222 -853.371 3.58648 -248.504 -4.95558 -8.79671 -5.16024 659.509 251.467 1259.65 2094.3 -2206.88 35.8112 -892.858 250.947 -8.17464 -5.15388 -386.818 -97.7351 -987.546 0.790706 -3.51967 617.456 259.616 -1931.28 1002.29
internal_weight=27394 27356 27322 127 27195 363 26832 342 26794 26640 26596 154 134 95 74 44 319 60 259 26573 26470 396 263 133 26074 25893 181 158 40 118
internal_count=27394 27356 27322 127 27195 363 26832 342 26794 26640 26596 154 134 95 74 44 319 60 259 26573 26470 396 263 133 26074 25893 181 158 40 118
cat_boundaries=0 2
cat_threshold=3194881 7
is_linear=0
shrinkage=0.05


Tree=98
num_leaves=31
num_cat=1
split_feature=4 3 2 4 4 4 4 5 4 4 1 4 1 3 4 4 4 1 1 4 1 4 1 1 2 4 4 1 1 1
split_gain=1.39578e+12 1.21121e+12 3.63702e+13 1.26272e+13 1.25567e+13 8.19955e+11 4.98373e+11 2.71696e+10 3.77948e+10 3.53746e+10 2.56784e+10 9.35921e+10 5.93217e+11 7.49996e+10 6.3805e+10 4.72489e+10 1.50255e+11 5.36688e+10 8.91159e+10 8.79426e+10 6.88203e+10 5.23467e+10 7.06746e+10 1.01599e+11 4.8157e+10 4.62098e+10 5.15377e+10 4.49491e+10 4.08303e+10 1.46384e+11
threshold=1.0000000180025095e-35 6.5000000000000009 5.5000000000000009 334.40804515234134 724.50000000000011 157.37043019679473 541.00000000000011 0 264.62970034264117 485.50000000000006 0.00010221962616822432 310.02166095522585 0.00024824766355140192 4.2500000000000009 365.25855766946296 103.21237045295018 99.954431178623565 0.0012412383177570097 0.0012996495327102806 113.00399063767009 0.0014748831775700936 69.038019451812573 0.0031103971962616827 0.0018983644859813086 2.5000000000000004 116.06391675956895 113.00399063767009 0.0010075934579439254 0.00068633177570093468 0.00065712616822429925
decision_type=10 2 2 10 10 10 10 9 10 10 8 10 10 2 10 10 10 10 10 10 10 10 10 10 2 10 10 10 10 10
left_child=-1 4 -3 5 6 -4 7 8 -2 10 -9 15 14 -14 -13 16 21 25 19 -19 -20 -12 23 28 -18 26 -17 -27 29 -23
right_child=1 2 3 -5 -6 -7 -8 9 -10 -11 11 12 13 -15 -16 17 24 18 20 -21 -22 22 -24 -25 -26 27 -28 -29 -30 -31
leaf_value=-12312.328192934783 -234.95012594813068 53988.595513153079 109.46169315328575 -40034.1728515625 -31336.09450683594 10024.817218572443 5725.3083239103617 -69.457443577820968 -1946.515050106957 1565.7485171000162 -29.072798258455197 8015.8812695312508 -3115.3314670872046 571.15941030328929 4192.011204020182 505.5143244934082 404.23247105189733 -4478.8741815476196 1323.0977736912419 -783.51406444604845 -228.81433795486365 158.21686445091302 1489.9412223371489 -2226.9584661310369 -999.77423779680748 160.88343991119268 1782.1780478690434 1593.7949810630398 531.82607032409408 -2323.9165141121284
leaf_weight=23 139 32 399 20 32 22 38 9338 42 36 11047 20 37 22 24 340 70 21 89 69 362 2264 103 44 479 1374 103 57 687 61
leaf_count=23 139 32 399 20 32 22 38 9338 42 36 11047 20 37 22 24 340 70 21 89 69 362 2264 103 44 479 1374 103 57 687 61
internal_value=-0.217174 10.1288 2518.34 -1216.47 -33.9779 627.604 3.30591 -4.79891 -599.014 -0.537701 -2.65681 33.4564 1536.16 -1740.71 5930.13 24.442 -9.11396 229.46 -209.231 -1645.76 77.4388 22.2525 201.737 158.319 -820.757 356.104 802.346 217.96 193.164 93.0942
internal_weight=27394 27371 473 441 26898 421 26866 26828 181 26647 26611 17273 103 59 44 17170 14755 2415 541 90 451 14206 3159 3056 549 1874 443 1431 3012 2325
internal_count=27394 27371 473 441 26898 421 26866 26828 181 26647 26611 17273 103 59 44 17170 14755 2415 541 90 451 14206 3159 3056 549 1874 443 1431 3012 2325
cat_boundaries=0 2
cat_threshold=2228236 4
is_linear=0
shrinkage=0.05


Tree=99
num_leaves=31
num_cat=3
split_feature=4 4 2 4 3 4 4 2 5 4 0 2 4 3 1 2 1 3 4 4 4 1 4 1 4 4 4 0 1 2
split_gain=1.52014e+12 1.07557e+12 1.16118e+11 2.44109e+11 1.42521e+11 7.45004e+11 4.49766e+11 3.85138e+11 2.45287e+10 4.24463e+10 3.03048e+11 2.07691e+11 2.21289e+11 1.57984e+11 1.56468e+11 6.04066e+11 1.42047e+11 1.30575e+11 8.01192e+10 5.63685e+10 5.13969e+10 3.76107e+10 8.98856e+10 3.69704e+10 3.41098e+10 2.6888e+10 6.34209e+10 2.95872e+10 3.19727e+10 4.78988e+10
threshold=1186.0000000000002 724.50000000000011 8.5000000000000018 115.01092707614448 6.5000000000000009 210.01995379122039 541.00000000000011 5.5000000000000009 0 270.50726110884449 1 4.5000000000000009 391.08371961117962 4.2500000000000009 0.00016063084112149533 3.5000000000000004 0.00013142523364485984 3.2500000000000004 459.79793511194481 391.08371961117962 258.12721786829519 7.3014018691588793e-05 300.50000000000006 0.00010221962616822432 264.62970034264117 235.22696404346487 227.05000000000004 2 0.00021904205607476641 1.5000000000000002
decision_type=8 10 2 10 2 10 10 2 9 10 1 2 10 2 10 2 10 2 10 10 10 10 10 10 10 10 10 1 10 2
left_child=1 2 4 -4 6 7 8 -6 24 20 11 12 14 -13 15 -11 -15 18 21 -19 25 -12 -23 -22 -1 26 27 -10 29 -29
right_child=-2 -3 3 -5 5 -7 -8 -9 9 10 17 13 -14 16 -16 -17 -18 19 -20 -21 23 22 -24 -25 -26 -27 -28 28 -30 -31
leaf_value=-223.20262008776768 9993.3120271381576 -8901.6110983455892 557.60858961444035 6575.6700415039058 -6681.6751740828813 -10135.288187081474 5439.0428171258227 17.66866729879828 10.511958372990927 -5135.1500767299112 -159.19816847979013 -2956.6324628276211 6357.0481385926942 4645.5612351190475 4239.068733215332 4996.4612304687507 -1242.2433576965332 -1590.0257405820103 2411.634033203125 -5219.4983789062499 -2978.7729692382813 640.29495971679694 -3856.8436958007815 -94.621195068359384 -1849.189259265718 608.48293959138084 -2431.896167896412 -2515.0653057391828 -34.488858678949612 -339.03422970292377
leaf_weight=139 38 34 107 20 23 21 38 319 23325 28 118 31 37 21 40 31 20 23 25 20 25 20 25 20 42 177 27 26 1649 925
leaf_count=139 38 34 107 20 23 21 38 319 23325 28 118 31 37 21 40 31 20 23 25 20 25 20 25 20 42 177 27 26 1649 925
internal_value=-0.206319 -14.0882 -3.02844 1505.33 -10.0725 -994.169 3.24101 -432.872 -4.4682 -0.414294 487.165 1820.81 3057.94 -263.107 1824.94 188.239 1773.46 -759.628 -223.988 -3278.15 -8.59232 -628.224 -1858.12 -1696.93 -569.063 -5.68463 -9.87343 -7.35097 -167 -398.526
internal_weight=27394 27356 27322 127 27195 363 26832 342 26794 26613 439 208 136 72 99 59 41 231 188 43 26174 163 45 45 181 26129 25952 25925 2600 951
internal_count=27394 27356 27322 127 27195 363 26832 342 26794 26613 439 208 136 72 99 59 41 231 188 43 26174 163 45 45 181 26129 25952 25925 2600 951
cat_boundaries=0 2 3 4
cat_threshold=2228236 4 3 8
is_linear=0
shrinkage=0.05


Tree=100
num_leaves=31
num_cat=0
split_feature=4 4 2 4 3 2 4 4 4 4 1 1 2 4 4 1 4 1 1 4 4 1 4 2 1 4 1 4 4 4
split_gain=1.37193e+12 9.70706e+11 1.04796e+11 2.20308e+11 1.28625e+11 6.73596e+11 4.05914e+11 1.75793e+11 2.43084e+10 6.35921e+10 5.35539e+10 5.49771e+10 5.04131e+10 6.1572e+10 1.38625e+11 4.79765e+10 3.38587e+11 9.52883e+10 1.30971e+11 5.6481e+10 4.79371e+10 2.9124e+11 1.11517e+11 8.70249e+10 4.53442e+11 8.53894e+10 4.65353e+10 4.41805e+10 4.16128e+10 5.74085e+10
threshold=1186.0000000000002 724.50000000000011 8.5000000000000018 115.01092707614448 6.5000000000000009 5.5000000000000009 541.00000000000011 172.02061742158364 63.850000000000001 59.968473166229138 0.0022050233644859817 0.0018253504672897198 2.5000000000000004 54.955142748933561 55.013363633764975 0.0010075934579439254 247.44277342203219 0.0012412383177570097 0.0012996495327102806 151.03562962108694 365.25855766946296 0.00036507009345794397 350.83532286447655 3.5000000000000004 0.00010221962616822432 447.50000000000006 0.0031103971962616827 67.050000000000011 50.010000000000012 49.973727638524281
decision_type=8 10 2 10 2 2 10 10 10 10 10 10 2 10 10 10 10 10 10 10 10 10 10 2 10 10 10 10 10 10
left_child=1 2 4 -4 6 -6 8 -7 9 12 11 15 -1 26 -15 20 17 -17 19 -19 22 23 -10 25 -25 -22 28 -12 29 -14
right_child=-2 -3 3 -5 5 7 -8 -9 10 -11 27 -13 13 14 -16 16 -18 18 -20 -21 21 -23 -24 24 -26 -27 -28 -29 -30 -31
leaf_value=-215.17737780238042 9493.6476356907897 -8456.5297564338234 529.72816268350482 6246.8864087295533 -8542.5453608760126 -46.177848031249226 5167.0911364103622 -4879.9091503906257 25.835166685104284 -339.34798477228071 -554.22325230189733 -711.36435339203524 -2.6647524054605602 1282.9901303022336 39.543775340600234 1095.4356956148904 6652.9935267857145 -2780.2049316406251 219.55443348982033 -419.77537348321152 -270.10617910531852 -5577.8881612141931 3589.3908402876423 -3988.6674107142858 4521.4442678700325 2824.8803591997198 -2039.7720877511163 1480.9474899905069 -313.11783023284653 467.52317050993025
leaf_weight=2439 38 34 107 20 27 316 38 20 10503 1658 35 241 7696 312 796 252 21 55 734 47 52 27 22 49 23 39 28 112 944 709
leaf_count=2439 38 34 107 20 27 316 38 20 10503 1658 35 241 7696 312 796 252 21 55 734 47 52 27 22 49 23 39 28 112 944 709
internal_value=-0.195809 -13.3836 -2.87682 1430.07 -9.56864 -944.46 3.07915 -333.9 -4.24459 -47.8273 47.7963 36.2387 -10.4286 37.1997 389.684 51.4765 364.54 243.164 -13.7413 -1692.56 19.0745 -768.051 33.2839 28.6707 -1270.16 1056.32 -4.45034 996.383 1.64539 36.9977
internal_weight=27394 27356 27322 127 27195 363 26832 336 26794 14582 12212 12065 12924 10485 1108 11824 1109 1088 836 102 10715 190 10525 163 72 91 9377 147 9349 8405
internal_count=27394 27356 27322 127 27195 363 26832 336 26794 14582 12212 12065 12924 10485 1108 11824 1109 1088 836 102 10715 190 10525 163 72 91 9377 147 9349 8405
is_linear=0
shrinkage=0.05


Tree=101
num_leaves=31
num_cat=3
split_feature=4 3 4 3 4 3 4 4 2 5 4 4 0 2 4 1 1 2 3 4 4 4 1 4 1 3 4 4 0 2
split_gain=1.47831e+12 1.23156e+12 1.17234e+13 2.49052e+13 6.47643e+12 1.14583e+11 6.36033e+11 3.66378e+11 2.90426e+11 2.26196e+10 3.26071e+10 2.62295e+10 2.57286e+11 2.30309e+11 1.99884e+11 1.49505e+11 1.38908e+11 5.47275e+11 1.08117e+11 6.87285e+10 4.83234e+10 4.6964e+10 4.06592e+10 6.67555e+10 3.29635e+10 2.52104e+10 2.34525e+10 5.72158e+10 2.7496e+10 3.06821e+10
threshold=1.0000000180025095e-35 8.5000000000000018 724.50000000000011 5.2500000000000009 124.71156790688305 6.5000000000000009 210.01995379122039 541.00000000000011 5.5000000000000009 0 264.62970034264117 270.50726110884449 1 4.5000000000000009 391.08371961117962 7.3014018691588793e-05 0.00016063084112149533 3.5000000000000004 3.2500000000000004 459.79793511194481 391.08371961117962 258.12721786829519 7.3014018691588793e-05 300.50000000000006 0.00010221962616822432 1.5000000000000002 235.22696404346487 227.05000000000004 2 1.5000000000000002
decision_type=10 2 10 2 10 2 10 10 2 9 10 10 1 2 10 10 10 2 2 10 10 10 10 10 10 2 10 10 1 2
left_child=-1 2 5 -4 -3 7 8 9 -7 10 -2 21 13 14 16 -15 17 -13 19 22 -20 26 25 -24 -23 -14 27 28 29 -11
right_child=1 4 3 -5 -6 6 -8 -9 -10 11 -12 12 18 15 -16 -17 -18 -19 20 -21 -22 24 23 -25 -26 -27 -28 -29 -30 -31
leaf_value=-12671.059527853262 -207.77892564183517 124.81138607818303 -15386.883535156252 60160.731656901044 -31017.786552734378 -5909.3517012162647 -9349.6461170014882 4908.7368112664471 44.435091743083916 389.90305524927976 -1797.5449261983235 -4878.0990304129473 -1568.9435484619141 -3139.9149322509766 6038.3472220755912 1420.3755692644818 4005.6382575988773 4765.498525705646 -1493.3814607039742 2163.4354287109377 -4853.8838183593753 -2831.1260771484376 166.40151657831103 -3657.5539833221442 -107.74978149414062 219.55707561533939 569.51958900925808 -2308.4697428385421 -159.46990285089581 2.9358728307564945
leaf_weight=23 139 101 20 24 20 22 21 38 297 524 42 28 25 32 37 41 40 31 23 25 20 25 21 25 20 93 177 27 2601 22832
leaf_count=23 139 101 20 24 20 22 21 38 297 524 42 28 25 32 37 41 40 31 23 25 20 25 21 25 20 93 177 27 2601 22832
internal_value=-0.186019 10.4614 32.8106 25820.9 -5022.73 -8.89626 -921.033 2.64719 -366.171 -4.30194 -546.483 -0.413937 381.99 1609.8 2902.85 -578.656 1731 188.876 -760.697 -278.642 -3056.41 -6.84926 -650.91 -1911.84 -1620.74 -159.363 -4.07318 -7.98043 -5.5875 11.6126
internal_weight=27394 27371 27250 44 121 27206 340 26866 319 26828 181 26647 441 209 136 73 99 59 232 189 43 26206 164 46 45 118 26161 25984 25957 23356
internal_count=27394 27371 27250 44 121 27206 340 26866 319 26828 181 26647 441 209 136 73 99 59 232 189 43 26206 164 46 45 118 26161 25984 25957 23356
cat_boundaries=0 2 3 4
cat_threshold=2228236 4 3 8
is_linear=0
shrinkage=0.05


Tree=102
num_leaves=31
num_cat=1
split_feature=4 3 2 4 4 4 4 5 4 1 2 4 4 1 1 1 4 4 3 1 4 4 4 4 1 4 1 1 1 4
split_gain=1.33417e+12 1.13972e+12 3.35784e+13 1.18479e+13 1.12954e+13 8.66833e+11 3.30657e+11 2.25253e+10 1.97807e+11 2.42139e+10 4.58904e+10 4.28488e+10 3.50182e+10 3.33542e+10 3.29474e+10 4.79188e+10 5.36296e+10 6.35924e+10 3.60827e+10 2.71518e+10 2.64913e+10 2.59848e+10 3.72651e+10 3.80502e+10 2.83179e+10 1.05201e+11 3.70329e+10 6.12792e+10 7.99941e+10 6.99785e+10
threshold=1.0000000180025095e-35 6.5000000000000009 5.5000000000000009 334.40804515234134 724.50000000000011 157.37043019679473 541.00000000000011 0 103.21237045295018 0.00054030373831775709 5.5000000000000009 104.02526941657378 30.950000000000003 0.00094918224299065431 0.00059871495327102817 0.0006279205607476636 64.996677692598269 58.750000000000007 3.2500000000000004 0.00065712616822429925 75.994942039179293 485.50000000000006 447.50000000000006 420.50000000000006 0.00048189252336448607 44.95000000000001 0.00045268691588785053 0.00042348130841121499 0.0003942757009345795 40.750000000000007
decision_type=10 2 2 10 10 10 10 9 10 8 2 10 8 10 8 8 10 10 2 10 10 10 10 10 10 10 10 10 10 10
left_child=-1 4 -3 5 6 -4 7 8 -2 21 12 -12 13 19 20 16 17 18 -16 -11 -14 22 23 24 26 -26 27 28 -9 -30
right_child=1 2 3 -5 -6 -7 -8 9 -10 10 11 -13 14 -15 15 -17 -18 -19 -20 -21 -22 -23 -24 -25 25 -27 -28 -29 29 -31
leaf_value=-12037.505859375 2.5772809834240782 51898.411416625982 107.91463979085286 -38746.474726562497 -29721.26834716797 10302.768755479294 4663.300616776316 -33.514000882078243 4697.1296962890628 -627.86908470346964 497.10065952500491 2781.6690618341618 212.20320346355439 -796.74200172260601 -1416.441680326916 68.279857215484284 398.65079821301748 -2992.0696828741779 392.64725391621494 571.88147199581829 952.73840791999964 -1397.4680412946429 1596.1649567522322 -2163.9768234979542 -1556.2812019614908 -1.1369020537657886 469.37485757781735 -548.46629279097567 -113.86543023851182 1238.0036269065663
leaf_weight=23 219 32 399 20 32 22 38 17855 25 79 306 22 400 233 63 5154 77 38 49 117 173 35 35 21 143 454 373 561 162 234
leaf_count=23 219 32 399 20 32 22 38 17855 25 79 306 22 400 233 63 5154 77 38 49 117 173 35 35 21 143 454 373 561 162 234
internal_value=-0.179632 9.9354 2443 -1145.6 -32.8499 640.662 2.51187 -4.08981 464.538 -8.56262 73.5506 650.334 43.9117 -392.383 75.3478 36.9663 -674.003 -1224.63 -624.965 88.3085 435.785 -36.2961 -33.8946 -36.7756 -34.5174 -373.642 -23.9645 -33.7463 -17.9248 684.966
internal_weight=27394 27371 473 441 26898 421 26866 26828 244 26584 6711 328 6383 429 5954 5381 227 150 112 196 573 19873 19838 19803 19782 597 19185 18812 18251 396
internal_count=27394 27371 473 441 26898 421 26866 26828 244 26584 6711 328 6383 429 5954 5381 227 150 112 196 573 19873 19838 19803 19782 597 19185 18812 18251 396
cat_boundaries=0 2
cat_threshold=16384 1
is_linear=0
shrinkage=0.05


Tree=103
num_leaves=31
num_cat=1
split_feature=4 4 3 4 3 2 4 4 4 4 5 1 1 2 4 1 1 1 1 1 4 4 1 4 1 1 1 4 2 1
split_gain=1.38243e+12 7.65448e+11 1.17489e+11 4.19173e+11 1.50633e+11 9.96464e+11 2.98417e+11 1.04384e+11 2.64627e+10 2.14469e+10 2.2908e+10 1.82041e+11 2.26179e+10 4.07958e+10 3.8671e+10 3.11085e+10 1.20607e+11 8.96337e+10 1.04811e+11 7.85736e+10 3.63679e+11 2.04295e+11 7.83833e+10 1.05234e+11 8.5832e+10 4.87749e+10 5.75882e+10 9.02816e+10 4.91659e+10 4.80558e+10
threshold=1186.0000000000002 724.50000000000011 8.5000000000000018 99.011867004283602 6.5000000000000009 5.5000000000000009 541.00000000000011 172.02061742158364 119.35000000000001 15.050000000000002 0 0.0002774532710280374 0.00054030373831775709 5.5000000000000009 104.02526941657378 0.0011244158878504675 0.0012996495327102806 0.0013434579439252339 0.0014456775700934581 0.0010075934579439254 168.10000000000002 270.50726110884449 0.0014164719626168227 39.95000000000001 0.0013872663551401871 0.00074474299065420576 0.00071553738317757011 71.100000000000009 4.5000000000000009 0.0010367990654205608
decision_type=8 10 2 8 2 2 10 10 10 10 9 10 8 2 10 10 10 10 10 10 10 10 10 10 10 10 10 10 2 10
left_child=1 2 4 -4 6 -6 9 8 -7 -1 11 -11 -12 15 -15 19 -17 -18 22 21 29 25 24 -24 -19 26 -14 28 -28 -21
right_child=-2 -3 3 -5 5 7 -8 -9 -10 10 12 -13 13 14 -16 16 17 18 -20 20 -22 -23 23 -25 -26 -27 27 -29 -30 -31
leaf_value=-723.99534473604376 9529.9330489309214 -7510.9428193933827 211.91101789474487 8168.8315838623057 -10463.42568359375 177.31806042832113 4430.134883840461 -3773.040515136719 -1075.456043437883 4726.2796537979793 -32.334792505101809 37.393863467893738 136.90655260267656 472.24562615787283 2642.5856079101563 -861.75294232740475 1049.8267181738638 -1099.5290994432239 90.316630202970856 -286.81782207489016 7305.6825469970709 -4460.4328388671884 -211.43668823242189 -3463.720703125 2012.6897448539735 -140.34969156523275 750.56799354104442 2763.0114456741903 -1666.9666168212891 749.85887804468371
leaf_weight=103 38 34 96 20 26 243 38 20 51 23 19816 207 1628 306 22 423 208 72 1602 160 20 25 43 59 32 1460 170 54 24 371
leaf_count=103 38 34 96 20 26 243 38 20 51 23 19816 207 1628 306 22 423 208 72 1602 160 20 25 43 59 32 1460 170 54 24 371
internal_value=-0.170647 -13.4088 -4.07877 1583.79 -10.8491 -1056.68 2.38627 -277.773 -39.9999 -3.88532 -1.10997 485.187 -5.5125 74.0586 617.817 45.976 -94.1704 66.8849 -46.1969 133.352 686.788 42.6226 -1107.82 -2092.66 -141.923 76.3685 245.03 954.806 451.492 437.489
internal_weight=27394 27356 27322 116 27206 340 26866 314 294 26828 26725 230 26495 6679 328 6351 2439 2016 1808 3912 551 3361 206 102 104 3336 1876 248 194 531
internal_count=27394 27356 27322 116 27206 340 26866 314 294 26828 26725 230 26495 6679 328 6351 2439 2016 1808 3912 551 3361 206 102 104 3336 1876 248 194 531
cat_boundaries=0 2
cat_threshold=16384 1
is_linear=0
shrinkage=0.05


Tree=104
num_leaves=31
num_cat=1
split_feature=4 3 4 4 4 1 3 2 3 4 4 2 4 2 2 4 4 4 1 4 4 2 4 4 1 1 1 1 2 5
split_gain=1.30653e+12 1.18994e+12 1.82632e+13 1.30667e+13 8.10845e+11 9.23196e+10 3.4125e+10 5.8599e+11 3.33954e+10 4.53818e+11 2.73505e+11 3.83211e+10 4.08807e+10 5.81786e+10 3.15665e+10 3.09517e+10 4.51449e+10 2.95883e+10 5.32009e+10 2.93288e+10 2.91739e+10 6.06661e+10 1.23709e+11 4.3224e+10 4.78114e+10 8.79668e+10 7.17148e+10 5.0478e+10 3.78914e+10 3.05574e+10
threshold=1.0000000180025095e-35 7.2500000000000009 855.00000000000011 157.37043019679473 610.00000000000011 0.00010221962616822432 6.5000000000000009 5.5000000000000009 4.2500000000000009 485.50000000000006 500.50000000000006 3.5000000000000004 300.50000000000006 4.5000000000000009 8.5000000000000018 49.009391999014035 73.021775652210451 420.50000000000006 4.3808411214953281e-05 73.021775652210451 49.973727638524281 4.5000000000000009 83.656020066889653 46.02534630120838 0.00074474299065420576 0.0006279205607476636 0.00083235981308411226 7.3014018691588793e-05 2.5000000000000004 0
decision_type=10 2 10 10 10 10 2 2 2 10 10 2 10 2 2 10 10 10 10 10 10 2 10 10 10 10 10 10 2 9
left_child=-1 2 4 14 6 -6 8 -8 10 11 17 19 -13 -14 15 -3 -17 20 -19 -10 23 29 -23 28 25 27 -26 -25 -2 -22
right_child=1 3 -4 -5 5 -7 7 -9 9 -11 -12 12 13 -15 -16 16 -18 18 -20 -21 21 22 -24 24 26 -27 -28 -29 -30 -31
leaf_value=-11912.127921195653 -263.78139142472355 -1947.6558543238145 41926.828076171878 -42188.665429687506 9516.7763867187514 4712.6207226562501 -8176.1402556046196 278.85647936070217 1121.9589253211193 7662.6473046875008 -5250.684395507813 29.760459213373721 3396.8666481711648 149.99142802470439 723.63188384300065 1110.0271305338542 -937.5482864607626 749.70650745738646 -2405.8274543313419 -842.80797368829906 601.27836964925132 977.84085760157166 -247.20453446515577 -1050.7175849016974 -3457.1129315185553 1944.1139689127606 -696.485248047715 -50.211508689649179 0.62225624606390195 -6.3769342180484356
leaf_weight=23 1713 29 26 20 20 20 23 188 139 20 25 2611 22 37 86 45 67 22 34 22 200 470 367 204 30 42 109 330 6484 13966
leaf_count=23 1713 29 26 20 20 20 23 188 139 20 25 2611 22 37 86 45 67 22 34 22 200 470 367 204 30 42 109 330 6484 13966
internal_value=-0.162117 9.84757 41.3075 -3444.89 1.11919 7114.7 -9.39685 -642.778 -4.41889 157.365 -23.6407 104.343 59.1705 1360.69 -31.3401 -491.819 -114.862 -18.1893 -1166.15 853.481 -15.5012 27.0616 440.694 -87.154 -459.991 -259.138 -1292.3 -432.427 -54.6325 2.62208
internal_weight=27394 27371 27124 247 27098 40 27058 211 26847 2851 23996 2831 2670 59 227 141 112 23971 56 161 23915 15003 837 8912 715 576 139 534 8197 14166
internal_count=27394 27371 27124 247 27098 40 27058 211 26847 2851 23996 2831 2670 59 227 141 112 23971 56 161 23915 15003 837 8912 715 576 139 534 8197 14166
cat_boundaries=0 2
cat_threshold=16384 1
is_linear=0
shrinkage=0.05


Tree=105
num_leaves=31
num_cat=3
split_feature=4 4 3 4 3 2 4 2 4 5 4 4 4 1 1 4 0 2 4 4 3 4 4 4 4 0 2 3 4 1
split_gain=1.27156e+12 9.17218e+11 1.19265e+11 4.45864e+11 1.17336e+11 8.25041e+11 2.43999e+11 2.86986e+12 6.78486e+10 2.2807e+10 4.48275e+10 2.89911e+10 2.30914e+10 2.68281e+11 1.9122e+11 3.63988e+11 1.66469e+11 2.40527e+11 2.63057e+11 2.27856e+11 1.96534e+11 1.87433e+11 1.41166e+11 6.92781e+10 3.96255e+10 2.70828e+10 2.88684e+10 5.19066e+10 3.69657e+10 3.56335e+10
threshold=1186.0000000000002 724.50000000000011 8.5000000000000018 99.954431178623565 6.5000000000000009 5.5000000000000009 500.50000000000006 4.5000000000000009 172.02061742158364 0 235.22696404346487 191.19380127490498 235.22696404346487 0.0010075934579439254 0.00042348130841121499 334.40804515234134 1 4.5000000000000009 350.83532286447655 391.08371961117962 3.2500000000000004 300.50000000000006 270.50726110884449 227.05000000000004 247.44277342203219 2 1.5000000000000002 1.5000000000000002 76.026746492412926 0.00021904205607476641
decision_type=8 10 2 10 2 2 10 2 10 9 10 10 10 10 10 10 1 2 10 10 2 10 10 10 10 1 2 2 10 10
left_child=1 2 4 -4 6 -6 9 -8 -7 10 11 -1 23 14 16 -16 17 18 20 21 22 -19 -14 25 -18 26 28 -28 29 -11
right_child=-2 -3 3 -5 5 8 7 -9 -10 12 -12 -13 13 -15 15 -17 24 19 -20 -21 -22 -23 -24 -25 -26 -27 27 -29 -30 -31
leaf_value=-306.68851484898158 9139.8238281249996 -8220.0720818014706 182.31743683815003 8388.6575903320318 -9491.9370680588945 -32.0335153099631 -6865.502629630796 15903.4670390625 -3041.6872802734379 -236.29015489393666 -1616.7820256159857 1702.8013989257813 572.62207145690923 4261.7914675903321 419.72898236443018 -7952.5871518089662 1055.6033569335939 -2197.7628025220788 6209.7964070638027 -5015.9897501627602 -1949.404959013968 4185.5149690047556 4577.8225818980827 -2638.0748032226566 -668.88099105269828 -159.48426711171129 -388.85196056389458 18.21586497687839 1027.0588973900581 810.34142347603802
leaf_weight=175 38 34 96 20 26 294 31 25 20 248 65 20 44 40 34 21 38 23 36 24 33 23 44 25 270 2539 812 22020 155 121
leaf_count=175 38 34 96 20 26 294 31 25 20 248 65 20 44 40 34 21 38 23 36 24 33 23 44 25 270 2539 812 22020 155 121
internal_value=-0.143145 -12.8394 -2.62617 1597.2 -9.44747 -932.476 2.23383 3299.22 -223.731 -4.65281 -461.871 -100.587 -0.00137943 299.095 30.4372 -2776.97 319.049 1312.98 2457.59 -1066.65 1341.23 993.876 2575.22 -7.27107 -441.777 -4.7312 12.1549 3.73886 379.094 106.914
internal_weight=27394 27356 27322 116 27206 340 26866 56 314 26810 260 195 26550 630 590 55 535 227 157 70 121 46 88 25920 308 25895 23356 22832 524 369
internal_count=27394 27356 27322 116 27206 340 26866 56 314 26810 260 195 26550 630 590 55 535 227 157 70 121 46 88 25920 308 25895 23356 22832 524 369
cat_boundaries=0 2 3 4
cat_threshold=2230572 20 3 8
is_linear=0
shrinkage=0.05


Tree=106
num_leaves=31
num_cat=1
split_feature=4 3 4 3 4 4 2 3 4 1 4 3 4 4 4 1 4 1 4 4 4 5 4 1 1 1 1 4 1 1
split_gain=1.2763e+12 1.11612e+12 1.0788e+13 2.14064e+13 5.67331e+12 1.20916e+11 2.91792e+10 5.45579e+11 2.92312e+11 1.02222e+11 9.56654e+10 4.85462e+10 4.85331e+10 3.78645e+10 3.69331e+10 9.7947e+10 4.72722e+10 3.04662e+10 2.83676e+10 2.63153e+10 1.24453e+11 7.93609e+10 1.86922e+11 7.78208e+10 8.79775e+10 1.1896e+11 7.55504e+10 4.65663e+10 4.83606e+10 4.88391e+10
threshold=1.0000000180025095e-35 8.5000000000000018 724.50000000000011 5.2500000000000009 124.71156790688305 541.00000000000011 5.5000000000000009 6.5000000000000009 198.25000000000003 4.3808411214953281e-05 119.35000000000001 5.2500000000000009 43.050000000000004 45.050000000000004 73.021775652210451 0.00021904205607476641 75.994942039179293 0.0021174065420560754 125.03037189492041 100.09435955727518 99.954431178623565 0 142.01342337501239 0.00083235981308411226 0.00051109813084112166 0.00042348130841121499 0.00097838785046728996 79.995688885745395 0.0016793224299065422 0.0017961448598130842
decision_type=10 2 10 2 10 10 2 2 10 10 10 2 10 10 10 10 10 10 10 10 10 9 10 10 10 10 10 10 10 10
left_child=-1 2 5 -4 -3 6 7 11 10 -10 13 19 -13 -8 17 16 -16 -15 -12 20 27 22 -21 24 25 -22 -25 28 -2 -30
right_child=1 4 3 -5 -6 -7 8 -9 9 -11 18 12 -14 14 15 -17 -18 -19 -20 21 23 -23 -24 26 -26 -27 -28 -29 29 -31
leaf_value=-11773.512381114131 -66.098739416167263 36.073989645325312 -13434.861953125001 56605.393717447914 -29111.686816406251 -2627.9684481534096 -215.06410337821728 -7399.4800507812506 756.30686523437498 5152.9571325057595 -2556.0210521024819 2237.3924205290964 366.56895781296953 794.60763041865721 -2894.2185312906904 924.32649765146198 -505.31912744787354 -388.61756670551921 -811.25097375818211 210.12034333397361 -466.8390526095348 55.317201452019859 4693.5307170867918 -4643.9837797619048 1521.920095765357 -3428.0231119791665 -1255.8711166143419 169.58403841492168 942.82477054757589 63.430916387130132
leaf_weight=23 16468 101 20 24 20 44 388 25 20 39 34 39 312 444 24 145 151 62 74 85 586 4487 32 21 51 36 76 2850 236 477
leaf_count=23 16468 101 20 24 20 44 388 25 20 39 34 39 312 444 24 145 151 62 74 85 586 4487 32 21 51 36 76 2850 236 477
internal_value=-0.138901 9.75433 31.0303 24768.9 -4781.74 -8.97803 -4.7355 -16.7297 219.177 3662.57 65.5009 -9.56369 574.438 192.364 383.746 -36.6784 -832.94 649.627 -1360.53 -17.6324 -41.5732 90.5332 1323.25 -665.362 -474.53 -638.226 -1989.38 -17.5945 -48.6439 354.507
internal_weight=27394 27371 27250 44 121 27206 27162 25781 1381 59 1322 25756 351 1214 826 320 175 506 108 25405 20801 4604 117 770 673 622 97 20031 17181 713
internal_count=27394 27371 27250 44 121 27206 27162 25781 1381 59 1322 25756 351 1214 826 320 175 506 108 25405 20801 4604 117 770 673 622 97 20031 17181 713
cat_boundaries=0 2
cat_threshold=32769 1
is_linear=0
shrinkage=0.05


Tree=107
num_leaves=31
num_cat=0
split_feature=3 2 4 4 4 4 3 4 4 4 2 4 1 4 4 1 2 4 2 4 1 4 2 4 4 4 1 1 4 2
split_gain=1.1786e+12 3.15743e+13 2.91379e+13 1.15401e+13 4.04071e+12 1.27907e+12 2.77626e+10 3.87959e+11 2.22952e+11 3.59259e+10 4.15686e+10 8.81076e+10 7.9384e+10 5.00129e+10 3.78569e+10 3.4688e+10 2.84808e+10 2.8116e+10 1.57578e+11 1.49225e+11 4.97774e+10 1.07958e+11 2.75566e+10 4.28717e+10 3.08981e+10 2.74297e+10 2.65008e+10 2.60484e+10 3.20497e+10 2.56513e+10
threshold=6.5000000000000009 5.5000000000000009 855.00000000000011 334.40804515234134 610.00000000000011 157.37043019679473 4.2500000000000009 485.50000000000006 500.50000000000006 50.010000000000012 6.5000000000000009 300.50000000000006 0.00016063084112149533 87.725000000000009 53.975000000000009 0.00010221962616822432 3.5000000000000004 365.25855766946296 3.5000000000000004 350.83532286447655 0.00021904205607476641 447.50000000000006 4.5000000000000009 76.026746492412926 114.05000000000001 37.975000000000009 0.00016063084112149533 0.00068633177570093468 45.050000000000004 6.5000000000000009
decision_type=2 2 8 10 10 8 2 10 10 10 2 10 10 10 10 10 2 10 2 10 10 10 2 10 10 10 10 10 10 2
left_child=2 -2 4 5 6 -3 8 9 17 16 11 14 -13 -12 -11 22 25 19 20 29 21 -19 23 -16 -25 -8 -17 28 -18 -1
right_child=1 3 -4 -5 -6 -7 7 -9 -10 10 13 12 -14 -15 15 26 27 18 -20 -21 -22 -23 -24 24 -26 -27 -28 -29 -30 -31
leaf_value=-19.871368059607377 50431.96098175049 97.109809776535613 -43795.891174958881 -38111.988710937498 16996.014598214286 12223.245363451088 342.90707836151125 7082.9305859375008 -4740.784499023438 -894.37370665073399 -254.08088128505611 3793.952235991379 26.483438223379633 -3280.609615652902 -450.37812992713975 774.75962584695708 155.87156619973666 -235.18787489910517 -3365.7372991943362 4200.4920817057291 -1630.8330927309783 4049.6968982514882 -620.63339313958829 1226.736417249454 -498.45842149522571 1818.5445767802576 86.574685369724193 -346.20243032243519 1005.723811273155 719.15958303677837
leaf_weight=23699 32 399 38 20 35 23 64 20 25 120 39 29 27 21 179 162 367 49 40 21 23 21 304 93 36 62 1025 144 159 118
leaf_count=23699 32 399 38 20 35 23 64 20 25 120 39 29 27 21 179 162 367 49 40 21 23 21 304 93 36 62 1025 144 159 118
internal_value=-0.130948 2471.44 -43.6498 -1000.81 18.1978 758.013 -3.93594 143.575 -21.4619 94.5505 -16.8478 22.5401 1977.49 -1313.37 -34.5091 22.8471 379.344 -16.54 -741.498 -12.4952 387.207 1050.28 -282.922 50.4036 745.287 1069.01 180.497 249.644 412.766 -16.2099
internal_weight=27394 474 26920 442 26882 422 26847 2851 23996 2831 2035 1975 56 60 1919 1799 796 23971 133 23838 93 70 612 308 129 126 1187 670 526 23817
internal_count=27394 474 26920 442 26882 422 26847 2851 23996 2831 2035 1975 56 60 1919 1799 796 23971 133 23838 93 70 612 308 129 126 1187 670 526 23817
is_linear=0
shrinkage=0.05


Tree=108
num_leaves=31
num_cat=2
split_feature=4 4 4 3 4 4 4 5 4 4 4 1 1 1 1 4 2 4 4 1 1 3 2 4 0 1 4 1 4 4
split_gain=1.5657e+12 8.90075e+11 1.30298e+11 1.26226e+11 4.87543e+11 2.61068e+10 1.86371e+10 1.81097e+10 1.63772e+11 2.24338e+10 1.88587e+10 1.43883e+11 2.6906e+11 2.52727e+11 1.83673e+11 1.41619e+11 5.39336e+10 3.0804e+11 2.42233e+10 8.18817e+10 1.29553e+11 2.66037e+10 6.85942e+11 3.30347e+10 2.65061e+10 3.82686e+10 6.27112e+10 1.44154e+11 4.11447e+10 5.65819e+10
threshold=1186.0000000000002 724.50000000000011 541.00000000000011 8.5000000000000018 99.954431178623565 485.50000000000006 15.050000000000002 0 111.14110927355573 100.09435955727518 334.40804515234134 0.00021904205607476641 7.3014018691588793e-05 0.00013142523364485984 4.3808411214953281e-05 391.08371961117962 3.5000000000000004 379.50000000000006 290.50000000000006 7.3014018691588793e-05 0.00018983644859813087 6.5000000000000009 5.5000000000000009 148.81200982779711 1 4.3808411214953281e-05 247.44277342203219 0.00013142523364485984 224.50000000000003 191.19380127490498
decision_type=8 10 10 2 10 10 10 9 10 10 10 10 10 10 10 10 2 10 10 10 10 2 2 10 1 8 10 10 10 10
left_child=1 2 3 5 -5 6 -1 8 9 -8 18 12 14 -14 16 -13 17 -12 21 -20 -21 24 -23 -24 -9 28 -27 -28 29 -26
right_child=-2 -3 -4 4 -6 -7 7 10 -10 -11 11 15 13 -15 -16 -17 -18 -19 19 20 -22 22 23 -25 25 26 27 -29 -30 -31
leaf_value=-679.97484453812388 10142.045394736844 -8099.0954912971056 -2722.8595170454546 166.54237242440385 8747.8774609375014 1269.63326171875 -169.04809801682183 12.642873223638226 4653.9295712425592 1427.2543461914065 -5238.1913744608564 -5070.4110486260779 7374.6796519886375 213.40341099330359 -3989.1550406561964 -246.25046234130861 1822.8268382352942 3053.9126749674483 1586.0076871789022 -3400.6427029079859 998.96472514759409 -8984.4606001420452 12.653718835411343 2024.3214939464224 -729.08332771733126 -129.69009850975874 4740.4371093750005 -180.4948401409647 -2616.4073955078129 1634.3360746111189
leaf_weight=103 38 34 44 96 20 40 184 23446 21 25 21 29 22 28 36 32 34 24 92 27 44 22 282 22 265 2242 22 46 25 28
leaf_count=103 38 34 44 96 20 40 184 23446 21 25 21 29 22 28 36 32 34 24 92 27 44 22 282 22 265 2242 22 46 25 28
internal_value=-0.124404 -14.2128 -4.15183 0.2335 1646.08 -6.79538 -8.67788 -6.11881 426.288 21.8972 -9.98668 -464.802 302.283 3364.36 -1029.06 -2539.7 319.848 -815.736 -6.12084 601.533 -674.125 -9.87264 -458.757 158.235 -4.2603 -154.524 -84.3196 1411.57 -669.358 -503.228
internal_weight=27394 27356 27322 27278 116 27162 27122 27019 230 209 26789 226 165 50 115 61 79 45 26563 163 71 26400 326 304 26074 2628 2310 68 318 293
internal_count=27394 27356 27322 27278 116 27162 27122 27019 230 209 26789 226 165 50 115 61 79 45 26563 163 71 26400 326 304 26074 2628 2310 68 318 293
cat_boundaries=0 2 3
cat_threshold=16384 1 8
is_linear=0
shrinkage=0.05


Tree=109
num_leaves=31
num_cat=0
split_feature=4 4 4 3 4 2 3 4 1 4 3 4 4 4 1 4 1 3 4 4 4 4 1 3 1 4 4 1 1 1
split_gain=1.41304e+12 8.03292e+11 1.17594e+11 1.13919e+11 4.40008e+11 2.49144e+10 8.41961e+11 2.53546e+11 1.0316e+11 8.93529e+10 4.26463e+10 4.31864e+10 3.45245e+10 3.24235e+10 8.7475e+10 4.33799e+10 2.72693e+10 2.55021e+10 2.42486e+10 3.46784e+10 2.81217e+10 2.40146e+10 2.39503e+10 2.66017e+10 2.90409e+10 2.38269e+10 1.12745e+11 7.01105e+10 7.94446e+10 1.07278e+11
threshold=1186.0000000000002 724.50000000000011 541.00000000000011 8.5000000000000018 99.954431178623565 5.5000000000000009 6.5000000000000009 198.25000000000003 4.3808411214953281e-05 119.35000000000001 5.2500000000000009 43.050000000000004 45.050000000000004 73.021775652210451 0.00021904205607476641 75.994942039179293 0.0021174065420560754 3.2500000000000004 67.050000000000011 139.48765205362346 59.968473166229138 125.03037189492041 0.0010952102803738321 3.2500000000000004 0.00016063084112149533 100.09435955727518 99.954431178623565 0.00083235981308411226 0.00051109813084112166 0.00042348130841121499
decision_type=8 10 10 2 10 2 2 10 10 10 2 10 10 10 10 10 10 2 10 10 10 10 10 2 10 10 10 10 10 10
left_child=1 2 3 5 -5 6 10 9 -9 12 25 -12 22 16 15 -15 17 -14 20 -20 -13 -11 23 -7 -25 26 -1 28 29 -28
right_child=-2 -3 -4 4 -6 7 -8 8 -10 21 11 18 13 14 -16 -17 -18 -19 19 -21 -22 -23 -24 24 -26 -27 27 -29 -30 -31
leaf_value=-16.15676484815425 9634.9467927631576 -7694.1405259076291 -2586.7171431107959 158.21526168187461 8310.4836376953135 490.31481289333772 -9188.9321562500008 487.83767578125003 4904.5998701046674 -2420.8053902121151 2107.4107979016426 521.01277919224333 1582.8025607560812 -2758.3335662841801 876.93512994174307 -469.8941448691665 -370.46380634923139 576.75347248782282 996.45200490643902 -1046.0132152557374 -935.10657687717014 -815.47455423715962 800.69637666590074 27.840408561012964 -1034.4315272177419 86.725769053967909 -444.36936227062864 -1889.4189065520295 1445.5945436365464 -3256.4083930121528
leaf_weight=20031 38 34 44 96 20 72 25 20 39 34 39 70 76 24 145 151 62 368 155 24 63 74 51 110 155 4604 586 97 51 36
leaf_count=20031 38 34 44 96 20 72 25 20 39 34 39 70 76 24 145 151 62 368 155 24 63 74 51 110 155 4604 586 97 51 36
internal_value=-0.117948 -13.5019 -3.94401 0.222057 1563.78 -6.45538 -17.5385 200.448 3407.39 57.324 -8.63629 538.729 179.93 362.677 -31.2451 -783.737 611.797 748.96 342.644 722.602 -168.728 -1320.86 -209.114 -361.934 -593.488 -16.1988 -38.9796 -632.701 -451.569 -607.124
internal_weight=27394 27356 27322 27278 116 27162 25781 1381 59 1322 25756 351 1214 826 320 175 506 444 312 179 133 108 388 337 265 25405 20801 770 673 622
internal_count=27394 27356 27322 27278 116 27162 25781 1381 59 1322 25756 351 1214 826 320 175 506 444 312 179 133 108 388 337 265 25405 20801 770 673 622
is_linear=0
shrinkage=0.05


Tree=110
num_leaves=31
num_cat=1
split_feature=4 4 4 2 4 4 1 2 3 4 4 4 2 5 4 2 4 3 1 1 4 4 3 2 3 1 4 4 4 1
split_gain=1.27527e+12 7.24972e+11 1.06129e+11 1.04362e+11 2.9043e+11 2.72288e+10 7.73545e+10 3.7484e+11 2.70698e+11 7.62896e+10 6.72798e+10 8.56426e+10 2.94317e+10 1.99813e+10 3.55996e+10 1.91756e+11 9.02763e+10 6.36555e+10 4.0724e+10 3.98564e+10 3.75401e+10 4.19034e+10 3.71086e+10 5.17594e+11 3.46816e+10 3.07267e+10 9.28664e+10 6.431e+10 7.21972e+10 2.05512e+11
threshold=1186.0000000000002 724.50000000000011 541.00000000000011 8.5000000000000018 109.02010963339808 391.08371961117962 0.00010221962616822432 3.5000000000000004 4.2500000000000009 447.50000000000006 365.25855766946296 350.83532286447655 3.5000000000000004 0 151.03562962108694 6.5000000000000009 148.81200982779711 3.2500000000000004 4.3808411214953281e-05 0.0015040887850467292 170.00423548663119 167.26344563485318 6.5000000000000009 5.5000000000000009 2.5000000000000004 0.00016063084112149533 310.02166095522585 300.50000000000006 246.96711259754741 7.3014018691588793e-05
decision_type=8 10 10 2 8 10 8 2 2 10 10 10 2 9 10 2 10 2 8 10 10 10 2 2 2 10 10 10 10 8
left_child=1 2 3 5 -5 10 7 9 -8 -7 11 13 -12 14 16 18 22 24 20 25 21 -16 -1 -24 -18 27 -27 28 -20 -30
right_child=-2 -3 -4 4 -6 6 8 -9 -10 -11 12 -13 -14 -15 15 -17 17 -19 19 -21 -22 -23 23 -25 -26 26 -28 -29 29 -31
leaf_value=-3.6440984952017903 9153.1969675164491 -7309.4342744715077 -2457.3812499999999 396.43312340852259 6960.6960498046874 435.97293904622393 -438.9203624636628 -4073.000688733553 6189.4950561523438 4310.3363226996535 -728.21265285326092 3042.6646760360054 -3317.2012044270837 -357.81354714802336 92.404653868383292 4323.6634810311452 -1780.0618369140627 -3088.9680289528587 -54.888856702862363 -351.04732931297735 -483.97468243895986 2507.0927709406074 -8133.3658389136908 -17.03049293317293 -200.61767770867598 545.70090432674328 3608.1380981445313 -2242.8088537145545 4682.3719070434572 -756.02109182257402
leaf_weight=24372 38 34 44 107 20 24 43 38 24 27 23 23 21 396 98 28 50 33 297 187 366 22 21 304 114 517 26 27 32 38
leaf_count=24372 38 34 44 107 20 24 43 38 24 27 23 23 21 396 98 28 50 33 297 187 366 22 21 304 114 517 26 27 32 38
internal_value=-0.112056 -12.8268 -3.74681 0.210954 1430.18 -6.47777 652.197 -313.838 1935.44 2487.11 -10.2841 -7.09474 -1963.87 -9.69963 -4.3674 221.418 -19.2256 -1085.33 150.074 315.429 -232.352 535.097 -10.7216 -541.471 -682.156 448.44 692.337 112.308 285.573 1730.1
internal_weight=27394 27356 27322 27278 127 27151 156 89 67 51 26995 26951 44 26928 26532 1638 24894 197 1610 1124 486 120 24697 325 164 937 543 394 367 70
internal_count=27394 27356 27322 27278 127 27151 156 89 67 51 26995 26951 44 26928 26532 1638 24894 197 1610 1124 486 120 24697 325 164 937 543 394 367 70
cat_boundaries=0 2
cat_threshold=3194881 7
is_linear=0
shrinkage=0.05


Tree=111
num_leaves=31
num_cat=2
split_feature=4 4 3 4 3 2 4 2 4 5 4 1 4 4 5 4 4 4 1 4 1 4 1 4 1 4 1 2 4 1
split_gain=1.15093e+12 6.54285e+11 9.63853e+10 3.75939e+11 1.26838e+11 9.28522e+11 2.24782e+11 2.52716e+12 6.33638e+10 1.90182e+10 4.09508e+10 2.05159e+10 9.84035e+10 9.10882e+10 3.7916e+10 1.86174e+11 3.6664e+10 3.44598e+10 3.3177e+10 4.81495e+10 3.36488e+10 3.78162e+10 3.01042e+10 4.26872e+10 1.2591e+11 9.9489e+10 3.33187e+10 4.65813e+10 2.78833e+10 5.4828e+10
threshold=1186.0000000000002 724.50000000000011 8.5000000000000018 99.954431178623565 6.5000000000000009 5.5000000000000009 500.50000000000006 4.5000000000000009 143.02851039632483 0 210.01995379122039 0.00054030373831775709 459.79793511194481 320.50000000000006 1 176.75715347454482 32.050000000000004 122.01631930666568 0.00059871495327102817 111.14110927355573 0.0006279205607476636 82.6234108886283 0.00074474299065420576 76.026746492412926 0.00068633177570093468 81.001374035995624 0.00077394859813084119 3.5000000000000004 71.100000000000009 0.00068633177570093468
decision_type=8 10 2 10 2 2 10 2 10 9 10 8 10 10 9 10 10 10 8 10 8 10 8 10 10 10 8 2 10 10
left_child=1 2 4 -4 6 -6 9 -8 -7 10 -1 12 14 16 15 17 -13 -11 19 -18 21 -20 23 28 25 -25 27 -24 29 -22
right_child=-2 -3 3 -5 5 8 7 -9 -10 11 -12 13 -14 -15 -16 -17 18 -19 20 -21 22 -23 26 24 -26 -27 -28 -29 -30 -31
leaf_value=-187.50010203211764 8695.5393092105278 -6943.9618307674646 135.43578128814698 7670.847615966798 -10049.770894681491 46.054607065173165 -6371.5880863312759 14994.712046875002 -2131.7006389417147 -378.13338205300124 -2309.3898319789346 -294.17500468210073 -2754.7971946022731 3214.9036875849188 -28.474647192556315 4931.690297267749 321.54510527317342 1575.1401929131871 -854.86883518239847 1946.0329363555911 872.38644145864316 721.90272636413579 -1329.778574446136 -3526.4012931315106 1682.4944223403932 -379.04881891770799 60.85752999778056 352.31162896640058 1458.3164599274937 -38.667692577764853
leaf_weight=121 38 34 96 20 26 276 31 25 38 102 28 650 33 23 19615 23 520 29 183 50 339 48 102 30 64 154 4232 69 73 322
leaf_count=121 38 34 96 20 26 276 31 25 38 102 28 650 33 23 19615 23 520 29 183 50 339 48 102 30 64 154 4232 69 73 322
internal_value=-0.11298 -12.192 -3.56602 1434.64 -9.69821 -969.375 2.44689 3166.94 -217.495 -4.16302 -549.374 -0.909606 -26.7238 73.6149 -22.1699 734.99 63.0459 54.2707 100.581 464.044 63.6914 -527.228 89.04 339.368 -227.766 -892.204 33.2094 -651.04 530.988 428.575
internal_weight=27394 27356 27322 116 27206 340 26866 56 314 26810 149 26661 19802 6859 19769 154 6836 131 6186 570 5616 231 5385 982 248 184 4403 171 734 661
internal_count=27394 27356 27322 116 27206 340 26866 56 314 26810 149 26661 19802 6859 19769 154 6836 131 6186 570 5616 231 5385 982 248 184 4403 171 734 661
cat_boundaries=0 2 4
cat_threshold=131084 4 32800 1
is_linear=0
shrinkage=0.05


Tree=112
num_leaves=31
num_cat=2
split_feature=3 4 4 4 4 4 3 4 4 4 4 4 4 4 2 1 1 2 5 1 4 4 0 1 1 1 1 1 4 4
split_gain=1.15638e+12 1.4084e+13 5.64516e+12 7.93536e+11 1.15601e+11 2.27793e+10 1.72458e+10 4.97067e+10 4.04401e+10 4.97462e+10 3.80778e+10 3.42671e+10 2.91967e+10 2.9259e+10 2.67865e+10 2.55431e+10 4.01939e+10 3.9262e+10 2.39537e+10 1.42274e+11 2.24624e+10 1.80252e+10 1.79805e+10 2.80555e+10 1.07214e+11 9.737e+10 6.03076e+10 4.4423e+10 4.57553e+10 3.94771e+10
threshold=8.5000000000000018 1186.0000000000002 120.00864124433922 724.50000000000011 541.00000000000011 485.50000000000006 1.5000000000000002 144.01726109713979 110.02672726752995 119.35000000000001 156.03962222900353 174.38982969721681 104.02526941657378 86.010308710791818 1.5000000000000002 0.00021904205607476641 0.00024824766355140192 2.5000000000000004 0 0.0002774532710280374 130.27467500124359 15.050000000000002 1 0.0016793224299065422 0.0017961448598130842 0.0018983644859813086 0.001752336448598131 0.0016501168224299068 99.954431178623565 151.03562962108694
decision_type=2 8 8 10 10 10 2 10 10 10 10 10 10 10 2 10 10 2 9 10 10 10 1 8 8 8 10 10 10 10
left_child=1 3 -2 4 5 6 7 8 12 -10 -9 -12 13 15 -15 -1 -17 -18 19 -8 -11 -20 23 27 26 -26 -25 29 -29 -23
right_child=2 -3 -4 -5 -6 -7 18 10 9 20 11 -13 -14 14 -16 16 17 -19 21 -21 -22 22 -24 24 25 -27 -28 28 -30 -31
leaf_value=-418.80914710897264 -71.416172443049973 32182.029377297797 -29146.765625 -7767.3874230587135 -2570.000887784091 1187.2466040039062 4269.4628518809441 -2904.5250913085938 2430.8429615693935 -570.98085286458343 1125.1629626464844 -1241.5557252385067 -1544.2509620460305 1403.0634747199292 91.932383157120285 1436.9767069065826 10.35081706350589 -1983.8270822378306 -866.22265614827472 36.549085651266168 1275.0302024254433 -9.4483656735738393 -156.69463558378891 832.56245295206702 -1422.7557880027623 255.29120607830228 2906.2988089054193 31.593203862508137 -2140.3975397538165 277.18490466550872
leaf_weight=678 101 34 20 33 44 40 23 25 34 45 20 65 37 53 147 47 487 26 60 145 26 21312 1668 138 102 567 47 48 49 1273
leaf_count=678 101 34 20 33 44 40 23 25 34 45 20 65 37 53 147 47 487 26 60 145 26 21312 1668 138 102 567 47 48 49 1273
internal_value=-0.107849 21.5302 -4877.26 -18.6128 -9.21382 -5.06558 -6.82402 -161.491 -89.9423 858.146 -1189.19 -684.681 -157.433 -121.75 439.382 -212.402 37.4987 -90.7186 3.45387 581.445 105.023 -0.619548 1.44084 12.7091 294.05 -0.554524 1359.4 2.12194 -1065.6 6.70767
internal_weight=27394 27273 121 27239 27206 27162 27122 1690 1580 105 110 85 1475 1438 200 1238 560 513 25432 168 71 25264 25204 23536 854 669 185 22682 97 22585
internal_count=27394 27273 121 27239 27206 27162 27122 1690 1580 105 110 85 1475 1438 200 1238 560 513 25432 168 71 25264 25204 23536 854 669 185 22682 97 22585
cat_boundaries=0 2 3
cat_threshold=16384 1 10
is_linear=0
shrinkage=0.05


Tree=113
num_leaves=31
num_cat=0
split_feature=4 3 4 4 4 1 3 2 2 4 4 1 4 4 4 4 3 4 4 4 4 4 4 1 1 2 4 4 1 3
split_gain=1.46347e+12 1.07925e+12 1.63868e+13 1.16711e+13 7.7672e+11 4.74288e+10 3.44246e+10 5.28777e+11 2.88369e+10 2.63858e+10 3.85518e+10 2.36375e+10 8.39473e+11 7.44918e+11 5.70133e+10 3.09603e+10 1.06502e+11 2.93995e+10 3.74725e+10 3.73788e+10 3.29484e+10 2.70137e+10 5.32575e+10 5.15951e+10 6.8179e+10 4.51919e+10 3.80436e+10 6.43023e+10 4.14407e+10 4.11072e+10
threshold=1.0000000180025095e-35 7.2500000000000009 855.00000000000011 157.37043019679473 610.00000000000011 0.00010221962616822432 6.5000000000000009 5.5000000000000009 8.5000000000000018 49.009391999014035 73.021775652210451 4.3808411214953281e-05 485.50000000000006 500.50000000000006 350.83532286447655 391.08371961117962 3.2500000000000004 139.48765205362346 153.64123960510702 170.00423548663119 167.26344563485318 62.510000000000012 59.0047915781523 0.0010367990654205608 0.0002774532710280374 4.5000000000000009 54.955142748933561 55.013363633764975 0.0031103971962616827 1.5000000000000002
decision_type=10 2 10 10 10 10 2 2 2 10 10 8 10 10 10 10 2 10 10 10 10 10 10 10 10 2 10 10 10 2
left_child=-1 2 4 8 6 -6 11 -8 9 -3 -11 12 14 21 17 -16 -17 -2 -19 20 -20 22 26 24 -24 -26 28 -28 -13 -29
right_child=1 3 -4 -5 5 -7 7 -9 -10 10 -12 13 -14 -15 15 16 -18 18 19 -21 -22 -23 23 -25 25 -27 27 29 -30 -31
leaf_value=-12607.210784646741 -32.868086751993154 -1837.8341535897089 39715.905664062506 -39896.018046875004 8686.3772265624993 5242.9497851562501 -7800.2290973165764 231.42229581792304 668.05172937082693 986.30189656575521 -905.85715414018784 -29.617838693008185 -10073.795040457589 9216.4518643465908 2785.11746484375 2963.3982754794033 -2077.9551611328129 -1096.2309234826744 193.72753862653462 -420.09590173515119 2367.3754377885302 73.779898705877315 -115.24764233087147 441.37782254081242 -1080.0535302521462 764.14576280381948 905.98147208755074 -1635.5820964704242 -1955.9776070731027 118.44803084310939
leaf_weight=23 4692 29 26 20 20 20 23 188 86 45 67 9590 21 22 25 22 20 147 84 370 22 9553 549 173 430 36 296 35 28 732
leaf_count=23 4692 29 26 20 20 20 23 188 86 45 67 9590 21 22 25 22 20 147 84 370 22 9553 549 173 430 36 296 35 28 732
internal_value=-0.105322 10.4885 40.4496 -3279.65 2.38176 6964.66 -7.91062 -644.066 -53.54 -493.66 -145.615 -2.91085 -96.3778 20.6389 -57.447 1391.99 562.754 -75.7184 -398.437 -182.941 644.862 11.195 -39.1777 -356.756 -492.793 -937.583 -3.85482 279.99 -35.2259 38.4075
internal_weight=27394 27371 27124 247 27098 40 27058 211 227 141 112 26847 5403 21444 5382 67 42 5315 623 476 106 21422 11869 1188 1015 466 10681 1063 9618 767
internal_count=27394 27371 27124 247 27098 40 27058 211 227 141 112 26847 5403 21444 5382 67 42 5315 623 476 106 21422 11869 1188 1015 466 10681 1063 9618 767
is_linear=0
shrinkage=0.05


Tree=114
num_leaves=31
num_cat=2
split_feature=4 3 2 4 4 4 4 2 5 4 1 4 4 4 5 4 1 4 1 4 1 4 1 3 4 4 1 4 1 4
split_gain=1.32078e+12 1.06072e+12 3.04847e+13 1.09198e+13 1.04225e+13 1.04961e+12 1.89451e+11 2.24431e+12 1.91749e+10 3.4607e+10 1.8251e+10 1.25067e+11 8.70296e+10 3.27206e+10 3.23312e+10 2.25205e+11 3.21087e+10 4.31052e+10 3.12916e+10 3.44485e+10 2.61453e+10 9.36019e+10 3.19311e+10 5.35232e+10 5.08318e+10 4.83026e+10 4.79111e+10 7.46266e+10 7.27439e+10 6.41826e+10
threshold=1.0000000180025095e-35 6.5000000000000009 5.5000000000000009 334.40804515234134 724.50000000000011 157.37043019679473 500.50000000000006 4.5000000000000009 0 264.62970034264117 0.00054030373831775709 320.50000000000006 459.79793511194481 31.050000000000004 1 142.01342337501239 0.00059871495327102817 111.14110927355573 0.0006279205607476636 80.050000000000011 0.00048189252336448607 44.95000000000001 0.00045268691588785053 2.5000000000000004 84.98579275090411 31.950000000000003 0.00042348130841121499 108.01294582285483 0.0003942757009345795 45.050000000000004
decision_type=10 2 2 10 10 10 10 2 9 10 8 10 10 10 9 10 8 10 8 8 10 10 10 2 10 10 10 10 10 10
left_child=-1 4 -3 5 6 -4 8 -8 9 -2 12 13 14 -12 15 -10 17 -15 19 -18 22 -22 26 24 -24 -25 28 -28 -16 -30
right_child=1 2 3 -5 -6 -7 7 -9 10 -11 11 -13 -14 16 20 -17 18 -19 -20 -21 21 -23 23 25 -26 -27 27 -29 29 -31
leaf_value=-11976.849864130436 -137.15001402343347 49479.31226348877 66.539631605028816 -37160.118798828124 -28549.589001464847 11284.857600541549 -6081.0812121975805 14054.067179687499 -190.70188249670943 -1690.7794459566157 -321.67363368773874 4018.8342773437503 -2589.6014263731063 312.52219317687633 -25.235725580652332 4961.9741825984083 -819.81031477733325 1848.0415094528198 78.776588793261666 682.591005897522 -1466.479849397886 6.0100965846668597 55.707527752311869 2424.5320253114442 -2935.518259277344 495.51669493444047 -762.31265506957743 742.5355819551072 76.569501181557072 1369.0916807735034
leaf_weight=23 151 32 399 20 32 22 31 25 115 47 521 20 33 532 17708 26 186 50 5485 48 143 440 49 37 20 264 447 101 210 177
leaf_count=23 151 32 399 20 32 22 31 25 115 47 521 20 33 532 17708 26 186 50 5485 48 143 440 49 37 20 264 447 101 210 177
internal_value=-0.100057 9.96407 2357.19 -1062.1 -31.3118 652.77 2.65621 2907.82 -3.41203 -481.617 0.326788 70.7129 -24.0323 59.1383 -19.7427 709.143 90.6258 444.44 54.6196 -511.625 -25.3362 -355.167 -15.2359 444.712 -811.314 732.638 -24.3643 -484.959 -10.4153 667.723
internal_weight=27394 27371 473 441 26898 421 26866 56 26810 198 26612 6842 19770 6822 19737 141 6301 582 5719 234 19596 583 19013 370 69 301 18643 548 18095 387
internal_count=27394 27371 473 441 26898 421 26866 56 26810 198 26612 6842 19770 6822 19737 141 6301 582 5719 234 19596 583 19013 370 69 301 18643 548 18095 387
cat_boundaries=0 2 4
cat_threshold=2228268 4 32768 1
is_linear=0
shrinkage=0.05


Tree=115
num_leaves=31
num_cat=2
split_feature=4 4 2 4 3 4 4 3 2 4 4 3 4 4 4 4 4 1 1 2 4 4 5 4 4 4 0 1 1 1
split_gain=1.192e+12 1.03044e+12 1.68499e+13 1.27794e+11 1.17573e+11 4.86137e+11 2.99034e+10 1.98023e+10 9.988e+11 4.40921e+11 4.30621e+10 1.5641e+10 4.43876e+10 3.64042e+10 4.46591e+10 3.39648e+10 3.06842e+10 2.66769e+10 4.30363e+10 3.67429e+10 3.15473e+10 3.02304e+10 2.05641e+10 1.28475e+11 2.05462e+10 1.96213e+10 1.81695e+10 2.39883e+10 9.66981e+10 8.78548e+10
threshold=1.0000000180025095e-35 724.50000000000011 5.5000000000000009 541.00000000000011 8.5000000000000018 99.954431178623565 485.50000000000006 6.5000000000000009 5.5000000000000009 152.49554726004004 133.13716495110961 1.5000000000000002 144.01726109713979 110.02672726752995 119.35000000000001 156.03962222900353 174.38982969721681 0.00021904205607476641 0.00024824766355140192 2.5000000000000004 104.02526941657378 85.100000000000009 0 111.14110927355573 130.00158106963403 100.09435955727518 1 0.0016793224299065422 0.0018253504672897198 0.0019713785046728978
decision_type=10 10 2 10 2 10 10 2 2 10 10 2 10 10 10 10 10 10 10 2 10 10 9 10 8 10 1 10 10 10
left_child=-1 3 -3 4 6 -6 7 11 -9 10 -10 12 13 17 -15 -14 -17 20 -19 -20 21 -2 23 25 -16 -13 27 -24 -29 -30
right_child=1 2 -4 -5 5 -7 -8 8 9 -11 -12 22 15 14 24 16 -18 18 19 -21 -22 -23 26 -25 -26 -27 -28 28 29 -31
leaf_value=-11378.007659646741 -410.60255543259245 34830.758360877408 -23920.315336277174 -2695.9843661221594 111.84418820540111 8680.8004052734377 1360.1261572265626 -10002.707132812502 57.463922699885586 7567.8510205078128 -2347.6276394653319 -209.62067171941041 -2741.6560517578127 2306.8111845128674 -543.40862358940979 1067.4900689697267 -1172.0845501943736 1466.3388708726416 68.405133646314397 -1789.6344621930803 -1842.9023877692944 368.02271375469132 4.4497843944800275 4232.7366722470242 1222.1085712139425 1327.9754758300783 -155.73084266661465 1282.7067559703705 -1357.1220438190537 237.47197062309752
leaf_weight=23 673 26 23 44 96 20 40 25 268 20 20 122 25 34 45 20 65 53 535 28 33 153 22405 21 26 25 1674 186 102 564
leaf_count=23 673 26 23 44 96 20 40 25 268 20 20 122 25 34 45 20 65 53 535 28 33 153 22405 21 26 25 1674 186 102 564
internal_value=-0.0950483 9.46587 7253.72 -3.52617 0.816822 1589.25 -5.96686 -7.9816 -391.18 388.977 -109.556 -3.21826 -150.453 -82.8404 816.695 -1121.61 -645.126 -146.875 104.226 -24.0018 -326.943 -266.378 6.69553 542.209 103.119 51.8753 2.86828 14.346 274.755 -6.74513
internal_weight=27394 27371 49 27322 27278 116 27162 27122 333 308 288 26789 1690 1580 105 110 85 1475 616 563 859 826 25099 168 71 147 24931 23257 852 666
internal_count=27394 27371 49 27322 27278 116 27162 27122 333 308 288 26789 1690 1580 105 110 85 1475 616 563 859 826 25099 168 71 147 24931 23257 852 666
cat_boundaries=0 2 3
cat_threshold=16384 1 10
is_linear=0
shrinkage=0.05


Tree=116
num_leaves=31
num_cat=0
split_feature=4 3 4 4 4 3 2 1 2 4 4 3 4 4 4 2 4 4 4 1 1 1 1 4 1 2 1 1 1 4
split_gain=1.07578e+12 1.02273e+12 1.54832e+13 1.06614e+13 7.80428e+11 6.16875e+10 7.50115e+11 3.89854e+10 2.64788e+10 2.4244e+10 3.83524e+10 2.02131e+10 3.00922e+11 1.64293e+11 3.3943e+10 3.80612e+10 6.90261e+10 4.53622e+10 3.69984e+10 3.18354e+10 3.11016e+10 3.73159e+10 2.88207e+10 2.64103e+10 3.94364e+10 2.56793e+10 2.51685e+10 3.07062e+10 2.43885e+10 2.82218e+10
threshold=1.0000000180025095e-35 7.2500000000000009 855.00000000000011 157.37043019679473 610.00000000000011 6.5000000000000009 5.5000000000000009 0.00010221962616822432 8.5000000000000018 49.009391999014035 73.021775652210451 4.2500000000000009 485.50000000000006 500.50000000000006 50.010000000000012 6.5000000000000009 391.08371961117962 87.725000000000009 65.01579338535862 0.0015332943925233647 0.00042348130841121499 0.00024824766355140192 0.0006279205607476636 420.50000000000006 4.3808411214953281e-05 3.5000000000000004 0.00068633177570093468 0.00077394859813084119 0.00068633177570093468 45.050000000000004
decision_type=10 2 10 10 10 2 2 10 2 10 10 2 10 10 10 2 10 10 10 10 10 10 10 10 10 2 10 10 10 10
left_child=-1 2 4 8 5 11 -7 -6 9 -3 -11 13 14 23 25 16 18 -17 20 -20 21 -16 -22 -2 -25 -13 -24 -28 29 -27
right_child=1 3 -4 -5 7 6 -8 -9 -10 10 -12 12 -14 -15 15 17 -18 -19 19 -21 22 -23 26 24 -26 28 27 -29 -30 -31
leaf_value=-10809.107370923914 -10.66124589557257 -1820.6483448949357 38604.207411788062 -38190.444140625004 8540.9888085937509 -9384.0478940217399 181.99547286337997 5419.0731640625008 581.01887760605928 930.42407904730908 -956.83575694525427 1011.9144106910343 6234.9744531249999 -4068.6153515625006 -259.0281465407341 -259.84572660006012 2474.5143729073661 -3142.2215160551527 91.315314180730041 1392.3498085333376 -1596.9350796072824 931.30898340225212 889.43342265467493 551.73748002485797 -2165.0885325712316 150.658608165294 -1959.7059895833333 -329.31632200267222 -342.66460052066378 948.14577385284611
leaf_weight=23 23915 29 26 20 20 23 188 20 86 45 67 126 20 25 372 39 28 21 1163 49 70 80 31 22 34 367 36 146 144 159
leaf_count=23 23915 29 26 20 20 23 188 20 86 45 67 126 20 25 372 39 28 21 1163 49 70 80 31 22 34 367 36 146 144 159
internal_value=-0.0931405 8.98973 38.1558 -3193.84 1.15239 -9.16452 -860.749 6980.03 -110.441 -532.182 -198.562 -2.47163 123.395 -17.426 80.2185 -28.0618 9.62779 -1268.68 -25.82 143.915 -305.709 -48.349 -716.758 -13.2009 -1097.76 357.041 -427.498 -651.811 233.885 391.724
internal_weight=27394 27371 27124 247 27098 27058 211 40 227 141 112 26847 2851 23996 2831 2035 1975 60 1947 1212 735 452 283 23971 56 796 213 182 670 526
internal_count=27394 27371 27124 247 27098 27058 211 40 227 141 112 26847 2851 23996 2831 2035 1975 60 1947 1212 735 452 283 23971 56 796 213 182 670 526
is_linear=0
shrinkage=0.05


Tree=117
num_leaves=31
num_cat=3
split_feature=3 4 2 4 4 4 1 4 4 4 3 0 5 4 4 0 4 2 4 2 4 1 4 4 1 1 1 1 4 1
split_gain=1.08611e+12 2.85804e+13 2.79576e+13 9.89358e+12 3.89689e+12 1.37501e+12 1.97646e+10 7.34668e+11 6.62647e+11 5.17377e+10 3.08038e+10 2.59698e+10 2.34784e+10 4.73378e+10 2.75466e+10 2.66563e+10 3.94219e+10 2.92481e+10 2.66199e+10 7.73363e+10 6.24887e+10 6.63627e+10 3.66527e+10 6.98305e+10 6.65105e+10 7.08758e+10 9.34527e+10 6.36794e+10 6.34351e+10 5.81926e+10
threshold=6.5000000000000009 855.00000000000011 5.5000000000000009 342.85821225290857 610.00000000000011 157.37043019679473 4.3808411214953281e-05 485.50000000000006 500.50000000000006 350.83532286447655 3.2500000000000004 0 1 210.01995379122039 129.85680038811208 2 124.71156790688305 3.5000000000000004 112.05000000000001 2.5000000000000004 119.35000000000001 0.00051109813084112166 99.954431178623565 100.09435955727518 0.00083235981308411226 0.00051109813084112166 0.00042348130841121499 0.00097838785046728996 90.100000000000009 0.0016501168224299068
decision_type=2 8 2 8 10 10 8 10 10 10 2 1 9 10 10 1 10 2 10 2 10 10 10 10 10 10 10 10 10 10
left_child=1 4 -2 5 6 -4 7 9 12 11 -11 -1 13 -8 15 16 18 -17 22 -20 21 -21 28 24 25 26 -24 -26 -14 -29
right_child=2 -3 3 -5 -6 -7 8 -9 -10 10 -12 -13 14 -15 -16 17 -18 -19 19 20 -22 -23 23 -25 27 -27 -28 29 -30 -31
leaf_value=-38.714449635227169 47502.723736572269 -43373.548283305921 48.465229756222634 -35256.683359375005 16692.320061383929 12621.152940302311 -228.2088403585683 -9421.6569010416679 8692.3369495738643 475.60908917682929 2675.6523550180291 -477.11145416764185 9.9985883395839075 -2628.8060781250001 185.10941242063538 -149.05009404002624 -958.51404430682851 -995.75660334406678 2329.6053962869846 213.24028727471293 -478.91535599847862 2438.3357182820637 -402.89409372530992 146.44134518572392 -4327.6502046130954 1337.9349681181066 -2967.572250600962 224.45766588483539 583.19361317646076 -2776.5417708333334
leaf_weight=4962 32 38 399 20 35 23 115 21 22 41 26 353 15697 25 2133 1257 104 111 47 111 178 48 398 524 21 51 39 35 498 30
leaf_count=4962 32 38 399 20 35 23 115 21 22 41 26 353 15697 25 2133 1257 104 111 47 111 178 48 398 524 21 51 39 35 498 30
internal_value=-0.0884825 -41.8648 2372.53 -894.818 19.3882 733.707 -2.34804 -87.8156 19.1862 -51.3959 1329.36 -68.8014 10.2791 -613.094 14.661 -4.31751 12.0965 -216.172 17.8138 429.569 164.578 884.967 8.67057 -270.891 -651.87 -425.927 -631.778 -1933.96 27.6245 -1160.62
internal_weight=27394 26920 474 442 26882 422 26847 5403 21444 5382 67 5315 21422 140 21282 19149 17781 1368 17677 384 337 159 17293 1098 574 488 437 86 16195 65
internal_count=27394 26920 474 442 26882 422 26847 5403 21444 5382 67 5315 21422 140 21282 19149 17781 1368 17677 384 337 159 17293 1098 574 488 437 86 16195 65
cat_boundaries=0 1 3 4
cat_threshold=8 131084 4 8
is_linear=0
shrinkage=0.05


Tree=118
num_leaves=31
num_cat=2
split_feature=4 4 1 3 4 3 2 1 2 1 4 4 1 4 4 1 1 1 0 1 1 4 1 4 4 1 1 4 4 5
split_gain=1.50452e+12 7.02942e+11 1.81824e+13 1.12531e+11 1.80841e+12 1.00123e+11 1.07325e+12 4.87124e+10 2.53421e+10 3.18409e+10 2.1154e+10 3.49354e+10 1.9368e+10 1.56994e+10 1.5156e+10 1.40882e+10 8.25058e+10 6.06982e+10 4.51457e+10 5.61587e+10 3.55967e+10 3.67816e+10 3.13164e+10 2.84234e+10 3.18778e+10 6.14707e+10 4.02816e+10 2.34316e+10 2.3039e+10 2.2951e+10
threshold=1186.0000000000002 541.00000000000011 0.00016063084112149533 7.2500000000000009 142.01342337501239 6.5000000000000009 5.5000000000000009 7.3014018691588793e-05 8.5000000000000018 4.3808411214953281e-05 49.009391999014035 99.954431178623565 0.00016063084112149533 485.50000000000006 20.075000000000003 0.0019713785046728978 0.0018253504672897198 0.0016793224299065422 0 0.001752336448598131 0.0016501168224299068 99.954431178623565 0.0016209112149532712 101.05000000000001 89.952709749343711 0.0031103971962616827 0.0046144859813084119 67.050000000000011 65.9773406544046 1
decision_type=8 10 10 2 10 2 2 10 2 10 10 10 10 10 10 8 10 10 1 10 10 10 10 10 10 10 10 10 10 9
left_child=1 3 7 5 8 13 -7 -3 9 -5 -11 12 -12 14 -1 16 17 20 -19 -20 22 -22 29 24 26 -26 28 -28 -17 -16
right_child=-2 2 -4 4 -6 6 -8 -9 -10 10 11 -13 -14 -15 15 23 -18 18 19 -21 21 -23 -24 -25 25 -27 27 -29 -30 -31
leaf_value=-374.15623355192298 9941.962078536184 -26315.459120530351 24189.871316528322 -2194.5609777379918 15472.015032958985 -11289.98160665761 152.46996916101335 -23033.243408203125 447.33920131183805 -1549.8909606933594 1561.8646926403046 -1653.3868861607143 -206.50504069010418 1001.0868414463141 573.57729841087291 382.35196091259604 -1001.1773912781651 -49.820948262707944 724.33506292248455 2736.2552381100863 12.530491511027019 -1944.870856221517 1414.2187534430088 1546.8912755721656 -2121.2692965698243 933.29553353445863 -873.52790066333534 711.6623082314768 1455.9412748209636 -7.6523991395914281
leaf_weight=272 38 26 32 27 20 23 188 20 84 25 32 21 30 39 161 299 206 135 141 46 48 48 39 39 40 28 94 31 60 25102
leaf_count=272 38 26 32 27 20 23 188 20 84 25 32 21 30 39 161 299 206 135 141 46 48 48 39 39 40 28 94 31 60 25102
internal_value=-0.0934794 -13.9039 -4753.73 -0.350627 1079.83 -9.89845 -1094.81 -24888.4 -234.523 -658.793 -274.851 109.198 706.202 -1.3657 -2.82509 0.983865 -4.51866 3.46391 685.636 1157.36 -5.18478 -966.17 -1.53865 242.369 150.201 -863.507 292.623 -480.401 561.782 -3.72423
internal_weight=27394 27356 78 27278 239 27039 211 46 219 135 108 83 62 26828 26789 26517 25926 25720 322 187 25398 96 25302 591 552 68 484 125 359 25263
internal_count=27394 27356 78 27278 239 27039 211 46 219 135 108 83 62 26828 26789 26517 25926 25720 322 187 25398 96 25302 591 552 68 484 125 359 25263
cat_boundaries=0 1 3
cat_threshold=4 16384 1
is_linear=0
shrinkage=0.05


Tree=119
num_leaves=31
num_cat=1
split_feature=4 4 4 2 4 4 4 4 1 2 3 4 3 2 4 2 4 4 4 4 5 4 4 1 1 2 4 1 1 4
split_gain=1.35783e+12 6.89307e+11 1.09589e+11 1.02393e+11 3.47517e+11 3.19273e+10 6.87845e+10 6.91061e+10 5.95417e+10 3.75452e+11 2.39183e+11 9.77808e+10 4.44067e+10 1.22489e+12 2.90038e+11 2.76692e+10 2.56736e+10 2.13669e+10 3.88735e+10 2.01218e+10 1.75958e+10 2.4016e+10 1.97314e+10 5.7986e+10 5.78111e+10 3.50704e+10 6.93096e+10 2.76114e+10 2.64717e+10 4.42819e+10
threshold=1186.0000000000002 724.50000000000011 541.00000000000011 8.5000000000000018 115.01092707614448 391.08371961117962 365.25855766946296 350.83532286447655 0.00010221962616822432 3.5000000000000004 4.2500000000000009 447.50000000000006 6.5000000000000009 5.5000000000000009 151.03562962108694 3.5000000000000004 102.53757864804031 47.975000000000009 42.005000000000003 447.50000000000006 0 290.50000000000006 75.018223136952244 0.0022050233644859817 0.0016501168224299068 2.5000000000000004 74.750000000000014 0.0016793224299065422 0.00018983644859813087 42.867018476890188
decision_type=8 10 10 2 10 10 10 10 10 2 2 10 2 2 10 2 10 10 8 10 9 10 10 10 10 2 10 10 10 10
left_child=1 2 3 5 -5 6 7 12 9 11 19 -7 20 -14 16 -8 17 18 -15 -10 22 -22 25 24 -24 26 28 -26 -1 -30
right_child=-2 -3 -4 4 -6 8 15 -9 10 -11 -12 -13 13 14 -16 -17 -18 -19 -20 -21 21 -23 23 -25 27 -27 -28 -29 29 -31
leaf_value=-286.4422996177048 9444.8657072368424 -7128.0654555376841 -2497.663219105114 285.30915448910724 7465.7845483398451 339.84782918294275 -788.29362580672557 2731.7011283542797 707.31754557291674 -3903.4794998972038 5830.9053141276045 4726.1087311921301 -11013.269441105769 506.35553519956534 6095.2482344818118 -3298.5677058991932 -1076.0411453514769 356.38048011859263 -2040.4324042484677 -1456.4800004438921 -218.96078221849672 -1870.8874018130098 80.647245990148704 1498.7288933454242 -1586.9697738814773 6.323483548751609 -2042.4017700195313 -381.82011700343423 -275.57622103135435 263.56489304272316
leaf_weight=1647 38 34 44 107 20 24 23 23 21 38 24 27 26 31 20 21 57 192 29 22 507 23 8092 70 57 14317 49 286 738 787
leaf_count=1647 38 34 44 107 20 24 23 23 21 38 24 27 26 31 20 21 57 192 29 22 507 23 8092 70 57 14317 49 286 738 787
internal_value=-0.0793817 -13.1993 -4.34541 -0.323633 1416.09 -6.94898 -11.0707 -7.84583 706.294 -141.246 1832.13 2661.99 -10.1858 -565.704 259.94 -1986.38 -117.75 99.0061 -724.592 -399.742 -2.76436 -285.266 3.09316 65.5909 53.6977 -27.2132 -176.28 -582.093 -147.453 2.65595
internal_weight=27394 27356 27322 27278 127 27151 26995 26951 156 89 67 51 26928 355 329 44 309 252 60 43 26573 530 26043 8505 8435 17538 3221 343 3172 1525
internal_count=27394 27356 27322 27278 127 27151 26995 26951 156 89 67 51 26928 355 329 44 309 252 60 43 26573 530 26043 8505 8435 17538 3221 343 3172 1525
cat_boundaries=0 2
cat_threshold=3162113 7
is_linear=0
shrinkage=0.05


Tree=120
num_leaves=31
num_cat=1
split_feature=4 4 4 3 4 3 2 2 1 4 4 1 4 5 1 4 4 1 4 3 3 1 4 4 4 1 1 2 2 4
split_gain=1.22544e+12 6.22099e+11 9.89042e+10 9.72307e+10 1.57989e+12 8.38536e+10 8.68788e+11 2.02692e+10 2.75749e+10 1.8094e+10 2.90898e+10 1.74797e+10 1.3389e+10 1.36082e+10 2.63417e+10 2.37435e+10 2.59255e+10 1.19162e+11 9.42255e+10 8.35792e+10 9.29068e+10 5.99503e+10 1.64768e+10 2.98309e+10 1.36634e+10 5.27118e+10 5.13276e+10 3.91568e+10 3.05146e+10 6.26331e+10
threshold=1186.0000000000002 724.50000000000011 541.00000000000011 7.2500000000000009 142.01342337501239 6.5000000000000009 5.5000000000000009 8.5000000000000018 4.3808411214953281e-05 49.009391999014035 99.954431178623565 0.00016063084112149533 18.050000000000004 0 0.0014748831775700936 485.50000000000006 365.25855766946296 0.00013142523364485984 342.85821225290857 3.2500000000000004 4.2500000000000009 0.00030665887850467294 365.25855766946296 310.02166095522585 75.018223136952244 0.0022050233644859817 0.0016501168224299068 7.5000000000000009 2.5000000000000004 74.750000000000014
decision_type=8 10 10 2 10 2 2 2 10 10 10 10 10 9 10 10 10 10 10 2 2 10 10 10 10 10 10 2 2 10
left_child=1 2 3 5 7 12 -7 8 -5 -10 11 -11 -1 15 22 16 18 19 24 -18 -21 -19 23 -15 27 26 -26 28 29 -14
right_child=-2 -3 -4 4 -6 6 -8 -9 9 10 -12 -13 13 14 -16 -17 17 21 -20 20 -22 -23 -24 -25 25 -27 -28 -29 -30 -31
leaf_value=-434.8053830421577 8972.625812088816 -6771.6625517003677 -2372.7794211647729 -2033.3743595829719 14455.882431640624 -10174.819191576087 120.1579620117837 385.06222232636952 -1426.1041787719728 1465.9524246215822 -1500.0764880952383 -213.99881749471029 -138.39669431378181 -144.10502730292632 -1761.5709097403069 1290.1725151909723 -989.61371149027127 -4658.8510808771307 2530.285189901816 4348.2128976004469 -355.04801897321431 -1007.9794794497283 1178.3147882634944 -2065.3590419224329 71.56908115180282 1423.7924633571081 -552.98816420441119 1160.0968800571989 6.1806337155737321 -1940.2816570671239
leaf_weight=177 38 34 44 27 20 23 188 84 25 32 21 30 3057 533 27 36 53 22 37 21 21 23 22 21 8038 70 343 70 14208 49
leaf_count=177 38 34 44 27 20 23 188 84 25 32 21 30 3057 533 27 36 53 22 37 21 21 23 22 21 8038 70 343 70 14208 49
internal_value=-0.0754068 -12.5393 -4.12814 -0.307451 1003.76 -9.18247 -1002.04 -224.747 -604.184 -246.886 108.3 653.073 -1.3737 1.5049 -231.354 6.98162 5.2084 -673.367 8.88034 330.599 1996.58 -2792.85 -163.642 -216.932 5.26927 57.4208 46.0085 -20.0835 -24.8549 -166.823
internal_weight=27394 27356 27322 27278 239 27039 211 219 135 108 83 62 26828 26651 603 26048 26012 140 25872 95 42 45 576 554 25835 8451 8381 17384 17314 3106
internal_count=27394 27356 27322 27278 239 27039 211 219 135 108 83 62 26828 26651 603 26048 26012 140 25872 95 42 45 576 554 25835 8451 8381 17384 17314 3106
cat_boundaries=0 2
cat_threshold=1064961 3
is_linear=0
shrinkage=0.05


Tree=121
num_leaves=31
num_cat=0
split_feature=4 4 4 3 4 3 2 2 1 4 4 1 2 4 4 4 1 4 1 1 2 4 4 1 1 4 1 4 4 1
split_gain=1.10596e+12 5.61444e+11 8.92611e+10 8.77507e+10 1.42585e+12 7.56779e+10 7.84081e+11 1.8293e+10 2.48864e+10 1.63298e+10 2.62536e+10 1.57754e+10 1.28779e+10 4.09093e+10 3.34193e+10 1.32348e+10 1.26244e+10 5.00575e+10 2.50776e+11 1.08056e+11 2.78368e+11 2.94261e+10 1.0873e+11 3.98156e+10 8.53197e+10 6.96868e+10 5.40061e+10 4.01484e+10 3.97703e+10 3.97199e+10
threshold=1186.0000000000002 724.50000000000011 541.00000000000011 7.2500000000000009 142.01342337501239 6.5000000000000009 5.5000000000000009 8.5000000000000018 4.3808411214953281e-05 49.009391999014035 99.954431178623565 0.00016063084112149533 6.5000000000000009 75.018223136952244 140.03401652231085 58.750000000000007 0.00010221962616822432 310.02166095522585 0.00018983644859813087 0.0006279205607476636 3.5000000000000004 103.21237045295018 99.954431178623565 0.0012412383177570097 0.0012996495327102806 113.00399063767009 0.0014748831775700936 116.06391675956895 113.00399063767009 0.0012704439252336451
decision_type=8 10 10 2 10 2 2 2 10 10 10 10 2 10 10 10 8 10 10 10 2 8 10 8 8 10 8 10 10 10
left_child=1 2 3 5 7 16 -7 8 -5 -10 11 -11 13 15 -14 -8 -1 21 -19 20 -20 22 -18 27 25 -25 -26 28 -23 -27
right_child=-2 -3 -4 4 -6 6 12 -9 9 10 -12 -13 14 -15 -16 -17 17 18 19 -21 -22 23 -24 24 26 29 -28 -29 -30 -31
leaf_value=-48.045842526474445 8523.9885999177623 -6433.0779526654414 -2254.1404296875003 -1931.7056686966509 13733.088447265625 -9666.0782523777179 350.56101893063254 365.80911323910669 -1354.7990334472656 1392.6548133850099 -1425.072658575149 -203.29886098225913 178.31474893259448 1945.5142385771783 -2090.8061383056643 -1321.3486223888399 16.445612570875625 4421.5151444284538 1346.1971905517578 2503.3674519856772 -5025.2488688151043 441.037861850963 -700.58814514035089 -4103.1247302827387 1183.4050786336263 -2413.5944767878605 -184.10166804274468 158.6160743655482 1562.5225190097847 12.919166056315104
leaf_weight=9390 38 34 44 27 20 23 29 84 25 32 21 30 86 33 20 20 14298 38 40 24 30 340 549 21 90 26 365 1466 103 48
leaf_count=9390 38 34 44 27 20 23 29 84 25 32 21 30 86 33 20 20 14298 38 40 24 30 340 549 21 90 26 365 1466 103 48
internal_value=-0.0716434 -11.9123 -3.92173 -0.292079 953.57 -8.72334 -951.941 -213.51 -573.975 -234.542 102.885 620.419 114.15 584.65 -249.821 -331.851 -1.30501 23.8639 993.855 -391.795 -1384.42 16.4654 -10.0683 176.671 -198.163 -1561.04 86.3942 284.664 701.789 -839.64
internal_weight=27394 27356 27322 27278 239 27039 211 219 135 108 83 62 188 82 106 49 26828 17438 132 94 70 17306 14847 2459 550 95 455 1909 443 74
internal_count=27394 27356 27322 27278 239 27039 211 219 135 108 83 62 188 82 106 49 26828 17438 132 94 70 17306 14847 2459 550 95 455 1909 443 74
is_linear=0
shrinkage=0.05


Tree=122
num_leaves=31
num_cat=1
split_feature=3 4 4 4 3 2 4 4 2 1 4 1 5 4 1 4 4 1 4 1 4 4 3 4 4 4 4 4 4 1
split_gain=1.06712e+12 2.04308e+13 1.06597e+13 7.69058e+11 2.02287e+11 6.02326e+11 3.4851e+11 1.81678e+11 2.03237e+12 1.87716e+10 4.13978e+10 3.40908e+10 1.48259e+10 1.88918e+10 1.63302e+10 1.64654e+11 8.72613e+10 2.91618e+10 8.12015e+10 7.09886e+10 6.96816e+10 1.01164e+11 3.27645e+10 3.11821e+10 3.06433e+10 3.87033e+10 5.61027e+10 3.03003e+10 4.94344e+10 4.63798e+10
threshold=7.2500000000000009 1186.0000000000002 157.37043019679473 724.50000000000011 6.5000000000000009 5.5000000000000009 148.81200982779711 500.50000000000006 4.5000000000000009 0.00010221962616822432 84.98579275090411 0.00016063084112149533 0 320.50000000000006 0.00054030373831775709 290.50000000000006 459.79793511194481 0.0002774532710280374 334.40804515234134 0.00021904205607476641 120.89254377047602 119.35000000000001 1.5000000000000002 144.01726109713979 110.02672726752995 123.02468001013929 130.27467500124359 105.10000000000001 83.656020066889653 0.00051109813084112166
decision_type=2 8 10 10 2 2 10 10 2 10 10 10 9 10 8 10 10 10 10 10 10 10 2 10 10 10 10 10 10 10
left_child=1 3 9 4 7 -6 -7 12 -9 10 -2 -11 14 -14 16 -16 17 19 20 22 21 27 23 24 -1 -26 -27 28 -19 -30
right_child=2 -3 -4 -5 5 6 -8 8 -10 11 -12 -13 13 -15 15 -17 -18 18 -20 -21 -22 -23 -24 -25 25 26 -28 -29 29 -31
leaf_value=-292.20000844873289 167.21193473522482 39347.744945549246 -38265.586289062507 -7646.4610440340912 -9182.7743121603253 165.39452887992184 -6394.8607863716461 -5705.6299174647174 13455.192085937502 1772.0150537561487 -2003.9214917835438 -210.74612754128199 -198.92189415610778 -1441.4676802201705 55.942504939405936 4599.3920668029787 -2589.7188180634471 -114.09067278941571 -3163.1409423828127 330.98958747728813 536.53264095995303 -2937.7665155584164 0.89119503874370298 -1139.6265429438379 1834.6639416503906 -1881.9579882812502 1670.943282470703 660.35951230135834 -805.94503922138404 1455.1751383463543
leaf_weight=859 52 33 20 33 23 169 23 31 25 27 38 110 419 33 6734 20 33 3212 22 1597 371 33 12748 98 40 25 20 110 412 24
leaf_count=859 52 33 20 33 23 169 23 31 25 27 38 110 419 33 6734 20 33 3212 22 1597 371 33 12748 98 40 25 20 110 412 24
internal_value=-0.0680616 29.699 -3271.67 -18.1543 -8.85874 -1536.44 -620.469 3.36598 2848.31 -188.51 -749.489 180.017 -2.57646 -283.369 2.34534 69.3966 -20.7541 -16.4224 -133.467 15.4042 -117.453 -181.454 -21.1433 -290.717 -202.588 703.017 -302.891 -157.25 -181.904 -681.48
internal_weight=27394 27147 247 27114 27081 215 192 26866 56 227 90 137 26810 452 26358 6754 19604 19571 4184 15387 4162 3791 13790 1042 944 85 45 3758 3648 436
internal_count=27394 27147 247 27114 27081 215 192 26866 56 227 90 137 26810 452 26358 6754 19604 19571 4184 15387 4162 3791 13790 1042 944 85 45 3758 3648 436
cat_boundaries=0 2
cat_threshold=68173825 35
is_linear=0
shrinkage=0.05


Tree=123
num_leaves=31
num_cat=1
split_feature=4 3 4 1 4 3 2 4 2 3 4 4 2 4 1 5 1 4 4 4 1 2 1 1 4 4 1 3 4 1
split_gain=1.31029e+12 9.74437e+11 9.78052e+12 1.80871e+13 4.53768e+12 1.12793e+11 1.03693e+12 1.63964e+11 1.83421e+12 4.38072e+10 3.1453e+11 1.54085e+11 1.818e+10 2.22223e+10 2.21413e+10 1.44292e+10 1.96102e+10 3.16161e+10 4.10728e+10 1.94673e+10 4.6209e+10 4.42764e+10 4.23086e+10 4.57591e+10 3.35544e+11 1.08987e+11 3.74998e+11 1.53003e+11 7.81663e+10 7.58011e+10
threshold=1.0000000180025095e-35 8.5000000000000018 724.50000000000011 0.00030665887850467294 124.71156790688305 6.5000000000000009 5.5000000000000009 500.50000000000006 4.5000000000000009 7.2500000000000009 148.81200982779711 127.28168959952761 7.5000000000000009 73.021775652210451 0.00018983644859813087 0 0.00024824766355140192 310.02166095522585 240.02876849523298 75.018223136952244 0.0022050233644859817 7.5000000000000009 0.0016501168224299068 0.0010075934579439254 246.96711259754741 365.25855766946296 0.00013142523364485984 3.2500000000000004 342.85821225290857 4.3808411214953281e-05
decision_type=10 2 10 10 10 2 2 10 2 2 10 10 2 8 10 9 10 10 10 10 10 2 10 10 10 10 8 2 8 10
left_child=-1 2 5 -4 -3 7 -7 15 -9 10 -8 12 -11 14 -14 19 -17 18 -18 -2 21 22 23 25 -25 28 27 29 -21 -27
right_child=1 4 3 -5 -6 6 9 8 -10 11 -12 -13 13 -15 -16 16 17 -19 -20 20 -22 -23 -24 24 -26 26 -28 -29 -30 -31
leaf_value=-11929.179517663044 -23.263782965525099 -158.37073364257813 58701.463847656247 -5679.9586425781254 -26226.133925781251 -10509.095628004809 157.12480925610785 -5420.348317792339 12782.430396484377 1006.8648666992187 -6075.118020099143 4635.0818762207036 1242.2095936650817 -1608.1739860026044 -928.74751408894872 -394.58712516489612 -30.035155983975059 -1834.4196373980981 1746.2430836397061 73.053210007101782 1350.2118336813792 -1767.7712713068181 -509.68027718465839 278.13240417824653 6579.4698086825292 207.8835089432566 -4866.1870857083068 2818.5516976705412 2377.5003929344384 -3480.0255526455967
leaf_weight=23 17555 101 20 24 20 26 169 31 25 25 23 20 23 30 24 543 760 23 34 6746 70 33 305 532 22 38 49 41 37 22
leaf_count=23 17555 101 20 24 20 26 169 31 25 25 23 20 23 30 24 543 760 23 34 6746 70 33 305 532 22 38 49 41 37 22
internal_value=-0.0646577 9.95944 29.8392 23584.3 -4467.09 -8.25525 -913.239 3.19768 2705.89 -118.677 -589.446 622.204 -164.634 -544.991 133.636 -2.44763 -160.516 -6.91078 46.0271 6.05993 71.2706 59.8296 67.5697 91.0853 528.366 56.1432 -1276.96 464.353 85.6235 -1144.35
internal_weight=27394 27371 27250 44 121 27206 340 26866 56 314 192 122 102 77 47 26810 1360 817 794 25450 7895 7825 7792 7487 554 6933 150 101 6783 60
internal_count=27394 27371 27250 44 121 27206 340 26866 56 314 192 122 102 77 47 26810 1360 817 794 25450 7895 7825 7792 7487 554 6933 150 101 6783 60
cat_boundaries=0 2
cat_threshold=1064961 1
is_linear=0
shrinkage=0.05


Tree=124
num_leaves=31
num_cat=1
split_feature=4 3 2 4 4 4 4 1 5 1 1 1 1 4 4 1 1 4 1 4 1 2 4 4 4 4 4 1 3 1
split_gain=1.18254e+12 1.02041e+12 2.78937e+13 1.04792e+13 8.96106e+12 9.71371e+11 1.47977e+11 1.81242e+12 1.30223e+10 1.97635e+10 3.8185e+10 1.97436e+10 2.67925e+10 6.68976e+10 5.87949e+10 2.97261e+10 5.46381e+10 4.38673e+10 3.31602e+10 1.75692e+10 4.17037e+10 4.0719e+10 1.44773e+11 1.08226e+11 6.48088e+10 5.6738e+10 1.21151e+11 1.09883e+11 1.76114e+11 3.76368e+10
threshold=1.0000000180025095e-35 6.5000000000000009 5.5000000000000009 724.50000000000011 334.40804515234134 157.37043019679473 500.50000000000006 0.00013142523364485984 0 0.0014748831775700936 0.0014456775700934581 0.00024824766355140192 0.00051109813084112166 264.62970034264117 240.02876849523298 0.00091997663551401877 0.0012412383177570097 130.27467500124359 0.0012996495327102806 75.018223136952244 0.0022050233644859817 4.5000000000000009 447.50000000000006 391.08371961117962 300.50000000000006 365.25855766946296 342.85821225290857 0.00013142523364485984 3.2500000000000004 0.0016501168224299068
decision_type=10 2 2 10 10 10 10 10 9 10 10 10 10 10 10 10 10 10 10 10 10 2 10 10 10 10 10 10 2 10
left_child=-1 3 -3 6 5 -4 8 -8 19 10 11 -10 14 15 -13 -14 17 -17 -18 -2 21 22 25 24 -23 26 29 28 -27 -21
right_child=1 2 4 -5 -6 -7 7 -9 9 -11 -12 12 13 -15 -16 16 18 -19 -20 20 -22 23 -24 -25 -26 27 -28 -29 -30 -31
leaf_value=-11332.719752038043 -22.100594402397164 47386.780224609378 30.408290624020992 -28626.658953475955 -33659.772341308591 10822.503795831855 9275.1397786458328 -9497.5782028198246 -374.85776830992864 -965.74900025347597 1826.177731201172 203.663666092005 -521.41088629484182 -2975.8953508649556 3014.7031872558596 -267.8352639716968 -2163.4445160964437 1483.2738286336264 170.92286772727968 109.83883432214321 1282.701249738421 -230.6939467731446 3353.7628877527577 -3108.7730224609377 2059.8694126129153 -1963.6091205303485 3381.2446908133375 -3908.8752178485579 3807.3131970214849 -488.46980358875584
leaf_weight=23 17555 32 399 32 20 22 36 20 543 71 25 266 200 21 20 57 29 96 32 6457 70 883 34 32 32 39 28 26 20 274
leaf_count=23 17555 32 399 32 20 22 36 20 543 71 25 266 200 21 20 57 29 96 32 6457 70 883 34 32 32 39 28 26 20 274
internal_value=-0.0614213 9.46147 2311.65 -31.0224 -959.11 594.366 3.0378 2570.6 -2.32525 -152.49 -108.878 -147.15 24.3411 -222.802 400.24 -83.1518 326.436 830.9 -938.858 5.75694 67.7071 56.8381 99.1605 -250.547 -150.587 82.9921 99.1365 -1200.77 -7.36427 85.4834
internal_weight=27394 27371 473 26898 441 421 26866 56 26810 1360 1289 1264 721 435 286 414 214 153 61 25450 7895 7825 6878 947 915 6844 6759 85 59 6731
internal_count=27394 27371 473 26898 441 421 26866 56 26810 1360 1289 1264 721 435 286 414 214 153 61 25450 7895 7825 6878 947 915 6844 6759 85 59 6731
cat_boundaries=0 2
cat_threshold=1064961 1
is_linear=0
shrinkage=0.05


Tree=125
num_leaves=31
num_cat=1
split_feature=4 4 2 3 4 3 2 4 2 3 4 4 2 4 1 4 5 1 1 1 1 4 4 1 1 4 1 4 4 1
split_gain=1.06724e+12 9.55702e+11 1.42888e+13 1.10731e+11 4.88039e+11 1.44927e+11 1.44228e+12 1.3355e+11 1.64334e+12 3.84292e+10 2.66739e+11 1.41116e+11 1.64074e+10 2.00557e+10 1.99826e+10 1.21586e+10 1.2102e+10 1.78365e+10 3.4462e+10 1.78186e+10 2.41803e+10 6.0375e+10 5.30624e+10 2.68278e+10 4.93109e+10 3.95903e+10 2.9927e+10 1.54145e+10 8.34139e+10 5.94565e+10
threshold=1.0000000180025095e-35 724.50000000000011 5.5000000000000009 8.5000000000000018 99.954431178623565 6.5000000000000009 5.5000000000000009 500.50000000000006 4.5000000000000009 7.2500000000000009 148.81200982779711 127.28168959952761 7.5000000000000009 73.021775652210451 0.00018983644859813087 15.050000000000002 0 0.0014748831775700936 0.0014456775700934581 0.00024824766355140192 0.00051109813084112166 264.62970034264117 240.02876849523298 0.00091997663551401877 0.0012412383177570097 130.27467500124359 0.0012996495327102806 100.09435955727518 99.954431178623565 0.00010221962616822432
decision_type=10 10 2 2 10 2 2 10 2 2 10 10 2 8 10 10 9 10 10 8 10 10 10 10 10 10 10 10 10 10
left_child=-1 3 -3 5 -5 7 -7 15 -9 10 -8 12 -11 14 -14 -2 27 18 19 -18 22 23 -21 -22 25 -25 -26 28 -17 -29
right_child=1 2 -4 4 -6 6 9 8 -10 11 -12 -13 13 -15 -16 16 17 -19 -20 20 21 -23 -24 24 26 -27 -28 29 -30 -31
leaf_value=-10766.084018342393 -544.40556770250635 32380.557797475965 -21721.758729619567 57.710901856422424 8643.4086328125013 -12352.979732572116 147.74815410185144 -5249.7446950604844 11979.91641796875 955.00120312500007 -5591.5170116922127 4435.3571923828122 1178.5786891771399 -1529.2857080078127 -883.83058725992839 11.015102620941626 -356.11487818062858 -917.46156947176223 1734.8688287963869 193.48047925762665 -495.34033826065064 -2827.1006080264142 2863.9680310058593 -254.44349804259184 -2055.2722925646553 1409.1101177215578 162.37671881914139 -89.541887622608385 -505.82355607828879 313.96451760739069
leaf_weight=23 103 26 23 96 20 26 169 31 25 25 23 20 23 30 24 20876 543 71 25 266 200 21 20 57 29 96 32 1917 811 1743
leaf_count=23 103 26 23 96 20 26 169 31 25 25 23 20 23 30 24 20876 543 71 25 266 200 21 20 57 29 96 32 1917 811 1743
internal_value=-0.0583564 8.98839 6985.59 -3.52363 1538 -10.0963 -1035.92 2.88591 2442.07 -98.8423 -539.768 595.074 -157.923 -519.262 125.434 -2.20899 -0.117919 -144.866 -103.434 -139.793 23.124 -211.661 380.228 -78.9942 310.114 789.355 -891.915 7.70268 -8.31243 102.62
internal_weight=27394 27371 49 27322 116 27206 340 26866 56 314 192 122 102 77 47 26810 26707 1360 1289 1264 721 435 286 414 214 153 61 25347 21687 3660
internal_count=27394 27371 49 27322 116 27206 340 26866 56 314 192 122 102 77 47 26810 26707 1360 1289 1264 721 435 286 414 214 153 61 25347 21687 3660
cat_boundaries=0 2
cat_threshold=1064961 1
is_linear=0
shrinkage=0.05


Tree=126
num_leaves=31
num_cat=0
split_feature=3 4 2 4 4 4 1 4 4 4 2 4 4 4 4 4 4 4 4 2 4 4 4 3 4 4 3 4 4 1
split_gain=1.01372e+12 2.74936e+13 2.53343e+13 7.97501e+12 3.66537e+12 1.17703e+12 1.59345e+10 6.37967e+11 5.79146e+11 4.30809e+10 2.89208e+10 2.61831e+10 3.35822e+10 3.35291e+10 2.93628e+10 2.3404e+10 2.133e+10 2.13863e+10 3.53114e+10 2.71269e+10 2.52961e+10 3.90966e+10 2.11998e+10 4.79038e+10 4.51035e+10 8.68579e+10 3.40205e+10 2.26793e+10 4.76744e+10 4.45621e+10
threshold=6.5000000000000009 855.00000000000011 5.5000000000000009 342.85821225290857 610.00000000000011 157.37043019679473 4.3808411214953281e-05 485.50000000000006 500.50000000000006 350.83532286447655 3.5000000000000004 139.48765205362346 153.64123960510702 170.00423548663119 167.26344563485318 131.59405492448974 179.65200040916665 203.95000000000002 191.19380127490498 4.5000000000000009 310.02166095522585 290.50000000000006 447.50000000000006 3.2500000000000004 391.08371961117962 365.25855766946296 3.2500000000000004 62.510000000000012 59.0047915781523 0.0010367990654205608
decision_type=2 8 2 8 10 10 8 10 10 10 2 10 10 10 10 10 10 10 10 2 10 10 10 2 10 10 2 10 10 10
left_child=1 4 -2 5 6 -4 7 9 22 11 -11 15 -13 14 -14 -1 -15 18 -18 20 21 -19 24 -24 25 27 -26 28 -8 -30
right_child=2 -3 3 -5 -6 -7 8 -9 -10 10 -12 12 13 16 -16 -17 17 19 -20 -21 -22 -23 23 -25 26 -27 -28 -29 29 -31
leaf_value=-31.487753232953878 45252.802410888675 -42540.236066316305 9.9810696709424942 -31668.890356445314 16189.74376674107 11642.371618121604 -0.73278328956551864 -8776.0515904017866 8126.215322737261 308.23542608963817 2404.8665510506466 -1025.2376128112378 197.48087063743958 -1578.6897076775047 2249.4507768110793 1035.1913100462696 -611.78007784756744 -989.68075398122244 1156.5835908034753 937.35136176215281 -2273.7837020874026 725.4432644314237 -2794.1725141252791 625.01096679687498 211.60923970540367 -2879.8509026160609 2873.8637145996095 69.695356099972869 -461.04990967097541 407.12043273572976
leaf_weight=4640 32 38 399 20 35 23 10681 21 22 38 29 147 84 34 22 52 55 127 58 27 24 45 21 20 24 26 24 9438 1015 173
leaf_count=4640 32 38 399 20 35 23 10681 21 22 38 29 147 84 34 22 52 55 127 58 27 24 45 21 20 24 26 24 9438 1015 173
internal_value=-0.055436 -40.4156 2292.13 -818.147 19.6615 643.974 -1.41914 -78.1599 17.9164 -44.2217 1215.73 -60.1045 -364.658 -160.656 623.361 -19.6661 -385.266 -264.503 295.876 -548.461 -753.139 -540.956 9.5893 -1126.28 11.7674 8.32269 1542.74 11.847 -34.1529 -334.624
internal_weight=27394 26920 474 442 26882 422 26847 5403 21444 5382 67 5315 623 476 106 4692 370 336 113 223 196 172 21422 41 21381 21333 48 21307 11869 1188
internal_count=27394 26920 474 442 26882 422 26847 5403 21444 5382 67 5315 623 476 106 4692 370 336 113 223 196 172 21422 41 21381 21333 48 21307 11869 1188
is_linear=0
shrinkage=0.05


Tree=127
num_leaves=31
num_cat=1
split_feature=4 4 1 2 4 1 3 2 4 4 4 2 1 4 1 4 4 3 2 4 4 5 4 4 4 4 4 4 4 4
split_gain=1.37828e+12 5.15192e+11 1.73764e+13 9.4182e+10 3.39919e+11 6.76612e+10 5.33558e+10 1.62451e+12 4.43116e+11 2.354e+10 1.83562e+10 8.32566e+10 7.57671e+10 2.13941e+11 1.01148e+11 5.13969e+10 4.73646e+10 4.0647e+10 2.68588e+10 1.62551e+10 3.34348e+10 1.27918e+10 1.99748e+10 1.50782e+10 1.84467e+10 2.50958e+10 1.36165e+10 7.36883e+10 6.15993e+10 5.55248e+10
threshold=1186.0000000000002 541.00000000000011 0.00016063084112149533 8.5000000000000018 115.01092707614448 7.3014018691588793e-05 6.5000000000000009 5.5000000000000009 156.03962222900353 102.53757864804031 391.08371961117962 4.5000000000000009 4.3808411214953281e-05 447.50000000000006 0.00010221962616822432 365.25855766946296 350.83532286447655 3.2500000000000004 3.5000000000000004 47.975000000000009 42.005000000000003 0 290.50000000000006 240.02876849523298 157.37043019679473 140.03401652231085 290.50000000000006 279.50000000000006 270.50726110884449 258.12721786829519
decision_type=8 10 10 2 10 10 2 2 10 10 10 2 10 10 10 10 10 2 2 10 10 9 10 10 10 10 10 10 10 10
left_child=1 3 5 6 -5 -3 10 -8 9 19 15 12 13 -12 -14 16 21 -16 -17 20 -9 26 23 24 25 -23 27 28 29 -1
right_child=-2 2 -4 4 -6 -7 7 8 -10 -11 11 -13 14 -15 17 18 -18 -19 -20 -21 -22 22 -24 -25 -26 -27 -28 -29 -30 -31
leaf_value=3.0658432672716334 9515.7666118421057 -25436.205356069713 24223.720916748047 238.41377305004085 7339.9546313476567 -21567.933471679688 -12649.633128004809 499.84454876069105 7544.1073144531256 -1032.8952196024234 -900.40731491815484 -1639.7055879480702 -2406.7434453125002 6010.0738688151041 224.74226303100588 -530.13864109205167 2267.756549337636 3096.7041259765629 -3003.3788010370167 301.09124336242678 -1862.0759418356008 -281.99295952228078 -1688.8367543096128 851.11566402550909 -792.9828564299255 774.61367546081556 437.3674930508576 -2769.4789412816367 2709.2401338123145 -1838.4122512445219
leaf_weight=25778 38 26 32 107 20 20 26 31 20 59 21 34 25 24 28 23 23 22 21 192 29 285 23 33 119 70 179 24 21 41
leaf_count=25778 38 26 32 107 20 20 26 31 20 59 21 34 25 24 28 23 23 22 21 192 29 285 23 33 119 70 179 24 21 41
internal_value=-0.0526609 -13.271 -4071.04 -1.66804 1356.77 -23754.3 -8.02218 -615.251 330.048 -133.879 0.0684663 544.383 1163.21 2785.18 190.023 -3.07809 -0.253282 1488.41 -1710.55 76.6051 -641.75 -2.21634 -243.086 -182.294 -254.24 -73.648 2.77787 -0.228775 2.34328 0.141617
internal_weight=27394 27356 78 27278 127 46 27151 357 331 311 26794 154 120 45 75 26640 26596 50 44 252 60 26573 530 507 474 355 26043 25864 25840 25819
internal_count=27394 27356 78 27278 127 46 27151 357 331 311 26794 154 120 45 75 26640 26596 50 44 252 60 26573 530 507 474 355 26043 25864 25840 25819
cat_boundaries=0 2
cat_threshold=3162113 7
is_linear=0
shrinkage=0.05


Tree=128
num_leaves=31
num_cat=2
split_feature=4 4 1 3 4 1 3 2 4 4 4 4 5 4 4 1 1 1 4 2 4 0 4 1 1 4 4 2 3 1
split_gain=1.2439e+12 4.64961e+11 1.56822e+13 8.75759e+10 3.87938e+11 6.10641e+10 4.03552e+10 1.38261e+12 3.96162e+11 4.03001e+10 1.21829e+10 1.10464e+10 1.13815e+10 1.76452e+11 2.35277e+10 1.2161e+11 3.62254e+11 2.52834e+11 1.42683e+11 9.15016e+10 2.72689e+11 1.22822e+10 6.77503e+10 1.14103e+11 1.51776e+11 4.55716e+10 6.17335e+10 3.91964e+10 3.26269e+10 2.87826e+10
threshold=1186.0000000000002 541.00000000000011 0.00016063084112149533 8.5000000000000018 99.954431178623565 7.3014018691588793e-05 6.5000000000000009 5.5000000000000009 156.03962222900353 133.13716495110961 485.50000000000006 20.075000000000003 0 145.03486188785863 334.40804515234134 0.00018983644859813087 7.3014018691588793e-05 4.3808411214953281e-05 391.08371961117962 3.5000000000000004 379.50000000000006 1 270.50726110884449 7.3014018691588793e-05 0.00021904205607476641 250.34974971036357 246.96711259754741 1.5000000000000002 1.5000000000000002 7.3014018691588793e-05
decision_type=8 10 10 2 10 10 2 2 10 10 10 10 9 10 10 10 10 10 10 2 10 1 10 10 10 10 10 2 2 10
left_child=1 3 5 6 -5 -3 10 -8 9 -9 11 -1 13 -13 21 16 17 19 -17 20 -16 27 25 -24 -25 26 29 -14 -29 -23
right_child=-2 2 -4 4 -6 -7 7 8 -10 -11 -12 12 14 -15 15 18 -18 -19 -20 -21 -22 22 23 24 -26 -27 -28 28 -30 -31
leaf_value=-318.93957596912105 9039.9780324835519 -24164.394914362983 23012.534246826173 49.541345667839053 7704.2699218750004 -20489.539169921874 -11863.476968750001 55.69371877072463 7166.9018945312509 -2218.854210844494 882.43386668669871 -61.46181901408508 459.35075882210225 4729.995754278274 -5240.1569324311758 -4861.3159171549478 4339.7560205078125 -4727.6781142752507 -162.17859200613839 2387.1202562736744 2561.6428710937503 -505.47567891691506 2840.5939698013608 -3198.9747558593754 2153.3248055917243 -1782.8787548246837 1778.6936462039041 -303.47329625392302 16.229641036054911 -72.316171810399979
leaf_weight=272 38 26 32 96 20 20 25 268 20 21 39 226 484 21 21 30 40 35 35 33 24 473 51 26 27 42 42 828 22052 2027
leaf_count=272 38 26 32 96 20 20 25 268 20 21 39 226 484 21 21 30 40 35 35 33 24 473 51 26 27 42 42 828 22052 2027
internal_value=-0.0500316 -12.6075 -3867.49 -1.58464 1369.32 -22566.6 -7.43933 -553.649 361.385 -109.585 -0.639192 -1.92479 1.32701 332.45 -1.91214 -519.189 250.54 -1196.97 -2331.01 387.322 -1079.2 2.41563 -98.5967 1152.28 -472.332 -149.323 -122.333 14.0732 4.65997 -154.27
internal_weight=27394 27356 78 27278 116 46 27162 334 309 289 26828 26789 26517 247 26270 218 153 113 65 78 45 26052 2688 104 53 2584 2542 23364 22880 2500
internal_count=27394 27356 78 27278 116 46 27162 334 309 289 26828 26789 26517 247 26270 218 153 113 65 78 45 26052 2688 104 53 2584 2542 23364 22880 2500
cat_boundaries=0 2 3
cat_threshold=16384 5 8
is_linear=0
shrinkage=0.05


Tree=129
num_leaves=31
num_cat=2
split_feature=4 4 3 4 3 2 4 1 3 4 4 2 4 1 5 4 1 4 4 5 4 1 1 4 2 4 2 4 4 1
split_gain=1.12262e+12 4.69185e+11 7.94216e+10 3.50114e+11 1.55578e+11 1.52865e+12 1.33283e+11 2.17175e+12 3.43216e+10 2.50251e+11 1.21041e+11 1.4616e+10 1.7865e+10 1.75652e+10 1.07429e+10 2.58039e+10 1.27485e+10 9.36447e+10 7.67226e+10 2.92639e+10 1.8542e+11 2.79227e+10 3.84771e+10 7.47323e+10 7.19133e+10 3.50722e+10 2.52613e+10 3.06681e+10 2.51158e+10 3.05737e+10
threshold=1186.0000000000002 724.50000000000011 8.5000000000000018 99.954431178623565 6.5000000000000009 5.5000000000000009 500.50000000000006 0.00013142523364485984 7.2500000000000009 148.81200982779711 127.28168959952761 7.5000000000000009 73.021775652210451 0.00018983644859813087 0 264.62970034264117 0.00054030373831775709 320.50000000000006 459.79793511194481 1 142.01342337501239 0.00074474299065420576 0.00071553738317757011 65.9773406544046 4.5000000000000009 49.009391999014035 2.5000000000000004 84.98579275090411 29.050000000000004 0.00091997663551401877
decision_type=8 10 2 10 2 2 10 10 2 10 10 2 10 10 9 10 10 10 10 9 10 10 10 10 2 10 2 10 10 10
left_child=1 2 4 -4 6 -6 14 -8 9 -7 11 -10 13 -13 15 -1 18 21 19 20 -16 22 26 24 25 -24 27 -18 29 -23
right_child=-2 -3 3 -5 5 8 7 -9 10 -11 -12 12 -14 -15 16 -17 17 -19 -20 -21 -22 28 23 -25 -26 -27 -28 -29 -30 -31
leaf_value=-59.539624791429539 8587.9784950657904 -5881.8998865464164 47.064262350400291 7319.0565917968752 -12724.070387620193 140.87179472883778 9779.0840060763894 -10770.473707275392 900.44807421874998 -5418.1843824303669 4104.0742041015628 1104.8540207572605 -1444.2711010742187 -828.78498789469404 -136.02390347356382 -1401.0923816437416 -628.83510631452293 3476.0954638671874 -2428.2955788352274 -20.731351167645713 4539.4185760498049 1179.7587552025204 1309.8330793937048 2170.9633684430805 -1860.9778963955969 -187.44186829364662 191.57046313174044 1393.3128115699405 7.3733126773192215 -856.39443992463168
leaf_weight=151 38 34 96 20 26 169 36 20 25 23 20 23 30 24 115 47 175 20 33 19598 26 21 96 70 33 66 1493 21 4694 151
leaf_count=151 38 34 96 20 26 169 36 20 25 23 20 23 30 24 115 47 175 20 33 19598 26 21 96 70 33 66 1493 21 4694 151
internal_value=-0.0475289 -11.9771 -4.67245 1300.86 -10.2389 -1073.09 3.21192 2439.96 -108.362 -525.057 547.421 -149.962 -491.004 117.464 -1.87788 -359.816 0.920132 59.7584 -19.4341 -15.407 678.027 49.7399 209.394 769.54 266.464 699.832 121.509 -412.176 -14.3712 -607.794
internal_weight=27394 27356 27322 116 27206 340 26866 56 314 192 122 102 77 47 26810 198 26612 6840 19772 19739 141 6820 1954 265 195 162 1689 196 4866 172
internal_count=27394 27356 27322 116 27206 340 26866 56 314 192 122 102 77 47 26810 198 26612 6840 19772 19739 141 6820 1954 265 195 162 1689 196 4866 172
cat_boundaries=0 2 4
cat_threshold=2228268 4 32768 1
is_linear=0
shrinkage=0.05


Tree=130
num_leaves=31
num_cat=1
split_feature=3 4 4 4 3 2 4 4 1 1 4 1 5 4 1 1 4 4 1 4 4 1 1 4 4 4 3 4 2 4
split_gain=1.03649e+12 2.02253e+13 9.80292e+12 7.24168e+11 2.06505e+11 7.97418e+11 2.25851e+11 1.20288e+11 1.96e+12 2.44568e+10 4.54093e+10 2.92522e+10 1.00888e+10 1.94885e+10 3.77429e+10 2.9688e+10 1.83227e+10 1.49704e+10 1.29286e+10 1.36601e+11 6.92498e+10 2.72404e+10 6.34219e+10 6.19324e+10 5.71871e+10 9.30591e+10 2.85912e+10 2.81693e+10 3.14732e+10 2.7596e+10
threshold=7.2500000000000009 1186.0000000000002 157.37043019679473 724.50000000000011 6.5000000000000009 5.5000000000000009 148.81200982779711 500.50000000000006 0.00013142523364485984 0.00010221962616822432 84.98579275090411 0.00016063084112149533 0 210.01995379122039 0.00097838785046728996 0.00045268691588785053 122.01631930666568 300.50000000000006 0.00054030373831775709 290.50000000000006 459.79793511194481 0.0002774532710280374 0.00021904205607476641 334.40804515234134 120.89254377047602 119.35000000000001 1.5000000000000002 49.973727638524281 3.5000000000000004 144.01726109713979
decision_type=2 8 10 10 2 2 10 10 10 10 10 10 9 10 10 10 10 10 10 10 10 10 10 10 10 10 2 10 2 10
left_child=1 3 9 4 7 -6 -7 12 -9 10 -2 -11 18 16 15 17 -14 -15 20 -20 21 22 26 24 25 -23 29 28 -24 -1
right_child=2 -3 -4 -5 5 6 -8 8 -10 11 -12 -13 13 14 -16 -17 -18 -19 19 -21 -22 23 27 -25 -26 -27 -28 -29 -30 -31
leaf_value=-187.20900993771474 52.067773892329285 39149.102166193181 -36782.444101562505 -7420.6470643939392 -10350.651902173915 133.82818987581152 -5147.2751210088318 9290.1295708550351 -10231.95028137207 1627.6431925455729 -2221.8264041298312 -209.02784823330967 -342.93406635599399 -1852.062083984375 -2693.2668190696022 1255.2853533063617 420.30623491488825 -138.44097665640024 49.586713835534255 4187.9253692626953 -2306.8807084517043 -148.49836631713001 319.9317702748055 -2773.477150102095 477.1342191803551 -2815.2983805338545 2.2842609890206065 491.43387965090909 -399.6552879301031 -1068.7197919573102
leaf_weight=944 52 33 20 33 23 169 23 36 20 27 38 110 218 25 22 21 123 26 6740 20 33 3759 430 22 373 33 12754 934 235 98
leaf_count=944 52 33 20 33 23 169 23 36 20 27 38 110 218 25 22 21 123 26 6740 20 33 3759 430 22 373 33 12754 934 235 98
internal_value=-0.0455284 29.2913 -3224.36 -18.3208 -9.30057 -1552.72 -498.804 3.05094 2317.96 -267.703 -908.021 152.944 -1.78437 -237.874 -880.765 -326.945 -67.6304 -978.451 2.19878 61.8303 -18.3512 -14.4945 16.2601 -127.575 -113.599 -171.706 -18.2898 314.353 65.6416 -270.115
internal_weight=27394 27147 247 27114 27081 215 192 26866 56 227 90 137 26810 435 94 72 341 51 26375 6760 19615 19582 15395 4187 4165 3792 13796 1599 665 1042
internal_count=27394 27147 247 27114 27081 215 192 26866 56 227 90 137 26810 435 94 72 341 51 26375 6760 19615 19582 15395 4187 4165 3792 13796 1599 665 1042
cat_boundaries=0 2
cat_threshold=68174081 35
is_linear=0
shrinkage=0.05


Tree=131
num_leaves=31
num_cat=1
split_feature=4 4 2 2 4 3 2 4 1 3 4 4 2 4 4 1 1 1 1 4 2 1 0 1 4 4 1 2 3 4
split_gain=1.20484e+12 9.52903e+11 1.2108e+13 8.52966e+10 3.11082e+11 1.27162e+11 1.36087e+12 1.08489e+11 1.7689e+12 2.9952e+10 2.13022e+11 2.03225e+11 1.49999e+10 1.23981e+10 1.07252e+10 3.83816e+10 4.64509e+10 3.90047e+10 2.01473e+11 3.61711e+11 7.00087e+10 6.71253e+10 6.34908e+10 5.85249e+10 7.07217e+10 5.15341e+10 2.18918e+11 3.26298e+11 1.00835e+11 5.59288e+10
threshold=1.0000000180025095e-35 724.50000000000011 5.5000000000000009 8.5000000000000018 115.01092707614448 6.5000000000000009 5.5000000000000009 500.50000000000006 0.00013142523364485984 7.2500000000000009 129.85680038811208 148.81200982779711 7.5000000000000009 66.048237207027384 75.018223136952244 0.0022050233644859817 0.0016501168224299068 0.0010075934579439254 0.0011244158878504675 168.10000000000002 3.5000000000000004 0.0012996495327102806 0 0.0012412383177570097 113.00399063767009 365.25855766946296 0.00013142523364485984 3.5000000000000004 3.2500000000000004 350.83532286447655
decision_type=10 10 2 2 10 2 2 10 10 2 10 10 2 10 10 10 10 10 10 10 2 10 1 10 10 10 10 2 2 10
left_child=-1 3 -3 5 13 7 -7 14 -9 11 12 -8 -11 -5 -2 16 17 25 19 20 -19 23 -23 -20 -25 29 28 -28 -27 -16
right_child=1 2 -4 4 -6 6 9 8 -10 10 -12 -13 -14 -15 15 -17 -18 18 21 -21 -22 22 -24 24 -26 26 27 -29 -30 -31
leaf_value=-11439.042781929347 -23.734880478308366 30352.730273437501 -19449.978178405763 478.03916175228426 7013.6182385253915 -11738.250672743057 121.45527243160066 8825.6238471137167 -9720.3528417968755 748.03574987340858 5262.2543994140624 -4889.9115934952451 -582.95342594068882 -902.55267822265637 37.07275190829251 1209.3313709912982 -523.34413265132639 1910.0720439427337 396.7256463623047 8219.8072626023059 -877.18206768613879 1363.2979328356291 -13.482443008879702 -3711.6031215122771 -761.40191122519002 -700.22423001802883 312.28249141808715 -6831.5139477883613 2420.796821629724 2561.6519364790483
leaf_weight=23 17652 26 23 87 20 27 168 36 20 27 20 23 98 20 7786 70 359 71 60 21 33 104 324 28 74 65 33 31 43 22
leaf_count=23 17652 26 23 87 20 27 168 36 20 27 20 23 98 20 7786 70 359 71 60 21 33 104 324 28 74 65 33 31 43 22
internal_value=-0.0432503 9.569 6975.95 -2.92469 1289.85 -8.96191 -938.522 3.61377 2202.06 -70.6871 471.121 -482.008 -295.46 219.985 -0.98412 43.0313 34.0142 57.0264 410.814 2234.27 1025.65 24.4877 352.6 -842.377 -1571.26 25.3274 -830.767 -3147.99 542.405 44.1861
internal_weight=27394 27371 49 27322 127 27195 363 26832 56 336 145 191 125 107 26776 9124 9054 8695 715 125 104 590 428 162 102 7980 172 64 108 7808
internal_count=27394 27371 49 27322 127 27195 363 26832 56 336 145 191 125 107 26776 9124 9054 8695 715 125 104 590 428 162 102 7980 172 64 108 7808
cat_boundaries=0 1
cat_threshold=8
is_linear=0
shrinkage=0.05


Tree=132
num_leaves=31
num_cat=0
split_feature=4 3 2 4 4 4 4 4 1 1 1 3 4 4 1 1 1 4 1 1 3 1 1 1 1 1 4 1 1 4
split_gain=1.08737e+12 9.74402e+11 2.53206e+13 9.91055e+12 6.76152e+12 8.27925e+11 1.03953e+11 9.52531e+09 9.15684e+09 5.225e+10 6.60944e+10 3.77873e+10 2.98055e+10 3.06758e+10 3.902e+10 3.52962e+10 2.46311e+10 2.70738e+10 2.62951e+10 2.13511e+10 3.37948e+10 2.06688e+10 9.11957e+10 9.96456e+10 7.70724e+10 6.67936e+10 1.03367e+11 7.56871e+10 4.22481e+10 4.38063e+11
threshold=1.0000000180025095e-35 6.5000000000000009 5.5000000000000009 724.50000000000011 334.40804515234134 157.37043019679473 541.00000000000011 15.050000000000002 0.0016793224299065422 0.0018253504672897198 0.0019713785046728978 1.5000000000000002 101.05000000000001 89.952709749343711 0.0031103971962616827 0.0046144859813084119 0.0016501168224299068 99.954431178623565 0.0016209112149532712 0.001752336448598131 2.5000000000000004 0.0013434579439252339 0.0012996495327102806 0.0012412383177570097 0.0014456775700934581 0.0014164719626168227 39.95000000000001 0.0013872663551401871 0.0010075934579439254 176.75715347454482
decision_type=10 2 2 10 10 10 10 10 10 10 10 2 10 10 10 10 10 10 10 10 2 10 10 10 10 10 10 10 10 10
left_child=-1 3 -3 6 5 -4 7 -2 16 11 -11 -10 13 15 -15 -12 18 -18 21 -13 -21 22 23 28 25 27 -27 -23 -9 -30
right_child=1 2 4 -5 -6 -7 -8 8 9 10 12 19 -14 14 -16 -17 17 -19 -20 20 -22 24 -24 -25 -26 26 -28 -29 29 -31
leaf_value=-10867.090387228262 -480.92932434174622 45204.606524658207 -28.675238631781482 -27839.44803466797 -29262.720400390623 9934.7515192205265 2615.9755371093752 -9.4645182027877279 -65.009411341803414 -847.87347201004786 488.44616143670623 705.47885431483178 1565.8514074377113 -1896.7295132446288 536.92474757603247 -485.72536064453129 34.976011784871417 -1644.3653547286988 1295.0153756948619 358.62793477376306 2587.0403421153196 -1086.7334958528218 1006.042022599962 -1215.1012613691523 38.503306495505761 -128.86856317934783 -3246.5060709635418 1696.3867222256131 173.26514581662218 7660.2840991210942
leaf_weight=23 103 32 399 32 20 22 38 23372 112 206 363 138 37 40 28 125 48 48 39 27 46 76 225 169 617 46 63 36 844 20
leaf_count=23 103 32 399 32 20 22 38 23372 112 206 363 138 37 40 28 125 48 48 39 27 46 76 225 169 617 46 63 36 844 20
internal_value=-0.0164514 9.11521 2258.81 -30.4455 -857.441 491.979 2.67768 -1.02387 0.825717 140.634 -76.3084 677.281 191.723 100.279 -894.637 238.915 -5.3011 -804.695 -2.29245 1071.29 1762.83 -4.27906 4.0294 -5.20858 -248.476 -1049.68 -1930.81 -192.159 3.22812 346.576
internal_weight=27394 27371 473 26898 441 421 26866 26828 26725 1122 799 323 593 556 68 488 25603 96 25507 211 73 25468 24630 24405 838 221 109 112 24236 864
internal_count=27394 27371 473 26898 441 421 26866 26828 26725 1122 799 323 593 556 68 488 25603 96 25507 211 73 25468 24630 24405 838 221 109 112 24236 864
is_linear=0
shrinkage=0.05


Tree=133
num_leaves=31
num_cat=0
split_feature=4 2 4 2 4 3 2 4 3 4 4 2 4 4 4 4 4 1 3 2 1 1 1 1 4 1 1 1 2 4
split_gain=1.15327e+12 1.05885e+13 9.78745e+11 7.40896e+10 2.68225e+11 1.58388e+11 1.78349e+12 9.37575e+10 2.61879e+10 1.93831e+11 1.72553e+11 1.35374e+10 1.11236e+10 1.06646e+10 4.91355e+10 3.82568e+10 1.14725e+11 3.79925e+10 3.58904e+10 2.53961e+10 2.8918e+10 5.037e+10 5.55578e+10 6.58315e+10 4.95247e+10 2.75022e+10 5.17497e+10 2.37339e+10 2.82911e+10 2.32661e+10
threshold=724.50000000000011 5.5000000000000009 1.0000000180025095e-35 8.5000000000000018 115.01092707614448 6.5000000000000009 5.5000000000000009 541.00000000000011 7.2500000000000009 129.85680038811208 148.81200982779711 7.5000000000000009 66.048237207027384 63.850000000000001 59.968473166229138 54.955142748933561 55.013363633764975 0.0031103971962616827 1.5000000000000002 5.5000000000000009 0.00016063084112149533 0.0010367990654205608 0.00097838785046728996 0.00077394859813084119 61.730000000000011 0.00024824766355140192 0.00036507009345794397 0.0012996495327102806 2.5000000000000004 61.012019003067607
decision_type=10 2 10 2 10 2 2 10 2 10 10 2 10 10 10 10 10 10 2 2 10 10 10 10 10 10 10 10 2 10
left_child=2 -2 -1 5 12 7 -7 13 10 11 -8 -10 -5 14 15 17 27 -4 -18 20 -16 22 23 24 29 -26 -27 28 -17 -22
right_child=1 -3 3 4 -6 6 8 -9 9 -11 -12 -13 -14 -15 19 16 18 -19 -20 -21 21 -23 -24 -25 25 26 -28 -29 -30 -31
leaf_value=-10323.736175271741 29524.713611778847 -17048.379135529893 -20.786449210143967 450.77944332429735 6514.6795700073244 -13411.568315972223 116.81625897316707 2485.1764545641449 712.06772008825237 5022.2029785156255 -4500.9244565217396 -552.37198523696588 -856.92838867187493 34.288824176311962 -89.175640021191001 -113.56128921031953 -1262.7289705033736 -1864.8023577008928 52.314022776237223 639.86906549158232 -889.81610053872851 237.85980977443134 -2264.6458889943251 1528.1852527727401 1018.515297607422 -1895.9458239103622 358.99677040793682 -599.76158258347289 1304.32799655444 -2522.4415845788044
leaf_weight=23 26 23 11572 87 20 27 168 38 27 20 23 98 20 12212 709 40 55 28 916 71 426 176 53 35 50 38 77 21 292 23
leaf_count=23 26 23 11572 87 20 27 168 38 27 20 23 98 20 12212 709 40 55 28 916 71 426 176 53 35 50 38 77 21 292 23
internal_value=-0.0156363 7663.87 -13.7487 -5.06962 1199.79 -10.6963 -1048.13 3.33877 -54.639 451.982 -439.247 -279.253 206.348 -0.181038 -29.0485 3.82549 258.456 -25.2375 -22.1735 -285.299 -326.69 -518.487 -708.113 -581 -701.23 39.5308 -386.115 1030.39 1133.5 -973.447
internal_weight=27394 49 27345 27322 127 27195 363 26832 336 145 191 125 107 26794 14582 12924 1324 11600 971 1658 1587 878 702 649 614 165 115 353 332 449
internal_count=27394 49 27345 27322 127 27195 363 26832 336 145 191 125 107 26794 14582 12924 1324 11600 971 1658 1587 878 702 649 614 165 115 353 332 449
is_linear=0
shrinkage=0.05


Tree=134
num_leaves=31
num_cat=2
split_feature=4 2 4 3 4 3 2 4 3 4 4 4 2 4 1 5 1 4 2 1 1 1 2 1 4 2 1 0 4 1
split_gain=1.04083e+12 9.55614e+12 8.83317e+11 6.90611e+10 3.08711e+11 1.30588e+11 1.50854e+12 8.46774e+10 2.9695e+10 1.55965e+11 1.20074e+11 1.09643e+10 1.07708e+10 1.51594e+10 1.52167e+10 1.01172e+10 1.17597e+11 1.27645e+10 7.69759e+10 1.15592e+11 2.76558e+11 3.63999e+11 2.41282e+11 1.69529e+11 1.4426e+11 3.11797e+11 7.50978e+10 1.23077e+10 1.73529e+10 1.0696e+11
threshold=724.50000000000011 5.5000000000000009 1.0000000180025095e-35 8.5000000000000018 99.954431178623565 6.5000000000000009 5.5000000000000009 541.00000000000011 7.2500000000000009 148.81200982779711 127.28168959952761 49.973727638524281 7.5000000000000009 73.021775652210451 0.00018983644859813087 0 0.0002774532710280374 334.40804515234134 5.5000000000000009 4.3808411214953281e-05 7.3014018691588793e-05 0.00013142523364485984 3.5000000000000004 0.0002774532710280374 447.50000000000006 3.5000000000000004 0.00042348130841121499 1 290.50000000000006 7.3014018691588793e-05
decision_type=10 2 10 2 10 2 2 10 2 10 10 10 2 10 10 9 10 10 2 10 10 10 2 10 10 2 10 1 10 10
left_child=2 -2 -1 5 11 7 -7 15 9 -8 12 -5 -10 14 -14 16 -4 27 19 24 -21 -22 23 -23 25 -19 -24 28 -17 -30
right_child=1 -3 3 4 -6 6 8 -9 10 -11 -12 -13 13 -15 -16 17 -18 18 -20 20 21 22 26 -25 -26 -27 -28 -29 29 -31
leaf_value=-9807.5497961956535 28048.479402043271 -16195.960088315216 3728.4294635275141 -510.3388188138922 6863.7467382812501 -12557.880784254809 112.72501477602671 2360.9185289884872 791.70710180664071 -4275.8781377377718 4127.0002880859383 558.58868819256224 1076.74454757027 -1280.8937046305339 -722.99459228515627 5.5196577425477837 -28.240884502980506 -3376.3281955295142 2477.0404873934658 -5005.0718034362799 5604.7164328835233 3896.9696161684788 -6640.5135839843751 -1851.2116234088769 4060.9409355468752 4076.421195652174 -2307.563212890625 -127.04370786679635 1675.1306884402322 -1210.2920320951023
leaf_weight=23 26 23 23 47 20 26 169 38 25 23 20 49 23 30 24 24405 221 36 22 40 22 23 20 29 25 23 20 1783 84 52
leaf_count=23 26 23 23 47 20 26 169 38 25 23 20 49 23 30 24 24405 221 36 22 40 22 23 20 29 25 23 20 1783 84 52
internal_value=-0.014851 7280.68 -13.0613 -4.81614 1212.58 -10.0069 -983.766 2.31646 -25.3998 -412.993 584.583 35.2596 -110.009 -402.773 157.729 -1.02434 313.042 -4.02322 -352.643 -614.21 -1428.02 -172.918 -1554.53 691.253 877.779 -471.019 -4474.04 -0.581459 8.65476 571.881
internal_weight=27394 49 27345 27322 116 27206 340 26866 314 192 122 96 102 77 47 26828 244 26584 260 238 154 114 92 52 84 59 40 26324 24541 136
internal_count=27394 49 27345 27322 116 27206 340 26866 314 192 122 96 102 77 47 26828 244 26584 260 238 154 114 92 52 84 59 40 26324 24541 136
cat_boundaries=0 2 3
cat_threshold=16384 1 10
is_linear=0
shrinkage=0.05


Tree=135
num_leaves=31
num_cat=0
split_feature=4 4 4 3 4 3 2 4 4 1 1 4 2 4 4 4 1 1 4 1 1 2 4 2 4 4 4 4 2 4
split_gain=1.02168e+12 4.08915e+11 7.1433e+10 6.23141e+10 1.3276e+12 7.65326e+10 8.83669e+11 2.01341e+10 1.59756e+10 1.51734e+10 2.20089e+10 1.40114e+10 1.2236e+10 5.03065e+10 1.49754e+10 1.20867e+10 1.2036e+10 9.74408e+09 5.75613e+10 1.94048e+11 6.0518e+10 2.06624e+11 3.51193e+10 4.1702e+11 9.202e+10 2.63348e+10 3.48339e+10 2.26976e+10 2.20145e+10 2.01236e+10
threshold=1186.0000000000002 724.50000000000011 541.00000000000011 7.2500000000000009 142.01342337501239 6.5000000000000009 5.5000000000000009 95.050000000000011 610.00000000000011 4.3808411214953281e-05 0.0002774532710280374 122.01631930666568 6.5000000000000009 75.018223136952244 140.03401652231085 58.750000000000007 0.00042348130841121499 0.00010221962616822432 310.02166095522585 0.00018983644859813087 0.0006279205607476636 3.5000000000000004 365.25855766946296 3.5000000000000004 447.50000000000006 342.85821225290857 310.02166095522585 35.050000000000004 7.5000000000000009 420.50000000000006
decision_type=8 10 10 2 10 2 2 10 10 10 10 10 2 10 10 10 10 8 10 10 10 2 10 2 10 10 10 10 2 10
left_child=1 2 3 5 7 17 -7 9 -4 -5 -11 -9 13 15 16 -8 -14 22 27 -20 21 -21 25 24 -24 26 28 -19 -1 -25
right_child=-2 -3 8 4 -6 6 12 11 -10 10 -12 -13 14 -15 -16 -17 -18 18 19 20 -22 -23 23 29 -26 -27 -28 -29 -30 -31
leaf_value=-33.572739625925387 8192.8096011513171 -5491.3506376378682 -3061.2431787109376 -1135.9589149212015 13133.876689453127 -10207.964707880436 269.24534007105336 -2178.6013094815344 -1147.8517985026042 700.27603761747287 -520.18874780359408 -350.04090557098391 517.60362022662991 2142.5236239346591 -1412.3454443359376 -1328.5043778800964 -744.70845424107154 -114.10544449392256 4076.4447959498357 1452.1128732299806 2009.0658528645833 -4037.2135506184895 153.43498168945311 -3355.2793593750002 3931.2153266059031 1737.4376482282366 -1507.5059288024904 38.958267216305117 1222.7951967075894 -5361.4493574218759
leaf_weight=9177 38 34 20 29 20 23 29 22 24 77 71 20 58 33 20 20 28 2912 38 40 24 30 40 25 27 21 40 14394 35 25
leaf_count=9177 38 34 20 29 20 23 29 22 24 77 71 20 58 33 20 20 28 2912 38 40 24 30 40 25 27 21 40 14394 35 25
internal_value=-0.0164257 -11.397 -4.57766 -1.33065 802.479 -8.43559 -956.965 -323.676 -2017.58 -90.141 114.783 -1307.86 174.806 633.431 -179.979 -382.897 106.618 -0.975489 21.1366 1061.29 -157.599 -900.456 -42.0395 -902.889 1675.82 -31.178 -35.1923 13.2029 -28.7993 -4358.36
internal_weight=27394 27356 27322 27278 239 27039 211 219 44 177 148 42 188 82 106 49 86 26828 17438 132 94 70 9390 117 67 9273 9252 17306 9212 50
internal_count=27394 27356 27322 27278 239 27039 211 219 44 177 148 42 188 82 106 49 86 26828 17438 132 94 70 9390 117 67 9273 9252 17306 9212 50
is_linear=0
shrinkage=0.05


Tree=136
num_leaves=31
num_cat=2
split_feature=3 4 4 4 3 2 4 4 1 4 1 5 4 4 2 4 0 4 2 3 1 1 4 4 3 4 4 4 1 1
split_gain=1.04078e+12 1.95913e+13 9.32754e+12 6.86861e+11 1.66448e+11 7.10259e+11 1.37931e+11 8.37538e+10 2.80105e+10 5.57819e+10 2.43392e+10 9.03967e+09 1.43588e+10 7.64326e+10 6.36552e+10 4.87601e+10 4.85736e+10 1.15696e+11 3.4862e+11 2.42327e+11 2.18544e+11 1.9223e+11 9.73839e+10 6.08842e+10 8.99081e+10 6.67511e+10 1.19026e+11 6.50199e+10 4.61663e+10 7.11622e+10
threshold=7.2500000000000009 1186.0000000000002 157.37043019679473 724.50000000000011 6.5000000000000009 5.5000000000000009 148.81200982779711 541.00000000000011 0.00010221962616822432 84.98579275090411 0.00016063084112149533 0 100.09435955727518 99.954431178623565 6.5000000000000009 102.09624674842068 1 290.50000000000006 3.5000000000000004 3.2500000000000004 0.00013142523364485984 0.00030665887850467294 350.83532286447655 247.44277342203219 3.2500000000000004 365.25855766946296 334.40804515234134 379.50000000000006 0.00083235981308411226 0.00097838785046728996
decision_type=2 8 10 10 2 2 10 10 10 10 10 9 10 10 2 10 1 10 2 2 10 10 10 10 2 10 10 10 10 10
left_child=1 3 8 4 7 -6 -7 11 9 -2 -10 12 13 -1 15 -14 17 -17 -19 -20 22 -22 -21 -18 25 26 -25 -26 -15 -30
right_child=2 -3 -4 -5 5 6 -8 -9 10 -11 -12 -13 14 28 -16 16 23 18 19 20 21 -23 -24 24 27 -27 -28 -29 29 -31
leaf_value=8.8002330584091712 31.935844480074373 38531.117708333331 -35965.294843750002 -7226.6118548768936 -9697.5664572010865 94.685281478159538 -4032.4067414656929 2348.0995322779609 1448.4312280725551 -2488.3195084822805 -226.91600114302202 -125.9458605124026 1153.4082709295099 -345.22264150983835 -2123.0905075073242 83.573750480016088 76.953514024446605 6957.8047814002412 -3701.9164708064159 1629.7451382563665 -3929.3837280273438 2398.95212097168 5843.8886112607761 -281.45580322265624 -1139.3457879638672 994.87732323540592 -4007.9048388671872 -4819.8082812499997 -4081.1117745535721 -802.00749810414436
leaf_weight=20979 52 33 20 33 23 169 23 38 27 38 110 1362 110 712 32 432 2650 26 26 26 24 24 29 150 30 72 25 20 21 78
leaf_count=20979 52 33 20 33 23 169 23 38 27 38 110 1362 110 712 32 432 2650 26 26 26 24 24 29 150 30 72 25 20 21 78
internal_value=-0.0156044 29.3818 -3230.99 -17.4781 -8.69324 -1394.36 -399.706 2.39581 -346.91 -1032.17 103.262 -0.926714 5.80687 -9.61167 97.2182 116.716 84.4477 495.599 1675.93 611.364 1700.15 -765.216 3851.75 0.867585 -677.984 -286.578 -813.806 -2611.53 -485.892 -1497.58
internal_weight=27394 27147 247 27114 27081 215 192 26866 227 90 137 26828 25466 21790 3676 3644 3534 587 155 129 103 48 55 2947 297 247 175 50 811 99
internal_count=27394 27147 247 27114 27081 215 192 26866 227 90 137 26828 25466 21790 3676 3644 3534 587 155 129 103 48 55 2947 297 247 175 50 811 99
cat_boundaries=0 2 3
cat_threshold=1064961 1 3
is_linear=0
shrinkage=0.05


Tree=137
num_leaves=31
num_cat=1
split_feature=4 3 2 4 4 4 4 4 1 4 3 4 2 4 5 4 4 4 4 4 4 1 1 1 1 4 4 1 1 1
split_gain=1.25042e+12 1.00169e+12 2.43455e+13 9.60546e+12 5.69357e+12 8.52221e+11 7.5588e+10 1.17962e+10 9.21368e+09 5.32963e+10 1.39279e+11 3.71276e+10 3.73713e+11 8.5465e+10 3.11095e+10 1.67889e+11 1.4448e+11 3.2951e+10 2.5857e+10 3.17703e+10 2.09354e+10 3.48458e+10 1.0024e+11 8.27043e+10 7.66877e+10 1.04917e+11 2.82504e+10 2.82306e+10 4.40755e+10 3.11008e+10
threshold=1.0000000180025095e-35 6.5000000000000009 5.5000000000000009 724.50000000000011 334.40804515234134 157.37043019679473 541.00000000000011 140.03401652231085 0.00010221962616822432 391.08371961117962 4.2500000000000009 365.25855766946296 3.5000000000000004 447.50000000000006 0 176.75715347454482 350.83532286447655 310.02166095522585 342.85821225290857 310.02166095522585 39.95000000000001 0.0012996495327102806 0.001153621495327103 0.0011828271028037384 0.0013434579439252339 33.850000000000009 29.050000000000004 0.00065712616822429925 0.00036507009345794397 0.00080315420560747683
decision_type=10 2 2 10 10 10 10 10 8 10 2 10 2 10 9 10 10 10 10 10 10 10 10 10 10 10 10 10 10 10
left_child=-1 3 -3 6 5 7 8 -4 11 14 -11 18 13 -13 15 -10 17 20 19 -2 21 22 27 -24 25 -23 -26 28 -16 -29
right_child=1 2 4 -5 -6 -7 -8 -9 9 10 -12 12 -14 -15 16 -17 -18 -19 -20 -21 -22 24 23 -25 26 -27 -28 29 -30 -31
leaf_value=-11653.368682065218 -27.518069567061282 44401.507025146486 7.589767280920829 -27407.944787597658 -26830.57013671875 10053.699176736312 2230.6951493112665 -1238.3376757812503 -33.969932496145866 -205.83573154183324 4685.4637417879976 48.046873779296874 -4197.0705062866209 3688.787482367622 -13.410870518403895 5035.7592333984376 -3644.9891239872686 1505.9510447424811 1722.8520699637277 -1439.7024061584473 42.342313968851904 -423.93592627389091 -3317.8463128952753 -649.05241017443075 -710.37343862782359 3609.6841963918591 291.96038955586067 683.6664570756393 -441.54581193749618 -28.2149798714903
leaf_weight=23 9212 32 379 32 20 22 38 20 89 43 22 40 50 27 1700 20 27 37 21 40 13251 28 42 94 92 38 298 220 930 507
leaf_count=23 9212 32 379 32 20 22 38 20 89 43 22 40 50 27 1700 20 27 37 21 40 13251 28 42 94 92 38 298 220 930 507
internal_value=-0.0171227 9.77525 2290.76 -30.3357 -764.899 473.376 2.27368 -54.8627 -0.882725 20.6192 1449.68 -40.8135 -925.935 1515.21 15.2724 820.94 9.70454 15.4349 -29.6457 -33.6235 12.2285 -88.8193 -142.484 -1473.24 322.254 1898.45 55.5124 -88.5715 -164.805 187.21
internal_weight=27394 27371 473 26898 441 421 26866 399 26828 17438 65 9390 117 67 17373 109 17264 17237 9273 9252 17200 3949 3493 136 456 66 390 3357 2630 727
internal_count=27394 27371 473 26898 441 421 26866 399 26828 17438 65 9390 117 67 17373 109 17264 17237 9273 9252 17200 3949 3493 136 456 66 390 3357 2630 727
cat_boundaries=0 2
cat_threshold=256 17
is_linear=0
shrinkage=0.05


Tree=138
num_leaves=31
num_cat=1
split_feature=4 1 4 2 4 3 2 4 4 4 4 4 4 1 2 1 1 4 1 1 1 1 4 2 1 0 4 4 4 1
split_gain=1.27212e+12 8.93644e+12 1.12556e+12 6.71154e+10 2.37739e+11 1.4642e+11 1.80189e+12 6.81637e+10 3.39179e+10 2.61685e+10 9.85077e+09 2.85557e+10 1.1301e+10 2.7771e+10 1.5915e+10 1.16893e+10 1.02968e+10 9.68787e+09 3.257e+10 3.80272e+10 3.19918e+10 1.70429e+11 2.9339e+11 6.347e+10 5.65957e+10 5.6549e+10 4.82179e+10 6.24323e+10 3.84101e+10 2.96241e+10
threshold=724.50000000000011 0.00030665887850467294 1.0000000180025095e-35 8.5000000000000018 115.01092707614448 6.5000000000000009 5.5000000000000009 541.00000000000011 152.49554726004004 132.19905280445712 47.975000000000009 42.005000000000003 73.021775652210451 0.00018983644859813087 7.5000000000000009 0.00042348130841121499 0.00024824766355140192 75.018223136952244 0.0022050233644859817 0.0016501168224299068 0.0010075934579439254 0.0011244158878504675 168.10000000000002 3.5000000000000004 0.0012996495327102806 0 92.002330186325167 111.14110927355573 485.50000000000006 0.0010367990654205608
decision_type=10 10 10 2 10 2 2 10 10 10 10 10 10 10 2 10 10 10 10 10 10 10 10 2 10 1 10 10 10 10
left_child=2 -2 -1 5 -5 7 -7 17 9 10 11 -8 16 14 -14 -15 -12 -4 19 20 28 22 23 29 26 -26 -23 -28 -19 -22
right_child=1 -3 3 4 -6 6 8 -9 -10 -11 12 -13 13 15 -16 -17 -18 18 -20 -21 21 24 -24 -25 25 -27 27 -29 -30 -31
leaf_value=-11070.700424592393 29842.159684244794 -12872.268656250002 -21.631024142787108 206.33520251122593 6145.3591723632817 -13435.025434027779 457.11471611761283 2119.1600444592927 1725.2880051832935 -1816.9600996537645 918.42067221364675 -1725.6777622617524 -154.23877674449577 1513.4809186299644 -1594.5471072926241 43.675751323084683 -174.85774272571911 32.890322775938365 1116.1698786272323 -470.82256680969414 709.4417080965909 1032.8486966959636 7442.5031810942155 -848.48935986143169 1274.5484392668072 -24.10459491935319 -2836.9380505371096 -470.81273140285333 -1627.1217775181362 2757.1742526405737
leaf_weight=23 24 25 17652 107 20 27 31 38 26 22 62 29 44 24 34 31 33 7963 70 359 33 30 21 33 104 324 40 92 35 38
leaf_count=23 24 25 17652 107 20 27 31 38 26 22 62 29 44 24 34 31 33 7963 70 359 33 30 21 33 104 324 40 92 35 38
internal_value=-0.0162671 8049.08 -14.4396 -5.1323 1141.61 -10.4876 -1007.95 3.00677 -9.34992 -154.836 -27.8678 -597.902 122.141 -175.366 -782.065 685.045 538.65 0.00557964 41.783 33.493 54.2722 374.71 2051.81 963.308 19.3911 320.672 -776.585 -1187.82 25.626 1805.41
internal_weight=27394 49 27345 27322 127 27195 363 26832 336 310 288 60 228 133 78 55 95 26794 9142 9072 8713 715 125 104 590 428 162 132 7998 71
internal_count=27394 49 27345 27322 127 27195 363 26832 336 310 288 60 228 133 78 55 95 26794 9142 9072 8713 715 125 104 590 428 162 132 7998 71
cat_boundaries=0 1
cat_threshold=8
is_linear=0
shrinkage=0.05


Tree=139
num_leaves=31
num_cat=1
split_feature=4 2 4 4 3 4 3 2 4 1 4 1 1 4 4 5 1 1 4 4 1 4 4 1 1 1 1 1 1 4
split_gain=1.14808e+12 8.63201e+12 1.01582e+12 7.00595e+10 6.53599e+10 1.35623e+12 8.86653e+10 9.77779e+11 2.16667e+10 1.86877e+10 4.47015e+10 2.30923e+10 1.32701e+10 3.04923e+10 1.34792e+10 9.26626e+09 1.32383e+10 3.08781e+10 2.64633e+10 3.62893e+10 1.69178e+10 3.35526e+10 1.97751e+10 1.36857e+10 2.00331e+10 1.48316e+10 3.60752e+10 4.27863e+10 1.99183e+10 1.79341e+10
threshold=724.50000000000011 5.5000000000000009 1.0000000180025095e-35 541.00000000000011 7.2500000000000009 142.01342337501239 6.5000000000000009 5.5000000000000009 610.00000000000011 0.00010221962616822432 84.98579275090411 0.00016063084112149533 0.00010221962616822432 99.954431178623565 99.954431178623565 0 0.0014748831775700936 0.0014456775700934581 365.25855766946296 310.02166095522585 0.00024824766355140192 240.02876849523298 215.16819001774374 0.0012412383177570097 0.0012996495327102806 0.00091997663551401877 0.00065712616822429925 0.00056950934579439263 0.00051109813084112166 130.27467500124359
decision_type=10 2 10 10 2 10 2 2 10 10 10 10 10 10 10 9 10 10 10 10 10 10 10 10 10 10 10 10 10 10
left_child=2 -2 -1 4 6 9 15 -8 -5 10 -6 -11 14 -14 -9 -4 17 18 19 20 22 23 -17 25 -25 26 27 28 -22 -27
right_child=1 -3 3 8 5 -7 7 12 -10 11 -12 -13 13 -15 -16 16 -18 -19 -20 -21 21 -23 -24 24 -26 29 -28 -29 -30 -31
leaf_value=-10517.164809782609 27384.716158353363 -14665.991966711958 5.9334354087665933 -3213.8360327148439 -11.957124680739184 13285.233232421877 -10761.012245244565 178.78408807754519 -985.54352213541665 1353.2534498426648 -2410.720138451361 -280.09326687034121 -22.956350322153376 1742.9128584917853 -1267.0783745659724 -247.21951869169871 -793.10550644565637 1648.279685546875 1554.3299621582032 -2269.9207861709597 184.04515236302427 1673.6907169596354 -1378.6284407842727 -1732.7139404296877 98.611947822570812 -227.77957026163736 -858.93957611342614 2237.4165816597319 -861.22123252175084 900.90232411260195
leaf_weight=23 26 23 25466 20 52 20 23 40 24 27 31 109 87 34 27 480 71 25 23 20 266 30 42 28 32 57 118 23 55 92
leaf_count=23 26 23 25466 20 52 20 23 40 24 27 31 109 87 34 27 480 71 25 23 20 266 30 42 28 32 57 118 23 55 92
internal_value=0.00736855 7646.63 -13.6948 -4.8528 -1.63716 821.583 -8.91367 -1029.86 -1998.4 -316.65 -907.881 44.1741 160.649 473.238 -403.877 -0.883981 -127.46 -91.8398 -126.202 -157.298 -122.75 37.7239 -338.252 -35.4192 -756.007 35.3423 -104.557 154.213 4.94967 469.125
internal_weight=27394 49 27345 27322 27278 239 27039 211 44 219 83 136 188 121 67 26828 1362 1291 1266 1243 1223 701 522 671 60 611 462 344 321 149
internal_count=27394 49 27345 27322 27278 239 27039 211 44 219 83 136 188 121 67 26828 1362 1291 1266 1243 1223 701 522 671 60 611 462 344 321 149
cat_boundaries=0 2
cat_threshold=1064961 1
is_linear=0
shrinkage=0.05


Tree=140
num_leaves=31
num_cat=2
split_feature=4 1 4 4 3 4 3 2 4 1 4 1 1 4 4 5 1 4 2 2 4 1 4 1 4 1 3 0 4 1
split_gain=1.03614e+12 8.25287e+12 9.16782e+11 6.32288e+10 5.89873e+10 1.224e+12 8.00204e+10 8.82445e+11 1.95542e+10 1.68657e+10 4.03431e+10 2.08408e+10 1.19966e+10 2.20257e+10 1.12197e+10 8.60638e+09 9.98722e+10 1.23829e+10 8.24168e+10 1.06648e+11 1.21249e+11 1.10531e+11 5.7595e+10 4.57011e+10 1.40759e+11 8.80224e+10 3.31078e+10 1.10598e+10 5.48281e+10 1.09043e+11
threshold=724.50000000000011 0.00030665887850467294 1.0000000180025095e-35 541.00000000000011 7.2500000000000009 142.01342337501239 6.5000000000000009 5.5000000000000009 610.00000000000011 0.00010221962616822432 84.98579275090411 0.00016063084112149533 7.3014018691588793e-05 113.00399063767009 61.012019003067607 0 0.0002774532710280374 334.40804515234134 5.5000000000000009 4.5000000000000009 391.08371961117962 0.00018983644859813087 365.25855766946296 4.3808411214953281e-05 447.50000000000006 0.00010221962616822432 3.2500000000000004 1 270.50726110884449 7.3014018691588793e-05
decision_type=10 10 10 10 2 10 2 2 10 10 10 10 10 10 8 9 10 10 2 2 10 10 10 10 10 10 2 1 10 10
left_child=2 -2 -1 4 6 9 15 -8 -5 10 -6 -11 14 -14 -9 16 -4 27 19 20 21 22 -19 24 -22 -25 -27 -17 -29 -30
right_child=1 -3 3 8 5 -7 7 12 -10 11 -12 -13 13 -15 -16 17 -18 18 -20 -21 23 -23 -24 25 -26 26 -28 28 29 -31
leaf_value=-9991.3064368206542 28207.291613769532 -12840.977500000001 3436.3301184612774 -3053.1453686523437 -11.359265547532303 12620.971889648439 -10222.961633831523 373.86038022248641 -936.26673177083342 1285.5908057318793 -2290.1841355846773 -266.08860602422595 123.00807231610959 1854.7667965975675 -1073.9242561340332 10.811186771178933 -25.670681358786194 864.82334702435662 2581.0067871093752 -3303.0725505828859 -903.35395275297617 -4514.4485921223959 -2197.4202985491074 -2351.8051972656249 4701.952487754822 141.37098481314521 2733.3390913529834 -140.64784536306641 2682.5825314390895 -541.31838717990456
leaf_weight=23 24 25 23 20 52 20 23 23 24 27 31 109 111 22 32 23599 221 34 22 32 21 24 28 25 24 28 22 2620 51 54
leaf_count=23 24 25 23 20 52 20 23 23 24 27 31 109 111 22 32 23599 221 34 22 32 21 24 28 25 24 28 22 2620 51 54
internal_value=0.00710665 7264.3 -13.0099 -4.61005 -1.55519 780.504 -8.46787 -978.37 -1898.48 -300.818 -862.487 41.9654 152.617 409.464 -468.487 -0.839672 288.828 -3.60567 -346.975 -617.629 -200.473 -1633.38 -518.125 826.443 2086.14 70.6229 1281.84 -0.215603 -95.3992 1024.58
internal_weight=27394 49 27345 27322 27278 239 27039 211 44 219 83 136 188 133 55 26828 244 26584 260 238 206 86 62 120 45 75 50 26324 2725 105
internal_count=27394 49 27345 27322 27278 239 27039 211 44 219 83 136 188 133 55 26828 244 26584 260 238 206 86 62 120 45 75 50 26324 2725 105
cat_boundaries=0 2 3
cat_threshold=16384 1 8
is_linear=0
shrinkage=0.05


Tree=141
num_leaves=31
num_cat=1
split_feature=3 4 4 4 3 2 4 4 1 4 1 1 4 1 1 2 4 2 2 4 4 4 2 4 4 1 0 1 1 4
split_gain=1.03663e+12 1.93181e+13 9.15901e+12 6.4444e+11 1.64312e+11 7.14231e+11 1.18524e+11 7.47195e+10 2.76544e+10 5.29482e+10 1.75004e+10 8.62159e+09 5.17595e+10 1.72865e+11 4.70413e+10 1.85828e+11 3.39663e+10 2.38364e+11 2.18949e+10 2.05099e+10 9.19187e+10 3.48272e+10 3.33936e+10 3.64839e+10 6.15453e+10 2.97049e+10 2.78606e+10 2.65323e+10 5.54833e+10 5.56817e+10
threshold=7.2500000000000009 1186.0000000000002 157.37043019679473 724.50000000000011 6.5000000000000009 5.5000000000000009 148.81200982779711 541.00000000000011 0.00010221962616822432 84.98579275090411 0.00016063084112149533 0.00010221962616822432 310.02166095522585 0.00018983644859813087 0.0006279205607476636 3.5000000000000004 420.50000000000006 3.5000000000000004 7.5000000000000009 103.21237045295018 99.954431178623565 90.100000000000009 2.5000000000000004 102.09624674842068 100.09435955727518 0.00018983644859813087 0 0.0012412383177570097 0.0012996495327102806 113.00399063767009
decision_type=2 8 10 10 2 2 10 10 10 10 10 8 10 10 10 2 10 2 2 10 10 10 2 10 10 10 1 8 8 10
left_child=1 3 8 4 7 -6 -7 11 9 -2 -10 16 19 -14 15 -15 18 -18 -1 20 21 -13 25 24 -24 -22 -23 -21 29 -29
right_child=2 -3 -4 -5 5 6 -8 -9 10 -11 -12 12 13 14 -16 -17 17 -19 -20 27 22 26 23 -25 -26 -27 -28 28 -30 -31
leaf_value=-36.757795094089687 -10.791313758263222 38261.671283143944 -35661.750429687498 -7000.1509184866245 -9711.813391644022 70.300809291410729 -3755.4562393851907 2217.9221988075656 1221.3112408673321 -2466.1986691926654 -199.30128606622873 -0.19598400942784111 3852.1764160156254 1431.9976176834107 1766.1475667317709 -3773.7537025960287 1601.6387016296387 -4914.3852119140629 1198.705483669705 234.38559881483093 -1197.8349205380396 624.40303822271062 -902.00636920878378 -2239.2664721679689 797.9317202045072 1049.798233717315 -236.25713424682618 -3531.1238188244047 69.713796647459603 -613.94750729122677
leaf_weight=9297 52 33 20 33 23 169 23 38 27 38 110 13795 38 40 24 30 32 25 36 1909 21 381 377 40 62 49 122 21 455 74
leaf_count=9297 52 33 20 33 23 169 23 38 27 38 110 13795 38 40 24 30 32 25 36 1909 21 381 377 40 62 49 122 21 455 74
internal_value=0.00695165 29.3458 -3224.53 -17.1862 -8.67694 -1385.42 -387.993 2.34073 -366.627 -1047.52 80.6734 -0.797487 20.0021 1006.34 -144.097 -799.039 -39.424 -1256.27 -31.9923 12.4788 -9.67318 14.705 -644.571 -793.644 -661.924 375.508 423.371 146.229 -159.756 -1258.8
internal_weight=27394 27147 247 27114 27081 215 192 26866 227 90 137 26828 17438 132 94 70 9390 57 9333 17306 14847 14298 549 479 439 70 503 2459 550 95
internal_count=27394 27147 247 27114 27081 215 192 26866 227 90 137 26828 17438 132 94 70 9390 57 9333 17306 14847 14298 549 479 439 70 503 2459 550 95
cat_boundaries=0 1
cat_threshold=8
is_linear=0
shrinkage=0.05


Tree=142
num_leaves=31
num_cat=2
split_feature=4 3 2 4 4 4 4 4 5 1 4 4 1 1 1 0 1 4 4 1 1 1 1 1 1 4 1 1 4 4
split_gain=1.19765e+12 9.76375e+11 2.33205e+13 9.38585e+12 5.17318e+12 8.06251e+11 6.74339e+10 1.5877e+10 8.33368e+09 1.83309e+10 1.6157e+10 2.47136e+10 1.04516e+10 4.12195e+10 4.41026e+10 3.67012e+10 4.2998e+10 2.75223e+10 4.37321e+10 3.22393e+10 3.08362e+10 2.34552e+10 7.93935e+10 6.54857e+10 6.07226e+10 9.36711e+10 6.78662e+10 5.92088e+10 3.76565e+10 4.01655e+10
threshold=1.0000000180025095e-35 6.5000000000000009 5.5000000000000009 724.50000000000011 334.40804515234134 156.03962222900353 541.00000000000011 107.09180486240626 0 0.0014748831775700936 365.25855766946296 310.02166095522585 0.0016793224299065422 0.0018253504672897198 0.0019713785046728978 1 0.001752336448598131 95.050000000000011 89.952709749343711 0.0031103971962616827 0.0046144859813084119 0.0013434579439252339 0.0012996495327102806 0.0014456775700934581 0.0014164719626168227 39.95000000000001 0.0013872663551401871 0.0012412383177570097 151.03562962108694 97.020738361461582
decision_type=10 2 2 10 10 10 10 10 9 10 10 10 10 10 10 1 10 10 10 10 10 10 10 10 10 10 10 10 10 10
left_child=-1 3 -3 6 5 7 8 -4 12 10 11 -10 21 15 -15 -14 -17 18 20 -20 -16 22 27 24 26 -26 -23 -2 29 -29
right_child=1 2 4 -5 -6 -7 -8 -9 9 -11 -12 -13 13 14 17 16 -18 -19 19 -21 -22 23 -24 -25 25 -27 -28 28 -30 -31
leaf_value=-11404.825424592393 4.5014385157584824 43476.276116943365 63.497368160407703 -27092.840079116824 -25575.00880859375 9553.3638565726906 2107.0265136718749 -796.17373065948493 -112.8217412368889 -1459.3282665111401 1202.5309573086824 -1861.5405021304177 -5.8761321687698365 -695.92977997526839 445.66746213494918 671.58357968397547 2416.3275951628989 1279.47484442019 -2260.2863884203362 245.78320661272323 -464.23993408203125 -1012.5172882393945 988.69210401796829 -18.585505101751448 -124.27859759123429 -3092.0939228360617 1606.7558010525174 -649.77667448624334 354.66351745605471 -2533.1842193603516
leaf_weight=23 23768 32 334 32 20 23 38 64 533 27 22 21 150 196 365 142 47 51 33 21 125 79 204 742 46 63 36 69 40 48
leaf_count=23 23768 32 334 32 20 23 38 64 533 27 22 21 150 196 365 142 47 51 33 21 125 79 204 742 46 63 36 69 40 48
internal_value=0.013689 9.59724 2261.57 -30.0035 -729.07 451.26 2.23092 -74.7412 -0.750379 -182.989 -126.338 -179.109 3.50834 152.26 -45.4341 613.546 1049.91 168.847 64.7254 -1285.7 213.548 -3.18838 6.48359 -244.777 -994.037 -1839.62 -192.571 -1.89136 -969.687 -1422.46
internal_weight=27394 27371 473 26898 441 421 26866 398 26828 603 576 554 26225 1130 791 339 189 595 544 54 490 25095 24129 966 224 109 115 23925 157 117
internal_count=27394 27371 473 26898 441 421 26866 398 26828 603 576 554 26225 1130 791 339 189 595 544 54 490 25095 24129 966 224 109 115 23925 157 117
cat_boundaries=0 2 3
cat_threshold=1064961 3 4
is_linear=0
shrinkage=0.05


Tree=143
num_leaves=31
num_cat=0
split_feature=4 2 4 3 4 3 2 4 4 4 4 1 4 1 4 4 4 4 2 2 4 1 1 1 4 1 1 1 1 1
split_gain=1.23809e+12 7.76083e+12 1.07805e+12 6.14803e+10 2.5461e+11 1.26404e+11 1.69466e+12 6.08591e+10 4.74317e+10 4.0495e+10 1.0726e+10 7.86582e+09 4.70745e+10 1.58771e+11 3.01488e+11 1.3063e+11 4.66358e+10 3.07699e+10 2.14863e+11 1.97574e+10 1.94946e+10 2.94314e+10 8.91167e+10 7.54832e+10 6.77848e+10 9.89459e+10 2.54783e+10 3.97744e+10 2.80672e+10 2.5e+10
threshold=724.50000000000011 5.5000000000000009 1.0000000180025095e-35 8.5000000000000018 99.954431178623565 6.5000000000000009 5.5000000000000009 541.00000000000011 170.00423548663119 133.13716495110961 49.973727638524281 0.00010221962616822432 310.02166095522585 0.00024824766355140192 400.25000000000006 420.50000000000006 350.83532286447655 420.50000000000006 3.5000000000000004 7.5000000000000009 39.95000000000001 0.0012996495327102806 0.001153621495327103 0.0011828271028037384 30.950000000000003 0.0013434579439252339 0.00065712616822429925 0.00036507009345794397 0.00080315420560747683 0.00091997663551401877
decision_type=10 2 10 2 10 2 2 10 10 10 10 8 10 10 10 10 10 10 2 2 10 10 10 10 10 10 10 10 10 10
left_child=2 -2 -1 5 10 7 -7 11 9 -8 -5 17 20 14 -14 16 -15 19 -19 -4 21 22 26 -24 -23 -26 27 -13 -28 -30
right_child=1 -3 3 4 -6 6 8 -9 -10 -11 -12 12 13 15 -16 -17 -18 18 -20 -21 -22 24 23 -25 25 -27 28 -29 29 -31
leaf_value=-10834.583831521741 26656.310685847358 -13216.025016983695 -35.061183888791412 -465.29955197598076 6275.6829296875003 -13235.364828725964 47.753088492777813 2001.675375205592 2233.5863488238792 -2138.4276897927989 591.95004808075578 -12.70907413931454 6050.0243075284088 -81.088254061612218 -1315.0923868815105 2794.2332275390627 -3071.562846374512 1517.5879547119141 -4668.8909958496097 1138.5451144748265 40.834129430519425 -536.99231385469443 -3151.9249603600729 -602.30192585397276 2792.8197041258522 333.19903193794283 649.51218278364706 -419.41830532986637 -523.29633032894696 221.50779793474095
leaf_weight=23 26 23 9297 47 20 26 268 38 23 23 49 1700 33 22 24 21 32 32 25 36 13357 160 42 94 49 247 220 930 169 338
leaf_count=23 26 23 9297 47 20 26 268 38 23 23 49 1700 33 22 24 21 32 32 25 36 13357 160 42 94 49 247 220 930 169 338
internal_value=0.0128973 7940.72 -14.2162 -5.10749 1143.54 -10.005 -968.038 2.11926 47.7276 -125.038 74.3383 -0.71297 19.154 959.799 2948.92 -551.934 -1853.22 -37.6076 -1195.78 -30.5343 11.9793 -85.6184 -134.937 -1389.69 292.17 740.366 -84.1046 -156.526 177.889 -26.7602
internal_weight=27394 49 27345 27322 116 27206 340 26866 314 291 96 26828 17438 132 57 75 54 9390 57 9333 17306 3949 3493 136 456 296 3357 2630 727 507
internal_count=27394 49 27345 27322 116 27206 340 26866 314 291 96 26828 17438 132 57 75 54 9390 57 9333 17306 3949 3493 136 456 296 3357 2630 727 507
is_linear=0
shrinkage=0.05


Tree=144
num_leaves=31
num_cat=2
split_feature=4 1 4 4 3 4 3 2 4 1 4 1 1 4 4 5 1 4 4 4 2 2 1 1 1 4 4 1 4 0
split_gain=1.11738e+12 7.55852e+12 9.72937e+11 6.20096e+10 5.98797e+10 1.25437e+12 9.05439e+10 9.71082e+11 2.50571e+10 1.63026e+10 3.72275e+10 1.63378e+10 1.26282e+10 2.94813e+10 1.27706e+10 7.93582e+09 1.66029e+10 1.36391e+10 2.33702e+10 9.6672e+09 4.54523e+10 3.03021e+10 2.61265e+10 2.5607e+10 3.75901e+10 2.39057e+11 5.80592e+10 2.58036e+11 5.29513e+10 2.99454e+10
threshold=724.50000000000011 0.00030665887850467294 1.0000000180025095e-35 541.00000000000011 7.2500000000000009 142.01342337501239 6.5000000000000009 5.5000000000000009 610.00000000000011 0.00010221962616822432 83.656020066889653 0.00016063084112149533 0.00010221962616822432 99.954431178623565 99.954431178623565 0 0.0014748831775700936 365.25855766946296 310.02166095522585 75.018223136952244 7.5000000000000009 7.5000000000000009 0.0022050233644859817 0.0016501168224299068 0.0010075934579439254 246.96711259754741 365.25855766946296 0.00013142523364485984 342.85821225290857 1
decision_type=10 10 10 10 2 10 2 2 10 10 8 10 10 10 10 9 10 10 10 10 2 2 10 10 10 10 10 10 10 1
left_child=2 -2 -1 4 6 9 15 -8 -5 10 -6 -11 14 -14 -9 19 17 18 -17 21 22 -4 23 24 26 29 28 -28 -21 -26
right_child=1 -3 3 8 5 -7 7 12 -10 11 -12 -13 13 -15 -16 16 -18 -19 -20 20 -22 -23 -24 -25 25 -27 27 -29 -30 -31
leaf_value=-10292.854500679348 27586.324926757814 -11697.240687500002 -21.998172609342806 -3187.4509252929693 -43.141205010047329 12772.599604492189 -10738.268461277175 162.36657329559327 -791.15162760416672 1129.5888206199363 -2232.2053301411293 -244.26838950060926 -37.036498216650948 1699.3113816205196 -1244.981273509838 -108.69504580399332 -1393.2766859266494 1096.2707108931108 -1809.2178088960195 43.974947824469581 -1777.8457404641545 1020.3777263968332 1022.9306736711144 -377.19805935339747 507.91730202603344 5553.4087957208812 413.90592440901128 -3853.4063399969364 1940.2192541173988 -206.07614015851701
leaf_weight=23 24 25 17491 20 52 20 23 40 24 27 31 109 87 34 27 533 27 22 21 7374 34 70 69 343 390 22 116 51 37 228
leaf_count=23 24 25 17491 20 52 20 23 40 24 27 31 109 87 34 27 533 27 22 21 7374 34 70 69 343 390 22 116 51 37 228
internal_value=0.0122553 7543.69 -13.5054 -4.85211 -1.82685 786.125 -8.79162 -1040.5 -1880.38 -308.53 -860.743 28.4827 145.929 450.863 -404.774 -0.677318 -178.513 -124.67 -173.155 3.47846 46.6991 -17.8432 53.8873 46.077 63.7436 431.712 32.6668 -889.285 53.4421 249.386
internal_weight=27394 49 27345 27322 27278 239 27039 211 44 219 83 136 188 121 67 26828 603 576 554 26225 8664 17561 8630 8561 8218 640 7578 167 7411 618
internal_count=27394 49 27345 27322 27278 239 27039 211 44 219 83 136 188 121 67 26828 603 576 554 26225 8664 17561 8630 8561 8218 640 7578 167 7411 618
cat_boundaries=0 2 3
cat_threshold=1064961 3 9
is_linear=0
shrinkage=0.05


Tree=145
num_leaves=31
num_cat=1
split_feature=4 2 4 4 3 4 3 2 4 1 4 1 2 4 4 4 1 2 4 1 1 1 1 4 0 1 1 4 4 1
split_gain=1.00843e+12 7.16787e+12 8.78076e+11 5.5964e+10 5.40406e+10 1.13207e+12 8.17168e+10 8.76402e+11 2.2614e+10 1.47131e+10 3.35978e+10 1.47449e+10 1.203e+10 4.80852e+10 1.33758e+10 1.07059e+10 1.00987e+10 7.99202e+09 8.26016e+09 2.48078e+10 2.78815e+10 2.84341e+10 1.50951e+11 3.42054e+11 4.476e+10 7.2266e+10 7.8306e+10 5.67985e+10 4.06002e+10 3.89117e+10
threshold=724.50000000000011 5.5000000000000009 1.0000000180025095e-35 541.00000000000011 7.2500000000000009 142.01342337501239 6.5000000000000009 5.5000000000000009 610.00000000000011 0.00010221962616822432 84.98579275090411 0.00016063084112149533 6.5000000000000009 75.018223136952244 140.03401652231085 58.750000000000007 0.00042348130841121499 8.5000000000000018 75.018223136952244 0.0022050233644859817 0.0016501168224299068 0.0010075934579439254 0.0010367990654205608 104.02526941657378 0 0.0011244158878504675 0.0014748831775700936 179.65200040916665 97.020738361461582 0.0012996495327102806
decision_type=10 2 10 10 2 10 2 2 10 10 10 10 2 10 10 10 10 2 10 10 10 10 10 10 1 10 10 10 10 10
left_child=2 -2 -1 4 6 9 17 -8 -5 10 -6 -11 13 15 16 -9 -14 18 -4 20 21 -20 23 -23 25 -24 27 28 -27 -30
right_child=1 -3 3 8 5 -7 7 12 -10 11 -12 -13 14 -15 -16 -17 -18 -19 19 -21 -22 22 24 -25 -26 26 -28 -29 29 -31
leaf_value=-9778.2118206521754 25152.900901442306 -13165.948182744565 -19.644491150977231 -3028.0778515625002 -40.984169417161212 12133.969672851563 -10201.354959239132 213.50205320160964 -751.5943684895833 1073.1093994140626 -2120.5950352822579 -232.05495381486526 434.16572623417301 2068.7789106889209 -1377.845305480957 -1290.2099698638917 -722.10418352399563 -766.73410500919124 22.461823118196545 976.57172489711218 -400.15481879359169 -375.61423787434899 2769.2927944607204 8066.0235339355468 -164.94226288606515 835.29798682960302 2167.7323499596637 1929.3445421006945 -1843.0534225463869 211.74365959167483
leaf_weight=23 26 23 17652 20 52 20 23 29 24 27 31 109 58 33 20 20 28 34 7998 70 359 30 36 20 419 37 46 27 64 36
leaf_count=23 26 23 17652 20 52 20 23 29 24 27 31 109 58 33 20 20 28 34 7998 70 359 30 36 20 419 37 46 27 64 36
internal_value=0.0171443 7166.5 -12.8246 -4.60399 -1.72998 746.819 -8.34646 -988.475 -1786.36 -293.103 -817.706 27.0586 138.632 593.379 -213.153 -400.258 57.7058 -0.63783 0.334301 38.9107 31.6757 49.4683 351.563 3001.04 152.354 672.172 344.673 -166.673 -579.756 -1103.33
internal_weight=27394 49 27345 27322 27278 239 27039 211 44 219 83 136 188 82 106 49 86 26828 26794 9142 9072 8713 715 50 665 246 210 164 137 100
internal_count=27394 49 27345 27322 27278 239 27039 211 44 219 83 136 188 82 106 49 86 26828 26794 9142 9072 8713 715 50 665 246 210 164 137 100
cat_boundaries=0 1
cat_threshold=8
is_linear=0
shrinkage=0.05


Tree=146
num_leaves=31
num_cat=2
split_feature=3 4 4 4 3 2 4 4 4 5 4 1 4 2 1 1 1 2 1 4 2 1 0 4 1 1 4 4 2 3
split_gain=1.02839e+12 1.90324e+13 8.86519e+12 6.31919e+11 1.60263e+11 7.13663e+11 1.01455e+11 6.66924e+10 3.38666e+10 8.05096e+09 9.14935e+10 1.23169e+10 1.19932e+10 8.12668e+10 9.24802e+10 2.1618e+11 3.0458e+11 1.97038e+11 1.33401e+11 9.40034e+10 3.11476e+11 5.57963e+10 1.02969e+10 4.93083e+10 1.00372e+11 1.18935e+11 4.03552e+10 4.85462e+10 2.77734e+10 2.81527e+10
threshold=7.2500000000000009 1186.0000000000002 157.37043019679473 724.50000000000011 6.5000000000000009 5.5000000000000009 148.81200982779711 541.00000000000011 127.28168959952761 0 103.21237045295018 0.0014748831775700936 334.40804515234134 5.5000000000000009 4.3808411214953281e-05 7.3014018691588793e-05 0.00013142523364485984 3.5000000000000004 0.0002774532710280374 447.50000000000006 3.5000000000000004 0.00042348130841121499 1 270.50726110884449 7.3014018691588793e-05 0.00021904205607476641 250.34974971036357 246.96711259754741 1.5000000000000002 1.5000000000000002
decision_type=2 8 10 10 2 2 10 10 10 9 10 10 10 2 10 10 10 2 10 10 2 10 1 10 10 10 10 10 2 2
left_child=1 3 8 4 7 -6 -7 9 -2 10 11 -1 22 14 19 -16 -17 18 -18 20 -14 -19 28 26 -25 -26 27 -24 -11 -30
right_child=2 -3 -4 -5 5 6 -8 -9 -10 12 -12 -13 13 -15 15 16 17 21 -20 -21 -22 -23 23 24 25 -27 -28 -29 29 -31
leaf_value=-675.84847788129537 -210.15439625615659 37977.811079545456 -35124.366484375001 -6931.7456616950767 -9691.2872707201077 52.842295205381497 -3486.7282672384517 2095.5470189144739 -2364.7637506103515 368.90289034924575 3156.6580654296877 183.67033301511427 -3268.0495524088547 2566.2740189985798 -4500.4560253906257 5056.8530184659094 3381.1096170176629 -5997.7496411132815 -1717.9277815193964 3294.1139980468756 4180.8622643512235 -2262.9037304687499 -137.58151811224053 2561.0244013767619 -2967.1589792104869 1729.1525272914344 -1672.1020278204055 1576.3357332138789 -282.36513730053701 13.192516829965999
leaf_weight=56 207 33 20 33 23 169 23 38 20 529 25 163 36 22 40 22 23 20 29 25 23 20 2536 51 26 28 42 42 836 22234
leaf_count=56 207 33 20 33 23 169 23 38 20 529 25 163 36 22 40 22 23 20 29 25 23 20 2536 51 26 28 42 42 836 22234
internal_value=0.0132815 29.2352 -3211.68 -16.9514 -8.52523 -1368.2 -371.169 2.35585 -399.988 -0.609011 279.556 -36.1153 -3.28442 -341.208 -609.967 -1337.89 -228.217 -1492.04 537.416 724.558 -364.236 -4130.33 0.0519777 -91.7903 970.308 -532.034 -134.706 -109.659 10.6915 2.48224
internal_weight=27394 27147 247 27114 27081 215 192 26866 227 26828 244 219 26584 260 238 154 114 92 52 84 59 40 26324 2725 105 54 2620 2578 23599 23070
internal_count=27394 27147 247 27114 27081 215 192 26866 227 26828 244 219 26584 260 238 154 114 92 52 84 59 40 26324 2725 105 54 2620 2578 23599 23070
cat_boundaries=0 2 3
cat_threshold=16384 1 8
is_linear=0
shrinkage=0.05


Tree=147
num_leaves=31
num_cat=1
split_feature=4 3 2 4 4 4 4 4 4 4 1 1 1 0 1 4 1 4 1 1 1 1 1 4 1 1 4 4 1 1
split_gain=1.15259e+12 9.68786e+11 2.22685e+13 9.40686e+12 4.4855e+12 7.64623e+11 6.01899e+10 2.80342e+10 1.03029e+10 1.86246e+10 7.96052e+09 4.16465e+10 4.35359e+10 3.21606e+10 3.8318e+10 2.57835e+10 2.91141e+10 2.10355e+10 2.05835e+10 6.23046e+10 6.81395e+10 5.88973e+10 5.51538e+10 8.50604e+10 6.07507e+10 3.31529e+10 3.24927e+11 4.75589e+10 3.87683e+10 9.73916e+10
threshold=1.0000000180025095e-35 6.5000000000000009 5.5000000000000009 724.50000000000011 334.40804515234134 157.37043019679473 541.00000000000011 140.03401652231085 124.71156790688305 107.09180486240626 0.0016793224299065422 0.0018253504672897198 0.0019713785046728978 0 0.001752336448598131 101.05000000000001 0.0020297897196261687 49.973727638524281 0.0013434579439252339 0.0012996495327102806 0.0012412383177570097 0.0014456775700934581 0.0014164719626168227 39.95000000000001 0.0013872663551401871 0.0010075934579439254 176.75715347454482 64.035264419072533 0.0011244158878504675 0.0011828271028037384
decision_type=10 2 2 10 10 10 10 10 10 10 10 10 10 1 10 10 10 10 10 10 10 10 10 10 10 10 10 10 10 10
left_child=-1 3 -3 6 5 7 10 8 9 -4 18 13 -13 -12 17 16 -14 -15 19 20 25 22 24 -24 -20 -2 27 28 -27 -30
right_child=1 2 4 -5 -6 -7 -8 -9 -10 -11 11 12 15 14 -16 -17 -18 -19 21 -21 -22 -23 23 -25 -26 26 -28 -29 29 -31
leaf_value=-11188.191644021739 -9.2889906191708871 42527.005023193364 62.212761994321902 -27123.139587402344 -23805.472109375001 9503.8964677290478 1990.7697985197372 -1895.5144879150391 1129.7051217651367 -1352.6618359375 11.179247612953187 -682.2457158790445 1218.6585496826171 -17.035074486365684 2292.379796584109 1430.4111088933173 -45.851228410615704 1204.452371889585 -955.04876911791075 830.83820170084641 -1005.5169439507659 -20.707885203818925 -114.38489774621051 -2942.5047681051587 1523.1136820899117 210.79763047816391 6604.5989599609375 776.15215183207647 -2129.1457666531419 152.63010749816894
leaf_weight=23 23435 32 334 32 20 22 38 20 20 25 150 212 50 65 47 37 508 77 79 225 169 761 46 63 36 413 20 227 71 137
leaf_count=23 23435 32 334 32 20 22 38 20 20 25 150 212 50 65 47 37 508 77 79 225 169 761 46 63 36 413 20 227 71 137
internal_value=0.0126136 9.41412 2252.61 -30.0324 -669.79 429.292 2.23806 -71.0618 25.2154 -36.3161 -0.57856 128.356 -67.0017 593.41 1001.9 152.211 67.4561 645.321 -6.33196 2.60751 -5.00739 -230.472 -943.108 -1748.99 -179.276 1.95002 305.39 156.824 -69.5646 -626.245
internal_weight=27394 27371 473 26898 441 421 26866 399 379 359 26828 1146 807 339 189 595 558 142 25682 24697 24472 985 224 109 115 24303 868 848 621 208
internal_count=27394 27371 473 26898 441 421 26866 399 379 359 26828 1146 807 339 189 595 558 142 25682 24697 24472 985 224 109 115 24303 868 848 621 208
cat_boundaries=0 1
cat_threshold=4
is_linear=0
shrinkage=0.05


Tree=148
num_leaves=31
num_cat=1
split_feature=4 1 4 2 4 3 2 4 4 4 4 4 4 1 4 2 1 5 4 4 4 1 1 4 3 4 1 2 4 4
split_gain=1.20359e+12 6.92135e+12 1.03747e+12 5.68658e+10 1.88831e+11 1.37619e+11 1.86607e+12 6.37084e+10 5.42671e+10 2.5593e+10 9.17758e+09 2.49768e+10 8.52042e+09 1.95001e+10 1.44234e+10 1.3309e+10 9.97572e+09 7.79472e+09 1.51048e+10 6.50481e+10 4.55333e+10 4.49306e+10 1.11947e+11 2.219e+11 5.83907e+10 5.48306e+10 6.32315e+10 4.19769e+10 1.89947e+11 1.53368e+11
threshold=724.50000000000011 0.00030665887850467294 1.0000000180025095e-35 8.5000000000000018 115.01092707614448 6.5000000000000009 5.5000000000000009 170.00423548663119 541.00000000000011 133.13716495110961 47.975000000000009 42.005000000000003 73.021775652210451 0.00018983644859813087 82.6234108886283 7.5000000000000009 0.00042348130841121499 0 100.09435955727518 99.954431178623565 102.09624674842068 0.00010221962616822432 0.00013142523364485984 206.50265366987779 5.2500000000000009 103.21237045295018 0.0015040887850467292 3.5000000000000004 320.50000000000006 342.85821225290857
decision_type=10 10 10 2 10 2 2 10 10 10 10 10 10 10 10 2 10 9 10 10 10 10 10 10 2 10 10 2 10 10
left_child=2 -2 -1 5 -5 8 -7 9 17 10 11 -8 -12 14 -14 -16 -15 18 19 -4 -20 24 23 -23 -22 26 -24 28 -27 -29
right_child=1 -3 3 4 -6 6 7 -9 -10 -11 12 -13 13 16 15 -17 -18 -19 20 -21 21 22 25 -25 -26 27 -28 29 -30 -31
leaf_value=-10628.782608695654 27008.543780517579 -10582.796843750002 7.8397892305273009 216.93252865800233 5509.9327551269535 -13623.494516782408 415.87000368179815 2579.0408266813861 1891.2314029091283 -1752.8740071172299 486.33280019860524 -1625.5576963227372 -1755.3151111421132 1358.3179099400841 508.87864095052083 -993.25636449353442 0.51385458669354844 -115.6948053931356 1097.7390382508975 -448.53752074329833 -48.178342816693146 596.18316176278256 -3076.5688180106026 5503.5648681640632 -1633.5266192626955 282.75809271811215 420.89818776448567 102.20652441012804 4337.3911873372399 -2887.2997364873472
leaf_weight=23 24 25 20951 107 20 27 31 23 38 23 95 29 21 24 30 29 31 1362 111 811 1816 112 28 29 60 777 24 637 30 46
leaf_count=23 24 25 20951 107 20 27 31 23 38 23 95 29 21 24 30 29 31 1362 111 811 1816 112 28 29 60 777 24 637 30 46
internal_value=0.0121916 7829.29 -14.0172 -5.08159 1050.48 -10.011 -977.036 39.1968 3.07151 -147.437 -20.1094 -570.82 123.554 -131.734 -629.996 -229.459 593.01 0.393665 6.65361 -9.16793 100.489 69.386 256.951 1605.5 -98.8824 133.64 -1462.35 189.339 433.488 -99.1365
internal_weight=27394 49 27345 27322 127 27195 363 336 26832 313 290 60 230 135 80 59 55 26794 25432 21762 3670 3559 1683 141 1876 1542 52 1490 807 683
internal_count=27394 49 27345 27322 127 27195 363 336 26832 313 290 60 230 135 80 59 55 26794 25432 21762 3670 3559 1683 141 1876 1542 52 1490 807 683
cat_boundaries=0 2
cat_threshold=1064961 1
is_linear=0
shrinkage=0.05


Tree=149
num_leaves=31
num_cat=1
split_feature=4 2 4 4 3 4 3 2 4 1 4 1 1 4 4 2 4 2 4 1 4 3 1 1 1 1 1 4 0 1
split_gain=1.08624e+12 6.44827e+12 9.36313e+11 5.50345e+10 5.73856e+10 1.1692e+12 9.16442e+10 9.52621e+11 2.76618e+10 1.50037e+10 3.18959e+10 1.28752e+10 1.28666e+10 3.1066e+10 1.24792e+10 8.56082e+09 7.7975e+09 2.28697e+10 5.70073e+10 2.25232e+10 3.70583e+10 3.04311e+10 2.5468e+10 2.19998e+10 2.47817e+10 2.26591e+10 1.32275e+11 3.05003e+11 4.18114e+10 6.27934e+10
threshold=724.50000000000011 5.5000000000000009 1.0000000180025095e-35 541.00000000000011 7.2500000000000009 142.01342337501239 6.5000000000000009 5.5000000000000009 610.00000000000011 0.00010221962616822432 84.98579275090411 0.00016063084112149533 0.00010221962616822432 101.05000000000001 99.954431178623565 8.5000000000000018 75.018223136952244 2.5000000000000004 74.750000000000014 0.00018983644859813087 42.867018476890188 2.5000000000000004 0.00074474299065420576 0.0022050233644859817 0.0016501168224299068 0.0010075934579439254 0.0010367990654205608 104.02526941657378 0 0.0011244158878504675
decision_type=10 2 10 10 2 10 2 2 10 10 10 10 10 10 10 2 10 2 10 10 10 2 10 10 10 10 10 10 1 10
left_child=2 -2 -1 4 6 9 15 -8 -5 10 -6 -11 14 -14 -9 16 17 18 19 -4 -21 -22 -23 24 25 -18 27 -27 29 -28
right_child=1 -3 3 8 5 -7 7 12 -10 11 -12 -13 13 -15 -16 -17 23 -19 -20 20 21 22 -24 -25 -26 26 28 -29 -30 -31
leaf_value=-10097.342781929348 24497.49853515625 -11847.022214673914 -241.5644046292424 -3145.055671386719 -60.415402691180887 12341.773242187501 -10651.898420516305 133.0963454437256 -627.28440755208339 1013.3395073784723 -2086.6685980027723 -206.27067165549744 58.468234723023699 2135.6586550625889 -1258.1010018807872 -793.52429055606626 23.70496771534135 7.8480903276856253 -1831.9244663783484 -229.42603270152236 389.1109664381695 67.566659589494975 -1513.989153137207 920.85394579206195 -376.07891071075187 -390.87709187825521 2588.8177781846789 7580.468875732422 -175.05515779481902 328.6868247477214
leaf_weight=23 26 23 1647 20 52 20 23 40 24 27 31 109 99 22 27 34 7998 14431 49 738 677 70 40 70 359 30 36 20 419 210
leaf_count=23 26 23 1647 20 52 20 23 40 24 27 31 109 99 22 27 34 7998 14431 49 738 677 70 40 70 359 30 36 20 419 210
internal_value=0.00947274 7437.83 -13.3185 -4.82963 -1.97959 769.388 -8.79777 -1046.76 -1771.73 -287.451 -817.209 35.8578 128.34 436.139 -427.535 -0.634309 0.371821 -19.0394 -139.503 -113.359 25.1028 263.784 -507.545 37.8523 31.039 47.8134 317.491 2797.66 131.012 633.678
internal_weight=27394 49 27345 27322 27278 239 27039 211 44 219 83 136 188 121 67 26828 26794 17652 3221 3172 1525 787 110 9142 9072 8713 715 50 665 246
internal_count=27394 49 27345 27322 27278 239 27039 211 44 219 83 136 188 121 67 26828 26794 17652 3221 3172 1525 787 110 9142 9072 8713 715 50 665 246
cat_boundaries=0 1
cat_threshold=8
is_linear=0
shrinkage=0.05


Tree=150
num_leaves=31
num_cat=0
split_feature=3 4 4 4 3 2 1 4 4 4 4 1 2 2 4 4 4 1 1 1 1 4 4 1 1 2 4 1 1 4
split_gain=9.89702e+11 1.84164e+13 8.42831e+12 5.28637e+11 1.6747e+11 7.83414e+11 9.13312e+10 2.32007e+11 5.43101e+10 4.08823e+10 4.03607e+10 8.54674e+09 7.72608e+09 7.51816e+09 2.63301e+10 1.61388e+10 8.36276e+09 2.20223e+10 2.14538e+10 4.16799e+10 1.98957e+10 1.79795e+10 4.78035e+10 4.38851e+10 6.35845e+10 3.7103e+10 4.66565e+10 3.68367e+10 7.39446e+10 3.19704e+10
threshold=7.2500000000000009 1186.0000000000002 157.37043019679473 724.50000000000011 6.5000000000000009 5.5000000000000009 0.00010221962616822432 122.01631930666568 541.00000000000011 113.00399063767009 127.28168959952761 4.3808411214953281e-05 8.5000000000000018 7.5000000000000009 72.552914575502271 48.005753699046601 73.021775652210451 0.0022050233644859817 0.0016501168224299068 0.0016209112149532712 0.0016793224299065422 59.968473166229138 61.730000000000011 0.0010367990654205608 0.00016063084112149533 3.5000000000000004 72.008630548569897 0.00097838785046728996 0.00077394859813084119 54.955142748933561
decision_type=2 8 10 10 2 2 10 10 10 10 10 10 2 2 10 10 10 10 10 8 10 10 10 10 10 2 10 10 10 10
left_child=1 3 10 4 8 -6 7 -7 12 -8 11 -2 13 16 15 -15 21 18 19 -18 -20 29 23 24 -23 26 -24 28 -26 -1
right_child=2 -3 -4 -5 5 6 9 -9 -10 -11 -12 -13 -14 14 -16 -17 17 -19 20 -21 -22 22 25 -25 27 -27 -28 -29 -30 -31
leaf_value=-19.807950896638882 -848.38958457388526 37358.099739583333 -34267.111289062501 -6341.2783972537882 -10119.303430706523 26.540477386474613 66.391840291490752 -6345.3716479492186 1890.9793418482732 2538.6994070434575 -2554.0564880371094 -42.251601841938069 -753.84809211282175 339.87279163707387 -705.9215205439815 2277.7165110996789 38.905803865222644 832.49765569997385 -1201.855331367359 2323.9095800781251 -187.68480222815631 -101.31059508723254 -76.035139839109021 455.60914263044089 -901.4064993864572 229.20285414177803 -1129.8959003993443 -2224.1912122643512 1660.7797979736331 239.91559601523659
leaf_weight=11573 41 33 20 33 23 50 102 20 38 20 20 166 34 22 27 21 9260 86 57 20 319 537 1686 140 459 1079 112 46 30 1320
leaf_count=11573 41 33 20 33 23 50 102 20 38 20 20 166 34 22 27 21 9260 86 57 20 319 537 1686 140 459 1079 112 46 30 1320
internal_value=0.00579769 28.6728 -3150.69 -16.7602 -9.0534 -1398.97 -354.346 -1794.01 2.06965 471.688 -409.158 -201.921 -0.605858 0.349961 517.848 1286.26 -1.00556 35.9232 28.8286 43.8304 -341.429 -22.1903 -113.545 -376.942 -485.67 -2.58384 -141.682 -871.467 -744.217 6.78284
internal_weight=27394 27147 247 27114 27081 215 192 70 26866 122 227 207 26828 26794 70 43 26724 9742 9656 9280 376 16982 4089 1212 1072 2877 1798 535 489 12893
internal_count=27394 27147 247 27114 27081 215 192 70 26866 122 227 207 26828 26794 70 43 26724 9742 9656 9280 376 16982 4089 1212 1072 2877 1798 535 489 12893
is_linear=0
shrinkage=0.05


Tree=151
num_leaves=31
num_cat=0
split_feature=4 4 1 2 4 3 2 4 4 4 4 4 1 4 1 1 1 3 1 1 1 1 1 4 1 1 4 4 1 1
split_gain=1.20935e+12 9.89369e+11 6.48919e+12 5.95267e+10 1.90555e+11 9.75466e+10 1.45066e+12 8.14112e+10 4.89653e+10 2.46913e+10 8.46418e+09 2.2428e+10 7.5844e+09 2.03756e+10 1.5398e+10 3.37261e+10 4.01382e+10 2.684e+10 1.88875e+10 5.57842e+10 6.31185e+10 5.379e+10 4.93922e+10 7.69604e+10 5.49834e+10 2.84143e+10 2.83981e+11 4.09969e+10 6.35311e+10 7.12931e+10
threshold=1.0000000180025095e-35 724.50000000000011 0.00030665887850467294 8.5000000000000018 115.01092707614448 6.5000000000000009 5.5000000000000009 170.00423548663119 541.00000000000011 133.13716495110961 47.975000000000009 42.005000000000003 0.0046144859813084119 67.050000000000011 0.0019713785046728978 0.0018253504672897198 0.0016793224299065422 1.5000000000000002 0.0013434579439252339 0.0012996495327102806 0.0012412383177570097 0.0014456775700934581 0.0014164719626168227 39.95000000000001 0.0013872663551401871 0.0010075934579439254 176.75715347454482 42.005000000000003 0.001153621495327103 0.0011828271028037384
decision_type=10 10 10 2 10 2 2 10 10 10 10 10 10 10 10 10 10 2 8 10 10 8 10 10 10 10 10 10 10 10
left_child=-1 3 -3 5 -5 8 -7 9 12 10 11 -8 14 -14 15 16 18 -18 19 20 25 22 24 -24 -20 -2 27 28 -27 -30
right_child=1 2 -4 4 -6 6 7 -9 -10 -11 -12 -13 13 -15 -16 -17 17 -19 21 -21 -22 -23 23 -25 -26 26 -28 -29 29 -31
leaf_value=-11460.381182065219 -7.0205142513969339 25678.907812500001 -10719.954375000001 239.53828752464224 5556.6357641601571 -11972.626345486111 393.92803578530589 2944.8351796025818 1796.4300896895559 -1714.1582269108815 125.77546416241189 -1540.5398521686423 -795.33568368465342 453.93899060058595 291.96101386076595 -630.78735948238739 -46.492845209700164 882.78250995172516 -915.5980218814899 787.58642399088546 -966.25636067587948 -19.164966854730409 -108.20175144361413 -2798.2973896329368 1442.0009831322566 268.20833789482316 6173.424978027344 412.14756863246942 -2696.8173338095348 -235.44603023780019
leaf_weight=23 23404 24 25 107 20 27 31 23 38 23 230 29 94 50 451 212 122 214 79 225 169 763 46 63 36 189 20 533 48 76
leaf_count=23 23404 24 25 107 20 27 31 23 38 23 230 29 94 50 451 212 122 214 79 225 169 763 46 63 36 189 20 533 48 76
internal_value=0.00551133 9.63574 7108.06 -3.09477 1076.88 -8.13821 -822.289 73.7204 2.87613 -137.256 -12.1915 -541.065 0.332464 -361.56 2.2879 -2.69864 2.42526 545.367 -4.68669 3.89616 -3.31896 -219.162 -900.403 -1663.03 -177.567 3.38629 284.634 145.42 -308.785 -1188.23
internal_weight=27394 27371 49 27322 127 27195 363 336 26832 313 290 60 26794 144 26650 26199 25987 336 25651 24664 24439 987 224 109 115 24270 866 846 313 124
internal_count=27394 27371 49 27322 127 27195 363 336 26832 313 290 60 26794 144 26650 26199 25987 336 25651 24664 24439 987 224 109 115 24270 866 846 313 124
is_linear=0
shrinkage=0.05


Tree=152
num_leaves=31
num_cat=2
split_feature=4 3 2 4 4 4 4 4 2 5 4 4 0 4 2 3 1 1 4 4 3 4 4 4 1 1 1 4 4 4
split_gain=1.09144e+12 9.61184e+11 2.15684e+13 9.18947e+12 4.14055e+12 7.4537e+11 4.42416e+10 1.86123e+10 8.00194e+09 7.87384e+09 1.32559e+10 6.90388e+10 5.26625e+10 9.06007e+10 2.8594e+11 1.98337e+11 1.92832e+11 1.4015e+11 9.31674e+10 6.76108e+10 7.60717e+10 5.39043e+10 1.05746e+11 4.96497e+10 4.10872e+10 8.135e+10 1.11708e+11 3.80255e+10 5.40391e+10 3.36882e+10
threshold=1.0000000180025095e-35 6.5000000000000009 5.5000000000000009 724.50000000000011 334.40804515234134 156.03962222900353 541.00000000000011 133.13716495110961 8.5000000000000018 0 151.03562962108694 148.81200982779711 1 290.50000000000006 3.5000000000000004 3.2500000000000004 0.00013142523364485984 0.00030665887850467294 350.83532286447655 247.44277342203219 3.2500000000000004 365.25855766946296 334.40804515234134 391.08371961117962 4.3808411214953281e-05 0.00013142523364485984 7.3014018691588793e-05 400.25000000000006 459.79793511194481 224.50000000000003
decision_type=10 2 2 10 10 10 10 10 2 9 10 10 1 10 2 2 10 10 10 10 2 10 10 10 10 10 10 10 10 10
left_child=-1 3 -3 6 5 7 8 -4 9 10 11 -2 19 24 -15 -16 18 -18 -17 -12 21 22 -21 -22 29 26 -26 -23 -29 -14
right_child=1 2 4 -5 -6 -7 -8 -9 -10 -11 12 -13 13 14 15 16 17 -19 -20 20 23 27 -24 -25 25 -27 -28 28 -30 -31
leaf_value=-10887.361820652175 4.8420314823985651 41879.8045288086 8.0524729400552726 -26808.36208496094 -22860.834765625001 9175.1084430197006 1706.6084813168175 -1375.6834052452675 -767.22884665096512 -116.36026304616178 206.11049802203976 -989.10713212273333 -203.30424012999606 6367.7513671875004 -3282.3267780010519 1415.3378406231222 -3209.3037071814906 2089.2648614565533 5504.6355143229166 -293.30016922296267 -1184.7970191217239 2363.8082266000602 -3800.7854169921879 -4380.1415869140628 267.21572410583497 -238.3364988312008 4477.0742459810699 -1898.2947963169643 1542.2179921875002 -2345.5950180664063
leaf_weight=23 23742 32 372 32 20 23 38 26 34 1362 768 176 69 26 26 26 26 24 30 153 31 26 25 20 40 127 26 21 25 25
leaf_count=23 23742 32 372 32 20 23 38 26 34 1362 768 176 69 26 26 26 26 24 30 153 31 26 25 20 40 127 26 21 25 25
internal_value=0.0052363 9.15395 2243.54 -30.1375 -632.566 423.409 1.75791 -82.3423 -0.656891 0.315844 6.60754 -2.47192 150.087 600.034 1575.06 631.044 1590.93 -665.991 3606.03 -42.4309 -677.993 -318.977 -785.925 -2437.87 84.1671 501.678 1925.64 835.42 -28.4509 -773.062
internal_weight=27394 27371 473 26898 441 421 26866 398 26828 26794 25432 23918 1514 445 158 132 106 50 56 1069 301 250 178 51 287 193 66 72 46 94
internal_count=27394 27371 473 26898 441 421 26866 398 26828 26794 25432 23918 1514 445 158 132 106 50 56 1069 301 250 178 51 287 193 66 72 46 94
cat_boundaries=0 2 3
cat_threshold=1064961 1 12
is_linear=0
shrinkage=0.05


Tree=153
num_leaves=31
num_cat=2
split_feature=4 2 4 4 3 4 3 2 4 2 2 4 4 1 1 5 1 4 2 1 1 1 2 1 4 2 1 0 4 2
split_gain=1.16244e+12 5.80229e+12 9.82398e+11 5.3076e+10 5.99689e+10 1.19928e+12 1.0252e+11 1.03289e+12 3.26864e+10 1.56193e+10 1.1231e+10 4.4606e+10 1.18453e+10 9.7202e+09 8.74396e+09 7.42425e+09 8.06734e+10 1.41121e+10 7.70429e+10 8.37719e+10 1.83102e+11 2.58614e+11 1.66015e+11 1.17276e+11 8.40939e+10 2.78107e+11 3.77437e+10 9.5697e+09 4.43481e+10 9.32696e+10
threshold=724.50000000000011 5.5000000000000009 1.0000000180025095e-35 541.00000000000011 7.2500000000000009 142.01342337501239 6.5000000000000009 5.5000000000000009 610.00000000000011 7.5000000000000009 6.5000000000000009 75.018223136952244 131.59405492448974 0.00018983644859813087 0.00042348130841121499 0 0.0002774532710280374 334.40804515234134 5.5000000000000009 4.3808411214953281e-05 7.3014018691588793e-05 0.00013142523364485984 3.5000000000000004 0.0002774532710280374 447.50000000000006 3.5000000000000004 0.00042348130841121499 1 270.50726110884449 3.5000000000000004
decision_type=10 2 10 10 2 10 2 2 10 2 2 8 8 10 10 9 10 10 2 10 10 10 2 10 10 2 10 1 10 2
left_child=2 -2 -1 4 6 9 15 -8 -5 -6 11 13 14 -9 -12 16 -4 27 19 24 -21 -22 23 -23 25 -19 -24 -17 -29 -30
right_child=1 -3 3 8 5 -7 7 10 -10 -11 12 -13 -14 -15 -16 17 -18 18 -20 20 21 22 26 -25 -26 -27 -28 28 29 -31
leaf_value=-10342.993902853261 23876.916173377405 -10599.121195652175 3097.618026069973 -3233.1186853027343 -1323.9636986517137 12506.536168823244 -11108.697163722827 -985.93579129186173 -496.2164388020833 -112.63064534613427 394.76538899739586 1976.9251997514207 -1286.7695840018137 446.88425331115724 -684.22411673409601 10.680553934753782 -13.88332894269158 -3134.9730238172742 2461.1583451704546 -4234.8165136718753 4566.9864213423298 3061.5958156419838 -5425.1475695800782 -1719.3373838227371 3069.0507011718751 3903.6407497240152 -2353.3540722656248 -128.81970625771822 -614.26428940716914 2367.3593230070892
leaf_weight=23 26 23 23 20 31 20 23 29 24 188 57 33 21 20 28 23599 221 36 22 40 22 23 20 29 25 23 20 2620 51 54
leaf_count=23 26 23 23 20 31 20 23 29 24 188 57 33 21 20 28 23599 221 36 22 40 22 23 20 29 25 23 20 2620 51 54
internal_value=0.00284752 7694.29 -13.7847 -5.08942 -2.29055 786.248 -9.26051 -1107.08 -1740.26 -284.098 116.517 555.903 -223.385 -401.111 39.3336 -0.626216 268.413 -3.19535 -369.756 -631.437 -1324.24 -302.986 -1467.54 395.306 638.702 -391.107 -3889.25 0.423928 -88.1162 919.142
internal_weight=27394 49 27345 27322 27278 239 27039 211 44 219 188 82 106 49 85 26828 244 26584 260 238 154 114 92 52 84 59 40 26324 2725 105
internal_count=27394 49 27345 27322 27278 239 27039 211 44 219 188 82 106 49 85 26828 244 26584 260 238 154 114 92 52 84 59 40 26324 2725 105
cat_boundaries=0 2 3
cat_threshold=16384 1 8
is_linear=0
shrinkage=0.05


Tree=154
num_leaves=31
num_cat=2
split_feature=4 1 4 2 4 3 2 4 4 4 4 4 4 4 1 4 2 5 1 4 4 4 0 2 4 1 1 2 3 1
split_gain=1.0491e+12 5.83889e+12 8.86614e+11 4.92866e+10 1.47318e+11 1.19404e+11 1.7002e+12 7.07489e+10 4.46005e+10 2.52449e+10 7.28835e+09 2.02915e+10 7.94386e+09 1.60653e+10 7.73732e+09 7.04697e+09 9.22797e+09 7.14404e+09 5.35441e+10 3.40775e+10 1.82478e+10 1.21962e+10 1.59207e+11 1.272e+11 1.39825e+11 1.26293e+11 4.54136e+11 4.2371e+11 9.3295e+10 1.10185e+11
threshold=724.50000000000011 0.00030665887850467294 1.0000000180025095e-35 8.5000000000000018 115.01092707614448 6.5000000000000009 5.5000000000000009 170.00423548663119 541.00000000000011 133.13716495110961 47.975000000000009 42.005000000000003 73.021775652210451 76.026746492412926 0.0002774532710280374 18.050000000000004 2.5000000000000004 0 0.00051109813084112166 148.81200982779711 109.02010963339808 270.50726110884449 1 4.5000000000000009 391.08371961117962 0.00016063084112149533 0.00042348130841121499 3.5000000000000004 4.2500000000000009 0.00013142523364485984
decision_type=10 10 10 2 10 2 2 10 10 10 10 10 10 10 10 10 2 9 10 10 10 10 1 2 10 10 10 2 2 10
left_child=2 -2 -1 5 -5 8 -7 9 15 10 11 -8 14 -14 -12 16 -4 18 20 -20 -17 -19 23 24 25 27 -27 -23 -25 -30
right_child=1 -3 3 4 -6 6 7 -9 -10 -11 12 -13 13 -15 -16 17 -18 21 19 -21 -22 22 -24 28 -26 26 -28 -29 29 -31
leaf_value=-9825.8439198369579 24925.342171223961 -9601.5641250000008 -49.027151077933937 241.62538708838349 4916.7480444335943 -12981.494502314816 388.19475506198023 2736.3424932065218 1714.511941046464 -1731.3232095469602 789.52678596859892 -1451.8248564621499 -1436.7773098754883 98.607670792289412 -165.20601987838745 -541.02612376493562 -805.79885081629607 0.28577182262789452 -693.56606326633027 -3267.7030426025394 642.77440687391493 -4428.8063564046224 -636.65096607762257 -2493.0006115390411 5065.9901954650886 8465.9910289417621 -1479.4712056477865 3906.6231665826617 3671.4538876488095 -1514.1291381835938
leaf_weight=23 24 25 115 107 20 27 31 23 38 23 63 29 20 115 32 51 62 25978 36 20 90 30 231 31 32 22 24 31 21 20
leaf_count=23 24 25 115 107 20 27 31 23 38 23 63 29 20 115 32 51 62 25978 36 20 90 30 231 31 32 22 24 31 21 20
internal_value=0.00290495 7309.57 -13.0952 -4.83475 977.865 -9.42394 -910.181 59.8348 2.76207 -136.841 -10.3826 -501.148 117.643 -128.857 467.933 0.334418 -314.111 2.42544 -290.169 -1612.9 214.591 4.71522 265.157 1224.58 2166.17 1298.93 3277.05 -192.768 -423.126 1141.9
internal_weight=27394 49 27345 27322 127 27195 363 336 26832 313 290 60 230 135 95 26794 177 26617 197 56 141 26420 442 211 139 107 46 61 72 41
internal_count=27394 49 27345 27322 127 27195 363 336 26832 313 290 60 230 135 95 26794 177 26617 197 56 141 26420 442 211 139 107 46 61 72 41
cat_boundaries=0 2 3
cat_threshold=32812 4 3
is_linear=0
shrinkage=0.05


Tree=155
num_leaves=31
num_cat=0
split_feature=3 4 4 4 3 2 1 4 4 4 4 1 2 1 4 1 1 1 2 4 4 1 4 1 4 1 1 1 1 1
split_gain=9.71496e+11 1.81313e+13 8.16873e+12 4.9263e+11 1.59926e+11 7.50765e+11 8.58206e+10 2.13439e+11 4.58348e+10 4.03014e+10 3.90983e+10 9.08682e+09 8.2545e+09 6.87603e+09 1.8389e+10 1.40909e+10 3.02482e+10 3.67276e+10 2.46951e+10 1.76547e+10 4.55538e+10 1.68274e+10 1.94098e+10 1.8096e+10 1.77415e+10 1.53231e+10 5.07326e+10 5.67502e+10 5.03043e+10 4.46637e+10
threshold=7.2500000000000009 1186.0000000000002 157.37043019679473 724.50000000000011 6.5000000000000009 5.5000000000000009 0.00010221962616822432 122.01631930666568 127.28168959952761 541.00000000000011 113.00399063767009 4.3808411214953281e-05 8.5000000000000018 0.0046144859813084119 67.050000000000011 0.0019713785046728978 0.0018253504672897198 0.0016793224299065422 1.5000000000000002 100.09435955727518 89.952709749343711 0.0016501168224299068 99.954431178623565 0.0016209112149532712 105.10000000000001 0.0013434579439252339 0.0012996495327102806 0.0012412383177570097 0.0014456775700934581 0.0014164719626168227
decision_type=2 8 10 10 2 2 10 10 10 10 10 10 2 10 10 10 10 10 2 8 10 10 10 10 10 10 10 10 10 10
left_child=1 3 8 4 9 -6 7 -7 11 12 -8 -2 13 15 -15 16 17 21 -19 20 -17 23 -23 25 -24 26 27 -1 29 -27
right_child=2 -3 -4 -5 5 6 10 -9 -10 -11 -12 -13 -14 14 -16 19 -18 18 -20 -21 -22 22 24 -25 -26 28 -28 -29 -30 -31
leaf_value=2.9542582355342049 -868.34558529737524 37067.754829545454 -33755.094257812503 -6122.0134588068186 -9904.1876613451095 5.7536923522949222 59.500766260483687 -6105.8669226074226 -2708.338823852539 1628.7857023540298 2477.2655120849613 -37.127342352809677 -779.25715260225195 -756.35932065476766 430.45161315917971 384.11299478347991 -597.42476821035712 -292.00831459776998 747.44687928500741 1357.7834083775113 -1211.2052701463888 45.670348286628723 -2224.0080114293983 1074.1410391783104 -286.2730154854911 -168.09943871539573 750.84160294596359 -916.47239943284262 17.64914952421341 -1580.6667012625878
leaf_weight=24272 41 33 20 33 23 50 102 20 20 38 20 166 34 94 50 365 212 73 263 35 51 48 27 39 21 115 225 169 626 109
leaf_count=24272 41 33 20 33 23 50 102 20 20 38 20 166 34 94 50 365 212 73 263 35 51 48 27 39 21 115 225 169 626 109
internal_value=-0.00886444 28.3932 -3121.6 -16.6868 -9.24701 -1367.5 -344.871 -1740.42 -422.608 1.62262 455.856 -201.765 -0.682146 0.30582 -344.272 2.1677 -2.6025 2.25002 521.613 279.273 188.533 -4.55307 -665.289 -2.07094 -1376.25 -3.71588 3.4769 -3.40322 -212.442 -855.465
internal_weight=27394 27147 247 27114 27081 215 192 70 227 26866 122 207 26828 26794 144 26650 26199 25987 336 451 416 25651 96 25555 48 25516 24666 24441 850 224
internal_count=27394 27147 247 27114 27081 215 192 70 227 26866 122 207 26828 26794 144 26650 26199 25987 336 451 416 25651 96 25555 48 25516 24666 24441 850 224
is_linear=0
shrinkage=0.05


Tree=156
num_leaves=31
num_cat=0
split_feature=4 4 2 3 4 3 2 4 4 4 4 2 4 2 4 3 1 1 4 4 4 1 4 4 1 1 1 1 1 1
split_gain=1.15253e+12 9.53695e+11 5.39247e+12 5.51906e+10 2.09443e+11 7.41774e+10 1.28272e+12 9.47971e+10 3.6372e+10 3.30107e+10 1.07793e+10 7.44968e+09 6.75981e+09 2.05274e+10 4.31498e+10 6.20724e+10 3.44679e+10 2.74655e+10 3.881e+10 2.1496e+10 4.1942e+10 4.12802e+10 5.16016e+10 4.44063e+10 6.29928e+10 3.50623e+10 3.34208e+10 4.74634e+10 4.31412e+10 4.25166e+10
threshold=1.0000000180025095e-35 724.50000000000011 5.5000000000000009 8.5000000000000018 99.954431178623565 6.5000000000000009 5.5000000000000009 170.00423548663119 541.00000000000011 133.13716495110961 59.968473166229138 8.5000000000000018 75.018223136952244 4.5000000000000009 48.005753699046601 4.2500000000000009 0.00021904205607476641 0.00068633177570093468 50.010000000000012 58.008732813080648 61.730000000000011 0.00036507009345794397 64.035264419072533 63.850000000000001 0.00024824766355140192 0.00048189252336448607 0.0010367990654205608 0.00097838785046728996 0.00077394859813084119 0.0002774532710280374
decision_type=10 10 2 2 10 2 2 10 10 10 10 2 10 2 8 2 10 10 10 10 10 10 10 10 10 10 10 10 10 10
left_child=-1 3 -3 5 10 8 -7 9 11 -8 -5 12 13 19 16 -16 -15 18 -17 -2 26 22 23 24 -22 -23 27 28 29 -21
right_child=1 2 -4 4 -6 6 7 -9 -10 -11 -12 -13 -14 14 15 17 -18 -19 -20 20 21 25 -24 -25 -26 -27 -28 -29 -30 -31
leaf_value=-11187.939588994566 0.10721922689566532 22579.325796274039 -10656.86039402174 -250.43155573918273 5739.9281738281252 -11414.342961237982 53.84922305185404 3232.2730213994564 1547.3453587582237 -1919.9945594787598 882.65362273185497 -740.29427131204056 35.188080362166808 226.50178397069058 825.7164505652662 1524.2536257324218 -401.83516941315088 -600.20562298628545 23.427418650538211 -245.56655467376737 208.87022233198391 819.05488335852533 -280.56328875457211 896.4119970957438 -2015.994384765625 82.805112793262197 375.36939419833101 -2004.1428003946942 1329.5468198939734 -950.21931180109755
leaf_weight=23 11459 26 23 65 20 26 268 23 38 23 31 34 9142 409 424 50 468 137 311 718 227 204 1716 192 37 780 132 48 35 305
leaf_count=23 11459 26 23 65 20 26 268 23 38 23 31 34 9142 409 424 50 468 137 311 718 227 204 1716 192 37 780 132 48 35 305
internal_value=-0.00841486 9.39286 6978.67 -3.10602 1085.2 -7.74628 -741.644 142.083 1.54149 -102.159 115.461 -0.648038 0.290529 -17.783 142.276 381.1 -108.802 2.55108 231.298 -35.9465 -129.97 -33.2188 -154.933 317.835 -102.948 235.442 -376.615 -466.364 -396.597 -455.654
internal_weight=27394 27371 49 27322 116 27206 340 314 26866 291 96 26828 26794 17652 1799 922 877 498 361 15853 4394 3156 2172 456 264 984 1238 1106 1058 1023
internal_count=27394 27371 49 27322 116 27206 340 314 26866 291 96 26828 26794 17652 1799 922 877 498 361 15853 4394 3156 2172 456 264 984 1238 1106 1058 1023
is_linear=0
shrinkage=0.05


Tree=157
num_leaves=31
num_cat=1
split_feature=4 3 2 4 4 4 5 1 4 4 1 4 4 4 4 1 4 4 1 4 1 2 1 1 4 4 1 1 4 2
split_gain=1.04016e+12 9.63665e+11 2.08078e+13 9.18251e+12 3.65258e+12 7.22684e+11 3.45654e+10 3.07705e+11 2.79145e+11 2.57086e+10 2.13047e+10 3.21492e+10 2.7293e+10 9.21022e+09 1.97886e+10 9.02773e+09 6.01184e+10 4.27379e+10 1.07194e+11 6.86039e+10 4.04659e+10 3.84754e+10 4.91659e+10 4.18618e+10 2.76188e+10 2.836e+10 2.92917e+10 3.67465e+10 8.34159e+10 6.40039e+10
threshold=1.0000000180025095e-35 6.5000000000000009 5.5000000000000009 724.50000000000011 334.40804515234134 157.37043019679473 0 0.0014456775700934581 541.00000000000011 140.03401652231085 0.00051109813084112166 334.40804515234134 215.16819001774374 124.71156790688305 107.09180486240626 0.00054030373831775709 290.50000000000006 365.25855766946296 0.00013142523364485984 342.85821225290857 0.0002774532710280374 3.5000000000000004 4.3808411214953281e-05 4.3808411214953281e-05 246.96711259754741 210.01995379122039 0.00074474299065420576 0.00071553738317757011 65.9773406544046 4.5000000000000009
decision_type=10 2 2 10 10 10 9 10 10 10 10 10 10 10 10 10 10 10 10 10 10 2 10 10 10 10 10 10 10 2
left_child=-1 3 -3 6 5 9 8 10 15 13 11 -8 -12 14 -4 17 24 19 21 -2 -20 22 -19 -23 25 26 27 -17 29 -29
right_child=1 2 4 -5 -6 -7 7 -9 -10 -11 12 -13 -14 -15 -16 16 -18 18 20 -21 -22 23 -24 -25 -26 -27 -28 28 -30 -31
leaf_value=-10628.54215353261 -12.218039332833261 41177.285247802734 62.198466514541714 -26798.500695800783 -21456.156289062503 9235.2837446732956 -60.236279993623363 -6516.4797741699222 4348.1696323704082 -1820.5213674926761 -334.38961791134955 1944.8372713955969 -2338.3408737182617 1063.0961629486085 -1396.2179414062502 118.51523401586783 2661.4087158203129 1812.514777483259 -4225.2426416015624 2172.4945621066627 -1248.0024422781808 -2207.49288999496 -1105.2892933238636 573.9744954427083 -1357.492820870536 1066.6377154181987 -26.812096137818841 653.11927486466777 2324.6309082031253 -1762.7637584339491
leaf_weight=23 19468 32 334 32 20 22 219 20 37 20 89 22 21 20 25 1680 22 42 25 36 21 31 22 24 35 68 4725 162 64 33
leaf_count=23 19468 32 334 32 20 22 219 20 37 20 89 22 21 20 25 1680 22 42 25 36 21 31 22 24 35 68 4725 162 64 33
internal_value=-0.00799759 8.92322 2246.19 -30.419 -578.745 413.056 1.46441 -471.393 8.26046 -73.3826 -140.374 122.799 -716.962 18.8147 -39.3626 2.19447 51.9074 -14.9646 -816.283 -8.18555 -2866.07 -23.9297 809.52 -993.762 43.4237 50.7071 40.3405 203.979 758.342 244.278
internal_weight=27394 27371 473 26898 441 421 26866 371 26495 399 351 241 110 379 359 26458 6789 19669 165 19504 46 119 64 55 6767 6732 6664 1939 259 195
internal_count=27394 27371 473 26898 441 421 26866 371 26495 399 351 241 110 379 359 26458 6789 19669 165 19504 46 119 64 55 6767 6732 6664 1939 259 195
cat_boundaries=0 2
cat_threshold=3293441 35
is_linear=0
shrinkage=0.05


Tree=158
num_leaves=31
num_cat=1
split_feature=4 1 4 4 3 4 3 2 4 1 4 4 1 1 4 1 4 2 4 2 4 5 4 4 4 4 4 4 2 4
split_gain=1.12146e+12 5.33925e+12 9.36228e+11 6.17203e+10 5.83866e+10 1.20353e+12 9.9809e+10 9.92675e+11 3.71565e+10 1.71375e+10 3.48821e+10 1.06589e+10 1.02369e+10 8.09145e+09 7.09322e+09 7.02572e+09 4.43827e+10 1.46854e+11 4.07869e+10 3.13817e+11 4.73711e+10 2.33428e+10 1.39014e+11 1.23583e+11 2.58534e+10 2.30111e+10 2.50727e+10 1.80991e+10 1.69622e+10 1.56386e+10
threshold=724.50000000000011 0.00018983644859813087 1.0000000180025095e-35 541.00000000000011 7.2500000000000009 142.01342337501239 6.5000000000000009 5.5000000000000009 610.00000000000011 0.00010221962616822432 84.98579275090411 145.03486188785863 0.0002774532710280374 0.00091997663551401877 51.720000000000006 0.00010221962616822432 391.08371961117962 3.5000000000000004 365.25855766946296 3.5000000000000004 447.50000000000006 0 176.75715347454482 350.83532286447655 310.02166095522585 342.85821225290857 310.02166095522585 94.015317214225874 7.5000000000000009 39.95000000000001
decision_type=10 8 10 10 2 10 2 2 10 10 10 10 10 10 10 10 10 2 10 2 10 9 10 10 10 10 10 10 2 10
left_child=2 -2 -1 4 6 9 15 -8 -5 10 14 -9 -11 -14 -6 18 21 -18 25 20 -20 22 27 24 29 26 28 -17 -4 -23
right_child=1 -3 3 8 5 -7 7 11 -10 12 -12 -13 13 -15 -16 16 17 -19 19 -21 -22 23 -24 -25 -26 -27 -28 -29 -30 -31
leaf_value=-10097.115234375 24402.633837890626 -8613.9786562499994 -26.079744588283297 -3467.8717651367188 -726.69619810684878 12517.066742858888 -10897.125288722826 -26.08838159823846 -549.82065429687498 537.53682169596357 -2189.9518899240802 1169.1023373558407 -708.15251098632825 379.32032001201924 449.09566061085673 -657.45414227179765 -1090.9739772796631 3662.7833235307176 181.70433105468751 -3960.54018359375 2892.223072193287 -76.198848346397227 4543.3897473144534 -3371.4078269675929 1334.2391806112755 1629.6812988281251 -1276.4221710205079 795.34092407226569 1076.7366657366072 37.164474027804118
leaf_weight=23 24 25 9179 20 23 20 23 167 24 60 31 21 50 26 29 53 32 33 40 50 27 3949 20 27 37 21 40 36 35 13249
leaf_count=23 24 25 9179 20 23 20 23 167 24 60 31 21 50 26 29 53 32 33 40 50 27 3949 20 27 37 21 40 36 35 13249
internal_value=-0.00760127 7557.42 -13.5499 -5.06143 -2.04323 776.023 -8.92062 -1092.13 -1876.21 -296.218 -862.395 107.417 49.3155 -336.122 -70.9661 -0.401267 18.3779 1322.47 -35.2643 -962.981 1274 13.4982 711.387 8.67425 13.9745 -23.5616 -27.3133 -69.8067 -21.8906 11.134
internal_weight=27394 49 27345 27322 27278 239 27039 211 44 219 83 188 136 76 52 26828 17436 65 9392 117 67 17371 109 17262 17235 9275 9254 89 9214 17198
internal_count=27394 49 27345 27322 27278 239 27039 211 44 219 83 188 136 76 52 26828 17436 65 9392 117 67 17371 109 17262 17235 9275 9254 89 9214 17198
cat_boundaries=0 2
cat_threshold=256 17
is_linear=0
shrinkage=0.05


Tree=159
num_leaves=31
num_cat=2
split_feature=4 2 4 4 3 4 3 2 4 2 1 4 4 5 4 4 2 4 0 2 4 4 1 2 3 3 1 4 4 2
split_gain=1.01211e+12 4.82231e+12 8.44945e+11 5.57025e+10 5.26939e+10 1.08619e+12 9.00777e+10 8.95889e+11 3.35337e+10 1.61859e+10 1.05829e+10 2.20922e+10 9.85168e+09 8.87786e+09 3.3636e+10 1.95635e+10 6.90036e+09 1.00874e+10 1.39812e+11 1.03614e+11 1.357e+11 1.26054e+11 3.22066e+11 8.94706e+10 8.52155e+10 8.26842e+10 1.03484e+11 4.4793e+10 9.63217e+10 4.31228e+10
threshold=724.50000000000011 5.5000000000000009 1.0000000180025095e-35 541.00000000000011 7.2500000000000009 142.01342337501239 6.5000000000000009 5.5000000000000009 610.00000000000011 7.5000000000000009 7.3014018691588793e-05 113.00399063767009 63.850000000000001 0 235.22696404346487 350.83532286447655 8.5000000000000018 270.50726110884449 1 4.5000000000000009 391.08371961117962 310.02166095522585 0.00010221962616822432 3.5000000000000004 3.2500000000000004 4.2500000000000009 0.00013142523364485984 365.25855766946296 334.40804515234134 3.5000000000000004
decision_type=10 2 10 10 2 10 2 2 10 2 10 10 10 9 10 10 2 10 1 2 10 10 10 2 2 2 10 10 10 2
left_child=2 -2 -1 4 6 9 13 -8 -5 -6 12 -12 -9 14 -4 -16 17 -15 19 20 21 23 -23 -19 27 -21 -27 28 29 -20
right_child=1 -3 3 8 5 -7 7 10 -10 -11 11 -13 -14 16 15 -17 -18 18 24 25 -22 22 -24 -25 -26 26 -28 -29 -30 -31
leaf_value=-9592.259408967393 21932.433323317309 -9497.6131793478253 279.50504230436735 -3294.4777966308598 -1339.9646129977318 11891.213527832033 -10352.269055706522 308.00685796323029 -522.32846679687498 -106.8581992129062 56.397700672321491 1790.7693847656251 -1048.6424728393556 -1.5904643139503403 -2496.6821736653646 -379.30271118164069 -710.34689007927398 998.74371288668726 548.80768492792697 -2312.0342828566027 4830.8220680236818 -5249.2716830166901 2609.4714248657228 5018.9958730468752 -2643.3161104424057 3561.3607514880955 -1464.0821447753906 803.60701327853735 -3532.9247145996096 -2079.6449938964847
leaf_weight=23 26 23 61 20 31 20 23 23 24 188 111 22 32 26244 24 20 34 31 71 31 32 22 32 25 43 21 20 72 25 20
leaf_count=23 26 23 61 20 31 20 23 23 24 188 111 22 32 26244 24 20 34 31 71 31 32 22 32 25 43 21 20 72 25 20
internal_value=-0.00721385 7179.55 -12.8724 -4.80835 -1.94107 737.222 -8.47459 -1037.52 -1782.4 -281.408 102.046 343.286 -481.316 -0.381202 -438.753 -1534.24 1.50487 2.41229 238.476 1128.91 1965.08 1131.41 -592.239 2793.5 -608.936 -363.418 1109.93 -176.016 -784.058 -28.8742
internal_weight=27394 49 27345 27322 27278 239 27039 211 44 219 188 133 55 26828 105 44 26723 26689 445 214 142 110 54 56 231 72 41 188 116 91
internal_count=27394 49 27345 27322 27278 239 27039 211 44 219 188 133 55 26828 105 44 26723 26689 445 214 142 110 54 56 231 72 41 188 116 91
cat_boundaries=0 2 3
cat_threshold=300 20 3
is_linear=0
shrinkage=0.05


Tree=160
num_leaves=31
num_cat=2
split_feature=3 4 4 4 3 2 4 4 4 1 5 4 4 4 1 1 4 1 1 4 4 4 2 3 4 4 0 2 1 1
split_gain=9.70253e+11 1.78304e+13 7.95888e+12 4.76318e+11 1.55527e+11 7.41912e+11 7.98276e+10 6.54703e+10 3.24916e+10 9.31273e+09 8.01227e+09 3.03565e+10 1.7656e+10 7.11836e+09 1.23169e+10 8.55542e+09 6.95121e+09 7.47689e+10 8.6815e+10 1.62455e+10 1.70536e+10 3.79169e+10 1.54364e+10 1.20951e+10 9.29739e+09 9.79928e+09 4.37486e+10 6.32152e+10 4.37158e+10 7.71485e+10
threshold=7.2500000000000009 1186.0000000000002 157.37043019679473 724.50000000000011 6.5000000000000009 5.5000000000000009 148.81200982779711 127.28168959952761 541.00000000000011 4.3808411214953281e-05 0 235.22696404346487 350.83532286447655 94.996511165361696 0.0006279205607476636 0.00091997663551401877 420.50000000000006 0.00016063084112149533 4.3808411214953281e-05 391.08371961117962 365.25855766946296 350.83532286447655 3.5000000000000004 3.2500000000000004 342.85821225290857 270.50726110884449 1 3.5000000000000004 7.3014018691588793e-05 0.00021904205607476641
decision_type=2 8 10 10 2 2 10 10 10 10 9 10 10 10 10 10 10 10 10 10 10 10 2 2 10 10 1 2 10 10
left_child=1 3 7 4 8 -6 -7 9 10 -2 11 -1 -13 14 -11 -16 19 18 -18 20 21 24 -22 -21 25 -12 28 -28 -27 -30
right_child=2 -3 -4 -5 5 6 -8 -9 -10 13 16 12 -14 -15 15 -17 17 -19 -20 23 22 -23 -24 -25 -26 26 27 -29 29 -31
leaf_value=265.52979636270493 -866.37499069586033 36759.134327651518 -33357.057753906251 -6019.7255208333336 -9834.655596127719 44.239891111921281 -3095.4721862792971 -3187.3039466857913 1462.728177682977 417.7008274623326 -0.92484067002375725 -2371.8480814615887 -360.33750122070319 -909.52915161132807 -1200.1760205078124 136.04185737941575 249.6264278927365 2000.3292140794838 -3479.2218876591432 -25.906575520833332 -46.987969680059528 2077.6587246981535 -1964.1020193917411 1538.6413885498048 -1050.5953901018415 2207.4050930723856 427.38003487292639 -2044.4582762065686 -1628.2877662395611 2085.7549027054401
leaf_weight=61 41 33 20 33 23 169 23 20 38 98 26276 24 20 20 25 23 37 23 27 21 21 22 21 30 21 49 81 38 29 27
leaf_count=61 41 33 20 33 23 169 23 20 38 98 26276 24 20 20 25 23 37 23 27 21 21 22 21 30 21 49 81 38 29 27
internal_value=-0.00685434 28.3771 -3119.59 -16.3273 -9.01179 -1348.45 -331.871 -455.501 1.70729 -191.559 -0.362143 -416.816 -1457.53 -24.8876 96.2962 -559.905 1.42963 -444.773 -1323.48 2.88757 1.17729 2.77026 -1005.54 894.416 1.04908 1.88246 331.189 -333.889 1019.63 162.411
internal_weight=27394 27147 247 27114 27081 215 192 227 26866 207 26828 105 44 166 146 48 26723 87 64 26636 26585 26543 42 51 26521 26500 224 119 105 56
internal_count=27394 27147 247 27114 27081 215 192 227 26866 207 26828 105 44 166 146 48 26723 87 64 26636 26585 26543 42 51 26521 26500 224 119 105 56
cat_boundaries=0 2 3
cat_threshold=300 20 3
is_linear=0
shrinkage=0.05


Tree=161
num_leaves=31
num_cat=1
split_feature=4 3 4 4 2 4 4 5 4 4 4 4 1 4 3 1 4 4 1 1 4 3 4 1 4 4 1 1 4 4
split_gain=1.10415e+12 9.34978e+11 2.06848e+13 8.78114e+12 1.61016e+12 1.42737e+12 3.64655e+10 2.96402e+10 2.67543e+11 2.45421e+11 1.02874e+10 1.7222e+10 7.30047e+09 4.14586e+10 1.01746e+11 4.13581e+10 6.81257e+10 5.26829e+10 4.02522e+10 6.29277e+10 5.13369e+10 4.92683e+10 3.72302e+10 7.924e+10 3.38616e+10 4.13269e+10 3.38109e+10 6.38707e+10 4.67435e+10 4.17737e+10
threshold=1.0000000180025095e-35 6.5000000000000009 610.00000000000011 724.50000000000011 5.5000000000000009 157.37043019679473 140.03401652231085 0 541.00000000000011 342.85821225290857 124.71156790688305 107.09180486240626 0.00018983644859813087 420.50000000000006 3.2500000000000004 0.0002774532710280374 391.08371961117962 320.50000000000006 0.0003942757009345795 0.00042348130841121499 45.050000000000004 2.5000000000000004 65.402665761136547 0.00045268691588785053 59.968473166229138 157.37043019679473 0.00048189252336448607 0.00054030373831775709 37.975000000000009 34.95000000000001
decision_type=10 2 10 10 2 10 10 9 10 10 10 10 10 10 2 10 10 10 10 10 10 2 10 10 10 10 10 10 10 10
left_child=-1 3 4 7 -3 6 10 8 12 -9 11 -6 13 -2 -15 -14 17 18 24 20 -20 -22 23 -21 -17 -26 28 29 -25 -28
right_child=1 2 -4 -5 5 -7 -8 9 -10 -11 -12 -13 15 14 -16 16 -18 -19 19 22 21 -23 -24 26 25 -27 27 -29 -30 -31
leaf_value=-10950.602887228262 -17.674864734338652 -11935.490285011576 49554.388352272734 -26206.07373046875 74.362585992870223 12247.163265625 -2149.4979394531251 -105.19205401559391 4257.331896395297 -4937.6710013253351 1144.7632153320312 -1286.1908759765627 210.86799834183745 388.25449401855468 -3501.5113550646552 -35.797708769345775 2542.6589475484998 -2464.0963844992898 129.05404980250768 -819.17117010298227 3391.2538767496744 954.62753694821026 143.19693433948666 1423.0234887873874 -519.38592690730445 702.39384061686201 -1904.2367557466948 -8.4303945925300585 -4.6097244729801101 -451.24245222156179
leaf_weight=23 12842 27 22 32 334 25 20 426 37 28 20 25 2523 40 29 1313 26 22 210 336 24 153 3069 94 897 75 65 4303 147 207
leaf_count=23 12842 27 22 32 334 25 20 426 37 28 20 25 2523 40 29 1313 26 22 210 336 24 153 3069 94 897 75 65 4303 147 207
internal_value=-0.00651585 9.19533 2212.91 -29.5568 -96.4335 657.469 -68.7027 1.62193 8.57775 -394.54 41.1018 -20.3835 2.62066 -24.2424 -1246.57 28.3804 -13.7013 -19.7906 -14.854 34.6663 657.751 1285.02 5.33486 -76.7883 -201.406 -425.113 -24.9942 -55.4008 552.226 -798.465
internal_weight=27394 27371 473 26898 451 424 399 26866 26412 454 379 359 26375 12911 69 13464 10941 10915 10893 8608 387 177 8221 5152 2285 972 4816 4575 241 272
internal_count=27394 27371 473 26898 451 424 399 26866 26412 454 379 359 26375 12911 69 13464 10941 10915 10893 8608 387 177 8221 5152 2285 972 4816 4575 241 272
cat_boundaries=0 2
cat_threshold=68173825 35
is_linear=0
shrinkage=0.05


Tree=162
num_leaves=31
num_cat=1
split_feature=4 3 4 3 4 3 2 4 4 5 4 1 1 4 4 4 4 1 4 1 2 1 4 4 1 4 4 1 1 4
split_gain=9.96496e+11 9.3496e+11 1.40648e+13 2.20501e+13 7.75123e+12 1.43271e+11 5.72071e+11 1.12998e+11 5.75899e+10 2.81064e+10 2.41484e+11 2.3872e+11 1.37637e+10 3.1001e+10 2.73026e+10 2.63248e+10 1.76472e+10 1.81283e+10 1.1419e+10 7.79768e+09 6.86737e+09 6.78098e+09 5.58579e+10 3.92721e+10 1.00625e+11 3.17408e+10 2.88446e+10 2.6034e+10 3.30416e+10 7.5223e+10
threshold=1.0000000180025095e-35 7.2500000000000009 724.50000000000011 5.2500000000000009 157.37043019679473 6.5000000000000009 5.5000000000000009 148.81200982779711 127.28168959952761 0 541.00000000000011 0.0014456775700934581 0.00051109813084112166 320.50000000000006 172.02061742158364 206.50265366987779 122.01631930666568 0.00013142523364485984 128.94359774024059 4.3808411214953281e-05 7.5000000000000009 0.00054030373831775709 290.50000000000006 459.79793511194481 4.3808411214953281e-05 246.96711259754741 219.37708678973661 0.00074474299065420576 0.00071553738317757011 70.013417141448613
decision_type=10 2 10 2 10 2 2 10 10 9 10 10 10 10 10 10 10 10 10 10 2 10 10 10 10 10 10 10 10 10
left_child=-1 2 5 -4 8 9 -7 -8 19 10 21 12 13 15 18 16 -11 -18 -14 -3 -21 23 25 -2 -25 26 27 28 -23 -30
right_child=1 4 3 -5 -6 6 7 -9 -10 11 -12 -13 14 -15 -16 -17 17 -19 -20 20 -22 22 -24 24 -26 -27 -28 -29 29 -31
leaf_value=-10403.073522418479 -9.021610667807817 -794.40741863715948 -9786.6302929687499 61997.894259510867 -32893.981464843753 -8746.1484205163051 45.821061659141407 -3689.6849159572434 -2986.5911169433598 -211.5815655190604 4044.4667044974663 -5482.0940085671173 -402.57635014508224 1880.8483043323865 -1787.758463541667 -1582.2371938852166 2036.9002069091796 233.77268318507981 943.95939544677731 820.65066092354925 -146.79272536705281 111.5689390694306 2505.2807319972831 1118.4039861505682 -3400.3429687500002 -1509.8420326464104 1706.8053692157455 -24.760426958265754 281.0201863805259 2378.6142343026618
leaf_weight=23 19604 41 20 23 20 23 169 23 20 140 37 22 74 22 33 26 20 46 20 21 145 1677 23 22 28 33 26 4754 205 54
leaf_count=23 19604 41 20 23 20 23 169 23 20 140 37 22 74 22 33 26 20 46 20 21 145 1677 23 22 28 33 26 4754 205 54
internal_value=-0.00619312 8.73556 36.622 28609.7 -3053.58 -8.74726 -1294.33 -401.661 -424.466 1.54083 7.92501 -407.755 -125.451 87.0497 -550.453 -83.0519 106.166 780.175 -116.079 -176.918 -24.4053 2.2763 45.425 -12.591 -1412.09 37.042 44.6428 38.183 192.746 718.356
internal_weight=27394 27371 27124 43 247 27081 215 192 227 26866 26463 403 381 254 127 232 206 66 94 207 166 26426 6772 19654 50 6749 6716 6690 1936 259
internal_count=27394 27371 27124 43 247 27081 215 192 227 26866 26463 403 381 254 127 232 206 66 94 207 166 26426 6772 19654 50 6749 6716 6690 1936 259
cat_boundaries=0 2
cat_threshold=70273025 35
is_linear=0
shrinkage=0.05


Tree=163
num_leaves=31
num_cat=1
split_feature=3 4 2 4 4 4 4 1 4 4 4 4 3 4 4 4 4 4 4 4 4 2 3 0 4 4 4 4 4 4
split_gain=9.39249e+11 2.73803e+13 1.99995e+13 4.71561e+12 4.02807e+12 1.12269e+12 2.96303e+10 1.35883e+10 8.17629e+11 4.87629e+11 2.64452e+10 5.07771e+10 9.58385e+10 2.58267e+10 3.49169e+10 2.57624e+10 3.04496e+10 1.84565e+10 2.06932e+10 3.32967e+10 2.30525e+10 2.19504e+10 2.82683e+10 1.78593e+10 1.84202e+10 2.57803e+10 4.10106e+10 3.76905e+10 2.99349e+10 1.85412e+10
threshold=6.5000000000000009 855.00000000000011 5.5000000000000009 342.85821225290857 610.00000000000011 157.37043019679473 140.03401652231085 4.3808411214953281e-05 485.50000000000006 500.50000000000006 350.83532286447655 391.08371961117962 3.2500000000000004 142.01342337501239 151.03562962108694 170.00423548663119 167.26344563485318 179.65200040916665 203.95000000000002 191.19380127490498 187.10000000000002 4.5000000000000009 3.2500000000000004 0 131.59405492448974 123.02468001013929 116.06391675956895 113.00399063767009 119.35000000000001 136.61049030537524
decision_type=2 8 2 8 10 10 10 10 10 10 10 10 2 10 10 10 10 10 10 10 10 2 2 1 10 10 10 10 10 10
left_child=1 4 -2 5 7 6 -4 8 10 -9 13 -12 -13 23 -15 16 -16 -17 19 20 -19 22 -20 24 25 26 27 -1 -28 -26
right_child=2 -3 3 -5 -6 -7 -8 9 -10 -11 11 12 -14 14 15 17 -18 18 21 -21 -22 -23 -24 -25 29 -27 28 -29 -30 -31
leaf_value=8.700710818026776 40376.774588012697 -42451.010135690798 47.01730337218433 -24280.064589843751 16972.333275669644 11308.732502547555 -1927.6331970214844 9.2167779821708429 -9918.6088913690473 7456.9911088423296 2737.8222142333984 2169.0385570179333 -2613.2785888671879 -1168.8311470314309 83.649743313259549 -1492.7655610926013 2140.1298739346594 204.51856186810664 -453.41475747699388 1117.208112940295 -1902.4662805284775 789.4819254557292 -2019.5337730189731 -462.99621454006297 1707.1881164550782 -865.75973443530859 2416.5149082728799 -1687.6341441761365 474.01594370673683 30.329747817095587
leaf_weight=4242 32 38 379 20 35 23 20 21420 21 22 25 22 20 108 99 34 22 34 163 58 21 27 35 195 32 84 28 33 68 34
leaf_count=4242 32 38 379 20 35 23 20 21420 21 22 25 22 20 108 99 34 22 34 163 58 21 27 35 195 32 84 28 33 68 34
internal_value=-0.00587893 -38.8553 2206.38 -557.089 21.0979 567.222 -51.9627 -1.00114 -71.851 16.8584 -33.4443 953.714 -108.255 -45.8835 -354.572 -176.195 457.555 -382.334 -270.634 281.415 -599.967 -547.886 -730.254 -6.5447 14.1358 1.88287 18.5568 -4.3938 1040.58 843.352
internal_weight=27394 26920 474 442 26882 422 399 26847 5405 21442 5384 67 42 5317 601 493 121 372 338 113 55 225 198 4716 4521 4455 4371 4275 96 66
internal_count=27394 26920 474 442 26882 422 399 26847 5405 21442 5384 67 42 5317 601 493 121 372 338 113 55 225 198 4716 4521 4455 4371 4275 96 66
cat_boundaries=0 1
cat_threshold=8
is_linear=0
shrinkage=0.05


Tree=164
num_leaves=31
num_cat=2
split_feature=3 4 4 4 3 2 4 4 5 1 4 4 4 4 1 4 4 1 4 4 1 1 4 4 4 0 1 1 1 1
split_gain=8.68662e+11 1.73244e+13 7.1382e+12 4.00923e+11 1.76407e+11 8.14314e+11 9.79829e+10 5.36174e+10 2.45464e+10 2.48623e+11 1.68457e+11 1.44063e+10 2.18712e+10 1.13188e+10 4.10392e+10 2.57366e+10 2.94544e+10 9.0573e+09 8.79921e+09 7.46666e+09 1.00952e+11 7.84208e+10 3.89265e+10 1.39259e+10 8.47089e+10 8.09539e+10 2.51036e+11 5.43606e+11 3.57035e+11 4.58661e+10
threshold=7.2500000000000009 1186.0000000000002 157.37043019679473 724.50000000000011 6.5000000000000009 5.5000000000000009 148.81200982779711 127.28168959952761 0 0.0014748831775700936 541.00000000000011 365.25855766946296 310.02166095522585 240.02876849523298 0.00021904205607476641 157.37043019679473 140.03401652231085 4.3808411214953281e-05 200.29221985743729 447.50000000000006 4.3808411214953281e-05 0.00016063084112149533 400.25000000000006 290.50000000000006 279.50000000000006 1 0.00010221962616822432 0.00024824766355140192 4.3808411214953281e-05 7.3014018691588793e-05
decision_type=2 8 10 10 2 2 10 10 9 10 10 10 10 10 10 10 10 10 10 10 10 10 10 10 10 1 10 10 10 10
left_child=1 3 7 4 8 -6 -7 17 10 11 19 12 13 15 -15 16 -10 -2 -17 22 -21 -22 23 24 -1 29 28 -28 -27 -25
right_child=2 -3 -4 -5 5 6 -8 -9 9 -11 -12 -13 -14 14 -16 18 -18 -19 -20 20 21 -23 -24 25 -26 26 27 -29 -30 -31
leaf_value=2.5877453560380781 -855.40320659730503 36232.597727272732 -31587.869404296875 -5525.0355350378786 -10327.679704483697 44.684432369435328 -3433.7873174252718 -2900.9438415527347 -249.89803986713807 -5429.1931080693794 3378.8219937711146 1146.3838445490057 -1739.2656145368303 -1153.547301940918 1751.5382424631425 -499.30783935546879 941.01507548254892 -25.535918086408135 -1431.7867497624579 2914.6526254159435 -2977.3565960427991 1303.6013452148438 -1665.0395563616073 219.12613382542386 -3033.1406653362774 2537.7050262451176 9461.1359334309891 -1554.3368140811012 -4823.8754377092637 -1620.2598046068877
leaf_weight=25959 41 33 20 33 23 169 23 20 174 23 37 22 21 20 31 80 74 166 37 27 23 20 35 94 23 40 24 21 28 53
leaf_count=25959 41 33 20 33 23 169 23 20 174 23 37 22 21 20 31 80 74 166 37 27 23 20 35 94 23 40 24 21 28 53
internal_value=-0.0140362 26.8428 -2951.77 -17.2226 -10.511 -1437.03 -372.007 -428.764 0.905039 -349.018 7.42712 -102.059 -164.91 -85.4354 612.289 -182.926 105.455 -189.906 -794.194 2.69538 518.406 -986.213 1.32156 3.54405 -0.0995671 367.654 1307.85 4320.58 -493.534 -415.77
internal_weight=27394 27147 247 27114 27081 215 192 227 26866 482 26384 459 437 416 51 365 248 207 117 26347 70 43 26277 26242 25982 260 113 45 68 147
internal_count=27394 27147 247 27114 27081 215 192 227 26866 482 26384 459 437 416 51 365 248 207 117 26347 70 43 26277 26242 25982 260 113 45 68 147
cat_boundaries=0 2 3
cat_threshold=1196289 3 8
is_linear=0
shrinkage=0.05


Tree=165
num_leaves=31
num_cat=2
split_feature=3 4 4 4 2 4 4 1 4 4 4 4 3 0 4 4 4 4 4 4 4 4 4 4 2 2 4 4 4 5
split_gain=9.14673e+11 2.60732e+13 1.85644e+13 3.6566e+12 1.75255e+12 1.58561e+12 2.39489e+10 1.28477e+10 7.61223e+11 4.31633e+11 2.22675e+10 4.55105e+10 8.69677e+10 2.43367e+10 1.73324e+10 3.10791e+10 2.6431e+10 2.36399e+10 4.15913e+10 2.32667e+10 3.7012e+10 3.40157e+10 2.70162e+10 2.1116e+10 1.88206e+10 1.4416e+10 2.18227e+10 1.3803e+10 2.27315e+10 2.215e+10
threshold=6.5000000000000009 855.00000000000011 610.00000000000011 610.00000000000011 5.5000000000000009 157.37043019679473 140.03401652231085 4.3808411214953281e-05 485.50000000000006 500.50000000000006 350.83532286447655 391.08371961117962 3.2500000000000004 0 139.48765205362346 131.59405492448974 151.03562962108694 172.02061742158364 179.65200040916665 123.02468001013929 116.06391675956895 113.00399063767009 119.35000000000001 203.95000000000002 2.5000000000000004 3.5000000000000004 224.50000000000003 129.85680038811208 124.71156790688305 1
decision_type=2 8 8 10 2 10 10 10 10 10 10 10 2 1 10 10 10 10 10 10 10 10 10 10 2 2 10 10 10 9
left_child=1 3 4 7 -2 6 -6 8 10 27 13 -12 -13 14 15 19 -16 24 -19 20 21 -1 -22 -20 -18 26 -25 28 -9 -29
right_child=2 -3 -4 -5 5 -7 -8 9 -10 -11 11 12 -14 -15 16 -17 17 18 23 -21 22 -23 -24 25 -26 -27 -28 29 -30 -31
leaf_value=8.1362914349773146 -12408.726678240741 -41425.813039679284 45994.673823879079 16170.874282924107 52.875751300097136 12944.498503906252 -1722.3961157226565 0.88148709804152314 -9570.8322195870551 7016.3817205255682 2562.151924804688 2037.0531616210938 -2518.5639111328128 -438.17872826667684 -971.35217587631359 1322.2868229166668 1896.6948346819199 -2534.598289794922 512.02604287954478 -822.60113314674027 2295.5597865513391 -1603.3818270596591 450.18566360473636 -1528.6158747746395 205.64503792210633 -1424.054454017408 106.1988078227796 -512.4744454145432 -585.01142673149798 167.37932991801131
leaf_weight=4242 27 38 23 35 379 25 20 19083 21 22 25 22 20 355 113 45 21 20 78 84 28 33 68 26 76 33 95 118 167 2052
leaf_count=4242 27 38 23 35 379 25 20 19083 21 22 25 22 20 355 113 45 21 20 78 84 28 33 68 26 76 33 95 118 167 2052
internal_value=-0.0133392 -38.3511 2177.31 20.1536 -57.2753 729.256 -36.1103 -0.901831 -69.7939 16.4642 -32.7356 873.1 -132.288 -44.1501 -15.0464 14.8656 -306.723 -91.5279 -346.837 1.65934 17.4996 -4.3035 988.42 -158.237 571.749 -497.72 -245.084 9.27469 -4.20132 128.82
internal_weight=27394 26920 474 26882 451 424 399 26847 5405 21442 5384 67 42 5317 4962 4500 462 349 252 4455 4371 4275 96 232 97 154 121 21420 19250 2170
internal_count=27394 26920 474 26882 451 424 399 26847 5405 21442 5384 67 42 5317 4962 4500 462 349 252 4455 4371 4275 96 232 97 154 121 21420 19250 2170
cat_boundaries=0 1 3
cat_threshold=8 2060 36
is_linear=0
shrinkage=0.05


Tree=166
num_leaves=31
num_cat=1
split_feature=3 4 4 4 1 1 3 4 3 2 1 1 4 4 1 4 1 1 1 0 1 4 4 1 4 4 4 2 4 1
split_gain=8.51956e+11 9.9052e+12 4.00116e+12 4.9161e+11 1.79748e+13 4.97999e+11 2.49989e+10 2.54275e+11 7.6895e+10 6.99895e+11 2.76903e+10 1.39792e+10 2.22538e+10 1.27571e+10 6.4705e+09 1.6319e+10 1.28168e+10 2.35989e+10 3.71065e+10 2.54444e+10 3.53355e+10 1.88122e+10 1.74319e+10 1.6585e+10 1.93771e+10 4.83962e+10 1.65753e+10 1.59673e+10 1.68164e+10 1.53429e+10
threshold=8.5000000000000018 1186.0000000000002 124.71156790688305 541.00000000000011 0.00016063084112149533 7.3014018691588793e-05 7.2500000000000009 126.03389710850909 6.5000000000000009 5.5000000000000009 4.3808411214953281e-05 7.3014018691588793e-05 113.00399063767009 63.850000000000001 0.0046144859813084119 67.050000000000011 0.0016793224299065422 0.0018253504672897198 0.0019713785046728978 0 0.001752336448598131 49.973727638524281 82.6234108886283 0.0020297897196261687 90.100000000000009 89.952709749343711 59.968473166229138 3.5000000000000004 63.850000000000001 0.0016501168224299068
decision_type=2 8 10 10 10 10 2 10 2 2 10 10 10 10 10 10 10 10 10 1 10 10 10 10 10 10 10 2 10 10
left_child=1 3 -2 6 5 -5 8 10 14 -10 -8 13 -13 -11 16 -16 29 19 27 -18 21 -21 -23 -20 25 26 -25 -19 -29 -1
right_child=2 -3 -4 4 -6 -7 7 -9 9 11 -12 12 -14 -15 15 -17 17 18 23 20 -22 22 -24 24 -26 -27 -28 28 -30 -31
leaf_value=-2.2406588369907512 -140.2840530546585 26989.193531709563 -24618.504355468751 -29080.854248046875 24642.952941894531 -18495.500874023437 -1895.0992996909401 5717.6441289992563 -9190.8593919836967 277.15648405655571 107.88512893676757 38.740631268475511 1779.4466186523439 -1266.6372375488281 -722.03151965851475 395.98739758300781 0.49344160079956056 -316.16802074152554 1119.2915215454102 -92.771852745643031 2115.262909909512 1568.6091919934975 -55.606397247314455 -6.8826971000349024 1143.5865884780885 -1562.775406101772 768.2329502330108 -2458.0007885742189 -512.82810400390633 -635.52922469377518
leaf_weight=25586 101 34 20 25 32 20 22 21 23 23 80 111 22 32 94 50 150 167 50 65 47 53 24 213 44 42 102 20 25 96
leaf_count=25586 101 34 20 25 32 20 22 21 23 23 80 111 22 32 94 50 150 167 50 65 47 53 24 213 44 42 102 20 25 96
internal_value=-0.0269652 18.5458 -4186.27 -15.1192 -4004.63 -24376.3 -3.80957 707.391 -7.04482 -957.818 -324.131 49.4162 326.677 -621.051 0.432934 -333.831 2.23678 177.671 4.16107 517.014 880.346 533.603 1062.36 260.62 153.554 31.5327 244.107 -541.419 -1377.35 -4.60791
internal_weight=27394 27273 121 27239 77 45 27162 123 27039 211 102 188 133 55 26828 144 26684 1002 663 339 189 142 77 451 401 357 315 212 45 25682
internal_count=27394 27273 121 27239 77 45 27162 123 27039 211 102 188 133 55 26828 144 26684 1002 663 339 189 142 77 451 401 357 315 212 45 25682
cat_boundaries=0 1
cat_threshold=4
is_linear=0
shrinkage=0.05


Tree=167
num_leaves=31
num_cat=2
split_feature=3 4 2 4 4 4 4 4 4 1 4 4 4 4 3 4 4 0 4 2 4 4 4 2 4 2 4 4 5 4
split_gain=8.65206e+11 2.46356e+13 1.90699e+13 5.18695e+12 3.37201e+12 1.10589e+12 1.95141e+10 1.54088e+10 1.55332e+10 1.10725e+10 6.25451e+11 3.76128e+11 2.00983e+10 4.10732e+10 7.84883e+10 2.23469e+10 1.61428e+10 2.92636e+10 3.05477e+10 1.59353e+10 5.74157e+10 1.55266e+10 1.28722e+10 1.99089e+10 1.3479e+10 2.27719e+10 1.25232e+10 2.05112e+10 2.01032e+10 2.60052e+10
threshold=6.5000000000000009 855.00000000000011 5.5000000000000009 342.85821225290857 610.00000000000011 157.37043019679473 140.03401652231085 124.71156790688305 107.09180486240626 4.3808411214953281e-05 485.50000000000006 500.50000000000006 350.83532286447655 391.08371961117962 3.2500000000000004 215.16819001774374 191.19380127490498 0 170.00423548663119 3.5000000000000004 203.95000000000002 94.996511165361696 290.50000000000006 3.5000000000000004 310.02166095522585 3.5000000000000004 129.85680038811208 124.71156790688305 1 250.34974971036357
decision_type=2 8 2 8 10 10 10 10 10 10 10 10 10 10 2 10 10 1 10 2 10 10 10 2 10 2 10 10 9 10
left_child=1 4 -2 5 9 6 7 8 -4 10 12 26 15 -14 -15 16 17 18 21 20 -18 -1 23 -17 25 -24 27 -11 29 -28
right_child=2 -3 3 -5 -6 -7 -8 -9 -10 11 -12 -13 13 14 -16 22 19 -19 -20 -21 -22 -23 24 -25 -26 -27 28 -29 -30 -31
leaf_value=-774.3956736768414 39390.352282714848 -40267.570055509874 78.809495402810114 -25461.21394317627 15529.051336495535 11259.171060844092 -1538.4154809570314 1414.8027142333985 -1213.3148740234376 0.73963604394678539 -8676.769927687872 6549.8307195490061 2434.1564248046875 1935.3124034534803 -2392.5237597656251 -494.6305330300633 1355.7089339855106 -7.0789261237912164 -2291.1693557739259 1813.152587890625 -1696.9814758300781 119.7155224168157 1220.6661968231201 -1972.9442054748536 -967.10349457839447 -869.0147771661932 -134.99283030857552 -555.80390453224413 161.80432581039236 -1871.5100505687574
leaf_weight=117 32 38 334 20 35 23 20 20 25 19083 21 22 25 22 20 79 43 4810 24 22 24 83 32 32 29 22 107 167 2036 27
leaf_count=117 32 38 334 20 35 23 20 20 25 19083 21 22 25 22 20 79 43 4810 24 22 24 83 32 32 29 22 107 167 2036 27
internal_value=-0.0256097 -37.3123 2117.61 -580.874 19.5566 598.29 -16.2475 64.078 -11.1713 -0.662862 -64.6187 15.4588 -31.0275 829.557 -125.562 -41.8718 -21.9245 -33.7259 -579.726 645.587 262.208 -403.34 -568.624 -920.811 -97.6266 369.315 8.74752 -4.08856 122.616 -451.215
internal_weight=27394 26920 474 442 26882 422 399 379 359 26847 5405 21442 5384 67 42 5317 5123 5034 224 89 67 200 194 111 83 54 21420 19250 2170 134
internal_count=27394 26920 474 442 26882 422 399 379 359 26847 5405 21442 5384 67 42 5317 5123 5034 224 89 67 200 194 111 83 54 21420 19250 2170 134
cat_boundaries=0 1 3
cat_threshold=2 2060 52
is_linear=0
shrinkage=0.05


Tree=168
num_leaves=31
num_cat=1
split_feature=3 4 4 2 4 4 3 2 4 1 4 4 3 0 4 4 4 4 3 4 2 3 2 4 4 4 1 4 4 4
split_gain=8.09987e+11 1.69315e+13 6.80809e+12 3.94012e+11 6.51192e+12 1.40827e+12 2.35767e+11 8.1704e+11 6.48823e+10 5.05371e+10 4.97275e+10 4.12017e+10 2.26862e+10 2.1865e+10 8.74477e+11 7.16849e+11 9.40788e+10 7.95364e+10 1.85025e+11 1.17422e+11 1.01278e+11 1.10771e+11 6.62684e+10 5.14623e+10 2.69043e+10 4.34019e+10 4.36307e+10 4.35666e+10 3.47787e+10 3.21143e+10
threshold=7.2500000000000009 1186.0000000000002 157.37043019679473 6.5000000000000009 224.50000000000003 724.50000000000011 6.5000000000000009 5.5000000000000009 148.81200982779711 0.00010221962616822432 75.018223136952244 127.28168959952761 5.2500000000000009 0 500.50000000000006 500.50000000000006 447.50000000000006 365.25855766946296 4.2500000000000009 290.50000000000006 4.5000000000000009 3.2500000000000004 1.5000000000000002 447.50000000000006 250.34974971036357 195.04738015607583 0.00013142523364485984 184.79281860539444 168.10000000000002 235.22696404346487
decision_type=2 8 10 2 10 10 2 2 10 10 8 10 2 1 10 10 10 8 2 10 2 2 2 10 10 10 8 10 10 10
left_child=1 3 11 5 8 6 13 -8 12 -9 -11 -2 -5 15 23 16 17 19 -19 22 21 -21 -1 -15 25 27 29 28 -24 -27
right_child=2 -3 -4 4 -6 -7 7 9 -10 10 -12 -13 -14 14 -16 -17 -18 18 -20 20 -22 -23 24 -25 -26 26 -28 -29 -30 -31
leaf_value=-2539.940053013393 -176.98277005550369 35818.801935369316 -30816.459138183593 637.76385878112421 -29387.246163330077 11015.831963900862 -10700.834052309783 -1734.6091249137091 -2567.9748263272377 -404.96246824264529 2683.0480868252844 -2553.495215148926 -257.597652734375 2.7626589925145506 -9972.6455571954903 7478.1569513494323 2904.9722167968753 -5176.3054117838547 1032.3025274276733 6185.4528417968759 -377.19699370285565 1193.1102773437501 -193.0396190209961 -1973.0149968927556 -1490.6153076171877 936.33288379762234 4.0478927612304689 -2367.7494107333096 1405.1791732364231 3304.3585371537647
leaf_weight=28 207 33 20 163 20 29 23 29 22 32 22 20 125 25526 22 33 27 24 24 20 29 25 625 33 32 41 80 22 36 22
leaf_count=28 207 33 20 163 20 29 23 29 22 32 22 20 125 25526 22 33 27 24 24 20 29 25 625 33 32 41 80 22 36 22
internal_value=-0.0215058 25.9125 -2850.34 -17.6505 -1734.8 3.50618 -8.43019 -2361.84 49.227 -51.029 853.116 -386.367 249.152 0.930802 -8.36185 221.515 -7.7161 -85.7345 -2072 13.5788 1927 3411.93 -146.233 0.211673 -68.1167 -13.0078 779.086 -178.849 -105.996 1763.26
internal_weight=27394 27147 247 27114 330 26784 26755 106 310 83 54 227 288 26649 25581 1068 1035 1008 48 960 74 45 886 25559 858 826 143 683 661 63
internal_count=27394 27147 247 27114 330 26784 26755 106 310 83 54 227 288 26649 25581 1068 1035 1008 48 960 74 45 886 25559 858 826 143 683 661 63
cat_boundaries=0 1
cat_threshold=2
is_linear=0
shrinkage=0.05


Tree=169
num_leaves=31
num_cat=1
split_feature=3 4 2 4 4 4 4 4 4 1 4 4 4 2 4 4 4 4 4 4 2 4 4 4 4 4 0 2 2 4
split_gain=8.54501e+11 2.37222e+13 1.75529e+13 4.66173e+12 2.86821e+12 1.17125e+12 1.5785e+10 1.52977e+10 1.43338e+10 9.69264e+09 5.36548e+11 3.51149e+11 2.27841e+10 4.34656e+10 2.19613e+10 1.42023e+10 2.64714e+10 1.83055e+10 2.15457e+10 2.85528e+10 1.41686e+10 5.16545e+10 1.27761e+10 1.27485e+10 5.88078e+10 2.99761e+10 1.91318e+10 1.26141e+10 1.23633e+10 1.87718e+10
threshold=6.5000000000000009 855.00000000000011 5.5000000000000009 342.85821225290857 610.00000000000011 157.37043019679473 140.03401652231085 124.71156790688305 107.09180486240626 4.3808411214953281e-05 485.50000000000006 500.50000000000006 350.83532286447655 3.5000000000000004 215.16819001774374 191.19380127490498 174.38982969721681 167.26344563485318 142.01342337501239 157.37043019679473 3.5000000000000004 203.95000000000002 160.12820512820517 116.06391675956895 119.35000000000001 113.00399063767009 0 4.5000000000000009 2.5000000000000004 290.50000000000006
decision_type=2 8 2 8 10 10 10 10 10 8 10 10 10 2 10 10 10 10 10 10 2 10 10 10 10 10 1 2 2 10
left_child=1 4 -2 5 9 6 7 8 -4 10 12 -11 14 -14 15 16 17 18 23 -20 21 -17 -21 25 -25 26 -1 -26 -16 -30
right_child=2 -3 3 -5 -6 -7 -8 -9 -10 11 -12 -13 13 -15 28 20 -18 -19 19 22 -22 -23 -24 24 27 -27 -28 -29 29 -31
leaf_value=7.8252650667672334 37864.001684570314 -39514.546170847047 84.68238394731533 -24071.515314941407 14322.759366019114 11604.792203422216 -1368.0412353515626 1419.0719714355471 -1156.5551069335938 8.6773336543677164 -8036.3917619977692 6328.8250577059662 -224.899464818051 2345.4335886988147 367.16370524088546 1281.2720327332963 -976.79303354759747 1075.5177258943256 -913.80926111009398 1109.2015551757813 1706.5268909801136 -1614.2154968261721 -316.47592847419514 2305.7412656841857 191.37653659554417 -1461.7190700954861 -533.11749639174514 -903.08776346842444 -1195.6351588472407 -105.04432390998392
leaf_weight=4242 32 38 334 20 35 23 20 20 25 21422 21 22 38 29 30 43 73 38 144 30 22 24 33 33 215 36 160 30 94 68
leaf_count=4242 32 38 334 20 35 23 20 20 25 21422 21 22 38 29 30 43 73 38 144 30 22 24 33 33 215 36 160 30 94 68
internal_value=-0.0204258 -37.0757 2104.47 -484.456 18.7291 633.414 0.979081 73.2229 -1.75477 0.0811267 -59.7709 15.1614 -28.6469 887.633 -40.1974 -20.5214 -31.5909 -17.6824 -26.1207 -525.392 605.586 244.082 362.418 -4.20612 324.255 -24.7812 -13.0297 57.3605 -565.197 -737.856
internal_weight=27394 26920 474 442 26882 422 399 379 359 26847 5403 21444 5382 67 5315 5123 5034 4961 4923 207 89 67 63 4716 278 4438 4402 245 192 162
internal_count=27394 26920 474 442 26882 422 399 379 359 26847 5403 21444 5382 67 5315 5123 5034 4961 4923 207 89 67 63 4716 278 4438 4402 245 192 162
cat_boundaries=0 1
cat_threshold=8
is_linear=0
shrinkage=0.05


Tree=170
num_leaves=31
num_cat=2
split_feature=4 1 4 1 3 4 3 2 2 1 4 4 4 4 4 4 5 4 4 2 1 1 1 4 2 1 2 0 1 3
split_gain=7.8187e+11 5.00497e+12 5.43502e+11 1.96738e+12 8.81347e+10 1.52655e+12 1.37705e+11 1.19945e+12 2.72318e+10 1.63118e+10 2.55893e+10 1.56008e+10 1.17029e+10 1.10589e+10 6.31374e+09 6.16969e+09 6.40582e+09 1.26248e+11 1.47025e+10 9.22405e+10 1.27746e+11 2.66983e+11 1.47659e+11 8.56948e+10 5.44275e+10 9.13668e+09 9.07551e+09 4.37821e+10 4.60476e+10 2.12125e+10
threshold=724.50000000000011 0.00030665887850467294 541.00000000000011 7.3014018691588793e-05 7.2500000000000009 142.01342337501239 6.5000000000000009 5.5000000000000009 7.5000000000000009 7.3014018691588793e-05 113.00399063767009 63.850000000000001 120.89254377047602 87.725000000000009 20.075000000000003 485.50000000000006 0 145.03486188785863 334.40804515234134 2.5000000000000004 0.00018983644859813087 7.3014018691588793e-05 4.3808411214953281e-05 391.08371961117962 3.5000000000000004 0.0015917056074766357 1.5000000000000002 1 0.0010367990654205608 1.5000000000000002
decision_type=10 10 8 10 2 10 2 2 2 10 10 10 10 10 10 10 9 10 10 2 10 10 10 10 2 10 2 1 10 2
left_child=2 -2 4 -4 6 8 14 -8 -6 11 -11 -9 13 -10 -1 16 17 25 26 -20 21 22 24 -22 -21 -16 27 -18 -29 -28
right_child=1 -3 3 -5 5 -7 7 9 12 10 -12 -13 -14 -15 15 -17 18 -19 19 20 23 -23 -24 -25 -26 -27 29 28 -30 -31
leaf_value=-238.40328333798575 22619.643798828125 -9346.7110195312507 4723.9441154233873 -12459.854779730904 -1624.974497542843 14178.750451660157 -12058.992357336958 306.53463373598851 11.948305328798966 28.237620709393475 1894.841191517223 -1400.6707550048829 1117.8204589843751 -1109.6814579890324 -449.81833187771826 632.14312900641028 416.71527957684606 3969.7118001302088 -3332.680163574219 -617.07561627012319 -3838.7609197998049 4576.0303459821434 -3364.6711047757053 -119.06460628509522 2254.6130705862338 192.4813416237055 -227.0381977081299 -2448.8925491898149 -161.7424016423586 8.3661775939517327
leaf_weight=272 24 25 31 36 31 20 23 23 142 111 22 32 20 26 97 39 484 21 24 33 30 35 31 32 33 129 996 27 119 24426
leaf_count=272 24 25 31 36 31 20 23 23 142 111 22 32 20 26 97 39 484 21 24 33 30 35 31 32 33 129 996 27 119 24426
internal_value=-0.0289972 6310.28 -11.3366 -4509.14 -0.28908 955.658 -8.73877 -1281.08 -251.931 37.4985 336.999 -686.749 -25.5247 -161.637 1.26806 3.72289 2.79864 251.213 0.367195 -408.542 -46.7933 832.538 -518.207 -1918.92 818.769 -83.196 3.78904 191.254 -547.227 -0.856651
internal_weight=27394 49 27345 67 27278 239 27039 211 219 188 133 55 188 168 26828 26556 26517 247 26270 218 194 132 97 62 66 226 26052 630 146 25422
internal_count=27394 49 27345 67 27278 239 27039 211 219 188 133 55 188 168 26828 26556 26517 247 26270 218 194 132 97 62 66 226 26052 630 146 25422
cat_boundaries=0 2 3
cat_threshold=16384 5 8
is_linear=0
shrinkage=0.05


Tree=171
num_leaves=31
num_cat=1
split_feature=3 4 4 4 1 3 2 4 1 1 4 1 1 4 4 4 4 3 4 4 4 4 4 4 2 4 4 5 1 1
split_gain=7.94445e+11 1.68574e+13 6.54119e+12 3.82176e+11 2.02378e+13 1.2408e+11 1.0825e+12 5.17127e+10 1.49299e+10 3.54339e+10 2.08346e+10 9.46629e+09 8.90674e+09 4.95767e+11 3.51169e+11 2.01399e+10 3.54288e+10 7.24872e+10 1.96485e+10 1.2799e+10 2.38082e+10 1.64897e+10 1.95443e+10 2.58623e+10 1.27846e+10 4.66896e+10 1.21849e+10 2.10373e+10 2.53243e+10 2.11006e+10
threshold=7.2500000000000009 1186.0000000000002 153.64123960510702 610.00000000000011 0.00016063084112149533 6.5000000000000009 5.5000000000000009 127.28168959952761 0.00010221962616822432 0.00016063084112149533 99.954431178623565 4.3808411214953281e-05 4.3808411214953281e-05 485.50000000000006 500.50000000000006 350.83532286447655 391.08371961117962 3.2500000000000004 215.16819001774374 191.19380127490498 174.38982969721681 167.26344563485318 142.01342337501239 157.37043019679473 3.5000000000000004 203.95000000000002 129.85680038811208 0 0.00045268691588785053 0.00097838785046728996
decision_type=2 8 8 10 10 2 2 10 10 10 10 10 10 10 10 10 10 2 10 10 10 10 10 10 2 10 10 9 10 10
left_child=1 3 7 5 -5 12 -7 11 10 -10 -8 -2 13 15 26 18 -17 -18 19 20 21 22 -1 -24 25 -21 -14 28 -28 -30
right_child=2 -3 -4 4 -6 6 8 -9 9 -11 -12 -13 14 -15 -16 16 17 -19 -20 24 -22 -23 23 -25 -26 -27 27 -29 29 -31
leaf_value=-3.8319025971873821 -853.4478396532013 35740.140219578599 -30235.311718750003 -31136.834987320439 29326.926367187501 -11456.042646059783 161.23010330200196 -2835.5398348999024 2289.979637756348 -13.565550730488088 -1636.3498553240743 -5.0507825185017419 -4.4584931909598309 -7724.6335797991069 6328.5327026367195 2324.5211601562501 1927.7035389293324 -2231.3919165039065 -532.00870068736913 1217.6839984272801 -926.28050980241335 1020.8683747944078 -869.88588964674204 344.72536853608631 1620.7822221235797 -1535.1340891520183 -1509.570061007413 155.15735098435329 1063.9364536830358 -877.18730207170756
leaf_weight=4716 41 33 20 31 25 23 40 20 20 101 27 166 19250 21 22 25 22 20 194 43 73 38 144 63 22 24 44 2070 28 28
leaf_count=4716 41 33 20 31 25 23 40 20 20 101 27 166 19250 21 22 25 22 20 194 43 73 38 144 63 22 24 44 2070 28 28
internal_value=-0.0199418 25.664 -2822.86 -17.8035 -4144.08 -9.26363 -1217.02 -407.668 35.6236 367.186 -563.168 -173.091 0.228569 -57.1324 14.6879 -27.2257 834.249 -52.8181 -38.0812 -19.377 -29.8853 -16.695 -24.7039 -500.222 574.993 231.6 8.20304 120.523 -556.292 93.3746
internal_weight=27394 27147 247 27114 56 27058 211 227 188 121 67 207 26847 5405 21442 5384 67 42 5317 5123 5034 4961 4923 207 89 67 21420 2170 100 56
internal_count=27394 27147 247 27114 56 27058 211 227 188 121 67 207 26847 5405 21442 5384 67 42 5317 5123 5034 4961 4923 207 89 67 21420 2170 100 56
cat_boundaries=0 2
cat_threshold=2099212 20
is_linear=0
shrinkage=0.05


Tree=172
num_leaves=31
num_cat=0
split_feature=3 4 4 4 2 4 4 4 4 3 4 4 4 4 2 4 4 4 1 1 4 2 4 1 4 2 1 1 2 4
split_gain=8.25208e+11 2.28363e+13 1.74131e+13 2.70273e+12 2.08512e+12 1.56873e+12 1.97017e+10 1.44719e+10 1.27141e+10 8.70898e+09 1.76278e+11 1.27725e+11 3.70471e+10 2.76275e+10 3.36172e+10 2.57077e+10 2.47639e+10 2.37607e+10 2.37533e+10 2.01034e+10 2.80834e+10 3.01048e+10 5.70927e+10 2.70738e+10 1.92383e+10 2.12136e+10 1.84236e+10 1.5873e+10 2.10103e+10 1.93127e+10
threshold=6.5000000000000009 855.00000000000011 610.00000000000011 610.00000000000011 5.5000000000000009 157.37043019679473 140.03401652231085 124.71156790688305 107.09180486240626 4.2500000000000009 447.50000000000006 500.50000000000006 50.010000000000012 53.975000000000009 6.5000000000000009 300.50000000000006 87.725000000000009 420.50000000000006 0.00013142523364485984 0.00010221962616822432 191.19380127490498 4.5000000000000009 80.050000000000011 0.00016063084112149533 32.900000000000006 3.5000000000000004 0.00013142523364485984 0.00068633177570093468 5.5000000000000009 49.009391999014035
decision_type=2 8 8 10 2 10 10 10 10 2 10 10 10 10 2 10 10 10 10 10 10 2 10 10 10 2 10 10 2 10
left_child=1 3 4 9 -2 6 7 8 -6 11 12 17 18 -14 15 19 -16 -1 -11 20 21 22 -15 -21 -20 -26 -17 28 -27 -29
right_child=2 -3 -4 -5 5 -7 -8 -9 -10 10 -12 -13 13 14 16 26 -18 -19 24 23 -22 -23 -24 -25 25 27 -28 29 -30 -31
leaf_value=-3.4617705320599139 -13568.606322337964 -38769.689196134874 44504.894359290083 13903.59650948661 89.734802026805767 12911.880994140625 -1528.9236987304689 1390.269930419922 -1079.2691182861329 722.34661810133196 3895.3487915039063 -3581.5942314453127 -791.3375299438477 -339.32350734788542 -432.40291281307447 2316.6275341796877 -2649.6914868164063 -1034.5910461425781 -825.61090295669874 702.54329562717021 -2093.6461669921878 -550.05490310616688 1110.0366553086501 6.9571525016179905 1025.9777611626521 559.67921171504747 314.41759801793984 -57.103663667484568 -434.67318020672866 -1575.0101431039666
leaf_weight=23915 27 38 23 35 334 25 20 20 25 261 30 25 125 196 34 20 20 56 47 162 20 292 104 1025 72 211 27 108 71 26
leaf_count=23915 27 38 23 35 334 25 20 20 25 261 30 25 125 196 34 20 20 56 47 162 20 292 104 1025 72 211 27 108 71 26
internal_value=-0.0161107 -36.4307 2068.09 18.322 -96.0947 761.825 0.542909 81.2535 8.32784 0.220029 82.8384 -9.59598 42.2942 -71.3088 -23.9385 12.0327 -1253.62 -5.87065 331.297 -18.1264 -250.903 -188.648 163.121 101.89 140.523 233.573 1166.42 96.4256 309.328 -351.623
internal_weight=27394 26920 474 26882 451 424 399 379 359 26847 2851 23996 2821 2025 1900 1846 54 23971 796 1799 612 592 300 1187 535 488 47 416 282 134
internal_count=27394 26920 474 26882 451 424 399 379 359 26847 2851 23996 2821 2025 1900 1846 54 23971 796 1799 612 592 300 1187 535 488 47 416 282 134
is_linear=0
shrinkage=0.05


Tree=173
num_leaves=31
num_cat=0
split_feature=3 4 4 4 1 3 2 4 1 4 4 1 3 4 4 4 4 2 4 1 4 2 4 4 1 4 1 4 2 4
split_gain=7.63726e+11 1.60577e+13 6.3873e+12 4.00112e+11 1.84501e+13 1.04902e+11 8.52389e+11 4.58603e+10 1.54288e+10 2.05959e+10 1.55133e+10 7.88508e+09 7.85986e+09 1.60359e+11 1.15272e+11 3.26261e+10 2.52799e+10 3.05965e+10 2.90678e+10 4.77831e+10 2.23494e+10 2.22795e+10 2.1444e+10 2.13512e+10 2.06756e+10 2.28899e+10 1.81433e+10 2.53453e+10 2.71696e+10 5.19811e+10
threshold=7.2500000000000009 1186.0000000000002 157.37043019679473 610.00000000000011 0.00016063084112149533 6.5000000000000009 5.5000000000000009 127.28168959952761 7.3014018691588793e-05 113.00399063767009 63.850000000000001 4.3808411214953281e-05 4.2500000000000009 459.79793511194481 500.50000000000006 50.010000000000012 53.975000000000009 6.5000000000000009 300.50000000000006 0.00016063084112149533 87.725000000000009 3.5000000000000004 420.50000000000006 37.975000000000009 0.00068633177570093468 45.050000000000004 0.00010221962616822432 191.19380127490498 4.5000000000000009 76.026746492412926
decision_type=2 8 10 10 10 2 2 10 10 10 10 10 2 10 10 10 10 2 10 10 10 2 10 10 10 10 10 10 2 10
left_child=1 3 7 5 -5 12 -7 11 10 -10 -8 -2 14 15 22 21 -17 18 26 -20 -19 23 -1 -14 25 -23 27 28 29 -18
right_child=2 -3 -4 4 -6 6 8 -9 9 -11 -12 -13 13 -15 -16 16 17 20 19 -21 -22 24 -24 -25 -26 -27 -28 -29 -30 -31
leaf_value=-3.288682179840793 -781.16520073123093 34882.230723248111 -29855.816533203128 -30012.214769720264 27719.219390625003 -10204.810292119566 278.65968123726225 -2667.4951837158205 6.8149041871766789 1681.4247980291195 -1423.7505111694336 -6.8598228270749022 284.09437322616577 4065.5804355468749 -3402.5143852539063 -751.77065796508793 -386.16044365227555 -410.78273369284238 2697.5714693509617 -333.77597679725062 -2517.2069628906252 128.24463031155537 -982.86146414620544 1586.002970246346 -330.8336738732126 846.45689657079356 96.795231943443838 -1988.9638720703126 -522.55216231411453 955.47352910317659
leaf_weight=23915 41 33 20 31 25 23 23 20 111 22 32 166 64 25 25 125 179 34 26 26 20 367 56 62 144 159 1187 20 292 121
leaf_count=23915 41 33 20 31 25 23 23 20 111 22 32 166 64 25 25 125 179 34 26 26 20 367 56 62 144 159 1187 20 292 121
internal_value=-0.0153024 25.1672 -2767.74 -17.2568 -4239.25 -8.51881 -1119.02 -381.13 -7.463 283.818 -711.834 -160.225 0.209028 78.6965 -9.11618 43.4268 -62.9568 -17.7591 16.4666 1181.9 -1190.94 314.732 -5.57712 924.716 200.018 345.347 -17.2201 -238.358 -179.216 154.965
internal_weight=27394 27147 247 27114 56 27058 211 227 188 133 55 207 26847 2851 23996 2826 2030 1905 1851 52 54 796 23971 126 670 526 1799 612 592 300
internal_count=27394 27147 247 27114 56 27058 211 227 188 133 55 207 26847 2851 23996 2826 2030 1905 1851 52 54 796 23971 126 670 526 1799 612 592 300
is_linear=0
shrinkage=0.05


Tree=174
num_leaves=31
num_cat=1
split_feature=3 4 2 4 4 4 4 4 4 1 4 4 4 2 0 4 4 3 4 4 4 4 4 4 4 2 4 3 2 3
split_gain=8.02412e+11 2.19348e+13 1.72338e+13 5.10767e+12 2.53752e+12 1.17531e+12 1.70156e+10 1.44329e+10 1.16783e+10 7.56048e+09 4.29658e+11 3.21591e+11 1.73791e+10 3.40382e+10 1.76667e+10 1.21676e+10 7.56358e+10 2.59929e+10 1.71549e+10 3.07355e+10 2.49412e+10 2.13045e+10 1.72613e+10 4.57079e+10 2.20283e+10 1.61864e+10 3.63334e+10 3.10838e+10 1.59683e+10 1.62e+10
threshold=6.5000000000000009 855.00000000000011 5.5000000000000009 342.85821225290857 610.00000000000011 157.37043019679473 140.03401652231085 124.71156790688305 107.09180486240626 4.3808411214953281e-05 485.50000000000006 500.50000000000006 350.83532286447655 3.5000000000000004 0 55.013363633764975 54.955142748933561 4.2500000000000009 73.021775652210451 84.98579275090411 85.100000000000009 88.65000000000002 68.04751534718811 67.550000000000011 65.402665761136547 2.5000000000000004 75.018223136952244 2.5000000000000004 5.5000000000000009 5.2500000000000009
decision_type=2 8 2 8 10 10 10 10 10 8 10 10 10 2 1 10 10 2 10 10 10 10 10 10 10 2 10 2 2 2
left_child=1 4 -2 5 9 6 7 8 -4 10 12 -11 14 -14 15 16 17 -1 22 25 -21 -22 23 24 -17 26 -20 -27 29 -23
right_child=2 -3 3 -5 -6 -7 -8 -9 -10 11 -12 -13 13 -15 -16 18 -18 -19 19 20 21 28 -24 -25 -26 27 -28 -29 -30 -31
leaf_value=-17.97283680745609 37472.252020263673 -37997.017053865129 90.829750913060366 -25215.399453125003 13471.925362723214 11634.544055706523 -1410.7556835937501 1392.8901196289062 -1029.5478291015625 7.3121356853349413 -7190.656873139882 6055.6172807173298 -209.07557116056742 2065.4964523841595 -371.5980677791207 -137.00462693986438 1880.3617034376712 696.41119979524274 -858.92790283203124 -1220.7331818739574 725.78194986979179 -99.362955530036459 -632.80835558346348 1512.1363589477542 -1117.5925995115251 -817.46965362548826 1587.1855786520337 422.08322778547773 -1045.5978911659936 1300.1445191882906
leaf_weight=1804 32 38 334 20 35 23 20 20 25 21422 21 22 38 29 353 630 57 137 20 48 81 1348 224 40 63 60 63 322 44 21
leaf_count=1804 32 38 334 20 35 23 20 20 25 21422 21 22 38 29 353 630 57 137 20 48 81 1348 224 40 63 60 63 322 44 21
internal_value=-0.01454 -35.9227 2039.32 -525.956 17.7386 644.16 10.6294 85.6365 12.809 0.198578 -52.662 13.5173 -24.8103 775.441 -34.8981 -10.1757 85.1681 32.4499 -74.4803 8.58264 -98.866 -62.8221 -248.678 -131.29 -226.149 364.896 997.761 227.389 -108.029 -77.895
internal_weight=27394 26920 474 442 26882 422 399 379 359 26847 5403 21444 5382 67 5315 4962 1998 1941 2964 2007 1542 1494 957 733 693 465 83 382 1413 1369
internal_count=27394 26920 474 442 26882 422 399 379 359 26847 5403 21444 5382 67 5315 4962 1998 1941 2964 2007 1542 1494 957 733 693 465 83 382 1413 1369
cat_boundaries=0 1
cat_threshold=8
is_linear=0
shrinkage=0.05


Tree=175
num_leaves=31
num_cat=1
split_feature=3 4 4 4 2 4 4 4 4 1 4 4 4 4 3 4 4 4 0 4 4 4 2 4 4 4 4 4 4 1
split_gain=7.24182e+11 1.97962e+13 1.61864e+13 2.29011e+12 2.28933e+12 1.48083e+12 1.53566e+10 1.30257e+10 1.05397e+10 6.8308e+09 3.87763e+11 2.90236e+11 1.56861e+10 3.21867e+10 7.42148e+10 1.69983e+10 1.22669e+10 2.18969e+10 1.42882e+10 1.27698e+10 2.96561e+10 1.2842e+10 1.21819e+10 4.23844e+10 1.17261e+10 3.34803e+10 3.67256e+10 1.84452e+10 5.76896e+10 3.88646e+10
threshold=6.5000000000000009 855.00000000000011 610.00000000000011 610.00000000000011 5.5000000000000009 157.37043019679473 140.03401652231085 124.71156790688305 107.09180486240626 4.3808411214953281e-05 485.50000000000006 500.50000000000006 350.83532286447655 391.08371961117962 3.2500000000000004 215.16819001774374 191.19380127490498 187.10000000000002 0 179.65200040916665 172.02061742158364 167.26344563485318 3.5000000000000004 203.95000000000002 447.50000000000006 391.08371961117962 350.83532286447655 247.44277342203219 250.34974971036357 0.00016063084112149533
decision_type=2 8 8 10 2 10 10 10 10 8 10 10 10 10 2 10 10 10 1 10 10 10 2 10 10 10 10 10 10 10
left_child=1 3 4 9 -2 6 7 8 -6 10 12 24 15 -14 -15 16 17 18 -1 20 21 -20 23 -18 25 26 27 -11 -29 -30
right_child=2 -3 -4 -5 5 -7 -8 -9 -10 11 -12 -13 13 14 -16 -17 22 -19 19 -21 -22 -23 -24 -25 -26 -27 -28 28 29 -31
leaf_value=-406.12374405777246 -14266.017766203706 -36097.166293174341 42852.152666440219 12798.329821428571 86.288267309223102 12554.465070312501 -1340.2178765869141 1323.2455944824219 -978.0704130859375 3.5536742539567094 -6831.1242373511914 5752.8354403409094 2157.1168066406253 1895.1476040926846 -2313.2187670898438 -495.07209399541216 1170.3269268656886 -1637.3436453683037 -4.0989210365185684 1174.3267344599185 -1881.4731770833332 1180.2406525985054 1586.847567471591 -1452.5045852661133 -837.82457721989329 1327.5998855590822 -1471.4743538992745 2289.9521006266277 -641.75858578889267 748.00043054529147
leaf_weight=218 27 38 23 35 334 25 20 20 25 21052 21 22 25 22 20 192 43 21 4728 23 21 23 22 24 41 48 42 36 92 111
leaf_count=218 27 38 23 35 334 25 20 20 25 21052 21 22 25 22 20 192 43 21 4728 23 21 23 22 24 41 48 42 36 92 111
internal_value=-0.0205955 -34.1334 1937.36 16.8447 -149.206 749.742 10.0979 81.3547 12.1686 0.181728 -50.0633 12.8414 -23.6043 736.669 -108.836 -33.1882 -15.8777 -26.1653 -19.4159 -0.985554 -6.65237 1.63457 566.007 230.805 6.94653 8.56645 5.59858 8.51235 445.291 118.159
internal_weight=27394 26920 474 26882 451 424 399 379 359 26847 5403 21444 5382 67 42 5315 5123 5034 5013 4795 4772 4751 89 67 21422 21381 21333 21291 239 203
internal_count=27394 26920 474 26882 451 424 399 379 359 26847 5403 21444 5382 67 42 5315 5123 5034 5013 4795 4772 4751 89 67 21422 21381 21333 21291 239 203
cat_boundaries=0 1
cat_threshold=2
is_linear=0
shrinkage=0.05


Tree=176
num_leaves=31
num_cat=0
split_feature=3 4 4 4 1 3 2 4 1 4 1 1 2 1 4 3 4 4 4 4 2 4 1 2 4 4 1 4 2 4
split_gain=7.61126e+11 1.67597e+13 6.34854e+12 3.97446e+11 1.68899e+13 1.29173e+11 9.54193e+11 4.35539e+10 1.89486e+10 3.5319e+10 3.33083e+10 8.31894e+09 7.44318e+09 7.04907e+09 2.3243e+10 6.48309e+09 1.38715e+11 1.0216e+11 2.86901e+10 2.2933e+10 2.73808e+10 2.56156e+10 4.31493e+10 2.01814e+10 1.97685e+10 1.92652e+10 1.82481e+10 2.07559e+10 1.7527e+10 1.74137e+10
threshold=7.2500000000000009 1186.0000000000002 157.37043019679473 610.00000000000011 0.00016063084112149533 6.5000000000000009 5.5000000000000009 127.28168959952761 0.00010221962616822432 109.02010963339808 0.00016063084112149533 4.3808411214953281e-05 7.5000000000000009 0.0003942757009345795 83.061540417375667 4.2500000000000009 459.79793511194481 500.50000000000006 50.010000000000012 53.975000000000009 6.5000000000000009 300.50000000000006 0.00016063084112149533 3.5000000000000004 87.725000000000009 37.975000000000009 0.00068633177570093468 45.050000000000004 4.5000000000000009 420.50000000000006
decision_type=2 8 10 10 10 2 2 10 10 10 10 10 2 10 10 2 10 10 10 10 2 10 10 2 10 10 10 10 2 10
left_child=1 3 7 5 -5 15 -7 11 9 -8 -10 -2 -13 14 -12 17 18 29 23 -20 21 -21 -23 25 -22 -17 27 -25 -29 -1
right_child=2 -3 -4 4 -6 6 8 -9 10 -11 13 12 -14 -15 -16 16 -18 -19 19 20 24 22 -24 26 -26 -27 -28 28 -30 -31
leaf_value=-2.9102034487456128 -806.19532738662349 35635.954628314394 -29768.792392578129 -28885.331706779238 26351.272929199222 -10854.881436820653 35.321968489107881 -2611.8102832031254 2172.0111430358888 -2439.3795340401789 -757.28156294389203 868.89778064546135 -138.28815934806036 -435.81787621634351 1515.9691029424255 265.08731093406681 3779.5247011718748 -3202.8855468750003 -717.17862090454105 -17.313190571316884 -394.15564718807445 2548.6574744591348 -331.95712984525244 113.67621363502109 -2375.2246069335938 1501.7630882017074 -314.83528961605498 255.85645117821633 1306.2921930452674 -885.64378792898992
leaf_weight=23915 41 33 20 31 25 23 46 20 20 21 22 21 145 56 23 64 25 25 125 1799 34 26 26 367 20 62 144 77 82 56
leaf_count=23915 41 33 20 31 25 23 46 20 20 21 22 21 145 56 23 64 25 25 125 1799 34 26 26 367 20 62 144 77 82 56
internal_value=-0.02698 25.1126 -2763.04 -18.2288 -4226.13 -9.51996 -1241.81 -383.679 -65.7481 -740.331 307.781 -168.401 -10.8731 -61.3733 404.602 0.165075 71.4477 -8.30412 38.6445 -61.1159 -18.0672 14.31 1108.35 293.059 -1127.88 873.61 183.88 320.411 797.591 -4.97241
internal_weight=27394 27147 247 27114 56 27058 211 227 188 67 121 207 166 101 45 26847 2851 23996 2826 2030 1905 1851 52 796 54 126 670 526 159 23971
internal_count=27394 27147 247 27114 56 27058 211 227 188 67 121 207 166 101 45 26847 2851 23996 2826 2030 1905 1851 52 796 54 126 670 526 159 23971
is_linear=0
shrinkage=0.05


Tree=177
num_leaves=31
num_cat=0
split_feature=3 4 2 4 4 4 4 4 4 1 4 4 2 1 1 3 1 1 1 1 1 1 4 1 2 4 4 2 4 4
split_gain=7.09005e+11 1.91239e+13 1.62751e+13 5.43719e+12 2.15639e+12 1.09743e+12 1.27321e+10 1.31549e+10 9.1475e+09 6.34881e+09 3.72672e+11 6.80633e+10 5.37769e+11 2.45896e+10 7.98378e+10 6.61488e+10 4.59708e+10 3.56084e+10 3.2258e+10 4.47852e+10 6.1493e+10 3.99158e+10 6.99465e+10 4.97743e+10 3.32593e+10 2.88493e+10 5.84495e+10 2.69984e+10 2.66376e+10 2.58876e+10
threshold=6.5000000000000009 855.00000000000011 5.5000000000000009 342.85821225290857 610.00000000000011 157.37043019679473 140.03401652231085 124.71156790688305 107.09180486240626 0.0010075934579439254 250.34974971036357 485.50000000000006 3.5000000000000004 0.0011244158878504675 0.0011828271028037384 3.2500000000000004 0.0012120327102803741 0.0010367990654205608 0.0012996495327102806 0.0013434579439252339 0.0014456775700934581 0.0014164719626168227 39.95000000000001 0.0013872663551401871 5.5000000000000009 81.001374035995624 60.006185171052415 2.5000000000000004 46.70000000000001 39.95000000000001
decision_type=2 8 2 8 10 10 10 10 10 10 10 10 2 10 10 2 10 10 10 10 10 10 10 8 2 10 10 2 10 10
left_child=1 4 -2 5 9 6 7 8 -4 11 13 -1 -13 17 15 -15 -16 25 24 29 21 23 -23 -21 27 26 -11 -18 -19 -20
right_child=2 -3 3 -5 -6 -7 -8 -9 -10 10 -12 12 -14 14 16 -17 18 28 19 20 -22 22 -24 -25 -26 -27 -28 -29 -30 -31
leaf_value=-5.039065807943671 36350.221325683597 -35479.209215666124 83.534151980120271 -26049.390869140625 12419.03845982143 11251.292824388587 -1210.3998352050783 1332.0444665527345 -908.04015380859391 -128.29807922955857 6869.1824896240232 3333.5927678034859 -6741.2281430844905 -2400.2995850578186 1358.1849843425136 420.96536274571577 972.31363764223852 136.01606546361396 1547.9064663973722 -863.75282884428782 64.553266224785858 -14.647245622717817 -2579.2313600570437 1379.3878189086915 1274.4053914388023 914.21232588918599 -2823.4088583984376 -817.82543281021117 946.52398560263907 367.73079266396303
leaf_weight=23400 32 38 334 20 35 23 20 20 25 103 20 26 27 63 62 31 23 188 66 79 1900 46 63 36 24 38 25 250 220 157
leaf_count=23400 32 38 334 20 35 23 20 20 25 103 20 26 27 63 62 31 23 188 66 79 1900 46 63 36 24 38 25 250 220 157
internal_value=-0.0256294 -33.7791 1916.94 -575.963 16.326 631.308 19.1286 84.0113 14.483 0.156823 64.0731 -9.09282 -1798.86 23.7346 -37.3807 -1469.88 12.381 321.858 -19.1772 42.9497 -27.8214 -811.357 -1496.93 -161.552 -510.126 -295.541 -654.687 -667.008 573.055 717.02
internal_weight=27394 26920 474 442 26882 422 399 379 359 26847 3394 23453 53 3374 2800 94 2706 574 2644 2347 2124 224 109 115 297 166 128 273 408 223
internal_count=27394 26920 474 442 26882 422 399 379 359 26847 3394 23453 53 3374 2800 94 2706 574 2644 2347 2124 224 109 115 297 166 128 273 408 223
is_linear=0
shrinkage=0.05


Tree=178
num_leaves=31
num_cat=0
split_feature=3 4 4 4 1 3 2 4 1 4 1 1 1 4 2 1 4 4 4 2 4 4 4 4 4 4 2 4 4 4
split_gain=7.12398e+11 1.65571e+13 5.83559e+12 3.41004e+11 1.53033e+13 1.62525e+11 1.19029e+12 4.21759e+10 2.00837e+10 3.78831e+10 3.19536e+10 9.41441e+09 7.22288e+09 2.23295e+10 6.76108e+09 6.11784e+09 3.45284e+11 2.75594e+11 1.37903e+10 3.29716e+10 1.57316e+10 2.50813e+10 1.82153e+10 2.27716e+10 1.4526e+10 1.3684e+10 1.27155e+10 1.98447e+10 2.70217e+10 1.25255e+10
threshold=7.2500000000000009 1186.0000000000002 157.37043019679473 610.00000000000011 0.00016063084112149533 6.5000000000000009 5.5000000000000009 127.28168959952761 0.00010221962616822432 104.02526941657378 0.00016063084112149533 4.3808411214953281e-05 0.0003942757009345795 83.061540417375667 7.5000000000000009 4.3808411214953281e-05 485.50000000000006 500.50000000000006 350.83532286447655 3.5000000000000004 142.01342337501239 151.03562962108694 170.00423548663119 167.26344563485318 179.65200040916665 215.16819001774374 3.5000000000000004 203.95000000000002 191.19380127490498 116.06391675956895
decision_type=2 8 10 10 10 2 2 10 10 8 10 10 10 10 2 8 10 10 10 2 10 10 10 10 10 10 2 10 10 10
left_child=1 3 7 5 -5 15 -7 11 9 -8 -10 -2 13 -12 -13 16 18 -17 20 -20 29 -22 23 -23 -24 26 27 28 -26 -1
right_child=2 -3 -4 4 -6 6 8 -9 10 -11 12 14 -14 -15 -16 17 -18 -19 19 -21 21 22 24 -25 25 -27 -28 -29 -30 -31
leaf_value=-21.157295747381337 -858.56166456269057 35419.274609375003 -28564.901542968753 -27388.901039566532 25189.346192382814 -12129.64855638587 29.379129724917206 -2584.5185522460943 2131.0358462524414 -2533.5798363095237 -723.59416760531349 825.99795561290921 -435.49009862627304 1504.5362028702448 -133.92945716594826 6.3855222564865013 -6446.2626860119053 5605.466286399148 -278.54957146895561 1960.1021534886856 -962.64647018997766 88.151835324065857 -1280.0560489430147 1866.5555286754261 -730.82070213524082 -471.88068707784015 930.50834411621099 -1379.4818786621095 1112.2246962436409 324.81224303348461
leaf_weight=4438 41 33 20 31 25 23 46 20 20 21 22 21 56 23 145 21422 21 22 38 29 108 99 34 22 37 192 40 24 43 278
leaf_count=4438 41 33 20 31 25 23 46 20 20 21 22 21 56 23 145 21422 21 22 38 29 108 99 34 22 37 192 40 24 43 278
internal_value=-0.0243439 24.2972 -2673.13 -18.7814 -3916.47 -10.7147 -1392.97 -391.917 -79.4426 -773.936 305.112 -180.072 -56.4573 415.228 -12.4929 0.148981 -47.4017 12.1298 -22.434 690.419 -31.4201 -272.787 -121.046 411.498 -295.203 -195.545 172.903 -118.483 259.816 -0.762993
internal_weight=27394 27147 247 27114 56 27058 211 227 188 67 121 207 101 45 166 26847 5403 21444 5382 67 5315 599 491 121 370 336 144 104 80 4716
internal_count=27394 27147 247 27114 56 27058 211 227 188 67 121 207 101 45 166 26847 5403 21444 5382 67 5315 599 491 121 370 336 144 104 80 4716
is_linear=0
shrinkage=0.05


Tree=179
num_leaves=31
num_cat=1
split_feature=3 4 2 4 4 4 4 4 4 1 4 1 1 1 0 1 4 4 1 4 4 4 1 4 1 4 2 4 1 1
split_gain=6.95303e+11 1.84897e+13 1.50928e+13 4.97575e+12 2.02706e+12 1.14184e+12 1.04524e+10 1.32716e+10 7.89295e+09 6.01686e+09 1.4937e+10 1.09754e+10 2.15253e+10 3.41548e+10 2.29699e+10 3.15443e+10 1.71888e+10 1.57963e+10 1.49084e+10 1.68385e+10 4.39277e+10 1.46968e+10 1.44696e+10 1.77177e+10 1.6054e+10 1.57165e+10 1.40238e+10 1.46779e+10 1.25579e+10 9.51606e+10
threshold=6.5000000000000009 855.00000000000011 5.5000000000000009 342.85821225290857 610.00000000000011 157.37043019679473 140.03401652231085 124.71156790688305 107.09180486240626 0.0046144859813084119 57.963647889479098 0.0016793224299065422 0.0018253504672897198 0.0019713785046728978 0 0.001752336448598131 48.005753699046601 82.6234108886283 0.0020297897196261687 90.100000000000009 89.952709749343711 59.968473166229138 0.0016501168224299068 99.954431178623565 0.0016209112149532712 105.10000000000001 3.5000000000000004 63.850000000000001 0.001153621495327103 0.0011828271028037384
decision_type=2 8 2 8 10 10 10 10 10 10 10 10 10 10 1 10 8 10 10 10 10 10 10 10 10 10 2 10 10 10
left_child=1 4 -2 5 9 6 7 8 -4 11 -11 22 14 26 -13 16 -16 -18 -15 20 21 -20 24 -24 28 -25 -14 -28 -1 -30
right_child=2 -3 3 -5 -6 -7 -8 -9 -10 10 -12 12 13 18 15 -17 17 -19 19 -21 -22 -23 23 25 -26 -27 27 -29 29 -31
leaf_value=5.0530360973173583 35057.337060546874 -34886.135752467111 81.235479587851898 -24870.845341796878 12040.854051339287 11485.363060461958 -1085.8863134765625 1340.4868566894531 -839.83687011718757 -1407.0533372145435 -83.155060745497892 -2.0813719058036804 -313.81991756690479 1058.6739807739257 -92.731144550030052 2000.4122249522109 1493.3521835974927 -52.792193603515628 -4.5129743459638858 1065.9552562366832 -1489.6202040899368 725.35954027362902 62.111277453104655 -2094.3280834056714 1011.5223715757713 -270.52811976841519 -2317.9248486328124 -500.63997204589845 -2030.46795129776 -59.995054928660807
leaf_weight=24065 32 38 334 20 35 23 20 20 25 26 118 150 167 50 65 47 53 24 213 44 42 102 48 27 39 21 20 25 64 1437
leaf_count=24065 32 38 334 20 35 23 20 20 25 26 118 150 167 50 65 47 53 24 213 44 42 102 48 27 39 21 20 25 64 1437
internal_value=-0.0231289 -33.4489 1898.33 -502.319 15.8184 652.588 28.1422 86.93 17.094 0.141532 -322.192 1.87977 164.226 -1.48617 488.317 833.53 506.008 1011.44 244.561 143.051 29.3035 231.827 -4.44958 -617.152 -2.1524 -1296.42 -524.917 -1308.32 -3.69872 -144.013
internal_weight=27394 26920 474 442 26882 422 399 379 359 26847 144 26703 1002 663 339 189 142 77 451 401 357 315 25701 96 25605 48 212 45 25566 1501
internal_count=27394 26920 474 442 26882 422 399 379 359 26847 144 26703 1002 663 339 189 142 77 451 401 357 315 25701 96 25605 48 212 45 25566 1501
cat_boundaries=0 1
cat_threshold=4
is_linear=0
shrinkage=0.05


Tree=180
num_leaves=31
num_cat=1
split_feature=4 1 4 1 3 4 3 2 2 1 4 1 4 4 4 4 1 1 4 4 1 4 1 4 0 4 4 2 1 1
split_gain=6.77633e+11 6.6627e+12 3.83658e+11 2.34811e+12 1.09232e+11 1.83814e+12 1.9666e+11 1.42432e+12 3.97028e+10 2.12203e+10 4.0639e+10 3.0628e+10 1.46733e+10 1.23966e+10 8.71249e+09 7.65224e+09 4.39609e+10 4.61104e+10 3.92843e+10 3.47881e+10 1.01203e+11 1.00867e+10 7.36227e+09 2.13932e+10 7.06225e+09 3.39195e+10 4.32101e+10 5.31401e+10 6.36674e+10 6.30465e+10
threshold=724.50000000000011 0.00030665887850467294 541.00000000000011 7.3014018691588793e-05 7.2500000000000009 142.01342337501239 6.5000000000000009 5.5000000000000009 7.5000000000000009 0.00010221962616822432 104.02526941657378 0.00016063084112149533 485.50000000000006 120.89254377047602 87.725000000000009 365.25855766946296 0.00013142523364485984 0.0002774532710280374 350.83532286447655 447.50000000000006 4.3808411214953281e-05 342.85821225290857 0.0003942757009345795 83.061540417375667 0 247.44277342203219 258.12721786829519 3.5000000000000004 0.00010221962616822432 4.3808411214953281e-05
decision_type=10 10 8 10 2 10 2 2 2 10 8 10 10 10 10 10 10 10 10 8 10 10 10 10 1 10 10 2 10 10
left_child=2 -2 4 -4 6 8 12 -8 -6 10 -9 -11 15 14 -10 18 19 -18 21 20 -17 24 23 -13 -1 -26 -27 28 -28 -29
right_child=1 -3 3 -5 5 -7 7 9 13 11 -12 22 -14 -15 -16 16 17 -19 -20 -21 -22 -23 -24 -25 25 26 27 29 -30 -31
leaf_value=10.204481268056776 24692.087809244793 -12190.170142578127 6297.4907762096773 -12475.534613715279 -1920.0454184255295 15572.942443847656 -13276.032931385871 23.848404643846596 25.210263448365978 2088.6380477523803 -2630.6966145833335 -691.47624698985715 970.42427383814106 1187.9698083496094 -970.34395376352177 -1681.7053201426634 -3107.5781168619797 -293.55287393105999 2067.4596647843073 1918.2404326171877 2130.9169642857141 -1070.0100630326704 -435.674731527056 1489.436963952106 -113.71129094114652 2485.6318791316107 -2234.3328785615809 -670.78510546875009 606.08816125748012 2500.5584937686017
leaf_weight=23608 24 25 31 36 31 20 23 46 142 20 21 22 39 20 26 46 24 37 23 25 28 22 56 23 2802 26 34 25 47 42
leaf_count=23608 24 25 31 36 31 20 23 46 142 20 21 22 39 20 26 46 24 37 23 25 28 22 56 23 2802 26 34 25 47 42
internal_value=-0.0220101 5874.61 -10.5489 -3789.51 -1.26702 1062.96 -10.6738 -1531.17 -262.151 -94.2982 -808.173 300.988 1.28475 11.2251 -128.864 -0.126143 -344.876 -1400.71 1.94528 305.689 -239.091 0.159711 -53.0021 423.213 1.04535 -71.4065 605.742 275.491 -586.187 1317.22
internal_weight=27394 49 27345 67 27278 239 27039 211 219 188 67 121 26828 188 168 26789 160 61 26629 99 74 26606 101 45 26584 2976 174 148 81 67
internal_count=27394 49 27345 67 27278 239 27039 211 219 188 67 121 26828 188 168 26789 160 61 26629 99 74 26606 101 45 26584 2976 174 148 81 67
cat_boundaries=0 1
cat_threshold=8
is_linear=0
shrinkage=0.05


Tree=181
num_leaves=31
num_cat=2
split_feature=3 4 4 2 4 4 3 2 4 4 1 4 5 4 4 1 1 3 4 4 4 1 4 4 5 4 4 4 4 1
split_gain=7.03968e+11 1.63324e+13 5.64287e+12 3.22326e+11 5.10809e+12 1.2764e+12 3.1566e+11 1.14651e+12 1.00705e+11 5.3766e+10 4.3804e+10 4.81291e+10 3.0878e+10 2.427e+11 1.33071e+11 1.31689e+12 2.05143e+10 1.88431e+10 1.5472e+10 1.91008e+10 1.17803e+10 1.03957e+10 8.13383e+09 1.9921e+10 1.65557e+10 1.39415e+11 1.83208e+10 1.63508e+10 5.83494e+10 3.82913e+10
threshold=7.2500000000000009 1186.0000000000002 157.37043019679473 6.5000000000000009 224.50000000000003 724.50000000000011 6.5000000000000009 5.5000000000000009 148.81200982779711 127.28168959952761 0.00010221962616822432 75.018223136952244 0 342.85821225290857 485.50000000000006 0.00010221962616822432 0.00016063084112149533 3.2500000000000004 73.021775652210451 49.973727638524281 99.954431178623565 4.3808411214953281e-05 73.021775652210451 74.010000000000005 1 101.05000000000001 74.750000000000014 99.954431178623565 100.09435955727518 0.00083235981308411226
decision_type=2 8 10 2 10 10 2 2 10 10 10 10 9 10 10 10 10 2 10 10 10 10 10 10 9 10 10 10 10 10
left_child=1 3 9 5 8 6 12 -8 16 21 -9 -12 14 -14 22 -16 18 -18 19 -5 -20 -2 -1 -24 25 -25 -26 -28 29 -29
right_child=2 -3 -4 4 -6 -7 7 10 -10 -11 11 -13 13 -15 15 -17 17 -19 20 -21 -22 -23 23 24 26 -27 27 28 -30 -31
leaf_value=-20.516085386254726 -887.82108600895572 35178.129876893938 -28117.908085937503 459.31041002775493 -26062.840651855469 10484.556590113149 -12612.231233016304 -1564.0328992120151 -3252.2876154119322 -2889.6395117187503 -392.54295809268956 2645.4322626287289 -74.396184769658959 -4941.1618111746657 8032.5521341463427 -5623.9185672883068 827.00584686279296 -423.52315875506793 -789.83064852627842 2103.591042258523 703.86294759114583 1.2505126217761673 691.62044410695205 -63.786095190667481 -1280.7944530345776 3831.3423378273292 102.91071542960434 -296.0441500644846 37.445145652554778 -1346.0655021282157
leaf_weight=16895 41 33 20 38 20 29 23 29 22 20 32 22 301 28 41 31 40 122 22 33 33 166 115 154 27 27 3779 706 4446 99
leaf_count=16895 41 33 20 38 20 29 23 29 22 20 32 22 301 28 41 31 40 122 22 33 33 166 115 154 27 27 3779 706 4446 99
internal_value=-0.020724 24.1565 -2657.26 -18.6288 -1571.74 0.506693 -10.8571 -2733.96 8.33414 -414.035 3.38772 845.151 -0.0255447 -474.176 6.07919 2152.68 257.409 -114.751 735.901 1223.55 106.386 -174.846 0.193229 37.602 29.4604 490.174 19.6903 23.6006 -33.4768 -425.177
internal_weight=27394 27147 247 27114 330 26784 26755 106 310 227 83 54 26649 329 26320 72 288 162 126 71 55 207 26248 9353 9238 181 9057 9030 5251 805
internal_count=27394 27147 247 27114 330 26784 26755 106 310 227 83 54 26649 329 26320 72 288 162 126 71 55 207 26248 9353 9238 181 9057 9030 5251 805
cat_boundaries=0 2 4
cat_threshold=68306945 35 1 1
is_linear=0
shrinkage=0.05


Tree=182
num_leaves=31
num_cat=1
split_feature=3 4 4 2 4 4 4 4 4 1 4 4 2 4 3 1 1 1 1 4 1 2 4 1 1 4 4 4 0 4
split_gain=6.85047e+11 1.80041e+13 1.53025e+13 2.50242e+12 1.74425e+12 1.7141e+12 1.33605e+10 1.26324e+10 6.97172e+09 6.37898e+09 3.44483e+11 6.25438e+10 4.69292e+11 2.21876e+10 2.08692e+10 2.16708e+10 1.01076e+11 4.4592e+10 3.58077e+10 6.67599e+10 4.6323e+10 3.4759e+10 2.29027e+10 3.07774e+10 1.58609e+11 3.90313e+10 2.10764e+10 1.96433e+10 2.22754e+10 2.96407e+10
threshold=6.5000000000000009 855.00000000000011 610.00000000000011 5.5000000000000009 610.00000000000011 157.37043019679473 140.03401652231085 124.71156790688305 107.09180486240626 0.0010075934579439254 250.34974971036357 485.50000000000006 3.5000000000000004 29.050000000000004 2.5000000000000004 0.001153621495327103 0.0011828271028037384 0.0012120327102803741 0.0012996495327102806 39.025000000000006 0.0014164719626168227 5.5000000000000009 57.963647889479098 0.0014164719626168227 0.0014748831775700936 45.979359282938951 74.010000000000005 37.975000000000009 0 67.550000000000011
decision_type=2 8 10 2 10 8 10 10 10 10 10 10 2 10 2 10 10 10 10 10 10 2 10 10 10 10 10 10 1 10
left_child=1 4 3 -2 9 6 7 8 -5 11 13 -1 -13 -11 27 -16 -17 26 21 20 -20 -19 23 -21 25 -25 -18 -15 -29 -30
right_child=2 -3 -4 5 -6 -7 -8 -9 -10 10 -12 12 -14 14 15 16 17 18 19 22 -22 -23 -24 24 -26 -27 -28 28 29 -31
leaf_value=-4.5098102709554198 -14857.947482638889 -34425.221731085527 42605.407759232956 88.028527541931524 11170.119687500001 13279.207384314905 -1230.0903576660157 1318.8766748046876 -777.62453417968754 -650.34016827314326 6607.6224450683603 3070.5000882662262 -6341.0485713252319 -370.33496588002083 288.25178844264298 -2104.2349627685549 2107.8806529017857 -779.83250017791499 1967.8489005395923 490.00472101064827 393.82914655897355 1214.3771525065104 15.827628619864791 -1714.2892206101192 -210.63167916982454 -4612.4954833984375 248.58452743247705 78.967990832633177 463.67447068836765 1683.4793990854116
leaf_weight=23400 27 38 22 334 35 26 20 20 25 117 20 26 27 92 488 60 35 244 59 78 225 24 1002 21 326 26 27 272 213 65
leaf_count=23400 27 38 22 334 35 26 20 20 25 117 20 26 27 92 488 60 35 244 59 78 225 24 1002 21 326 26 27 272 213 65
internal_value=-0.0196883 -33.198 1884.28 -97.718 15.4181 839.991 29.4151 95.8798 27.7463 0.87587 64.9438 -8.39572 -1724.06 26.1609 50.4626 -12.2487 -81.1928 -22.4688 -63.3071 19.6911 720.826 -601.247 -117.351 -413.238 -602.12 -3317.55 1298.19 305.899 419.014 722.878
internal_weight=27394 26920 474 452 26882 425 399 379 359 26847 3394 23453 53 3374 3257 2615 2127 2067 2005 1737 284 268 1453 451 373 47 62 642 550 278
internal_count=27394 26920 474 452 26882 425 399 379 359 26847 3394 23453 53 3374 3257 2615 2127 2067 2005 1737 284 268 1453 451 373 47 62 642 550 278
cat_boundaries=0 1
cat_threshold=4
is_linear=0
shrinkage=0.05


Tree=183
num_leaves=31
num_cat=0
split_feature=3 4 4 4 1 3 2 4 1 4 4 4 4 4 1 1 3 4 4 4 4 2 4 1 1 2 4 1 1 4
split_gain=6.78403e+11 1.54829e+13 5.53243e+12 3.6806e+11 1.45687e+13 1.48768e+11 1.01338e+12 4.77209e+10 2.07698e+10 2.3722e+10 1.76018e+10 8.741e+09 2.1693e+10 8.86416e+09 1.95182e+10 6.98938e+09 6.35967e+09 1.65777e+11 1.00752e+11 2.53891e+10 2.07865e+10 2.08689e+10 2.11913e+10 4.11467e+10 1.92295e+10 1.84169e+10 1.64121e+10 1.63671e+10 2.43478e+10 2.29852e+10
threshold=7.2500000000000009 1186.0000000000002 157.37043019679473 610.00000000000011 0.00016063084112149533 6.5000000000000009 5.5000000000000009 127.28168959952761 7.3014018691588793e-05 99.954431178623565 113.00399063767009 49.009391999014035 42.005000000000003 73.021775652210451 0.00018983644859813087 0.00024824766355140192 4.2500000000000009 459.79793511194481 500.50000000000006 50.010000000000012 53.975000000000009 6.5000000000000009 300.50000000000006 0.00016063084112149533 0.00013142523364485984 6.5000000000000009 32.900000000000006 0.00010221962616822432 0.00016063084112149533 191.19380127490498
decision_type=2 8 10 10 10 2 2 10 10 10 10 10 10 10 10 10 2 10 10 10 10 2 10 10 10 2 10 10 10 10
left_child=1 3 7 5 -5 16 -7 11 9 -8 -10 12 -2 15 -15 -13 18 19 25 24 -21 22 27 -24 -18 -1 -26 29 -29 -22
right_child=2 -3 -4 4 -6 6 8 -9 10 -11 -12 13 -14 14 -16 -17 17 -19 -20 20 21 -23 23 -25 26 -27 -28 28 -30 -31
leaf_value=-7.3415852390048535 331.75561599731446 34251.212405303027 -27818.8387109375 -26969.384816028225 24331.279402343753 -11238.722265625001 -89.427348928740528 -2719.6800109863284 -38.153577484955655 -2209.0519775390626 1509.9568448153411 820.65419523819639 -1446.0257314321159 -934.5978971354167 942.66686157226559 -192.76712691695604 626.75204156751386 4125.1196269531247 -3180.043845703125 -682.87691477050794 -171.4971385672286 -986.18765333670171 2412.547967998798 -400.42594181941104 -789.09474656125337 616.22959315195806 189.19971378670365 660.11754444263602 0.47964676680215979 -1894.9269921875
leaf_weight=23852 32 33 20 31 25 23 33 20 111 22 22 46 37 45 20 27 261 25 25 125 592 54 26 26 47 119 488 162 1025 20
leaf_count=23852 32 33 20 31 25 23 33 20 111 22 22 46 37 45 20 27 261 25 25 125 592 54 26 26 47 119 488 162 1025 20
internal_value=-0.0172611 23.7169 -2608.56 -17.9408 -4067.3 -9.56015 -1332.02 -387.395 -120.033 -937.277 217.925 -162.053 -621.547 67.6943 -356.978 445.827 0.833548 71.4344 -7.55465 35.5738 -58.2723 -17.2877 10.9784 1006.06 274.905 -4.24597 103.256 -17.7844 90.506 -227.818
internal_weight=27394 27147 247 27114 56 27058 211 227 188 55 133 207 69 138 65 73 26847 2851 23996 2826 2030 1905 1851 52 796 23971 535 1799 1187 612
internal_count=27394 27147 247 27114 56 27058 211 227 188 55 133 207 69 138 65 73 26847 2851 23996 2826 2030 1905 1851 52 796 23971 535 1799 1187 612
is_linear=0
shrinkage=0.05


Tree=184
num_leaves=31
num_cat=0
split_feature=3 4 2 4 4 4 4 4 4 4 4 4 1 1 1 2 3 1 1 1 1 1 4 1 1 1 3 1 2 4
split_gain=6.71313e+11 1.73989e+13 1.50133e+13 5.30871e+12 1.649e+12 1.14028e+12 1.11943e+10 1.28374e+10 6.2885e+09 5.904e+09 4.10985e+10 3.1036e+10 4.13206e+10 7.1666e+10 5.80005e+10 4.35409e+10 2.71128e+10 2.66539e+10 2.63077e+10 3.20764e+10 3.21915e+10 4.32507e+10 2.55102e+10 2.54521e+10 2.54427e+10 2.52933e+10 2.7411e+10 2.47643e+10 2.44024e+10 2.92788e+10
threshold=6.5000000000000009 855.00000000000011 5.5000000000000009 342.85821225290857 610.00000000000011 157.37043019679473 140.03401652231085 124.71156790688305 107.09180486240626 49.973727638524281 50.010000000000012 46.02534630120838 0.00074474299065420576 0.00083235981308411226 0.0006279205607476636 3.5000000000000004 2.5000000000000004 4.3808411214953281e-05 0.0014164719626168227 0.0010367990654205608 0.00068633177570093468 0.00024824766355140192 44.95000000000001 0.00074474299065420576 0.00016063084112149533 7.3014018691588793e-05 2.5000000000000004 0.00068633177570093468 2.5000000000000004 38.050000000000004
decision_type=2 8 2 8 10 10 10 10 10 10 10 10 10 10 10 2 2 10 10 10 10 10 10 8 10 10 2 10 2 10
left_child=1 4 -2 5 9 6 7 8 -4 11 16 22 14 -14 15 25 17 -11 19 20 21 -18 28 -22 -19 -13 -27 -16 29 -1
right_child=2 -3 3 -5 -6 -7 -8 -9 -10 10 -12 12 13 -15 27 -17 18 24 -20 -21 23 -23 -24 -25 -26 26 -28 -29 -30 -31
leaf_value=-65.75038948050404 34936.904455566408 -33841.833300781254 89.291006992819788 -25699.680849609376 10860.782833426339 11489.237160326087 -1113.0032708740234 1333.6044219970704 -732.85260742187506 956.91621913364963 0.90161141767741515 -1144.3550311237775 -3266.7243080647786 -532.17526551575224 2720.3397694463315 237.18793640955323 321.96558655572147 -1676.90548802426 -688.14690142544839 2171.9472400395075 -1518.8523109436037 1285.1301241106307 243.45260729108537 266.93081808989905 -92.356936886436074 450.82053488706936 -755.17226365033321 373.87551713423295 10.844432586324508 -531.81305473233442
leaf_weight=1099 32 38 334 20 35 23 20 20 25 35 16433 147 30 119 23 233 349 38 44 30 32 175 931 53 76 78 119 22 6295 486
leaf_count=1099 32 38 334 20 35 23 20 20 25 35 16433 147 30 119 23 233 349 38 44 30 32 175 931 53 76 78 119 22 6295 486
internal_value=-0.0163994 -32.8604 1865.3 -529.021 14.9314 663.901 39.8845 100.723 32.0387 0.79187 18.2597 -30.682 -334.883 -1082.76 -155.73 -290.567 361.104 -249.996 494.418 575.847 497.221 643.633 -4.06319 -405.364 -620.54 -648.028 -277.673 1573.18 -33.3065 -208.657
internal_weight=27394 26920 474 442 26882 422 399 379 359 26847 17265 9582 771 149 622 577 832 149 683 639 609 524 8811 85 114 344 197 45 7880 1585
internal_count=27394 26920 474 442 26882 422 399 379 359 26847 17265 9582 771 149 622 577 832 149 683 639 609 524 8811 85 114 344 197 45 7880 1585
is_linear=0
shrinkage=0.05


Tree=185
num_leaves=31
num_cat=0
split_feature=3 4 4 4 1 3 2 4 1 4 4 1 2 1 4 4 2 4 3 1 1 1 1 4 1 2 4 1 1 4
split_gain=6.36358e+11 1.52932e+13 5.0924e+12 3.10089e+11 1.31991e+13 1.81816e+11 1.23826e+12 4.60071e+10 2.18106e+10 2.56158e+10 1.72724e+10 1.02778e+10 7.10356e+09 5.84006e+09 3.09123e+11 5.60918e+10 4.44482e+11 1.98697e+10 1.92149e+10 1.91856e+10 9.12903e+10 4.01084e+10 3.24081e+10 6.01483e+10 4.17187e+10 3.1273e+10 2.0549e+10 2.64532e+10 1.43093e+11 3.47044e+10
threshold=7.2500000000000009 1186.0000000000002 157.37043019679473 610.00000000000011 0.00016063084112149533 6.5000000000000009 5.5000000000000009 127.28168959952761 7.3014018691588793e-05 99.954431178623565 113.00399063767009 4.3808411214953281e-05 7.5000000000000009 0.0010075934579439254 250.34974971036357 485.50000000000006 3.5000000000000004 29.050000000000004 2.5000000000000004 0.001153621495327103 0.0011828271028037384 0.0012120327102803741 0.0012996495327102806 39.025000000000006 0.0014164719626168227 5.5000000000000009 57.963647889479098 0.0014164719626168227 0.0014748831775700936 45.979359282938951
decision_type=2 8 10 10 10 2 2 10 10 10 10 10 2 10 10 10 2 10 2 10 10 10 10 10 10 2 10 10 10 10
left_child=1 3 7 5 -5 13 -7 11 9 -8 -10 -2 -13 15 17 -1 -17 -15 -19 -20 -21 -22 25 24 -24 -23 27 -25 29 -29
right_child=2 -3 -4 4 -6 6 8 -9 10 -11 -12 12 -14 14 -16 16 -18 18 19 20 21 22 23 26 -26 -27 -28 28 -30 -31
leaf_value=-4.4390086287438359 -883.09039068454661 34040.177249053027 -26713.353437500002 -25534.307711693549 23295.603596679692 -12423.631453804348 -89.420580684777462 -2685.452164306641 -40.34013410001188 -2292.027077414773 1493.2129673350942 860.38899100167419 -123.55023744780442 -614.87517657809792 6259.8491918945319 3033.222846867488 -6126.1703342013898 293.41596701553675 270.88407144898275 -1999.3509657796226 1231.5800176928121 -740.81496948492338 1868.2452284990732 446.34567890656302 374.49653436618382 1150.7509501139323 15.376912759021373 -1633.5626255580357 -194.30846466930367 -4366.4078200707072
leaf_weight=23400 41 33 20 31 25 23 33 20 111 22 22 21 145 117 20 26 27 642 488 60 62 244 59 78 225 24 1002 21 326 26
leaf_count=23400 41 33 20 31 25 23 33 20 111 22 22 21 145 117 20 26 27 642 488 60 62 244 59 78 225 24 1002 21 326 26
internal_value=-0.0155775 22.9713 -2526.43 -18.4304 -3735.24 -10.738 -1472.73 -395.429 -132.992 -970.463 213.33 -174.171 0.924002 0.752277 62.0542 -8.11903 -1632.88 25.3156 48.313 -11.8614 -76.7321 -20.9231 -59.6539 19.3062 684.818 -571.421 -110.773 -391.044 -566.155 -3145.35
internal_weight=27394 27147 247 27114 56 27058 211 227 188 55 133 207 166 26847 3394 23453 53 3374 3257 2615 2127 2067 2005 1737 284 268 1453 451 373 47
internal_count=27394 27147 247 27114 56 27058 211 227 188 55 133 207 166 26847 3394 23453 53 3374 3257 2615 2127 2067 2005 1737 284 268 1453 451 373 47
is_linear=0
shrinkage=0.05


Tree=186
num_leaves=31
num_cat=1
split_feature=3 4 4 2 4 4 4 4 4 1 4 4 4 2 4 4 4 4 4 4 2 4 4 4 4 4 0 4 3 4
split_gain=6.58924e+11 1.68282e+13 1.42357e+13 2.4725e+12 1.74598e+12 1.55544e+12 9.31157e+09 1.29569e+10 5.70689e+09 5.62596e+09 3.63219e+11 3.1674e+11 1.48888e+10 3.29734e+10 1.36802e+10 2.29268e+10 1.60514e+10 2.05377e+10 1.33287e+10 1.20122e+10 1.18118e+10 1.79665e+10 2.44587e+10 1.12205e+10 5.29347e+10 2.66405e+10 1.36373e+10 1.18917e+10 1.6064e+10 1.24375e+10
threshold=6.5000000000000009 855.00000000000011 610.00000000000011 5.5000000000000009 157.37043019679473 610.00000000000011 140.03401652231085 124.71156790688305 107.09180486240626 4.3808411214953281e-05 485.50000000000006 500.50000000000006 350.83532286447655 3.5000000000000004 142.01342337501239 151.03562962108694 170.00423548663119 167.26344563485318 179.65200040916665 215.16819001774374 3.5000000000000004 203.95000000000002 191.19380127490498 116.06391675956895 119.35000000000001 113.00399063767009 0 131.59405492448974 3.2500000000000004 128.94359774024059
decision_type=2 8 10 2 8 10 10 10 10 8 10 10 10 2 10 10 10 10 10 10 2 10 10 10 10 10 1 10 2 10
left_child=1 5 3 -2 6 9 7 8 -5 10 12 -11 14 -14 23 -16 17 -17 -18 20 21 22 -20 25 -25 26 -1 28 29 -26
right_child=2 -3 -4 4 -6 -7 -8 -9 -10 11 -12 -13 13 -15 15 16 18 -19 19 -21 -22 -23 -24 24 27 -27 -28 -29 -30 -31
leaf_value=9.3452488376414689 -14735.379933449074 -33282.461595394736 41124.077654474437 91.376101593200318 13422.812875600963 10548.104023437501 -1001.1249523925781 1344.4448538208007 -691.82608642578134 6.0455930092262182 -6607.8352399553569 6008.5534665194427 -247.57122545744244 1991.1427900643184 -913.25778723822702 84.21935471043443 -1215.4954518037684 1773.1433416193181 -694.80578976192999 -435.54572923978168 898.75622253417976 -1312.1152690887452 1058.6576924168787 2188.0628499348959 270.92821246121838 -1373.9593939887154 -447.35491569462948 574.35981308786495 -1296.6256112557871 -889.83210780702802
leaf_weight=4242 27 38 22 334 26 35 20 20 25 21422 21 22 38 29 108 99 34 22 37 192 40 24 43 33 113 36 160 76 27 29
leaf_count=4242 27 38 22 334 26 35 20 20 25 21422 21 22 38 29 108 99 34 22 37 192 40 24 43 33 113 36 160 76 27 29
internal_value=-0.0147998 -32.5544 1848.01 -63.6543 868.432 14.4472 50.3518 105.839 36.8356 0.714662 -44.8844 12.2037 -19.2764 721.424 -28.6136 -253.694 -108.617 391.296 -272.102 -176.639 168.569 -112.272 247.681 -0.0251464 308.123 -19.3278 -8.24951 54.907 -178.693 33.8715
internal_weight=27394 26920 474 452 425 26882 399 379 359 26847 5403 21444 5382 67 5315 599 491 121 370 336 144 104 80 4716 278 4438 4402 245 169 142
internal_count=27394 26920 474 452 425 26882 399 379 359 26847 5403 21444 5382 67 5315 599 491 121 370 336 144 104 80 4716 278 4438 4402 245 169 142
cat_boundaries=0 1
cat_threshold=8
is_linear=0
shrinkage=0.05


Tree=187
num_leaves=31
num_cat=1
split_feature=3 4 4 4 1 3 2 4 1 4 1 2 1 4 4 4 1 3 4 1 4 4 5 4 1 2 2 1 4 4
split_gain=6.14876e+11 1.4497e+13 5.00554e+12 3.18656e+11 1.20423e+13 1.54991e+11 9.72713e+11 4.09543e+10 2.23755e+10 5.4493e+10 2.79729e+10 9.5089e+09 7.15609e+09 1.83284e+10 7.98189e+09 5.66197e+09 6.57505e+09 8.05335e+09 1.34661e+10 5.84906e+09 5.63945e+09 5.1716e+10 4.28906e+10 7.79898e+10 3.94955e+10 5.50332e+10 3.46733e+10 1.36466e+11 8.75484e+10 4.95812e+10
threshold=7.2500000000000009 1186.0000000000002 153.64123960510702 610.00000000000011 0.00016063084112149533 6.5000000000000009 5.5000000000000009 127.28168959952761 0.00010221962616822432 109.02010963339808 0.00016063084112149533 7.5000000000000009 0.0003942757009345795 83.061540417375667 75.994942039179293 96.01690194948624 0.00065712616822429925 8.5000000000000018 59.968473166229138 0.00091997663551401877 100.09435955727518 99.954431178623565 0 145.03486188785863 0.00016063084112149533 2.5000000000000004 5.5000000000000009 0.00024824766355140192 500.50000000000006 334.40804515234134
decision_type=2 8 8 10 10 2 2 10 10 10 10 2 10 10 10 10 10 2 10 10 10 10 9 10 10 2 2 10 10 10
left_child=1 3 7 5 -5 20 -7 11 9 -8 -10 -2 13 -12 -14 16 17 -13 -19 -18 21 -1 23 -22 -23 -26 28 -28 29 -24
right_child=2 -3 -4 4 -6 6 8 -9 10 -11 12 15 14 -15 -16 -17 19 18 -20 -21 22 24 26 -25 25 -27 27 -29 -30 -31
leaf_value=4.920739434722595 -1001.4999633789063 33142.366465435611 -26463.202578124998 -24607.41214717742 22033.590586669921 -11065.680927309782 58.060516755477238 -2531.2909271240237 1941.9608105468751 -3015.8369931175598 -667.00599309747872 -190.54372483856824 -37.091865581936304 1351.6527489703635 -1282.8985717773439 -757.1954759680707 -1010.2284923206677 139.77020010599276 1696.7593784877236 142.73794389204545 290.52362401861893 -107.70780492855025 70.082315928750219 3418.8997323495373 1491.7238403320314 -992.6650383227169 -1764.618297327482 1314.9029956262764 2579.4634420955881 -699.41675370649864
leaf_weight=21202 29 33 20 31 25 23 46 20 20 21 22 49 36 23 20 23 22 41 21 22 76 474 4318 27 24 313 104 55 34 220
leaf_count=21202 29 33 20 31 25 23 46 20 20 21 22 49 36 23 20 23 22 41 21 22 76 474 4318 27 24 313 104 55 34 220
internal_value=-0.0220535 22.5735 -2483.43 -17.736 -3785.54 -9.93808 -1359.78 -370.677 -172.351 -905.4 233.552 -161.922 -104.747 364.753 -482.023 -25.1371 83.4909 288.521 667.138 -433.745 0.670771 -10.068 49.5728 1012.3 -401.919 -815.735 26.4174 -699.375 51.716 32.7774
internal_weight=27394 27147 247 27114 56 27058 211 227 188 67 121 207 101 45 56 178 155 111 62 44 26847 22013 4834 103 811 337 4731 159 4572 4538
internal_count=27394 27147 247 27114 56 27058 211 227 188 67 121 207 101 45 56 178 155 111 62 44 26847 22013 4834 103 811 337 4731 159 4572 4538
cat_boundaries=0 2
cat_threshold=32768 1
is_linear=0
shrinkage=0.05


Tree=188
num_leaves=31
num_cat=0
split_feature=3 4 2 4 4 4 4 4 4 3 4 4 2 4 2 4 4 4 4 4 1 4 3 4 3 1 4 1 1 4
split_gain=6.45172e+11 1.62613e+13 1.46525e+13 5.65485e+12 1.46924e+12 1.18404e+12 7.39428e+09 1.32155e+10 7.87215e+09 5.86712e+09 1.58258e+11 1.00806e+11 2.19703e+10 2.29313e+10 1.64911e+10 1.62024e+10 1.58485e+10 1.77079e+10 1.68423e+10 1.50136e+10 1.58846e+10 1.27418e+10 3.9407e+11 1.52519e+10 1.79784e+11 1.04876e+11 1.33517e+10 1.63352e+10 1.24651e+10 1.2153e+10
threshold=6.5000000000000009 855.00000000000011 5.5000000000000009 342.85821225290857 610.00000000000011 157.37043019679473 140.03401652231085 120.89254377047602 102.53757864804031 4.2500000000000009 459.79793511194481 500.50000000000006 3.5000000000000004 73.021775652210451 6.5000000000000009 37.975000000000009 48.005753699046601 41.938621515944071 73.021775652210451 420.50000000000006 0.00016063084112149533 350.83532286447655 3.2500000000000004 300.50000000000006 3.2500000000000004 0.00010221962616822432 391.08371961117962 7.3014018691588793e-05 0.0003942757009345795 49.973727638524281
decision_type=2 8 2 8 10 10 10 10 10 2 10 10 2 10 2 10 10 10 10 10 10 10 2 10 2 10 10 10 10 10
left_child=1 4 -2 5 9 6 7 8 -4 11 12 14 13 15 19 -11 17 -16 28 21 -21 23 26 29 25 -25 27 -23 -18 -1
right_child=2 -3 3 -5 -6 -7 -8 -9 -10 10 -12 -13 -14 -15 16 -17 18 -19 -20 20 -22 22 -24 24 -26 -27 -28 -29 -30 -31
leaf_value=-51.149457259730447 34500.424816894534 -32717.220790501644 88.753489421856088 -26515.057880859375 10251.618738839286 11725.555791440218 -878.43170654296887 1174.0643966109665 -868.05749724014959 253.63355274200441 4029.1358199462893 -3180.7545800781249 -0.8550652190131498 -899.30559276234021 807.23648570667615 1336.6769949544271 2590.172284240723 -1222.6242879231772 189.78338479434743 -1502.1531005859376 222.1028409090909 -2609.9807834201392 5975.1563334960938 -739.07251848493308 -3925.2866716056037 3351.1854785156247 -377.55651171875002 -724.66243164062507 865.46250847903161 22.933270566349893
leaf_weight=8867 32 38 329 20 35 23 20 27 23 64 25 25 2665 22 22 75 20 21 34 34 22 27 25 42 29 25 25 20 22 14736
leaf_count=8867 32 38 329 20 35 23 20 27 23 64 25 25 2665 22 22 75 20 21 34 34 22 27 25 42 29 25 25 20 22 14736
internal_value=-0.0209559 -32.2192 1828.62 -536.759 13.9839 694.439 58.5606 108.006 26.2346 0.637232 68.4491 -7.41959 33.4111 600.612 -4.11003 838.01 583.028 -184.091 1017.06 -7.03932 -824.767 -5.11494 566.776 -7.45569 -636.403 787.143 -1311.13 -1807.72 1686.75 -4.89758
internal_weight=27394 26920 474 442 26882 422 399 379 352 26847 2851 23996 2826 161 23971 139 119 43 76 23852 56 23796 97 23699 96 67 72 47 42 23603
internal_count=27394 26920 474 442 26882 422 399 379 352 26847 2851 23996 2826 161 23971 139 119 43 76 23852 56 23796 97 23699 96 67 72 47 42 23603
is_linear=0
shrinkage=0.05


Tree=189
num_leaves=31
num_cat=1
split_feature=3 4 4 2 4 4 4 4 4 2 2 4 4 1 1 2 0 4 1 4 4 1 4 2 3 4 4 4 2 1
split_gain=5.82268e+11 1.46758e+13 1.3316e+13 2.61313e+12 1.63188e+12 1.32599e+12 6.67333e+09 1.2008e+10 5.5115e+09 3.80754e+10 2.2291e+10 1.53617e+10 4.22821e+10 4.72536e+10 7.18919e+10 4.16492e+10 2.7763e+10 2.81905e+11 4.67394e+11 1.69472e+11 1.15873e+11 1.75105e+11 9.95664e+10 8.38459e+10 9.86978e+10 3.23538e+10 2.77843e+10 7.49467e+10 3.45165e+10 2.71129e+10
threshold=6.5000000000000009 855.00000000000011 610.00000000000011 5.5000000000000009 157.37043019679473 610.00000000000011 140.03401652231085 124.71156790688305 75.018223136952244 7.5000000000000009 7.5000000000000009 84.98579275090411 86.010308710791818 0.00048189252336448607 0.00024824766355140192 2.5000000000000004 0 447.50000000000006 0.00013142523364485984 500.50000000000006 365.25855766946296 0.00010221962616822432 290.50000000000006 4.5000000000000009 3.2500000000000004 447.50000000000006 365.25855766946296 342.85821225290857 1.5000000000000002 0.00010221962616822432
decision_type=2 8 10 2 8 10 10 10 10 2 2 10 10 10 10 2 1 10 10 10 10 10 10 2 2 10 10 10 2 10
left_child=1 5 3 -2 6 8 7 -5 10 11 -1 -10 13 14 15 -13 17 20 -19 25 22 -22 -14 24 -24 26 27 28 -18 -17
right_child=2 -3 -4 4 -6 -7 -8 -9 9 -11 -12 12 16 -15 -16 29 19 18 -20 -21 21 -23 23 -25 -26 -27 -28 -29 -30 -31
leaf_value=-19.254894386754394 -15194.913266782409 -31081.358819901317 39723.40694857511 36.177324312842323 12983.765114182694 9739.037661830358 -834.51010467529306 1294.9971072387698 178.53946308301843 -1613.9380535016742 874.76529998779301 1261.7197509765626 9.5535970744987324 646.78520980342751 -2565.2435881969977 -1307.0729673324095 843.47431708441843 9840.7002099609381 -720.41623757102275 -4483.1950962611609 -5181.3097187500007 863.82352560292111 5953.746376953125 -43.601769625756049 1241.3145129394534 -1545.9718394886365 1014.3490523856026 -2568.3892377580919 7.6943847199290509 70.424628527411102
leaf_weight=17605 27 38 22 359 26 35 20 20 1610 35 70 30 480 62 51 93 126 20 22 21 25 23 20 31 25 33 70 28 6309 58
leaf_count=17605 27 38 22 359 26 35 20 20 1610 35 70 30 480 62 51 93 126 20 22 21 25 23 20 31 25 33 70 28 6309 58
internal_value=-0.0199045 -30.6082 1737.19 -111.698 846.53 13.2847 55.6326 102.606 0.605374 32.0542 -15.7142 38.3593 8.37526 -579.416 -907.108 -439.898 32.2672 342.442 4308.69 1.32591 72.313 -2284.68 275.795 1957.32 3335.73 15.6707 23.559 12.8279 24.0593 -777.968
internal_weight=27394 26920 474 452 425 26882 399 379 26847 9172 17675 9137 7527 294 232 181 7233 646 42 6587 604 48 556 76 45 6566 6533 6463 6435 151
internal_count=27394 26920 474 452 425 26882 399 379 26847 9172 17675 9137 7527 294 232 181 7233 646 42 6587 604 48 556 76 45 6566 6533 6463 6435 151
cat_boundaries=0 1
cat_threshold=2
is_linear=0
shrinkage=0.05


Tree=190
num_leaves=31
num_cat=1
split_feature=3 4 4 4 1 1 3 2 4 4 4 4 2 1 4 1 4 0 4 3 3 4 1 1 4 4 2 4 3 1
split_gain=6.1709e+11 8.48879e+12 2.96918e+12 3.39642e+11 9.10748e+12 5.26293e+11 4.85692e+10 1.63842e+12 2.80163e+11 1.5577e+10 1.33763e+10 6.45768e+09 4.27272e+10 1.68796e+11 4.22828e+10 2.30591e+10 1.44655e+10 8.41719e+09 2.20142e+10 5.11751e+10 1.17781e+11 1.52171e+11 6.07609e+10 1.08056e+11 1.52504e+11 4.55279e+10 2.11196e+10 2.29205e+10 2.28023e+10 2.22856e+10
threshold=8.5000000000000018 1186.0000000000002 124.71156790688305 541.00000000000011 0.00016063084112149533 7.3014018691588793e-05 6.5000000000000009 5.5000000000000009 156.03962222900353 133.13716495110961 485.50000000000006 365.25855766946296 3.5000000000000004 0.00010221962616822432 350.83532286447655 0.00010221962616822432 400.25000000000006 0 247.44277342203219 4.2500000000000009 3.2500000000000004 300.50000000000006 4.3808411214953281e-05 7.3014018691588793e-05 300.50000000000006 264.62970034264117 1.5000000000000002 27.950000000000003 1.5000000000000002 0.00016063084112149533
decision_type=2 8 10 10 10 10 2 2 10 10 10 10 2 10 10 10 10 1 10 2 2 10 10 10 10 10 2 10 2 10
left_child=1 3 -2 6 5 -5 10 -8 9 -9 11 14 15 -14 17 16 -13 26 -19 20 22 -22 -20 -24 25 -25 27 -1 29 -28
right_child=2 -3 -4 4 -6 -7 7 8 -10 -11 -12 12 13 -15 -16 -17 -18 18 19 -21 21 -23 23 24 -26 -27 28 -29 -30 -31
leaf_value=-527.6222200697747 -77.432519591680858 24983.721495863971 -21163.960429687504 -22668.643859375003 17060.351306152344 -11786.740282745362 -12916.924140625 97.584994133194883 6113.97904296875 -1316.5272584461031 926.79821213942307 156.55080566406252 -3232.668296636537 1563.2579505920412 2144.9313370414402 -557.67437672334563 1856.7980047817889 -114.47131564254681 -1039.4096715654646 2767.7196986607141 516.60318813981689 -4997.9592806729406 4590.6525518002718 1012.2664990234375 4330.4718115234382 -2067.5021911621093 -435.51994320449012 449.49210892882115 12.686271524764255 112.43671137308903
leaf_weight=69 101 34 20 25 32 20 25 268 20 21 39 22 43 32 23 34 29 2802 28 21 29 22 23 20 20 30 558 461 22245 278
leaf_count=69 101 34 20 25 32 20 25 268 20 21 39 22 43 32 23 34 29 2802 28 21 29 22 23 20 20 30 558 461 22245 278
internal_value=-0.0189096 15.7878 -3562.81 -15.3774 -3331.42 -17832.2 -5.97692 -605.203 390.891 -5.17057 1.48326 0.136164 -316.563 -1186.41 2.03905 450.945 1123.36 0.186591 -78.6319 437.615 153.126 -1862.23 1002.57 1617.36 640.424 -835.595 10.2135 322.283 3.05201 -253.305
internal_weight=27394 27273 121 27239 77 45 27162 334 309 289 26828 26789 160 75 26629 85 51 26606 2995 193 172 51 121 93 70 50 23611 530 23081 836
internal_count=27394 27273 121 27239 77 45 27162 334 309 289 26828 26789 160 75 26629 85 51 26606 2995 193 172 51 121 93 70 50 23611 530 23081 836
cat_boundaries=0 1
cat_threshold=8
is_linear=0
shrinkage=0.05


Tree=191
num_leaves=31
num_cat=1
split_feature=3 4 4 3 2 4 4 4 1 4 4 4 4 1 1 1 4 1 1 1 0 1 4 4 1 4 4 4 2 4
split_gain=5.73342e+11 1.4139e+13 4.81812e+12 6.1414e+11 3.25544e+12 1.23508e+12 3.37386e+11 2.33702e+11 3.67375e+10 5.47524e+10 2.03134e+10 1.70164e+10 1.24117e+10 5.81878e+09 6.86913e+09 5.39461e+09 1.37661e+10 9.55965e+09 2.0076e+10 3.04414e+10 2.02154e+10 2.87001e+10 1.5456e+10 1.40655e+10 1.36211e+10 1.50079e+10 3.99569e+10 1.30599e+10 1.22669e+10 1.27273e+10
threshold=7.2500000000000009 855.00000000000011 157.37043019679473 6.5000000000000009 5.5000000000000009 610.00000000000011 1.0000000180025095e-35 148.81200982779711 0.00010221962616822432 84.98579275090411 89.952709749343711 112.05000000000001 51.720000000000006 0.0006279205607476636 0.00091997663551401877 0.0046144859813084119 67.050000000000011 0.0016793224299065422 0.0018253504672897198 0.0019713785046728978 0 0.001752336448598131 49.973727638524281 82.6234108886283 0.0020297897196261687 90.100000000000009 89.952709749343711 59.968473166229138 3.5000000000000004 63.850000000000001
decision_type=2 10 10 2 2 10 10 10 10 10 10 8 10 10 10 10 10 10 10 10 1 10 10 10 10 10 10 10 2 10
left_child=1 3 8 5 -5 6 -1 11 9 12 13 -6 -2 -10 -15 17 -17 -8 20 28 -19 22 -22 -24 -21 26 27 -26 -20 -30
right_child=2 -3 -4 4 7 -7 15 -9 10 -11 -12 -13 -14 14 -16 16 -18 18 19 24 21 -23 23 -25 25 -27 -28 -29 29 -31
leaf_value=-6193.7273437500007 -923.20914572010861 36875.765771484374 -25924.627578125001 -20029.551188151043 -51.051696203859059 9394.2723716517849 -3.5772726504289056 -5233.4632147084121 214.7497486114502 -2552.6978104440791 1478.9521127929688 1469.2337739490329 632.13028774919189 -1087.2189345703125 110.09357167119566 -661.07285993860125 365.77718225097658 5.6838446569442755 -302.91833743934859 1004.2665843505861 -89.706235961914061 1903.4938358388049 1412.0738672220484 -46.907124582926436 -7.9580913418335548 1000.3618732799183 -1426.9684268043156 680.06960393260511 -2173.1693896484376 -480.94017190551762
leaf_weight=22 23 26 20 24 149 35 25701 23 64 38 25 21 29 25 23 94 50 150 167 50 65 47 53 24 213 44 42 102 20 25
leaf_count=22 23 26 20 24 149 35 25701 23 64 38 25 21 29 25 23 94 50 150 167 50 65 47 53 24 213 44 42 102 20 25
internal_value=-0.0179649 21.8011 -2398.09 -13.5295 -2662.82 7.83888 -4.38804 -503.225 -325.265 -1110.05 190.288 136.748 -55.8083 -97.3602 -513.507 0.683866 -304.528 2.32977 153.844 -6.19253 466.834 790.691 478.051 957.327 226.094 129.066 21.6789 214.832 -500.35 -1233.04
internal_weight=27394 27147 247 27121 217 26904 26869 193 227 90 137 170 52 112 48 26847 144 26703 1002 663 339 189 142 77 451 401 357 315 212 45
internal_count=27394 27147 247 27121 217 26904 26869 193 227 90 137 170 52 112 48 26847 144 26703 1002 663 339 189 142 77 451 401 357 315 212 45
cat_boundaries=0 1
cat_threshold=4
is_linear=0
shrinkage=0.05


Tree=192
num_leaves=31
num_cat=2
split_feature=3 2 4 4 4 4 1 1 4 2 3 4 4 4 1 2 4 4 2 2 5 4 4 4 1 2 0 4 1 4
split_gain=6.14545e+11 1.46106e+13 1.45539e+13 6.06466e+12 1.11345e+12 1.10237e+12 6.44701e+09 2.26818e+10 1.66746e+10 8.62928e+09 1.18127e+10 5.24831e+10 1.45187e+10 1.11112e+10 8.73915e+09 6.23737e+09 5.7874e+09 5.40489e+09 3.31359e+10 1.99521e+10 1.49036e+10 1.21366e+11 1.58919e+10 4.92709e+10 3.58953e+10 4.93206e+10 2.76924e+10 2.49166e+11 4.6909e+11 1.37713e+11
threshold=6.5000000000000009 5.5000000000000009 855.00000000000011 342.85821225290857 610.00000000000011 157.37043019679473 0.00016063084112149533 0.00018983644859813087 60.713179885979471 7.5000000000000009 8.5000000000000018 75.018223136952244 70.013417141448613 76.026746492412926 4.3808411214953281e-05 8.5000000000000018 43.900000000000006 75.018223136952244 7.5000000000000009 7.5000000000000009 0 101.05000000000001 99.954431178623565 100.09435955727518 0.00016063084112149533 2.5000000000000004 1 447.50000000000006 0.00013142523364485984 500.50000000000006
decision_type=2 2 8 8 10 10 10 10 10 2 2 10 10 10 10 2 10 10 2 2 9 10 10 10 10 2 1 10 10 10
left_child=2 -2 4 5 17 6 9 -8 15 13 11 -11 -12 14 -3 16 -9 19 20 -1 21 -19 -22 24 -24 -26 27 -25 -29 -28
right_child=1 3 -4 -5 -6 -7 7 8 -10 10 12 -13 -14 -15 -16 -17 -18 18 -20 -21 22 -23 23 26 25 -27 29 28 -30 -31
leaf_value=-18.860984719847117 34409.724444580082 -563.80654574307528 -30952.973761307567 -27480.46540527344 8924.5590485491084 11341.632574728261 -1432.2610909598216 -67.557148012907618 600.63089177774827 1069.2292940579928 -189.58517318233368 -2078.1491785120083 1468.4203082540762 1321.3449066986909 802.57529528808595 154.17508544921876 -1088.5619913373675 -84.976673160382177 -1503.7265792410715 826.95777973720021 114.44674824640998 3589.5123697210242 -102.5624255835632 75.72431564401829 1406.5739379882814 -945.34073726666247 13.302550399875983 9616.1407324218744 -964.11862571022721 -4045.8466471354168
leaf_weight=17605 32 22 38 20 35 23 28 23 86 26 31 27 23 37 25 36 35 134 35 70 3379 27 473 539 24 313 4185 20 22 21
leaf_count=17605 32 22 38 20 35 23 28 23 86 26 31 27 23 37 25 36 35 134 35 70 3379 27 473 539 24 313 4185 20 22 21
internal_value=-0.0169667 1784.69 -31.4416 -577.301 12.2686 697.73 84.172 -108.424 97.506 293.91 -3.86485 -534.152 516.602 673.219 162.992 -362.8 -683.681 0.649778 31.793 -15.5112 37.6749 500.175 28.7899 -22.8712 -383.513 -777.845 38.1525 358.592 4074.1 -6.94772
internal_weight=27394 474 26920 442 26882 422 399 208 180 191 107 53 54 84 47 94 58 26847 9172 17675 9137 161 8976 5597 810 337 4787 581 42 4206
internal_count=27394 474 26920 442 26882 422 399 208 180 191 107 53 54 84 47 94 58 26847 9172 17675 9137 161 8976 5597 810 337 4787 581 42 4206
cat_boundaries=0 2 3
cat_threshold=1 1 2
is_linear=0
shrinkage=0.05


Tree=193
num_leaves=31
num_cat=0
split_feature=3 2 4 4 4 4 1 1 4 2 3 4 4 4 1 4 2 3 1 4 4 2 1 1 4 3 4 1 4 3
split_gain=5.54627e+11 1.31861e+13 1.31349e+13 5.47336e+12 1.00489e+12 9.94893e+11 5.81843e+09 2.04703e+10 1.50488e+10 7.78793e+09 1.06609e+10 4.7366e+10 1.31031e+10 1.00279e+10 7.88708e+09 5.73989e+09 1.42419e+10 5.45001e+09 4.93099e+09 2.65738e+11 5.06863e+10 3.85744e+11 4.72043e+11 1.02251e+12 8.64857e+10 8.06268e+10 4.85281e+10 3.29321e+10 1.74269e+10 1.9028e+10
threshold=6.5000000000000009 5.5000000000000009 855.00000000000011 342.85821225290857 610.00000000000011 157.37043019679473 0.00016063084112149533 0.00018983644859813087 60.713179885979471 7.5000000000000009 8.5000000000000018 75.018223136952244 70.013417141448613 76.026746492412926 4.3808411214953281e-05 41.938621515944071 8.5000000000000018 7.2500000000000009 0.0010075934579439254 250.34974971036357 365.25855766946296 3.5000000000000004 0.00013142523364485984 4.3808411214953281e-05 447.50000000000006 2.5000000000000004 350.83532286447655 7.3014018691588793e-05 30.050000000000004 2.5000000000000004
decision_type=2 2 8 8 10 10 10 10 10 2 2 10 10 10 10 10 2 2 10 10 10 2 10 10 10 2 10 10 10 2
left_child=2 -2 4 5 18 6 9 -8 15 13 11 -11 -12 14 -3 -9 17 -17 20 28 26 24 23 -23 27 -26 -1 -22 -20 -30
right_child=1 3 -4 -5 -6 -7 7 8 -10 10 12 -13 -14 -15 -16 16 -18 -19 19 -21 21 22 -24 -25 25 -27 -28 -29 29 -31
leaf_value=-2.7880308539686602 32689.240747070315 -535.61625865589485 -29405.324609375002 -26106.441552734377 8478.3305147879473 10774.55090013587 -1360.6480285644532 287.20725614107573 570.59936413432285 1015.7678363506611 -180.10591257925958 -1974.2417473687067 1394.9992649244227 1255.2776419974662 762.44650573730473 -613.08526319420855 362.73702490234376 -1741.6438140869141 -427.4126618999066 5803.3824243164063 -1058.7212535511364 -6090.6928815056299 -7421.3383384303052 6942.4140842013894 620.76856578480113 4733.5187312199514 2346.6339677290484 1250.7883721713363 296.33767126939432 -9.7078682142117856
leaf_weight=23222 32 22 38 20 35 23 28 26 86 26 31 27 23 37 25 23 25 20 202 20 33 34 38 27 22 26 22 29 635 2537
leaf_count=23222 32 22 38 20 35 23 28 26 86 26 31 27 23 37 25 23 25 20 202 20 33 34 38 27 22 26 22 29 635 2537
internal_value=-0.0161154 1695.46 -29.8696 -548.436 11.6552 662.844 79.9634 -103.003 92.6307 279.215 -3.67162 -507.445 490.772 639.558 154.843 -344.66 -586.256 -1138 0.617289 56.9463 -7.53437 -782.707 -3046.96 -321.941 1255.12 2848.51 -0.564348 21.5332 22.8833 51.5591
internal_weight=27394 474 26920 442 26882 422 399 208 180 191 107 53 54 84 47 94 68 43 26847 3394 23453 209 99 61 110 48 23244 62 3374 3172
internal_count=27394 474 26920 442 26882 422 399 208 180 191 107 53 54 84 47 94 68 43 26847 3394 23453 209 99 61 110 48 23244 62 3374 3172
is_linear=0
shrinkage=0.05


Tree=194
num_leaves=31
num_cat=1
split_feature=3 4 4 4 1 3 2 2 1 4 1 1 4 4 2 4 4 4 1 5 4 4 1 1 1 1 4 4 4 1
split_gain=5.55429e+11 1.60214e+13 4.51123e+12 3.63056e+11 1.0131e+13 2.39174e+11 1.36458e+12 4.66362e+10 3.66411e+10 8.88188e+10 2.78595e+10 1.01294e+10 1.87624e+10 1.16051e+10 1.0041e+10 9.91809e+09 5.71739e+09 5.57242e+09 5.71183e+09 5.41411e+09 1.11285e+10 3.62436e+10 1.39894e+10 2.71672e+10 2.21303e+10 1.55878e+10 1.51694e+10 1.27708e+10 1.40777e+10 1.21704e+10
threshold=7.2500000000000009 1186.0000000000002 157.37043019679473 610.00000000000011 0.00016063084112149533 6.5000000000000009 5.5000000000000009 7.5000000000000009 0.00010221962616822432 109.02010963339808 0.00016063084112149533 0.0003942757009345795 83.061540417375667 75.994942039179293 8.5000000000000018 95.050000000000011 59.968473166229138 54.955142748933561 0.00013142523364485984 0 365.25855766946296 310.02166095522585 0.00024824766355140192 0.00033586448598130848 0.0003942757009345795 0.00051109813084112166 215.16819001774374 123.02468001013929 143.02851039632483 0.00083235981308411226
decision_type=2 8 10 10 10 2 2 2 10 10 10 10 10 10 2 8 10 10 10 9 10 10 10 10 10 10 10 10 10 10
left_child=1 3 7 5 -5 19 -7 -2 9 -8 -10 12 -12 -13 15 17 -16 -9 -19 -1 21 22 26 -24 -25 27 -21 -26 -29 -27
right_child=2 -3 -4 4 -6 6 8 14 10 -11 11 13 -14 -15 16 -17 -18 18 -20 20 -22 -23 23 24 25 29 -28 28 -30 -31
leaf_value=5.5896731131350208 -2156.6484130859376 34839.126287286934 -25125.286484374999 -23140.789579133067 19639.02705432129 -13185.296858016307 8.9750400377356492 -568.45158011300225 1941.36791015625 -3915.4078729538692 -586.50690834738987 -13.557235717773438 1455.9163701596469 -1515.7383105468753 44.365789727997367 -1161.3220182800294 906.71201256061431 -254.18925374348962 874.95278087797624 -211.9564041859395 965.49509480794279 -2181.0587797619046 835.67543948491425 -1034.926005045573 -100.61592486837637 -445.80585588160011 -1240.4566938351363 1765.6372054561493 329.85875220047802 85.409873802242089
leaf_weight=25585 31 33 20 31 25 23 46 35 20 21 22 36 23 20 57 30 29 24 21 444 24 21 96 54 46 168 39 31 38 301
leaf_count=25585 31 33 20 31 25 23 46 35 20 21 22 36 23 20 57 30 29 24 21 444 24 21 96 54 46 168 39 31 38 301
internal_value=-0.015306 21.4602 -2360.33 -20.9158 -4042.66 -12.5923 -1689.41 -354.602 -282.996 -1221.06 236.425 -101.187 457.398 -550.05 -69.5842 -386.018 335.157 -95.2792 272.744 0.586425 -100.097 -121.564 -86.0259 51.4889 -66.5078 23.0377 -295.003 544.705 974.919 -104.876
internal_weight=27394 27147 247 27114 56 27058 211 227 188 67 121 101 45 56 196 110 86 80 45 26847 1262 1238 1217 734 638 584 483 115 69 469
internal_count=27394 27147 247 27114 56 27058 211 227 188 67 121 101 45 56 196 110 86 80 45 26847 1262 1238 1217 734 638 584 483 115 69 469
cat_boundaries=0 2
cat_threshold=1067009 33
is_linear=0
shrinkage=0.05


Tree=195
num_leaves=31
num_cat=0
split_feature=3 4 4 2 4 4 1 1 4 2 4 3 4 4 1 4 2 3 4 4 2 1 4 4 1 4 1 1 4 4
split_gain=5.48699e+11 1.28451e+13 1.25523e+13 2.74881e+12 1.61395e+12 9.61856e+11 5.37634e+09 1.86951e+10 1.35727e+10 7.43611e+09 9.93824e+09 9.05544e+09 4.20466e+10 1.17088e+10 6.8434e+09 5.29623e+09 1.24609e+10 5.19672e+09 1.31802e+11 7.07479e+10 8.17235e+11 8.93571e+10 1.95065e+10 2.10874e+10 3.67136e+10 5.04092e+10 3.4207e+10 3.70063e+10 3.18008e+10 2.76092e+10
threshold=6.5000000000000009 855.00000000000011 610.00000000000011 5.5000000000000009 157.37043019679473 610.00000000000011 0.00016063084112149533 0.00018983644859813087 60.713179885979471 7.5000000000000009 76.026746492412926 8.5000000000000018 75.018223136952244 70.013417141448613 4.3808411214953281e-05 41.938621515944071 8.5000000000000018 4.2500000000000009 485.50000000000006 420.50000000000006 3.5000000000000004 0.00013142523364485984 50.010000000000012 65.01579338535862 0.00080315420560747683 100.09435955727518 0.00042348130841121499 0.00024824766355140192 350.83532286447655 279.50000000000006
decision_type=2 8 10 2 8 10 10 10 10 2 10 2 10 10 10 10 2 2 10 10 2 10 10 10 10 10 10 10 10 10
left_child=1 5 3 -2 6 17 9 -8 15 10 14 12 -11 -13 -5 -9 -17 19 22 -1 21 -21 -19 26 28 -26 27 -24 29 -25
right_child=2 -3 -4 4 -6 -7 7 8 -10 11 -12 13 -14 -15 -16 16 -18 18 -20 20 -22 -23 23 24 25 -27 -28 -29 -30 -31
leaf_value=-2.0288713476689271 -15578.549782986112 -29079.276500822372 38567.245487837361 -494.51857993386011 12944.425751201925 8294.7444335937507 -1290.2159367152624 290.28498159555289 552.54041393191324 973.48974045973557 1244.1422838365711 -175.83808674966136 -1843.6256632486982 1313.1078813635786 714.61338348388676 -1064.8327031690021 338.93250244140631 245.65593590209232 4109.0931445312499 -32.32558659733953 -9971.4267147972478 3936.3477581521738 -200.58214437860124 -14.191503644307454 412.58839411205719 2887.687973912557 -678.50746686499269 954.61210161994484 -1429.3202173477566 1700.9450459798177
leaf_weight=23915 27 38 22 22 26 35 28 26 86 26 37 31 27 23 25 43 25 796 20 37 21 23 376 1050 144 24 293 85 39 24
leaf_count=23915 27 38 22 22 26 35 28 26 86 26 37 31 27 23 25 43 25 796 20 37 21 23 376 1050 144 24 293 85 39 24
internal_value=-0.0144419 -29.7079 1686.37 -108.712 874.078 11.3561 87.5385 -88.3397 98.6188 279.071 631.181 2.64805 -461.645 458.343 148.637 -316.671 -548.743 0.557207 64.3773 -7.02536 -1482.22 1489 35.8029 -46.2822 77.2017 766.174 -256.074 12.4146 -26.7941 24.1356
internal_weight=27394 26920 474 452 425 26882 399 208 180 191 84 107 53 54 47 94 68 26847 2851 23996 81 60 2831 2035 1281 168 754 461 1113 1074
internal_count=27394 26920 474 452 425 26882 399 208 180 191 84 107 53 54 47 94 68 26847 2851 23996 81 60 2831 2035 1281 168 754 461 1113 1074
is_linear=0
shrinkage=0.05


end of trees

feature_importances:
area_sqm=2869
location_freq=1362
bedrooms=655
bathrooms=578
country=261
property_type=155

parameters:
[boosting: gbdt]
[objective: regression]
[metric: rmse]
[tree_learner: serial]
[device_type: cpu]
[data_sample_strategy: bagging]
[data: ]
[valid: ]
[num_iterations: 1000]
[learning_rate: 0.05]
[num_leaves: 31]
[num_threads: 0]
[seed: 0]
[deterministic: 0]
[force_col_wise: 0]
[force_row_wise: 0]
[histogram_pool_size: -1]
[max_depth: -1]
[min_data_in_leaf: 20]
[min_sum_hessian_in_leaf: 0.001]
[bagging_fraction: 1]
[pos_bagging_fraction: 1]
[neg_bagging_fraction: 1]
[bagging_freq: 0]
[bagging_seed: 3]
[bagging_by_query: 0]
[feature_fraction: 1]
[feature_fraction_bynode: 1]
[feature_fraction_seed: 2]
[extra_trees: 0]
[extra_seed: 6]
[early_stopping_round: 0]
[early_stopping_min_delta: 0]
[first_metric_only: 0]
[max_delta_step: 0]
[lambda_l1: 0]
[lambda_l2: 0]
[linear_lambda: 0]
[min_gain_to_split: 0]
[drop_rate: 0.1]
[max_drop: 50]
[skip_drop: 0.5]
[xgboost_dart_mode: 0]
[uniform_drop: 0]
[drop_seed: 4]
[top_rate: 0.2]
[other_rate: 0.1]
[min_data_per_group: 100]
[max_cat_threshold: 32]
[cat_l2: 10]
[cat_smooth: 10]
[max_cat_to_onehot: 4]
[top_k: 20]
[monotone_constraints: ]
[monotone_constraints_method: basic]
[monotone_penalty: 0]
[feature_contri: ]
[forcedsplits_filename: ]
[refit_decay_rate: 0.9]
[cegb_tradeoff: 1]
[cegb_penalty_split: 0]
[cegb_penalty_feature_lazy: ]
[cegb_penalty_feature_coupled: ]
[path_smooth: 0]
[interaction_constraints: ]
[verbosity: -1]
[saved_feature_importance_type: 0]
[use_quantized_grad: 0]
[num_grad_quant_bins: 4]
[quant_train_renew_leaf: 0]
[stochastic_rounding: 1]
[linear_tree: 0]
[max_bin: 255]
[max_bin_by_feature: ]
[min_data_in_bin: 3]
[bin_construct_sample_cnt: 200000]
[data_random_seed: 1]
[is_enable_sparse: 1]
[enable_bundle: 1]
[use_missing: 1]
[zero_as_missing: 0]
[feature_pre_filter: 1]
[pre_partition: 0]
[two_round: 0]
[header: 0]
[label_column: ]
[weight_column: ]
[group_column: ]
[ignore_column: ]
[categorical_feature: 0,5]
[forcedbins_filename: ]
[precise_float_parser: 0]
[parser_config_file: ]
[objective_seed: 5]
[num_class: 1]
[is_unbalance: 0]
[scale_pos_weight: 1]
[sigmoid: 1]
[boost_from_average: 1]
[reg_sqrt: 0]
[alpha: 0.9]
[fair_c: 1]
[poisson_max_delta_step: 0.7]
[tweedie_variance_power: 1.5]
[lambdarank_truncation_level: 30]
[lambdarank_norm: 1]
[label_gain: ]
[lambdarank_position_bias_regularization: 0]
[eval_at: ]
[multi_error_top_k: 1]
[auc_mu_weights: ]
[num_machines: 1]
[local_listen_port: 12400]
[time_out: 120]
[machine_list_filename: ]
[machines: ]
[gpu_platform_id: -1]
[gpu_device_id: -1]
[gpu_use_dp: 0]
[num_gpu: 1]

end of parameters

pandas_categorical:[["Malaysia", "Philippines", "Thailand", "Vietnam"], ["Apartment", "Apartment, Flat", "Bungalow", "Bungalow, Semi D", "Bungalow, Semi D, Terrace House", "Bungalow, Terrace House", "Bungalow, Terrace House, Semi D", "Bungalow, Town House", "Cluster House", "Cluster House, Bungalow", "Cluster House, Semi D", "Cluster House, Terrace House", "Cluster House, Terrace House, Semi D", "Cluster House, Town House, Terrace House", "Condo", "Condominium", "Condominium, Service Residence", "Flat", "Flat, Apartment", "Flat, Condominium", "House", "Semi D", "Semi D, Bungalow", "Semi D, Bungalow, Terrace House", "Semi D, Cluster House", "Semi D, Cluster House, Bungalow", "Semi D, Terrace House", "Semi D, Terrace House, Bungalow", "Semi D, Terrace House, Cluster House", "Semi D, Terrace House, Town House", "Semi D, Town House", "Semi D, Town House, Terrace House", "Service Residence", "Terrace House", "Terrace House, Bungalow", "Terrace House, Bungalow, Semi D", "Terrace House, Cluster House", "Terrace House, Semi D", "Terrace House, Semi D, Bungalow", "Terrace House, Semi D, Town House", "Terrace House, Town House", "Town House", "Town House, Bungalow", "Town House, Bungalow, Terrace House", "Town House, Semi D", "Town House, Semi D, Terrace House", "Town House, Terrace House", "Town House, Terrace House, Semi D"]]
