location,province,area_sqm,bedrooms,bathrooms,price_php,price_per_sqm_php,property_type,distance_to_beach_km,tourism_density_score,infrastructure_score,employment_zone_score,flood_risk_score,cultural_premium_factor,quarter,year
Iloilo Business Park - Megaworld,Iloilo,163,3,2,11416667.0,70041.0,Condo,15.0,5.5,9.2,9.5,0.05,0.08,Q1,2025
San Juan - Surf Town,La Union,72,1,2,2899000.0,40264.0,Condo,0.5,8.8,6.8,4.0,0.18,0.08,Q2,2023
Jaro - Residential,Iloilo,150,3,2,5755000.0,38364.0,House,14.0,3.5,7.0,6.5,0.15,0.03,Q2,2024
Bauang - Coastal,La Union,60,1,1,2378000.0,39634.0,Condo,1.0,6.5,6.2,4.0,0.25,0.04,Q4,2023
Jaro - Residential,Iloilo,30,1,1,1345000.0,44850.0,Condo,14.0,3.5,7.0,6.5,0.15,0.03,Q3,2024
Bauang - Inland,La Union,60,1,2,1418000.0,23632.0,House,4.0,4.5,5.5,4.0,0.1,0.01,Q3,2024
Mandurriao - CBD Fringe,Iloilo,42,1,1,2405000.0,57251.0,House,12.0,4.5,8.5,8.0,0.1,0.04,Q3,2024
Diversion Road Corridor,Iloilo,30,1,2,1795000.0,59835.0,House,11.0,4.0,8.0,7.5,0.12,0.03,Q2,2023
Bauang - Inland,La Union,42,1,2,885000.0,21083.0,Townhouse,4.0,4.5,5.5,4.0,0.1,0.01,Q2,2023
Iloilo Business Park - Megaworld,Iloilo,72,1,2,5326000.0,73978.0,Condo,15.0,5.5,9.2,9.5,0.05,0.08,Q4,2024
Molo - Heritage District,Iloilo,85,1,1,3320000.0,39064.0,Townhouse,5.0,5.0,6.5,5.8,0.2,0.05,Q4,2023
Bauang - Inland,La Union,120,2,2,2890000.0,24084.0,House,4.0,4.5,5.5,4.0,0.1,0.01,Q1,2023
San Juan - Beach District,La Union,180,5,4,9147000.0,50816.0,Condo,0.2,9.2,7.0,4.0,0.15,0.1,Q4,2023
Bauang - Inland,La Union,42,1,1,1019000.0,24270.0,Condo,4.0,4.5,5.5,4.0,0.1,0.01,Q1,2023
Bauang - Coastal,La Union,30,1,2,901000.0,30020.0,House,1.0,6.5,6.2,4.0,0.25,0.04,Q4,2023
Bauang - Coastal,La Union,50,1,1,1779000.0,35582.0,House,1.0,6.5,6.2,4.0,0.25,0.04,Q4,2023
Molo - Heritage District,Iloilo,50,2,3,2541000.0,50817.0,Condo,5.0,5.0,6.5,5.8,0.2,0.05,Q4,2023
San Juan - Beach District,La Union,120,3,3,5583000.0,46527.0,Townhouse,0.2,9.2,7.0,4.0,0.15,0.1,Q4,2024
Jaro - Residential,Iloilo,30,1,1,1368000.0,45600.0,Condo,14.0,3.5,7.0,6.5,0.15,0.03,Q4,2023
Bauang - Inland,La Union,60,1,2,1290000.0,21503.0,House,4.0,4.5,5.5,4.0,0.1,0.01,Q1,2023
Bauang - Coastal,La Union,180,4,5,6958000.0,38655.0,House,1.0,6.5,6.2,4.0,0.25,0.04,Q3,2023
San Fernando City,La Union,85,3,2,2300000.0,27059.0,Townhouse,5.0,5.2,7.2,4.0,0.12,0.02,Q3,2024
Bauang - Coastal,La Union,72,2,2,2796000.0,38832.0,Townhouse,1.0,6.5,6.2,4.0,0.25,0.04,Q4,2024
Jaro - Residential,Iloilo,85,2,3,4094000.0,48163.0,Townhouse,14.0,3.5,7.0,6.5,0.15,0.03,Q2,2024
San Juan - Surf Town,La Union,72,3,4,3267000.0,45370.0,Townhouse,0.5,8.8,6.8,4.0,0.18,0.08,Q2,2024
Mandurriao - CBD Fringe,Iloilo,100,1,2,5235000.0,52355.0,Townhouse,12.0,4.5,8.5,8.0,0.1,0.04,Q3,2024
Iloilo Business Park - Megaworld,Iloilo,180,6,7,14802000.0,82234.0,Condo,15.0,5.5,9.2,9.5,0.05,0.08,Q2,2023
Bauang - Inland,La Union,30,1,2,734000.0,24463.0,Townhouse,4.0,4.5,5.5,4.0,0.1,0.01,Q1,2024
Bauang - Coastal,La Union,150,4,3,5325000.0,35501.0,Condo,1.0,6.5,6.2,4.0,0.25,0.04,Q4,2023
San Juan - Beach District,La Union,72,3,4,2924000.0,40605.0,Townhouse,0.2,9.2,7.0,4.0,0.15,0.1,Q4,2023
Molo - Heritage District,Iloilo,150,4,5,6770000.0,45132.0,Condo,5.0,5.0,6.5,5.8,0.2,0.05,Q3,2023
San Fernando City,La Union,50,1,2,1250000.0,25007.0,Condo,5.0,5.2,7.2,4.0,0.12,0.02,Q1,2023
San Fernando City,La Union,50,1,1,1310000.0,26191.0,Townhouse,5.0,5.2,7.2,4.0,0.12,0.02,Q3,2024
San Juan - Beach District,La Union,100,2,1,4532000.0,45320.0,Condo,0.2,9.2,7.0,4.0,0.15,0.1,Q1,2024
Iloilo Business Park - Megaworld,Iloilo,150,4,5,9900000.0,66003.0,Townhouse,15.0,5.5,9.2,9.5,0.05,0.08,Q2,2024
San Juan - Surf Town,La Union,50,2,2,2388000.0,47752.0,Condo,0.5,8.8,6.8,4.0,0.18,0.08,Q3,2024
Bauang - Coastal,La Union,30,1,1,928000.0,30942.0,Townhouse,1.0,6.5,6.2,4.0,0.25,0.04,Q2,2023
Mandurriao - CBD Fringe,Iloilo,85,3,3,4831000.0,56838.0,Condo,12.0,4.5,8.5,8.0,0.1,0.04,Q1,2023
Iloilo Business Park - Megaworld,Iloilo,42,2,2,3427000.0,81599.0,Townhouse,15.0,5.5,9.2,9.5,0.05,0.08,Q1,2023
Jaro - Residential,Iloilo,30,1,2,1485000.0,49512.0,Condo,14.0,3.5,7.0,6.5,0.15,0.03,Q2,2024
Jaro - Residential,Iloilo,60,2,3,2318000.0,38642.0,House,14.0,3.5,7.0,6.5,0.15,0.03,Q4,2023
Molo - Heritage District,Iloilo,85,3,3,3219000.0,37870.0,House,5.0,5.0,6.5,5.8,0.2,0.05,Q1,2023
San Juan - Surf Town,La Union,30,1,1,1254000.0,41806.0,House,0.5,8.8,6.8,4.0,0.18,0.08,Q4,2024
Bauang - Coastal,La Union,180,6,6,7009000.0,38937.0,Condo,1.0,6.5,6.2,4.0,0.25,0.04,Q3,2023
Bauang - Coastal,La Union,150,4,3,5993000.0,39953.0,House,1.0,6.5,6.2,4.0,0.25,0.04,Q4,2024
Diversion Road Corridor,Iloilo,85,3,3,3984000.0,46868.0,House,11.0,4.0,8.0,7.5,0.12,0.03,Q3,2024
Iloilo Business Park - Megaworld,Iloilo,50,2,1,3461000.0,69220.0,House,15.0,5.5,9.2,9.5,0.05,0.08,Q4,2023
Bauang - Coastal,La Union,85,3,4,2752000.0,32376.0,House,1.0,6.5,6.2,4.0,0.25,0.04,Q2,2024
Iloilo Business Park - Megaworld,Iloilo,72,1,1,5798000.0,80529.0,Townhouse,15.0,5.5,9.2,9.5,0.05,0.08,Q2,2024
Jaro - Residential,Iloilo,50,2,1,2209000.0,44189.0,Townhouse,14.0,3.5,7.0,6.5,0.15,0.03,Q4,2024
Jaro - Residential,Iloilo,72,3,4,2855000.0,39651.0,Townhouse,14.0,3.5,7.0,6.5,0.15,0.03,Q1,2024
Mandurriao - CBD Fringe,Iloilo,72,1,2,4488000.0,62331.0,House,12.0,4.5,8.5,8.0,0.1,0.04,Q2,2023
Diversion Road Corridor,Iloilo,72,1,1,3436000.0,47727.0,House,11.0,4.0,8.0,7.5,0.12,0.03,Q3,2024
San Juan - Surf Town,La Union,180,4,3,7519000.0,41772.0,House,0.5,8.8,6.8,4.0,0.18,0.08,Q4,2024
Mandurriao - CBD Fringe,Iloilo,150,3,3,9952000.0,66349.0,Condo,12.0,4.5,8.5,8.0,0.1,0.04,Q1,2024
Diversion Road Corridor,Iloilo,42,2,1,2196000.0,52285.0,Townhouse,11.0,4.0,8.0,7.5,0.12,0.03,Q3,2024
Jaro - Residential,Iloilo,180,4,5,8152000.0,45287.0,Condo,14.0,3.5,7.0,6.5,0.15,0.03,Q4,2024
Iloilo Business Park - Megaworld,Iloilo,150,5,6,11644000.0,77627.0,Condo,15.0,5.5,9.2,9.5,0.05,0.08,Q3,2023
San Juan - Surf Town,La Union,150,5,5,6649000.0,44328.0,House,0.5,8.8,6.8,4.0,0.18,0.08,Q1,2023
Molo - Heritage District,Iloilo,85,1,1,3768000.0,44334.0,Townhouse,5.0,5.0,6.5,5.8,0.2,0.05,Q1,2024
Mandurriao - CBD Fringe,Iloilo,60,1,2,3930000.0,65493.0,Townhouse,12.0,4.5,8.5,8.0,0.1,0.04,Q3,2023
Diversion Road Corridor,Iloilo,120,3,3,6462000.0,53848.0,House,11.0,4.0,8.0,7.5,0.12,0.03,Q4,2024
Bauang - Inland,La Union,120,4,3,3039000.0,25327.0,Townhouse,4.0,4.5,5.5,4.0,0.1,0.01,Q4,2024
Iloilo Business Park - Megaworld,Iloilo,72,2,3,5080000.0,70554.0,House,15.0,5.5,9.2,9.5,0.05,0.08,Q3,2024
San Juan - Surf Town,La Union,100,1,2,4648000.0,46482.0,Condo,0.5,8.8,6.8,4.0,0.18,0.08,Q3,2024
San Juan - Surf Town,La Union,180,5,6,6648000.0,36935.0,Townhouse,0.5,8.8,6.8,4.0,0.18,0.08,Q3,2024
Mandurriao - CBD Fringe,Iloilo,50,1,1,2855000.0,57090.0,Condo,12.0,4.5,8.5,8.0,0.1,0.04,Q1,2023
Bauang - Inland,La Union,30,1,2,654000.0,21787.0,Condo,4.0,4.5,5.5,4.0,0.1,0.01,Q1,2023
Jaro - Residential,Iloilo,50,1,2,2602000.0,52031.0,Condo,14.0,3.5,7.0,6.5,0.15,0.03,Q4,2023
San Fernando City,La Union,50,1,1,1334000.0,26677.0,Condo,5.0,5.2,7.2,4.0,0.12,0.02,Q2,2024
Jaro - Residential,Iloilo,180,6,5,8144000.0,45242.0,House,14.0,3.5,7.0,6.5,0.15,0.03,Q3,2023
San Juan - Beach District,La Union,100,2,2,5297000.0,52971.0,Condo,0.2,9.2,7.0,4.0,0.15,0.1,Q4,2023
Jaro - Residential,Iloilo,150,3,3,7042000.0,46948.0,Townhouse,14.0,3.5,7.0,6.5,0.15,0.03,Q4,2023
Iloilo Business Park - Megaworld,Iloilo,30,1,1,2314000.0,77149.0,House,15.0,5.5,9.2,9.5,0.05,0.08,Q1,2023
Iloilo Business Park - Megaworld,Iloilo,100,3,4,9290000.0,92895.0,Condo,15.0,5.5,9.2,9.5,0.05,0.08,Q4,2023
Jaro - Residential,Iloilo,100,3,3,4100000.0,41001.0,Townhouse,14.0,3.5,7.0,6.5,0.15,0.03,Q3,2024
Jaro - Residential,Iloilo,120,4,4,5915000.0,49288.0,Townhouse,14.0,3.5,7.0,6.5,0.15,0.03,Q1,2023
San Juan - Beach District,La Union,72,3,3,3070000.0,42639.0,Condo,0.2,9.2,7.0,4.0,0.15,0.1,Q2,2024
San Juan - Surf Town,La Union,85,3,3,3761000.0,44250.0,Townhouse,0.5,8.8,6.8,4.0,0.18,0.08,Q2,2023
Molo - Heritage District,Iloilo,100,3,4,4672000.0,46716.0,House,5.0,5.0,6.5,5.8,0.2,0.05,Q3,2024
San Fernando City,La Union,120,3,4,3149000.0,26241.0,Condo,5.0,5.2,7.2,4.0,0.12,0.02,Q1,2024
Mandurriao - CBD Fringe,Iloilo,50,1,1,3520000.0,70396.0,Condo,12.0,4.5,8.5,8.0,0.1,0.04,Q3,2024
San Juan - Beach District,La Union,60,1,2,2430000.0,40507.0,House,0.2,9.2,7.0,4.0,0.15,0.1,Q2,2024
Jaro - Residential,Iloilo,72,2,1,2912000.0,40439.0,Townhouse,14.0,3.5,7.0,6.5,0.15,0.03,Q2,2024
Iloilo Business Park - Megaworld,Iloilo,42,1,1,3441000.0,81936.0,House,15.0,5.5,9.2,9.5,0.05,0.08,Q3,2023
Iloilo Business Park - Megaworld,Iloilo,120,2,3,9712000.0,80931.0,Condo,15.0,5.5,9.2,9.5,0.05,0.08,Q2,2024
San Juan - Surf Town,La Union,180,6,5,8252000.0,45842.0,Townhouse,0.5,8.8,6.8,4.0,0.18,0.08,Q2,2023
San Juan - Surf Town,La Union,180,4,4,6975000.0,38752.0,Townhouse,0.5,8.8,6.8,4.0,0.18,0.08,Q4,2023
San Fernando City,La Union,60,1,1,1562000.0,26037.0,Townhouse,5.0,5.2,7.2,4.0,0.12,0.02,Q1,2023
Diversion Road Corridor,Iloilo,85,3,3,4535000.0,53357.0,Townhouse,11.0,4.0,8.0,7.5,0.12,0.03,Q2,2023
San Juan - Beach District,La Union,120,4,4,5884000.0,49033.0,Condo,0.2,9.2,7.0,4.0,0.15,0.1,Q1,2024
San Fernando City,La Union,60,2,2,1786000.0,29773.0,Condo,5.0,5.2,7.2,4.0,0.12,0.02,Q4,2023
Bauang - Coastal,La Union,120,2,3,5150000.0,42914.0,Condo,1.0,6.5,6.2,4.0,0.25,0.04,Q4,2024
Diversion Road Corridor,Iloilo,30,1,2,1665000.0,55484.0,Condo,11.0,4.0,8.0,7.5,0.12,0.03,Q1,2023
Molo - Heritage District,Iloilo,180,5,6,7447000.0,41374.0,Condo,5.0,5.0,6.5,5.8,0.2,0.05,Q1,2023
Bauang - Coastal,La Union,85,2,1,3371000.0,39659.0,Townhouse,1.0,6.5,6.2,4.0,0.25,0.04,Q4,2023
San Fernando City,La Union,30,1,2,827000.0,27554.0,House,5.0,5.2,7.2,4.0,0.12,0.02,Q1,2024
San Fernando City,La Union,50,1,1,1175000.0,23496.0,Townhouse,5.0,5.2,7.2,4.0,0.12,0.02,Q3,2023
Jaro - Residential,Iloilo,120,2,1,5874000.0,48947.0,Townhouse,14.0,3.5,7.0,6.5,0.15,0.03,Q3,2023
Mandurriao - CBD Fringe,Iloilo,85,2,1,4921000.0,57895.0,House,12.0,4.5,8.5,8.0,0.1,0.04,Q2,2023
Bauang - Coastal,La Union,100,1,1,3333000.0,33332.0,Townhouse,1.0,6.5,6.2,4.0,0.25,0.04,Q2,2024
Bauang - Inland,La Union,72,2,1,1918000.0,26646.0,Condo,4.0,4.5,5.5,4.0,0.1,0.01,Q4,2024
Bauang - Inland,La Union,30,1,1,797000.0,26553.0,Condo,4.0,4.5,5.5,4.0,0.1,0.01,Q1,2023
San Juan - Beach District,La Union,72,1,1,3605000.0,50067.0,Condo,0.2,9.2,7.0,4.0,0.15,0.1,Q4,2024
San Juan - Beach District,La Union,30,1,1,1281000.0,42710.0,Townhouse,0.2,9.2,7.0,4.0,0.15,0.1,Q1,2023
Bauang - Coastal,La Union,100,1,1,3837000.0,38366.0,House,1.0,6.5,6.2,4.0,0.25,0.04,Q2,2023
Molo - Heritage District,Iloilo,150,4,3,6091000.0,40608.0,House,5.0,5.0,6.5,5.8,0.2,0.05,Q1,2023
Diversion Road Corridor,Iloilo,30,1,2,1385000.0,46163.0,Townhouse,11.0,4.0,8.0,7.5,0.12,0.03,Q3,2024
Jaro - Residential,Iloilo,42,1,2,1814000.0,43191.0,House,14.0,3.5,7.0,6.5,0.15,0.03,Q3,2023
Jaro - Residential,Iloilo,72,2,1,2754000.0,38250.0,Townhouse,14.0,3.5,7.0,6.5,0.15,0.03,Q1,2024
San Juan - Surf Town,La Union,150,3,2,7474000.0,49828.0,Condo,0.5,8.8,6.8,4.0,0.18,0.08,Q2,2023
Bauang - Inland,La Union,180,6,5,4553000.0,25297.0,Townhouse,4.0,4.5,5.5,4.0,0.1,0.01,Q2,2023
Molo - Heritage District,Iloilo,72,3,3,2765000.0,38402.0,Townhouse,5.0,5.0,6.5,5.8,0.2,0.05,Q2,2024
Iloilo Business Park - Megaworld,Iloilo,85,1,1,7209000.0,84807.0,House,15.0,5.5,9.2,9.5,0.05,0.08,Q4,2023
Diversion Road Corridor,Iloilo,60,1,1,3381000.0,56343.0,Condo,11.0,4.0,8.0,7.5,0.12,0.03,Q3,2024
Jaro - Residential,Iloilo,72,3,3,2649000.0,36786.0,Townhouse,14.0,3.5,7.0,6.5,0.15,0.03,Q3,2024
Bauang - Inland,La Union,120,2,3,2920000.0,24331.0,Townhouse,4.0,4.5,5.5,4.0,0.1,0.01,Q1,2024
Jaro - Residential,Iloilo,85,2,3,4167000.0,49027.0,House,14.0,3.5,7.0,6.5,0.15,0.03,Q1,2023
Bauang - Inland,La Union,85,3,2,1768000.0,20805.0,House,4.0,4.5,5.5,4.0,0.1,0.01,Q4,2023
Molo - Heritage District,Iloilo,30,1,1,1295000.0,43179.0,Condo,5.0,5.0,6.5,5.8,0.2,0.05,Q1,2023
Bauang - Coastal,La Union,42,1,2,1548000.0,36859.0,Townhouse,1.0,6.5,6.2,4.0,0.25,0.04,Q3,2024
Jaro - Residential,Iloilo,85,2,3,3641000.0,42834.0,House,14.0,3.5,7.0,6.5,0.15,0.03,Q4,2024
Iloilo Business Park - Megaworld,Iloilo,60,2,3,4226000.0,70430.0,Condo,15.0,5.5,9.2,9.5,0.05,0.08,Q1,2023
Mandurriao - CBD Fringe,Iloilo,85,2,3,4625000.0,54406.0,Townhouse,12.0,4.5,8.5,8.0,0.1,0.04,Q1,2023
Bauang - Coastal,La Union,150,3,3,6568000.0,43786.0,Condo,1.0,6.5,6.2,4.0,0.25,0.04,Q3,2024
San Juan - Surf Town,La Union,120,4,4,4743000.0,39525.0,Condo,0.5,8.8,6.8,4.0,0.18,0.08,Q1,2024
Mandurriao - CBD Fringe,Iloilo,150,5,4,8088000.0,53922.0,Townhouse,12.0,4.5,8.5,8.0,0.1,0.04,Q3,2023
Diversion Road Corridor,Iloilo,100,3,4,5368000.0,53684.0,Townhouse,11.0,4.0,8.0,7.5,0.12,0.03,Q2,2023
San Fernando City,La Union,72,1,1,1910000.0,26523.0,Townhouse,5.0,5.2,7.2,4.0,0.12,0.02,Q3,2024
Bauang - Coastal,La Union,72,3,2,2378000.0,33031.0,House,1.0,6.5,6.2,4.0,0.25,0.04,Q1,2024
Iloilo Business Park - Megaworld,Iloilo,85,1,1,7826000.0,92068.0,Condo,15.0,5.5,9.2,9.5,0.05,0.08,Q3,2023
Diversion Road Corridor,Iloilo,50,2,2,2979000.0,59574.0,Condo,11.0,4.0,8.0,7.5,0.12,0.03,Q3,2024
San Fernando City,La Union,72,2,1,1988000.0,27612.0,Condo,5.0,5.2,7.2,4.0,0.12,0.02,Q1,2023
Jaro - Residential,Iloilo,180,5,5,7012000.0,38958.0,Townhouse,14.0,3.5,7.0,6.5,0.15,0.03,Q4,2024
Jaro - Residential,Iloilo,72,2,2,2951000.0,40991.0,Condo,14.0,3.5,7.0,6.5,0.15,0.03,Q1,2023
Jaro - Residential,Iloilo,42,1,1,1644000.0,39132.0,Townhouse,14.0,3.5,7.0,6.5,0.15,0.03,Q2,2023
Bauang - Coastal,La Union,180,4,4,5579000.0,30994.0,House,1.0,6.5,6.2,4.0,0.25,0.04,Q3,2024
Bauang - Coastal,La Union,30,1,1,900000.0,29988.0,House,1.0,6.5,6.2,4.0,0.25,0.04,Q3,2023
San Juan - Surf Town,La Union,150,5,6,5746000.0,38304.0,Condo,0.5,8.8,6.8,4.0,0.18,0.08,Q4,2023
Jaro - Residential,Iloilo,150,5,4,7012000.0,46746.0,Townhouse,14.0,3.5,7.0,6.5,0.15,0.03,Q4,2023
Jaro - Residential,Iloilo,42,2,2,1701000.0,40498.0,House,14.0,3.5,7.0,6.5,0.15,0.03,Q4,2024
Jaro - Residential,Iloilo,60,1,1,2490000.0,41500.0,Condo,14.0,3.5,7.0,6.5,0.15,0.03,Q3,2023
San Juan - Surf Town,La Union,30,1,1,1186000.0,39518.0,Condo,0.5,8.8,6.8,4.0,0.18,0.08,Q1,2023
San Fernando City,La Union,30,1,1,846000.0,28212.0,Townhouse,5.0,5.2,7.2,4.0,0.12,0.02,Q2,2023
Iloilo Business Park - Megaworld,Iloilo,120,4,4,7823000.0,65191.0,Townhouse,15.0,5.5,9.2,9.5,0.05,0.08,Q4,2023
San Juan - Beach District,La Union,50,1,1,2170000.0,43392.0,Condo,0.2,9.2,7.0,4.0,0.15,0.1,Q1,2024
San Juan - Surf Town,La Union,85,2,2,3069000.0,36111.0,House,0.5,8.8,6.8,4.0,0.18,0.08,Q4,2023
Jaro - Residential,Iloilo,85,1,1,3730000.0,43884.0,House,14.0,3.5,7.0,6.5,0.15,0.03,Q2,2024
Jaro - Residential,Iloilo,50,1,2,2463000.0,49252.0,House,14.0,3.5,7.0,6.5,0.15,0.03,Q2,2024
Mandurriao - CBD Fringe,Iloilo,150,4,3,8168000.0,54451.0,Condo,12.0,4.5,8.5,8.0,0.1,0.04,Q3,2024
San Juan - Beach District,La Union,150,4,5,6453000.0,43017.0,House,0.2,9.2,7.0,4.0,0.15,0.1,Q3,2024
Iloilo Business Park - Megaworld,Iloilo,150,3,2,11438000.0,76250.0,Townhouse,15.0,5.5,9.2,9.5,0.05,0.08,Q1,2024
San Juan - Beach District,La Union,100,3,2,4708000.0,47078.0,House,0.2,9.2,7.0,4.0,0.15,0.1,Q3,2024
San Fernando City,La Union,150,3,3,4423000.0,29486.0,House,5.0,5.2,7.2,4.0,0.12,0.02,Q2,2024
Diversion Road Corridor,Iloilo,150,5,4,8777000.0,58512.0,Condo,11.0,4.0,8.0,7.5,0.12,0.03,Q1,2024
San Juan - Beach District,La Union,50,1,1,2174000.0,43476.0,Townhouse,0.2,9.2,7.0,4.0,0.15,0.1,Q4,2023
Jaro - Residential,Iloilo,50,1,1,2058000.0,41169.0,House,14.0,3.5,7.0,6.5,0.15,0.03,Q3,2023
San Juan - Beach District,La Union,30,1,2,1279000.0,42649.0,Condo,0.2,9.2,7.0,4.0,0.15,0.1,Q2,2023
Bauang - Coastal,La Union,30,1,1,1061000.0,35371.0,Townhouse,1.0,6.5,6.2,4.0,0.25,0.04,Q4,2024
Molo - Heritage District,Iloilo,42,2,1,2054000.0,48910.0,Condo,5.0,5.0,6.5,5.8,0.2,0.05,Q3,2023
Molo - Heritage District,Iloilo,72,3,2,2680000.0,37221.0,House,5.0,5.0,6.5,5.8,0.2,0.05,Q4,2024
Bauang - Inland,La Union,85,1,1,1787000.0,21020.0,Townhouse,4.0,4.5,5.5,4.0,0.1,0.01,Q1,2023
Bauang - Inland,La Union,60,1,1,1282000.0,21368.0,House,4.0,4.5,5.5,4.0,0.1,0.01,Q2,2024
Bauang - Inland,La Union,180,4,3,3944000.0,21914.0,Condo,4.0,4.5,5.5,4.0,0.1,0.01,Q4,2024
Jaro - Residential,Iloilo,100,1,1,5351000.0,53506.0,Condo,14.0,3.5,7.0,6.5,0.15,0.03,Q4,2023
Iloilo Business Park - Megaworld,Iloilo,60,1,1,3826000.0,63769.0,House,15.0,5.5,9.2,9.5,0.05,0.08,Q2,2024
Bauang - Coastal,La Union,42,2,2,1621000.0,38602.0,Condo,1.0,6.5,6.2,4.0,0.25,0.04,Q1,2023
Bauang - Coastal,La Union,180,6,6,6795000.0,37747.0,Condo,1.0,6.5,6.2,4.0,0.25,0.04,Q4,2023
Bauang - Inland,La Union,120,4,4,3440000.0,28667.0,Condo,4.0,4.5,5.5,4.0,0.1,0.01,Q1,2023
Diversion Road Corridor,Iloilo,72,2,3,4293000.0,59631.0,Townhouse,11.0,4.0,8.0,7.5,0.12,0.03,Q3,2024
Mandurriao - CBD Fringe,Iloilo,60,1,1,3669000.0,61148.0,Townhouse,12.0,4.5,8.5,8.0,0.1,0.04,Q4,2023
San Juan - Beach District,La Union,50,1,1,1913000.0,38264.0,House,0.2,9.2,7.0,4.0,0.15,0.1,Q4,2023
Diversion Road Corridor,Iloilo,150,5,4,8726000.0,58175.0,Townhouse,11.0,4.0,8.0,7.5,0.12,0.03,Q3,2023
Jaro - Residential,Iloilo,150,3,4,6639000.0,44262.0,Condo,14.0,3.5,7.0,6.5,0.15,0.03,Q3,2024
Molo - Heritage District,Iloilo,180,6,7,7909000.0,43939.0,Townhouse,5.0,5.0,6.5,5.8,0.2,0.05,Q3,2024
Diversion Road Corridor,Iloilo,50,1,1,2362000.0,47244.0,House,11.0,4.0,8.0,7.5,0.12,0.03,Q1,2024
San Juan - Beach District,La Union,60,1,1,2887000.0,48123.0,Condo,0.2,9.2,7.0,4.0,0.15,0.1,Q3,2023
San Juan - Beach District,La Union,60,1,1,2731000.0,45514.0,House,0.2,9.2,7.0,4.0,0.15,0.1,Q4,2023
San Fernando City,La Union,72,1,1,2216000.0,30776.0,Condo,5.0,5.2,7.2,4.0,0.12,0.02,Q4,2023
Bauang - Coastal,La Union,60,2,1,2220000.0,36993.0,Condo,1.0,6.5,6.2,4.0,0.25,0.04,Q1,2024
San Juan - Beach District,La Union,50,1,1,2028000.0,40553.0,Condo,0.2,9.2,7.0,4.0,0.15,0.1,Q3,2023
San Fernando City,La Union,150,5,6,3528000.0,23521.0,House,5.0,5.2,7.2,4.0,0.12,0.02,Q4,2024
Bauang - Inland,La Union,72,1,1,2057000.0,28565.0,Condo,4.0,4.5,5.5,4.0,0.1,0.01,Q1,2023
Bauang - Coastal,La Union,60,1,2,1800000.0,29995.0,House,1.0,6.5,6.2,4.0,0.25,0.04,Q3,2024
Molo - Heritage District,Iloilo,30,1,1,1501000.0,50034.0,Condo,5.0,5.0,6.5,5.8,0.2,0.05,Q1,2024
Bauang - Inland,La Union,120,4,3,3320000.0,27664.0,Condo,4.0,4.5,5.5,4.0,0.1,0.01,Q4,2023
Bauang - Coastal,La Union,72,2,1,2474000.0,34357.0,House,1.0,6.5,6.2,4.0,0.25,0.04,Q1,2024
San Juan - Beach District,La Union,150,3,3,6743000.0,44953.0,House,0.2,9.2,7.0,4.0,0.15,0.1,Q3,2024
Mandurriao - CBD Fringe,Iloilo,120,3,4,7265000.0,60539.0,Condo,12.0,4.5,8.5,8.0,0.1,0.04,Q1,2024
Bauang - Inland,La Union,85,3,4,1977000.0,23260.0,House,4.0,4.5,5.5,4.0,0.1,0.01,Q2,2024
San Juan - Surf Town,La Union,180,6,7,6834000.0,37965.0,House,0.5,8.8,6.8,4.0,0.18,0.08,Q2,2024
San Juan - Surf Town,La Union,100,2,2,3806000.0,38065.0,Townhouse,0.5,8.8,6.8,4.0,0.18,0.08,Q4,2024
San Juan - Beach District,La Union,30,1,1,1286000.0,42865.0,Townhouse,0.2,9.2,7.0,4.0,0.15,0.1,Q3,2023
Bauang - Inland,La Union,100,2,1,2794000.0,27940.0,Condo,4.0,4.5,5.5,4.0,0.1,0.01,Q1,2024
Diversion Road Corridor,Iloilo,72,1,1,3399000.0,47207.0,House,11.0,4.0,8.0,7.5,0.12,0.03,Q2,2024
San Juan - Surf Town,La Union,100,1,2,4175000.0,41753.0,Condo,0.5,8.8,6.8,4.0,0.18,0.08,Q2,2024
Diversion Road Corridor,Iloilo,72,3,3,3881000.0,53899.0,Townhouse,11.0,4.0,8.0,7.5,0.12,0.03,Q3,2023
San Fernando City,La Union,100,2,2,2678000.0,26776.0,Townhouse,5.0,5.2,7.2,4.0,0.12,0.02,Q3,2024
San Juan - Surf Town,La Union,180,5,6,7865000.0,43692.0,Townhouse,0.5,8.8,6.8,4.0,0.18,0.08,Q2,2024
Iloilo Business Park - Megaworld,Iloilo,30,1,2,1915000.0,63847.0,Townhouse,15.0,5.5,9.2,9.5,0.05,0.08,Q4,2024
Bauang - Coastal,La Union,150,5,6,4937000.0,32911.0,Condo,1.0,6.5,6.2,4.0,0.25,0.04,Q4,2023
Diversion Road Corridor,Iloilo,72,1,2,4344000.0,60336.0,Townhouse,11.0,4.0,8.0,7.5,0.12,0.03,Q1,2023
Diversion Road Corridor,Iloilo,42,1,1,2469000.0,58776.0,Townhouse,11.0,4.0,8.0,7.5,0.12,0.03,Q1,2023
Molo - Heritage District,Iloilo,42,1,2,1637000.0,38976.0,House,5.0,5.0,6.5,5.8,0.2,0.05,Q2,2023
Bauang - Inland,La Union,30,1,1,629000.0,20981.0,House,4.0,4.5,5.5,4.0,0.1,0.01,Q3,2024
San Juan - Beach District,La Union,150,3,2,5704000.0,38023.0,Townhouse,0.2,9.2,7.0,4.0,0.15,0.1,Q1,2023
Mandurriao - CBD Fringe,Iloilo,100,3,2,6473000.0,64728.0,House,12.0,4.5,8.5,8.0,0.1,0.04,Q3,2023
Iloilo Business Park - Megaworld,Iloilo,100,1,1,6681000.0,66805.0,House,15.0,5.5,9.2,9.5,0.05,0.08,Q2,2023
Bauang - Coastal,La Union,85,1,1,2589000.0,30460.0,Townhouse,1.0,6.5,6.2,4.0,0.25,0.04,Q3,2024
Iloilo Business Park - Megaworld,Iloilo,42,1,1,3231000.0,76933.0,Condo,15.0,5.5,9.2,9.5,0.05,0.08,Q4,2023
Bauang - Coastal,La Union,120,3,2,4304000.0,35871.0,Condo,1.0,6.5,6.2,4.0,0.25,0.04,Q4,2023
Mandurriao - CBD Fringe,Iloilo,100,1,2,6213000.0,62134.0,House,12.0,4.5,8.5,8.0,0.1,0.04,Q4,2023
San Fernando City,La Union,60,1,1,1708000.0,28465.0,Condo,5.0,5.2,7.2,4.0,0.12,0.02,Q3,2023
Diversion Road Corridor,Iloilo,60,1,1,3110000.0,51830.0,Condo,11.0,4.0,8.0,7.5,0.12,0.03,Q1,2024
San Juan - Surf Town,La Union,42,2,2,2085000.0,49652.0,Condo,0.5,8.8,6.8,4.0,0.18,0.08,Q1,2024
Bauang - Coastal,La Union,150,4,3,4530000.0,30197.0,Townhouse,1.0,6.5,6.2,4.0,0.25,0.04,Q2,2024
San Fernando City,La Union,120,4,4,3620000.0,30164.0,Condo,5.0,5.2,7.2,4.0,0.12,0.02,Q2,2024
Jaro - Residential,Iloilo,100,2,3,4737000.0,47371.0,Condo,14.0,3.5,7.0,6.5,0.15,0.03,Q1,2024
Jaro - Residential,Iloilo,50,1,1,2433000.0,48651.0,House,14.0,3.5,7.0,6.5,0.15,0.03,Q2,2023
Molo - Heritage District,Iloilo,30,1,1,1201000.0,40047.0,House,5.0,5.0,6.5,5.8,0.2,0.05,Q2,2023
Bauang - Inland,La Union,180,4,3,3925000.0,21805.0,House,4.0,4.5,5.5,4.0,0.1,0.01,Q1,2024
Mandurriao - CBD Fringe,Iloilo,60,1,1,3782000.0,63030.0,Townhouse,12.0,4.5,8.5,8.0,0.1,0.04,Q3,2023
San Fernando City,La Union,60,1,2,1491000.0,24846.0,Townhouse,5.0,5.2,7.2,4.0,0.12,0.02,Q1,2024
San Juan - Beach District,La Union,60,1,1,2697000.0,44946.0,Condo,0.2,9.2,7.0,4.0,0.15,0.1,Q2,2023
Molo - Heritage District,Iloilo,72,3,2,2656000.0,36887.0,Townhouse,5.0,5.0,6.5,5.8,0.2,0.05,Q1,2023
Molo - Heritage District,Iloilo,60,1,1,2228000.0,37133.0,Townhouse,5.0,5.0,6.5,5.8,0.2,0.05,Q4,2023
Bauang - Inland,La Union,30,1,1,810000.0,26993.0,Condo,4.0,4.5,5.5,4.0,0.1,0.01,Q4,2024
Bauang - Inland,La Union,30,1,1,737000.0,24568.0,Townhouse,4.0,4.5,5.5,4.0,0.1,0.01,Q1,2023
San Juan - Beach District,La Union,50,2,1,2046000.0,40917.0,Townhouse,0.2,9.2,7.0,4.0,0.15,0.1,Q1,2024
Diversion Road Corridor,Iloilo,85,2,1,4839000.0,56935.0,Townhouse,11.0,4.0,8.0,7.5,0.12,0.03,Q3,2023
Bauang - Coastal,La Union,42,2,1,1559000.0,37121.0,Townhouse,1.0,6.5,6.2,4.0,0.25,0.04,Q1,2023
San Juan - Beach District,La Union,85,3,4,3595000.0,42294.0,Townhouse,0.2,9.2,7.0,4.0,0.15,0.1,Q4,2023
Iloilo Business Park - Megaworld,Iloilo,72,1,1,4754000.0,66032.0,House,15.0,5.5,9.2,9.5,0.05,0.08,Q3,2024
Bauang - Coastal,La Union,150,5,5,5405000.0,36034.0,Condo,1.0,6.5,6.2,4.0,0.25,0.04,Q4,2024
Jaro - Residential,Iloilo,50,2,1,2406000.0,48122.0,Condo,14.0,3.5,7.0,6.5,0.15,0.03,Q2,2023
Bauang - Coastal,La Union,180,4,5,7921000.0,44008.0,Condo,1.0,6.5,6.2,4.0,0.25,0.04,Q2,2024
Iloilo Business Park - Megaworld,Iloilo,72,3,4,5623000.0,78103.0,Condo,15.0,5.5,9.2,9.5,0.05,0.08,Q1,2024
San Juan - Surf Town,La Union,50,2,1,2002000.0,40033.0,House,0.5,8.8,6.8,4.0,0.18,0.08,Q2,2024
Jaro - Residential,Iloilo,85,3,2,3630000.0,42707.0,Condo,14.0,3.5,7.0,6.5,0.15,0.03,Q2,2023
San Juan - Beach District,La Union,50,2,3,2233000.0,44669.0,House,0.2,9.2,7.0,4.0,0.15,0.1,Q1,2023
Diversion Road Corridor,Iloilo,100,1,2,4649000.0,46486.0,House,11.0,4.0,8.0,7.5,0.12,0.03,Q3,2024
Bauang - Inland,La Union,120,2,1,3291000.0,27424.0,Condo,4.0,4.5,5.5,4.0,0.1,0.01,Q4,2023
San Juan - Surf Town,La Union,85,3,4,3242000.0,38143.0,Condo,0.5,8.8,6.8,4.0,0.18,0.08,Q1,2024
San Fernando City,La Union,120,3,2,3307000.0,27560.0,Townhouse,5.0,5.2,7.2,4.0,0.12,0.02,Q2,2023
Mandurriao - CBD Fringe,Iloilo,150,5,4,9530000.0,63531.0,Townhouse,12.0,4.5,8.5,8.0,0.1,0.04,Q4,2023
Diversion Road Corridor,Iloilo,72,2,1,3880000.0,53885.0,Townhouse,11.0,4.0,8.0,7.5,0.12,0.03,Q1,2024
Mandurriao - CBD Fringe,Iloilo,100,2,2,5610000.0,56095.0,Townhouse,12.0,4.5,8.5,8.0,0.1,0.04,Q4,2023
Jaro - Residential,Iloilo,100,2,3,4397000.0,43973.0,Condo,14.0,3.5,7.0,6.5,0.15,0.03,Q3,2024
Molo - Heritage District,Iloilo,50,1,1,2070000.0,41400.0,Condo,5.0,5.0,6.5,5.8,0.2,0.05,Q3,2024
San Fernando City,La Union,150,3,2,4453000.0,29690.0,House,5.0,5.2,7.2,4.0,0.12,0.02,Q2,2024
Iloilo Business Park - Megaworld,Iloilo,150,5,4,10368000.0,69122.0,House,15.0,5.5,9.2,9.5,0.05,0.08,Q1,2023
San Juan - Surf Town,La Union,72,3,2,2949000.0,40958.0,Townhouse,0.5,8.8,6.8,4.0,0.18,0.08,Q1,2024
Iloilo Business Park - Megaworld,Iloilo,42,1,1,3529000.0,84022.0,Condo,15.0,5.5,9.2,9.5,0.05,0.08,Q1,2024
Bauang - Coastal,La Union,180,5,5,7703000.0,42792.0,Condo,1.0,6.5,6.2,4.0,0.25,0.04,Q2,2023
San Fernando City,La Union,120,3,4,3293000.0,27438.0,House,5.0,5.2,7.2,4.0,0.12,0.02,Q2,2024
Bauang - Inland,La Union,180,4,3,4719000.0,26218.0,Townhouse,4.0,4.5,5.5,4.0,0.1,0.01,Q1,2024
Molo - Heritage District,Iloilo,72,3,3,3188000.0,44272.0,House,5.0,5.0,6.5,5.8,0.2,0.05,Q1,2023
Molo - Heritage District,Iloilo,85,2,1,3717000.0,43725.0,Townhouse,5.0,5.0,6.5,5.8,0.2,0.05,Q1,2023
Bauang - Inland,La Union,60,2,2,1402000.0,23375.0,Townhouse,4.0,4.5,5.5,4.0,0.1,0.01,Q2,2023
Molo - Heritage District,Iloilo,120,3,2,5789000.0,48238.0,Townhouse,5.0,5.0,6.5,5.8,0.2,0.05,Q1,2023
Mandurriao - CBD Fringe,Iloilo,30,1,2,1733000.0,57757.0,House,12.0,4.5,8.5,8.0,0.1,0.04,Q2,2024
Mandurriao - CBD Fringe,Iloilo,120,3,3,7266000.0,60548.0,Condo,12.0,4.5,8.5,8.0,0.1,0.04,Q4,2024
Bauang - Coastal,La Union,50,2,3,1610000.0,32205.0,House,1.0,6.5,6.2,4.0,0.25,0.04,Q2,2024
Mandurriao - CBD Fringe,Iloilo,50,1,1,3655000.0,73106.0,Condo,12.0,4.5,8.5,8.0,0.1,0.04,Q3,2024
Iloilo Business Park - Megaworld,Iloilo,100,2,3,9325000.0,93246.0,Condo,15.0,5.5,9.2,9.5,0.05,0.08,Q1,2023
San Juan - Surf Town,La Union,50,1,2,1796000.0,35919.0,Townhouse,0.5,8.8,6.8,4.0,0.18,0.08,Q1,2023
San Juan - Surf Town,La Union,50,1,1,2078000.0,41567.0,Condo,0.5,8.8,6.8,4.0,0.18,0.08,Q2,2023
Molo - Heritage District,Iloilo,150,3,2,7050000.0,47000.0,Condo,5.0,5.0,6.5,5.8,0.2,0.05,Q3,2023
Bauang - Inland,La Union,100,2,1,2266000.0,22662.0,Condo,4.0,4.5,5.5,4.0,0.1,0.01,Q3,2023
Jaro - Residential,Iloilo,72,3,4,3374000.0,46867.0,Townhouse,14.0,3.5,7.0,6.5,0.15,0.03,Q3,2024
San Fernando City,La Union,120,2,2,3381000.0,28172.0,Townhouse,5.0,5.2,7.2,4.0,0.12,0.02,Q1,2023
San Fernando City,La Union,180,6,5,5271000.0,29282.0,House,5.0,5.2,7.2,4.0,0.12,0.02,Q2,2024
San Fernando City,La Union,100,3,3,2953000.0,29533.0,Townhouse,5.0,5.2,7.2,4.0,0.12,0.02,Q3,2024
San Juan - Surf Town,La Union,150,3,3,7404000.0,49359.0,Condo,0.5,8.8,6.8,4.0,0.18,0.08,Q1,2024
Bauang - Inland,La Union,120,3,3,2581000.0,21509.0,House,4.0,4.5,5.5,4.0,0.1,0.01,Q3,2023
Diversion Road Corridor,Iloilo,42,2,2,2610000.0,62131.0,Condo,11.0,4.0,8.0,7.5,0.12,0.03,Q4,2024
San Juan - Surf Town,La Union,50,2,1,2290000.0,45793.0,Townhouse,0.5,8.8,6.8,4.0,0.18,0.08,Q4,2024
San Juan - Surf Town,La Union,42,1,1,1596000.0,38001.0,Townhouse,0.5,8.8,6.8,4.0,0.18,0.08,Q1,2023
Bauang - Coastal,La Union,72,1,1,2554000.0,35471.0,House,1.0,6.5,6.2,4.0,0.25,0.04,Q2,2023
Iloilo Business Park - Megaworld,Iloilo,30,1,1,2124000.0,70803.0,House,15.0,5.5,9.2,9.5,0.05,0.08,Q1,2024
San Juan - Surf Town,La Union,72,1,1,2780000.0,38615.0,House,0.5,8.8,6.8,4.0,0.18,0.08,Q4,2024
Iloilo Business Park - Megaworld,Iloilo,42,2,1,3395000.0,80834.0,Townhouse,15.0,5.5,9.2,9.5,0.05,0.08,Q4,2024
Molo - Heritage District,Iloilo,120,4,5,5270000.0,43916.0,Townhouse,5.0,5.0,6.5,5.8,0.2,0.05,Q4,2024
Jaro - Residential,Iloilo,72,3,4,3455000.0,47990.0,House,14.0,3.5,7.0,6.5,0.15,0.03,Q3,2023
Diversion Road Corridor,Iloilo,50,2,2,2689000.0,53780.0,Condo,11.0,4.0,8.0,7.5,0.12,0.03,Q2,2023
Bauang - Coastal,La Union,30,1,1,1037000.0,34577.0,Townhouse,1.0,6.5,6.2,4.0,0.25,0.04,Q4,2024
San Fernando City,La Union,100,1,1,2500000.0,24997.0,House,5.0,5.2,7.2,4.0,0.12,0.02,Q1,2023
Molo - Heritage District,Iloilo,120,4,3,4664000.0,38866.0,House,5.0,5.0,6.5,5.8,0.2,0.05,Q4,2023
Mandurriao - CBD Fringe,Iloilo,150,3,2,7770000.0,51800.0,Townhouse,12.0,4.5,8.5,8.0,0.1,0.04,Q1,2023
San Juan - Surf Town,La Union,150,4,3,6058000.0,40384.0,Condo,0.5,8.8,6.8,4.0,0.18,0.08,Q4,2024
Iloilo Business Park - Megaworld,Iloilo,85,1,2,7193000.0,84628.0,Condo,15.0,5.5,9.2,9.5,0.05,0.08,Q3,2024
Jaro - Residential,Iloilo,42,1,1,1712000.0,40750.0,House,14.0,3.5,7.0,6.5,0.15,0.03,Q1,2023
Bauang - Coastal,La Union,85,2,3,2963000.0,34863.0,House,1.0,6.5,6.2,4.0,0.25,0.04,Q4,2023
Iloilo Business Park - Megaworld,Iloilo,150,3,3,10648000.0,70988.0,Condo,15.0,5.5,9.2,9.5,0.05,0.08,Q4,2023
San Fernando City,La Union,60,1,1,1333000.0,22215.0,House,5.0,5.2,7.2,4.0,0.12,0.02,Q1,2024
Jaro - Residential,Iloilo,72,3,3,3295000.0,45764.0,Condo,14.0,3.5,7.0,6.5,0.15,0.03,Q3,2023
Iloilo Business Park - Megaworld,Iloilo,120,2,3,7771000.0,64756.0,Townhouse,15.0,5.5,9.2,9.5,0.05,0.08,Q4,2024
San Fernando City,La Union,60,1,1,1638000.0,27294.0,House,5.0,5.2,7.2,4.0,0.12,0.02,Q3,2023
Molo - Heritage District,Iloilo,42,1,1,1706000.0,40627.0,Condo,5.0,5.0,6.5,5.8,0.2,0.05,Q4,2023
Molo - Heritage District,Iloilo,100,3,2,4723000.0,47230.0,Condo,5.0,5.0,6.5,5.8,0.2,0.05,Q3,2023
Jaro - Residential,Iloilo,60,1,1,2443000.0,40712.0,Condo,14.0,3.5,7.0,6.5,0.15,0.03,Q1,2024
Bauang - Coastal,La Union,150,3,3,6200000.0,41333.0,Condo,1.0,6.5,6.2,4.0,0.25,0.04,Q3,2023
San Juan - Surf Town,La Union,85,1,1,3277000.0,38558.0,Condo,0.5,8.8,6.8,4.0,0.18,0.08,Q1,2024
San Juan - Surf Town,La Union,30,1,2,1196000.0,39853.0,Townhouse,0.5,8.8,6.8,4.0,0.18,0.08,Q4,2023
Mandurriao - CBD Fringe,Iloilo,72,3,4,3769000.0,52346.0,House,12.0,4.5,8.5,8.0,0.1,0.04,Q2,2023
Bauang - Inland,La Union,85,1,1,1908000.0,22443.0,House,4.0,4.5,5.5,4.0,0.1,0.01,Q2,2023
Bauang - Coastal,La Union,180,4,4,6382000.0,35458.0,Townhouse,1.0,6.5,6.2,4.0,0.25,0.04,Q3,2024
Iloilo Business Park - Megaworld,Iloilo,42,2,3,3560000.0,84759.0,House,15.0,5.5,9.2,9.5,0.05,0.08,Q3,2023
Iloilo Business Park - Megaworld,Iloilo,60,2,2,4303000.0,71719.0,House,15.0,5.5,9.2,9.5,0.05,0.08,Q1,2024
Jaro - Residential,Iloilo,60,2,1,2542000.0,42360.0,Condo,14.0,3.5,7.0,6.5,0.15,0.03,Q3,2024
Diversion Road Corridor,Iloilo,120,3,4,7158000.0,59648.0,Townhouse,11.0,4.0,8.0,7.5,0.12,0.03,Q4,2024
Jaro - Residential,Iloilo,85,3,4,3119000.0,36697.0,House,14.0,3.5,7.0,6.5,0.15,0.03,Q4,2024
Molo - Heritage District,Iloilo,120,3,2,4587000.0,38225.0,House,5.0,5.0,6.5,5.8,0.2,0.05,Q3,2024
Molo - Heritage District,Iloilo,42,2,1,1779000.0,42361.0,Townhouse,5.0,5.0,6.5,5.8,0.2,0.05,Q2,2023
Bauang - Coastal,La Union,60,1,1,2318000.0,38635.0,Townhouse,1.0,6.5,6.2,4.0,0.25,0.04,Q3,2023
Diversion Road Corridor,Iloilo,180,4,3,8781000.0,48781.0,Townhouse,11.0,4.0,8.0,7.5,0.12,0.03,Q3,2024
San Juan - Surf Town,La Union,60,2,3,2463000.0,41052.0,Townhouse,0.5,8.8,6.8,4.0,0.18,0.08,Q3,2023
Bauang - Coastal,La Union,42,2,1,1572000.0,37423.0,Townhouse,1.0,6.5,6.2,4.0,0.25,0.04,Q4,2024
Molo - Heritage District,Iloilo,100,3,2,4574000.0,45738.0,House,5.0,5.0,6.5,5.8,0.2,0.05,Q3,2024
San Fernando City,La Union,85,3,3,2084000.0,24515.0,Condo,5.0,5.2,7.2,4.0,0.12,0.02,Q3,2023
Jaro - Residential,Iloilo,42,1,2,1721000.0,40977.0,House,14.0,3.5,7.0,6.5,0.15,0.03,Q4,2023
Bauang - Inland,La Union,120,3,3,2994000.0,24954.0,Condo,4.0,4.5,5.5,4.0,0.1,0.01,Q3,2024
Iloilo Business Park - Megaworld,Iloilo,42,1,1,3866000.0,92051.0,Condo,15.0,5.5,9.2,9.5,0.05,0.08,Q2,2023
San Fernando City,La Union,30,1,1,863000.0,28778.0,House,5.0,5.2,7.2,4.0,0.12,0.02,Q4,2024
San Fernando City,La Union,120,4,3,2916000.0,24300.0,Townhouse,5.0,5.2,7.2,4.0,0.12,0.02,Q3,2024
Bauang - Coastal,La Union,72,1,2,2545000.0,35341.0,Condo,1.0,6.5,6.2,4.0,0.25,0.04,Q3,2024
Jaro - Residential,Iloilo,85,3,3,3679000.0,43286.0,House,14.0,3.5,7.0,6.5,0.15,0.03,Q3,2023
Diversion Road Corridor,Iloilo,42,1,1,2220000.0,52866.0,Townhouse,11.0,4.0,8.0,7.5,0.12,0.03,Q4,2023
San Fernando City,La Union,150,3,3,3449000.0,22995.0,Townhouse,5.0,5.2,7.2,4.0,0.12,0.02,Q4,2023
San Fernando City,La Union,42,1,1,1064000.0,25340.0,Condo,5.0,5.2,7.2,4.0,0.12,0.02,Q1,2023
Diversion Road Corridor,Iloilo,85,1,1,4861000.0,57190.0,Townhouse,11.0,4.0,8.0,7.5,0.12,0.03,Q2,2024
Jaro - Residential,Iloilo,100,2,2,4442000.0,44420.0,Townhouse,14.0,3.5,7.0,6.5,0.15,0.03,Q4,2023
Bauang - Inland,La Union,72,2,1,1586000.0,22024.0,Condo,4.0,4.5,5.5,4.0,0.1,0.01,Q4,2024
Molo - Heritage District,Iloilo,150,3,2,6606000.0,44041.0,House,5.0,5.0,6.5,5.8,0.2,0.05,Q3,2023
San Fernando City,La Union,180,4,4,5841000.0,32452.0,Condo,5.0,5.2,7.2,4.0,0.12,0.02,Q3,2023
San Juan - Surf Town,La Union,120,2,3,5647000.0,47059.0,Condo,0.5,8.8,6.8,4.0,0.18,0.08,Q4,2024
Mandurriao - CBD Fringe,Iloilo,85,2,1,5478000.0,64451.0,Condo,12.0,4.5,8.5,8.0,0.1,0.04,Q2,2024
Diversion Road Corridor,Iloilo,50,1,1,3120000.0,62391.0,Condo,11.0,4.0,8.0,7.5,0.12,0.03,Q4,2024
San Fernando City,La Union,30,1,1,810000.0,27012.0,House,5.0,5.2,7.2,4.0,0.12,0.02,Q1,2024
San Fernando City,La Union,60,1,2,1374000.0,22892.0,House,5.0,5.2,7.2,4.0,0.12,0.02,Q4,2023
Bauang - Inland,La Union,120,4,5,3230000.0,26914.0,Condo,4.0,4.5,5.5,4.0,0.1,0.01,Q2,2024
Iloilo Business Park - Megaworld,Iloilo,180,6,6,14519000.0,80664.0,Condo,15.0,5.5,9.2,9.5,0.05,0.08,Q3,2024
Bauang - Inland,La Union,60,1,1,1194000.0,19902.0,Townhouse,4.0,4.5,5.5,4.0,0.1,0.01,Q4,2024
Bauang - Inland,La Union,85,3,4,1794000.0,21110.0,Townhouse,4.0,4.5,5.5,4.0,0.1,0.01,Q4,2024
Jaro - Residential,Iloilo,100,1,1,4634000.0,46343.0,House,14.0,3.5,7.0,6.5,0.15,0.03,Q4,2024
Bauang - Coastal,La Union,42,1,2,1508000.0,35909.0,House,1.0,6.5,6.2,4.0,0.25,0.04,Q1,2023
Jaro - Residential,Iloilo,30,1,2,1121000.0,37362.0,House,14.0,3.5,7.0,6.5,0.15,0.03,Q3,2023
Mandurriao - CBD Fringe,Iloilo,180,4,4,12118000.0,67320.0,Condo,12.0,4.5,8.5,8.0,0.1,0.04,Q2,2023
Molo - Heritage District,Iloilo,85,3,4,3855000.0,45358.0,Townhouse,5.0,5.0,6.5,5.8,0.2,0.05,Q4,2023
Mandurriao - CBD Fringe,Iloilo,50,1,1,3315000.0,66294.0,Townhouse,12.0,4.5,8.5,8.0,0.1,0.04,Q4,2024
San Fernando City,La Union,150,3,3,4680000.0,31201.0,Condo,5.0,5.2,7.2,4.0,0.12,0.02,Q4,2023
Bauang - Coastal,La Union,180,5,5,6185000.0,34362.0,House,1.0,6.5,6.2,4.0,0.25,0.04,Q2,2024
San Juan - Surf Town,La Union,120,3,2,5821000.0,48512.0,Condo,0.5,8.8,6.8,4.0,0.18,0.08,Q2,2024
Jaro - Residential,Iloilo,30,1,2,1106000.0,36852.0,Townhouse,14.0,3.5,7.0,6.5,0.15,0.03,Q3,2023
San Juan - Beach District,La Union,150,5,6,5884000.0,39229.0,Townhouse,0.2,9.2,7.0,4.0,0.15,0.1,Q1,2024
Bauang - Inland,La Union,180,5,4,4524000.0,25134.0,Townhouse,4.0,4.5,5.5,4.0,0.1,0.01,Q4,2023
Mandurriao - CBD Fringe,Iloilo,30,1,1,1777000.0,59230.0,Condo,12.0,4.5,8.5,8.0,0.1,0.04,Q3,2023
Mandurriao - CBD Fringe,Iloilo,85,2,3,5261000.0,61897.0,Condo,12.0,4.5,8.5,8.0,0.1,0.04,Q2,2024
Bauang - Coastal,La Union,180,4,4,7146000.0,39698.0,Townhouse,1.0,6.5,6.2,4.0,0.25,0.04,Q2,2024
San Fernando City,La Union,180,5,6,4589000.0,25493.0,House,5.0,5.2,7.2,4.0,0.12,0.02,Q3,2023
Iloilo Business Park - Megaworld,Iloilo,100,2,1,8524000.0,85237.0,Condo,15.0,5.5,9.2,9.5,0.05,0.08,Q4,2024
Mandurriao - CBD Fringe,Iloilo,30,1,2,1740000.0,58015.0,House,12.0,4.5,8.5,8.0,0.1,0.04,Q4,2024
Bauang - Inland,La Union,50,1,1,1044000.0,20881.0,House,4.0,4.5,5.5,4.0,0.1,0.01,Q2,2023
Iloilo Business Park - Megaworld,Iloilo,100,3,2,7849000.0,78491.0,Condo,15.0,5.5,9.2,9.5,0.05,0.08,Q2,2023
Bauang - Coastal,La Union,180,5,5,5360000.0,29780.0,Townhouse,1.0,6.5,6.2,4.0,0.25,0.04,Q2,2024
San Fernando City,La Union,50,1,2,1537000.0,30742.0,Condo,5.0,5.2,7.2,4.0,0.12,0.02,Q2,2023
Jaro - Residential,Iloilo,60,1,1,2620000.0,43664.0,House,14.0,3.5,7.0,6.5,0.15,0.03,Q4,2023
San Fernando City,La Union,100,2,1,2212000.0,22122.0,Townhouse,5.0,5.2,7.2,4.0,0.12,0.02,Q4,2024
Iloilo Business Park - Megaworld,Iloilo,150,5,5,10566000.0,70441.0,House,15.0,5.5,9.2,9.5,0.05,0.08,Q1,2023
Jaro - Residential,Iloilo,30,1,1,1591000.0,53038.0,Condo,14.0,3.5,7.0,6.5,0.15,0.03,Q4,2024
Bauang - Inland,La Union,100,1,1,2082000.0,20820.0,Townhouse,4.0,4.5,5.5,4.0,0.1,0.01,Q2,2023
San Fernando City,La Union,30,1,1,822000.0,27408.0,Condo,5.0,5.2,7.2,4.0,0.12,0.02,Q3,2024
Molo - Heritage District,Iloilo,30,1,2,1280000.0,42679.0,Townhouse,5.0,5.0,6.5,5.8,0.2,0.05,Q1,2024
Molo - Heritage District,Iloilo,42,1,1,1553000.0,36971.0,Townhouse,5.0,5.0,6.5,5.8,0.2,0.05,Q2,2024
Bauang - Coastal,La Union,42,1,2,1484000.0,35333.0,Condo,1.0,6.5,6.2,4.0,0.25,0.04,Q2,2024
Mandurriao - CBD Fringe,Iloilo,150,3,2,7795000.0,51968.0,House,12.0,4.5,8.5,8.0,0.1,0.04,Q4,2023
Iloilo Business Park - Megaworld,Iloilo,50,1,2,3960000.0,79199.0,Townhouse,15.0,5.5,9.2,9.5,0.05,0.08,Q2,2024
San Fernando City,La Union,180,6,6,4219000.0,23440.0,House,5.0,5.2,7.2,4.0,0.12,0.02,Q3,2023
Molo - Heritage District,Iloilo,42,2,1,1752000.0,41713.0,House,5.0,5.0,6.5,5.8,0.2,0.05,Q2,2023
Diversion Road Corridor,Iloilo,150,5,6,8376000.0,55838.0,Townhouse,11.0,4.0,8.0,7.5,0.12,0.03,Q4,2024
Molo - Heritage District,Iloilo,120,4,5,5110000.0,42586.0,Townhouse,5.0,5.0,6.5,5.8,0.2,0.05,Q2,2024
Diversion Road Corridor,Iloilo,42,1,1,2761000.0,65734.0,Condo,11.0,4.0,8.0,7.5,0.12,0.03,Q4,2023
Mandurriao - CBD Fringe,Iloilo,120,3,3,7497000.0,62479.0,Townhouse,12.0,4.5,8.5,8.0,0.1,0.04,Q2,2024
Diversion Road Corridor,Iloilo,50,1,1,2451000.0,49016.0,Townhouse,11.0,4.0,8.0,7.5,0.12,0.03,Q4,2023
Mandurriao - CBD Fringe,Iloilo,72,3,2,3936000.0,54671.0,Condo,12.0,4.5,8.5,8.0,0.1,0.04,Q1,2023
San Fernando City,La Union,180,6,7,4997000.0,27760.0,Townhouse,5.0,5.2,7.2,4.0,0.12,0.02,Q4,2023
Bauang - Inland,La Union,60,1,1,1325000.0,22082.0,House,4.0,4.5,5.5,4.0,0.1,0.01,Q1,2023
San Juan - Surf Town,La Union,30,1,1,1289000.0,42951.0,House,0.5,8.8,6.8,4.0,0.18,0.08,Q3,2024
Diversion Road Corridor,Iloilo,30,1,1,1772000.0,59058.0,Townhouse,11.0,4.0,8.0,7.5,0.12,0.03,Q3,2024
Molo - Heritage District,Iloilo,100,1,1,4215000.0,42153.0,House,5.0,5.0,6.5,5.8,0.2,0.05,Q1,2023
San Juan - Surf Town,La Union,120,2,2,4630000.0,38584.0,Condo,0.5,8.8,6.8,4.0,0.18,0.08,Q3,2023
Diversion Road Corridor,Iloilo,150,4,4,7242000.0,48279.0,House,11.0,4.0,8.0,7.5,0.12,0.03,Q2,2024
Jaro - Residential,Iloilo,42,2,3,1810000.0,43092.0,Condo,14.0,3.5,7.0,6.5,0.15,0.03,Q3,2023
Mandurriao - CBD Fringe,Iloilo,120,4,5,6904000.0,57535.0,Townhouse,12.0,4.5,8.5,8.0,0.1,0.04,Q1,2023
Jaro - Residential,Iloilo,100,3,3,4031000.0,40306.0,Townhouse,14.0,3.5,7.0,6.5,0.15,0.03,Q3,2024
Bauang - Coastal,La Union,120,4,4,5281000.0,44006.0,Condo,1.0,6.5,6.2,4.0,0.25,0.04,Q2,2024
Jaro - Residential,Iloilo,180,6,5,6739000.0,37440.0,House,14.0,3.5,7.0,6.5,0.15,0.03,Q3,2024
Diversion Road Corridor,Iloilo,85,1,1,4619000.0,54343.0,House,11.0,4.0,8.0,7.5,0.12,0.03,Q4,2023
San Fernando City,La Union,100,2,2,2669000.0,26695.0,Condo,5.0,5.2,7.2,4.0,0.12,0.02,Q2,2024
Iloilo Business Park - Megaworld,Iloilo,150,5,4,10955000.0,73032.0,Townhouse,15.0,5.5,9.2,9.5,0.05,0.08,Q2,2023
Bauang - Coastal,La Union,30,1,1,1255000.0,41848.0,Condo,1.0,6.5,6.2,4.0,0.25,0.04,Q3,2023
Iloilo Business Park - Megaworld,Iloilo,180,6,5,13969000.0,77604.0,House,15.0,5.5,9.2,9.5,0.05,0.08,Q1,2024
Mandurriao - CBD Fringe,Iloilo,120,3,2,7027000.0,58556.0,Condo,12.0,4.5,8.5,8.0,0.1,0.04,Q3,2024
San Fernando City,La Union,100,3,3,2909000.0,29089.0,House,5.0,5.2,7.2,4.0,0.12,0.02,Q2,2024
San Juan - Surf Town,La Union,60,2,1,2343000.0,39048.0,Condo,0.5,8.8,6.8,4.0,0.18,0.08,Q2,2024
San Juan - Surf Town,La Union,150,5,6,7545000.0,50301.0,Condo,0.5,8.8,6.8,4.0,0.18,0.08,Q2,2024
Bauang - Inland,La Union,50,1,1,1337000.0,26745.0,Condo,4.0,4.5,5.5,4.0,0.1,0.01,Q3,2024
San Juan - Surf Town,La Union,42,1,1,1708000.0,40660.0,Condo,0.5,8.8,6.8,4.0,0.18,0.08,Q1,2024
San Juan - Beach District,La Union,50,2,1,2204000.0,44089.0,House,0.2,9.2,7.0,4.0,0.15,0.1,Q1,2024
Bauang - Coastal,La Union,100,1,1,3344000.0,33444.0,Townhouse,1.0,6.5,6.2,4.0,0.25,0.04,Q2,2023
Iloilo Business Park - Megaworld,Iloilo,85,2,1,7668000.0,90209.0,Condo,15.0,5.5,9.2,9.5,0.05,0.08,Q1,2023
Bauang - Inland,La Union,60,1,2,1213000.0,20221.0,Townhouse,4.0,4.5,5.5,4.0,0.1,0.01,Q3,2023
San Juan - Surf Town,La Union,180,6,7,6160000.0,34224.0,Townhouse,0.5,8.8,6.8,4.0,0.18,0.08,Q2,2024
San Juan - Beach District,La Union,42,1,1,1639000.0,39017.0,House,0.2,9.2,7.0,4.0,0.15,0.1,Q1,2024
San Fernando City,La Union,120,2,2,2836000.0,23635.0,Townhouse,5.0,5.2,7.2,4.0,0.12,0.02,Q4,2024
Diversion Road Corridor,Iloilo,30,1,2,1629000.0,54294.0,Townhouse,11.0,4.0,8.0,7.5,0.12,0.03,Q1,2024
Bauang - Inland,La Union,60,2,2,1342000.0,22360.0,Townhouse,4.0,4.5,5.5,4.0,0.1,0.01,Q4,2024
Jaro - Residential,Iloilo,72,2,1,3401000.0,47238.0,House,14.0,3.5,7.0,6.5,0.15,0.03,Q2,2023
Diversion Road Corridor,Iloilo,72,2,1,3788000.0,52605.0,Condo,11.0,4.0,8.0,7.5,0.12,0.03,Q4,2023
Jaro - Residential,Iloilo,150,3,4,6043000.0,40286.0,Condo,14.0,3.5,7.0,6.5,0.15,0.03,Q2,2024
San Juan - Beach District,La Union,50,2,2,2021000.0,40428.0,Townhouse,0.2,9.2,7.0,4.0,0.15,0.1,Q4,2024
Molo - Heritage District,Iloilo,100,1,2,5215000.0,52152.0,Condo,5.0,5.0,6.5,5.8,0.2,0.05,Q3,2024
Bauang - Coastal,La Union,180,6,5,6711000.0,37281.0,House,1.0,6.5,6.2,4.0,0.25,0.04,Q2,2023
Bauang - Inland,La Union,30,1,1,652000.0,21722.0,Townhouse,4.0,4.5,5.5,4.0,0.1,0.01,Q1,2024
Molo - Heritage District,Iloilo,72,2,2,3308000.0,45948.0,House,5.0,5.0,6.5,5.8,0.2,0.05,Q2,2023
Bauang - Inland,La Union,150,5,4,3383000.0,22556.0,Condo,4.0,4.5,5.5,4.0,0.1,0.01,Q4,2023
Jaro - Residential,Iloilo,120,3,4,5476000.0,45631.0,House,14.0,3.5,7.0,6.5,0.15,0.03,Q1,2024
Diversion Road Corridor,Iloilo,30,1,1,1604000.0,53470.0,House,11.0,4.0,8.0,7.5,0.12,0.03,Q4,2024
San Fernando City,La Union,120,3,2,3619000.0,30156.0,Condo,5.0,5.2,7.2,4.0,0.12,0.02,Q1,2024
Mandurriao - CBD Fringe,Iloilo,85,2,3,4862000.0,57195.0,Condo,12.0,4.5,8.5,8.0,0.1,0.04,Q3,2023
Jaro - Residential,Iloilo,60,2,2,2883000.0,48048.0,Townhouse,14.0,3.5,7.0,6.5,0.15,0.03,Q4,2023
Diversion Road Corridor,Iloilo,150,4,5,7139000.0,47597.0,Townhouse,11.0,4.0,8.0,7.5,0.12,0.03,Q1,2024
Iloilo Business Park - Megaworld,Iloilo,180,5,4,12404000.0,68909.0,House,15.0,5.5,9.2,9.5,0.05,0.08,Q1,2024
San Fernando City,La Union,100,3,4,2945000.0,29449.0,Townhouse,5.0,5.2,7.2,4.0,0.12,0.02,Q1,2023
Molo - Heritage District,Iloilo,60,1,1,2447000.0,40776.0,House,5.0,5.0,6.5,5.8,0.2,0.05,Q4,2024
Bauang - Inland,La Union,150,3,4,3699000.0,24657.0,Townhouse,4.0,4.5,5.5,4.0,0.1,0.01,Q3,2024
San Fernando City,La Union,100,1,1,2346000.0,23461.0,Townhouse,5.0,5.2,7.2,4.0,0.12,0.02,Q4,2024
Mandurriao - CBD Fringe,Iloilo,30,1,1,1731000.0,57698.0,Townhouse,12.0,4.5,8.5,8.0,0.1,0.04,Q4,2024
Bauang - Coastal,La Union,60,1,1,2259000.0,37644.0,Townhouse,1.0,6.5,6.2,4.0,0.25,0.04,Q2,2023
San Juan - Surf Town,La Union,150,4,5,6443000.0,42951.0,House,0.5,8.8,6.8,4.0,0.18,0.08,Q3,2024
San Juan - Surf Town,La Union,180,6,7,6212000.0,34511.0,House,0.5,8.8,6.8,4.0,0.18,0.08,Q3,2023
Bauang - Inland,La Union,120,2,2,2864000.0,23865.0,House,4.0,4.5,5.5,4.0,0.1,0.01,Q2,2024
San Fernando City,La Union,85,3,3,2776000.0,32657.0,Condo,5.0,5.2,7.2,4.0,0.12,0.02,Q3,2023
Bauang - Coastal,La Union,72,2,2,2850000.0,39587.0,House,1.0,6.5,6.2,4.0,0.25,0.04,Q2,2023
Bauang - Inland,La Union,85,1,2,1879000.0,22106.0,Condo,4.0,4.5,5.5,4.0,0.1,0.01,Q2,2024
San Fernando City,La Union,42,1,1,1063000.0,25317.0,House,5.0,5.2,7.2,4.0,0.12,0.02,Q4,2024
Diversion Road Corridor,Iloilo,60,2,2,2728000.0,45459.0,Townhouse,11.0,4.0,8.0,7.5,0.12,0.03,Q3,2024
Mandurriao - CBD Fringe,Iloilo,180,5,5,12462000.0,69231.0,Condo,12.0,4.5,8.5,8.0,0.1,0.04,Q3,2023
Jaro - Residential,Iloilo,85,2,1,3470000.0,40825.0,Condo,14.0,3.5,7.0,6.5,0.15,0.03,Q3,2023
Jaro - Residential,Iloilo,120,3,3,5486000.0,45719.0,Condo,14.0,3.5,7.0,6.5,0.15,0.03,Q1,2023
Bauang - Inland,La Union,150,5,5,3760000.0,25068.0,Townhouse,4.0,4.5,5.5,4.0,0.1,0.01,Q1,2024
Molo - Heritage District,Iloilo,85,2,3,3089000.0,36342.0,House,5.0,5.0,6.5,5.8,0.2,0.05,Q2,2023
Jaro - Residential,Iloilo,150,3,2,5711000.0,38073.0,Townhouse,14.0,3.5,7.0,6.5,0.15,0.03,Q3,2023
Mandurriao - CBD Fringe,Iloilo,50,1,1,2479000.0,49588.0,Townhouse,12.0,4.5,8.5,8.0,0.1,0.04,Q4,2024
Jaro - Residential,Iloilo,85,2,1,3473000.0,40859.0,Condo,14.0,3.5,7.0,6.5,0.15,0.03,Q3,2023
San Fernando City,La Union,180,4,3,4100000.0,22778.0,House,5.0,5.2,7.2,4.0,0.12,0.02,Q2,2024
Bauang - Inland,La Union,42,1,1,1115000.0,26547.0,Condo,4.0,4.5,5.5,4.0,0.1,0.01,Q2,2024
Mandurriao - CBD Fringe,Iloilo,180,4,5,11925000.0,66249.0,Condo,12.0,4.5,8.5,8.0,0.1,0.04,Q1,2023
Mandurriao - CBD Fringe,Iloilo,72,2,1,4580000.0,63606.0,House,12.0,4.5,8.5,8.0,0.1,0.04,Q1,2024
Iloilo Business Park - Megaworld,Iloilo,42,2,2,3000000.0,71436.0,House,15.0,5.5,9.2,9.5,0.05,0.08,Q3,2024
Molo - Heritage District,Iloilo,50,1,1,1993000.0,39856.0,Townhouse,5.0,5.0,6.5,5.8,0.2,0.05,Q1,2023
Bauang - Inland,La Union,120,4,3,3485000.0,29038.0,Condo,4.0,4.5,5.5,4.0,0.1,0.01,Q1,2024
San Fernando City,La Union,180,4,5,5801000.0,32229.0,Condo,5.0,5.2,7.2,4.0,0.12,0.02,Q1,2024
San Juan - Surf Town,La Union,50,2,1,2011000.0,40215.0,Townhouse,0.5,8.8,6.8,4.0,0.18,0.08,Q4,2023
Bauang - Coastal,La Union,120,3,4,4328000.0,36068.0,House,1.0,6.5,6.2,4.0,0.25,0.04,Q2,2023
San Juan - Beach District,La Union,42,1,1,1625000.0,38680.0,Townhouse,0.2,9.2,7.0,4.0,0.15,0.1,Q2,2023
Mandurriao - CBD Fringe,Iloilo,60,1,1,3516000.0,58603.0,Townhouse,12.0,4.5,8.5,8.0,0.1,0.04,Q4,2024
Mandurriao - CBD Fringe,Iloilo,120,4,5,6485000.0,54040.0,House,12.0,4.5,8.5,8.0,0.1,0.04,Q1,2023
San Juan - Surf Town,La Union,120,4,4,4907000.0,40889.0,House,0.5,8.8,6.8,4.0,0.18,0.08,Q4,2024
Bauang - Inland,La Union,50,1,2,1137000.0,22739.0,Condo,4.0,4.5,5.5,4.0,0.1,0.01,Q1,2024
San Juan - Surf Town,La Union,100,3,3,4105000.0,41049.0,Condo,0.5,8.8,6.8,4.0,0.18,0.08,Q3,2023
Iloilo Business Park - Megaworld,Iloilo,120,2,3,8675000.0,72293.0,Townhouse,15.0,5.5,9.2,9.5,0.05,0.08,Q3,2024
Diversion Road Corridor,Iloilo,180,5,5,11835000.0,65751.0,Condo,11.0,4.0,8.0,7.5,0.12,0.03,Q1,2024
Jaro - Residential,Iloilo,72,3,4,3017000.0,41900.0,House,14.0,3.5,7.0,6.5,0.15,0.03,Q4,2023
Bauang - Coastal,La Union,150,4,3,5347000.0,35644.0,House,1.0,6.5,6.2,4.0,0.25,0.04,Q3,2024
San Juan - Beach District,La Union,72,2,1,2915000.0,40482.0,House,0.2,9.2,7.0,4.0,0.15,0.1,Q1,2024
Mandurriao - CBD Fringe,Iloilo,100,2,3,7333000.0,73328.0,Condo,12.0,4.5,8.5,8.0,0.1,0.04,Q1,2023
San Juan - Beach District,La Union,60,1,1,2607000.0,43447.0,House,0.2,9.2,7.0,4.0,0.15,0.1,Q3,2024
San Juan - Beach District,La Union,120,3,2,5225000.0,43541.0,House,0.2,9.2,7.0,4.0,0.15,0.1,Q2,2024
Mandurriao - CBD Fringe,Iloilo,85,2,1,4799000.0,56457.0,House,12.0,4.5,8.5,8.0,0.1,0.04,Q2,2024
San Fernando City,La Union,60,1,1,1747000.0,29118.0,House,5.0,5.2,7.2,4.0,0.12,0.02,Q2,2023
Molo - Heritage District,Iloilo,150,5,4,6376000.0,42504.0,Condo,5.0,5.0,6.5,5.8,0.2,0.05,Q3,2024
Molo - Heritage District,Iloilo,100,3,4,4489000.0,44893.0,Townhouse,5.0,5.0,6.5,5.8,0.2,0.05,Q3,2024
Iloilo Business Park - Megaworld,Iloilo,50,2,2,3830000.0,76595.0,Townhouse,15.0,5.5,9.2,9.5,0.05,0.08,Q2,2023
San Juan - Surf Town,La Union,60,2,1,2283000.0,38055.0,House,0.5,8.8,6.8,4.0,0.18,0.08,Q1,2024
Jaro - Residential,Iloilo,180,6,5,7451000.0,41397.0,Townhouse,14.0,3.5,7.0,6.5,0.15,0.03,Q2,2024
Diversion Road Corridor,Iloilo,120,3,2,6090000.0,50753.0,House,11.0,4.0,8.0,7.5,0.12,0.03,Q2,2024
Mandurriao - CBD Fringe,Iloilo,30,1,1,1996000.0,66529.0,Townhouse,12.0,4.5,8.5,8.0,0.1,0.04,Q3,2024
San Juan - Surf Town,La Union,50,1,1,1923000.0,38456.0,Townhouse,0.5,8.8,6.8,4.0,0.18,0.08,Q3,2024
Molo - Heritage District,Iloilo,150,5,6,6795000.0,45301.0,Townhouse,5.0,5.0,6.5,5.8,0.2,0.05,Q4,2024
Molo - Heritage District,Iloilo,85,2,1,3685000.0,43352.0,Condo,5.0,5.0,6.5,5.8,0.2,0.05,Q3,2023
Bauang - Coastal,La Union,72,2,1,2334000.0,32418.0,House,1.0,6.5,6.2,4.0,0.25,0.04,Q3,2024
Jaro - Residential,Iloilo,42,1,1,1857000.0,44224.0,House,14.0,3.5,7.0,6.5,0.15,0.03,Q4,2024
San Juan - Beach District,La Union,30,1,2,1288000.0,42946.0,Condo,0.2,9.2,7.0,4.0,0.15,0.1,Q3,2024
Bauang - Coastal,La Union,150,3,2,5149000.0,34328.0,Townhouse,1.0,6.5,6.2,4.0,0.25,0.04,Q4,2024
San Juan - Surf Town,La Union,150,3,4,7082000.0,47216.0,Condo,0.5,8.8,6.8,4.0,0.18,0.08,Q4,2023
Iloilo Business Park - Megaworld,Iloilo,120,2,2,8780000.0,73167.0,Condo,15.0,5.5,9.2,9.5,0.05,0.08,Q3,2023
Bauang - Inland,La Union,30,1,1,707000.0,23560.0,Condo,4.0,4.5,5.5,4.0,0.1,0.01,Q4,2024
Diversion Road Corridor,Iloilo,60,1,2,2837000.0,47284.0,House,11.0,4.0,8.0,7.5,0.12,0.03,Q3,2023
Molo - Heritage District,Iloilo,150,4,4,7137000.0,47579.0,Condo,5.0,5.0,6.5,5.8,0.2,0.05,Q2,2024
San Juan - Beach District,La Union,85,1,2,3831000.0,45069.0,Townhouse,0.2,9.2,7.0,4.0,0.15,0.1,Q1,2023
San Juan - Beach District,La Union,50,1,1,2207000.0,44139.0,Townhouse,0.2,9.2,7.0,4.0,0.15,0.1,Q1,2023
San Juan - Beach District,La Union,120,3,2,4837000.0,40311.0,Condo,0.2,9.2,7.0,4.0,0.15,0.1,Q3,2023
Bauang - Inland,La Union,72,1,2,1439000.0,19985.0,Townhouse,4.0,4.5,5.5,4.0,0.1,0.01,Q4,2023
Molo - Heritage District,Iloilo,150,4,5,7689000.0,51259.0,Condo,5.0,5.0,6.5,5.8,0.2,0.05,Q1,2023
San Fernando City,La Union,100,1,2,2407000.0,24069.0,House,5.0,5.2,7.2,4.0,0.12,0.02,Q2,2023
Jaro - Residential,Iloilo,42,1,2,1745000.0,41557.0,Condo,14.0,3.5,7.0,6.5,0.15,0.03,Q4,2023
Diversion Road Corridor,Iloilo,50,1,1,2542000.0,50838.0,House,11.0,4.0,8.0,7.5,0.12,0.03,Q3,2024
San Juan - Beach District,La Union,60,2,1,2716000.0,45274.0,House,0.2,9.2,7.0,4.0,0.15,0.1,Q3,2024
Mandurriao - CBD Fringe,Iloilo,150,4,5,9926000.0,66172.0,House,12.0,4.5,8.5,8.0,0.1,0.04,Q4,2023
Diversion Road Corridor,Iloilo,30,1,2,1513000.0,50426.0,Condo,11.0,4.0,8.0,7.5,0.12,0.03,Q3,2023
Jaro - Residential,Iloilo,50,2,1,2652000.0,53039.0,Condo,14.0,3.5,7.0,6.5,0.15,0.03,Q2,2023
Jaro - Residential,Iloilo,120,2,3,5577000.0,46478.0,Condo,14.0,3.5,7.0,6.5,0.15,0.03,Q3,2024
Bauang - Coastal,La Union,120,2,3,3953000.0,32940.0,Condo,1.0,6.5,6.2,4.0,0.25,0.04,Q2,2023
Diversion Road Corridor,Iloilo,120,3,2,6991000.0,58261.0,Townhouse,11.0,4.0,8.0,7.5,0.12,0.03,Q2,2024
Diversion Road Corridor,Iloilo,150,4,3,9072000.0,60482.0,House,11.0,4.0,8.0,7.5,0.12,0.03,Q4,2024
Molo - Heritage District,Iloilo,85,1,1,3803000.0,44744.0,Townhouse,5.0,5.0,6.5,5.8,0.2,0.05,Q1,2024
San Juan - Surf Town,La Union,30,1,2,1130000.0,37670.0,Townhouse,0.5,8.8,6.8,4.0,0.18,0.08,Q3,2023
Mandurriao - CBD Fringe,Iloilo,50,1,1,2959000.0,59183.0,House,12.0,4.5,8.5,8.0,0.1,0.04,Q4,2023
Jaro - Residential,Iloilo,30,1,1,1453000.0,48424.0,Townhouse,14.0,3.5,7.0,6.5,0.15,0.03,Q2,2024
Diversion Road Corridor,Iloilo,180,6,5,9910000.0,55058.0,House,11.0,4.0,8.0,7.5,0.12,0.03,Q3,2024
Mandurriao - CBD Fringe,Iloilo,30,1,1,1522000.0,50732.0,House,12.0,4.5,8.5,8.0,0.1,0.04,Q1,2024
San Fernando City,La Union,60,2,2,1817000.0,30286.0,Condo,5.0,5.2,7.2,4.0,0.12,0.02,Q1,2024
Bauang - Coastal,La Union,60,2,1,1979000.0,32976.0,Condo,1.0,6.5,6.2,4.0,0.25,0.04,Q1,2023
San Juan - Beach District,La Union,30,1,1,1360000.0,45343.0,Townhouse,0.2,9.2,7.0,4.0,0.15,0.1,Q3,2024
San Juan - Surf Town,La Union,42,1,2,2019000.0,48062.0,Condo,0.5,8.8,6.8,4.0,0.18,0.08,Q4,2024
Mandurriao - CBD Fringe,Iloilo,150,4,4,8940000.0,59601.0,House,12.0,4.5,8.5,8.0,0.1,0.04,Q1,2023
Bauang - Coastal,La Union,50,2,2,1765000.0,35299.0,Condo,1.0,6.5,6.2,4.0,0.25,0.04,Q1,2023
San Fernando City,La Union,42,1,2,1000000.0,23799.0,Townhouse,5.0,5.2,7.2,4.0,0.12,0.02,Q3,2024
San Juan - Surf Town,La Union,42,1,2,1837000.0,43744.0,House,0.5,8.8,6.8,4.0,0.18,0.08,Q1,2023
Molo - Heritage District,Iloilo,150,4,3,7695000.0,51298.0,Condo,5.0,5.0,6.5,5.8,0.2,0.05,Q1,2024
Diversion Road Corridor,Iloilo,42,1,2,2070000.0,49293.0,House,11.0,4.0,8.0,7.5,0.12,0.03,Q4,2023
Diversion Road Corridor,Iloilo,100,2,2,4798000.0,47983.0,House,11.0,4.0,8.0,7.5,0.12,0.03,Q3,2023
Diversion Road Corridor,Iloilo,85,3,4,4316000.0,50774.0,Condo,11.0,4.0,8.0,7.5,0.12,0.03,Q4,2024
Bauang - Coastal,La Union,42,2,3,1424000.0,33911.0,House,1.0,6.5,6.2,4.0,0.25,0.04,Q3,2023
San Fernando City,La Union,120,4,4,3216000.0,26801.0,Condo,5.0,5.2,7.2,4.0,0.12,0.02,Q2,2023
Mandurriao - CBD Fringe,Iloilo,150,4,4,8201000.0,54671.0,Townhouse,12.0,4.5,8.5,8.0,0.1,0.04,Q2,2023
Bauang - Inland,La Union,180,4,5,4922000.0,27344.0,Condo,4.0,4.5,5.5,4.0,0.1,0.01,Q2,2024
Bauang - Coastal,La Union,42,2,2,1524000.0,36296.0,Condo,1.0,6.5,6.2,4.0,0.25,0.04,Q3,2023
Bauang - Inland,La Union,85,2,3,1707000.0,20079.0,House,4.0,4.5,5.5,4.0,0.1,0.01,Q4,2024
Molo - Heritage District,Iloilo,60,2,3,2229000.0,37151.0,Townhouse,5.0,5.0,6.5,5.8,0.2,0.05,Q3,2024
Bauang - Coastal,La Union,30,1,2,977000.0,32551.0,House,1.0,6.5,6.2,4.0,0.25,0.04,Q4,2023
Bauang - Coastal,La Union,120,3,3,4239000.0,35327.0,Townhouse,1.0,6.5,6.2,4.0,0.25,0.04,Q4,2023
Bauang - Coastal,La Union,85,3,2,3181000.0,37422.0,Townhouse,1.0,6.5,6.2,4.0,0.25,0.04,Q3,2024
Bauang - Coastal,La Union,120,2,2,4497000.0,37474.0,House,1.0,6.5,6.2,4.0,0.25,0.04,Q4,2023
Jaro - Residential,Iloilo,150,3,4,7347000.0,48978.0,Townhouse,14.0,3.5,7.0,6.5,0.15,0.03,Q3,2024
Jaro - Residential,Iloilo,120,3,2,5527000.0,46057.0,Condo,14.0,3.5,7.0,6.5,0.15,0.03,Q1,2024
Jaro - Residential,Iloilo,72,3,2,3353000.0,46565.0,House,14.0,3.5,7.0,6.5,0.15,0.03,Q4,2024
San Juan - Surf Town,La Union,42,1,1,1600000.0,38086.0,Condo,0.5,8.8,6.8,4.0,0.18,0.08,Q2,2023
Jaro - Residential,Iloilo,100,1,2,4117000.0,41173.0,House,14.0,3.5,7.0,6.5,0.15,0.03,Q3,2024
Mandurriao - CBD Fringe,Iloilo,180,4,4,10506000.0,58366.0,Townhouse,12.0,4.5,8.5,8.0,0.1,0.04,Q4,2024
Jaro - Residential,Iloilo,100,3,4,4407000.0,44068.0,House,14.0,3.5,7.0,6.5,0.15,0.03,Q1,2024
Jaro - Residential,Iloilo,180,6,7,8721000.0,48447.0,Townhouse,14.0,3.5,7.0,6.5,0.15,0.03,Q2,2023
Jaro - Residential,Iloilo,50,1,1,2528000.0,50559.0,Condo,14.0,3.5,7.0,6.5,0.15,0.03,Q4,2023
San Juan - Surf Town,La Union,150,5,5,5515000.0,36769.0,Townhouse,0.5,8.8,6.8,4.0,0.18,0.08,Q3,2023
Diversion Road Corridor,Iloilo,120,4,3,5424000.0,45198.0,Townhouse,11.0,4.0,8.0,7.5,0.12,0.03,Q3,2024
Mandurriao - CBD Fringe,Iloilo,120,2,1,8595000.0,71629.0,Condo,12.0,4.5,8.5,8.0,0.1,0.04,Q4,2024
Molo - Heritage District,Iloilo,72,1,2,3084000.0,42835.0,Townhouse,5.0,5.0,6.5,5.8,0.2,0.05,Q1,2023
Jaro - Residential,Iloilo,60,1,2,2667000.0,44451.0,Townhouse,14.0,3.5,7.0,6.5,0.15,0.03,Q3,2023
Jaro - Residential,Iloilo,150,3,3,6035000.0,40230.0,House,14.0,3.5,7.0,6.5,0.15,0.03,Q4,2024
Bauang - Coastal,La Union,120,3,4,3606000.0,30047.0,House,1.0,6.5,6.2,4.0,0.25,0.04,Q4,2024
San Fernando City,La Union,100,2,2,2529000.0,25294.0,House,5.0,5.2,7.2,4.0,0.12,0.02,Q3,2024
Molo - Heritage District,Iloilo,120,3,2,5305000.0,44210.0,House,5.0,5.0,6.5,5.8,0.2,0.05,Q3,2024
Bauang - Inland,La Union,50,1,2,1112000.0,22242.0,Condo,4.0,4.5,5.5,4.0,0.1,0.01,Q3,2023
Mandurriao - CBD Fringe,Iloilo,60,1,2,3763000.0,62716.0,House,12.0,4.5,8.5,8.0,0.1,0.04,Q4,2023
Bauang - Coastal,La Union,30,1,1,1139000.0,37973.0,Condo,1.0,6.5,6.2,4.0,0.25,0.04,Q3,2024
Bauang - Inland,La Union,100,3,3,2515000.0,25148.0,Condo,4.0,4.5,5.5,4.0,0.1,0.01,Q3,2023
Jaro - Residential,Iloilo,30,1,1,1392000.0,46408.0,House,14.0,3.5,7.0,6.5,0.15,0.03,Q3,2024
Diversion Road Corridor,Iloilo,150,4,4,8264000.0,55092.0,Townhouse,11.0,4.0,8.0,7.5,0.12,0.03,Q3,2023
Bauang - Coastal,La Union,60,2,1,1949000.0,32482.0,House,1.0,6.5,6.2,4.0,0.25,0.04,Q3,2023
Bauang - Coastal,La Union,60,2,2,2330000.0,38839.0,Townhouse,1.0,6.5,6.2,4.0,0.25,0.04,Q4,2024
San Juan - Surf Town,La Union,60,1,1,2114000.0,35231.0,House,0.5,8.8,6.8,4.0,0.18,0.08,Q2,2023
Jaro - Residential,Iloilo,50,1,2,1941000.0,38829.0,House,14.0,3.5,7.0,6.5,0.15,0.03,Q1,2023
Bauang - Coastal,La Union,50,1,1,1692000.0,33846.0,House,1.0,6.5,6.2,4.0,0.25,0.04,Q2,2024
San Juan - Surf Town,La Union,42,1,2,2039000.0,48539.0,Condo,0.5,8.8,6.8,4.0,0.18,0.08,Q2,2023
Bauang - Inland,La Union,72,3,2,1904000.0,26446.0,Condo,4.0,4.5,5.5,4.0,0.1,0.01,Q3,2024
Molo - Heritage District,Iloilo,100,3,3,3710000.0,37100.0,Townhouse,5.0,5.0,6.5,5.8,0.2,0.05,Q2,2023
Diversion Road Corridor,Iloilo,85,3,4,5171000.0,60837.0,Townhouse,11.0,4.0,8.0,7.5,0.12,0.03,Q2,2024
San Fernando City,La Union,100,1,1,2976000.0,29760.0,House,5.0,5.2,7.2,4.0,0.12,0.02,Q3,2023
Diversion Road Corridor,Iloilo,60,1,1,3130000.0,52159.0,Condo,11.0,4.0,8.0,7.5,0.12,0.03,Q4,2024
Jaro - Residential,Iloilo,30,1,1,1209000.0,40287.0,Condo,14.0,3.5,7.0,6.5,0.15,0.03,Q3,2024
Bauang - Coastal,La Union,30,1,1,932000.0,31074.0,House,1.0,6.5,6.2,4.0,0.25,0.04,Q4,2024
Jaro - Residential,Iloilo,72,1,1,3368000.0,46773.0,Townhouse,14.0,3.5,7.0,6.5,0.15,0.03,Q1,2024
Iloilo Business Park - Megaworld,Iloilo,100,3,2,8842000.0,88424.0,Condo,15.0,5.5,9.2,9.5,0.05,0.08,Q4,2023
San Fernando City,La Union,42,2,3,1023000.0,24356.0,Condo,5.0,5.2,7.2,4.0,0.12,0.02,Q4,2024
San Juan - Surf Town,La Union,72,1,1,2620000.0,36394.0,Townhouse,0.5,8.8,6.8,4.0,0.18,0.08,Q2,2023
Bauang - Coastal,La Union,42,2,1,1392000.0,33132.0,House,1.0,6.5,6.2,4.0,0.25,0.04,Q4,2023
San Fernando City,La Union,30,1,1,712000.0,23731.0,House,5.0,5.2,7.2,4.0,0.12,0.02,Q4,2024
Iloilo Business Park - Megaworld,Iloilo,180,4,5,11375000.0,63192.0,House,15.0,5.5,9.2,9.5,0.05,0.08,Q4,2024
Diversion Road Corridor,Iloilo,30,1,1,1975000.0,65834.0,Condo,11.0,4.0,8.0,7.5,0.12,0.03,Q1,2023
Molo - Heritage District,Iloilo,60,1,1,2700000.0,45006.0,Townhouse,5.0,5.0,6.5,5.8,0.2,0.05,Q2,2023
San Juan - Beach District,La Union,50,1,1,2188000.0,43761.0,Townhouse,0.2,9.2,7.0,4.0,0.15,0.1,Q4,2024
Molo - Heritage District,Iloilo,50,1,2,2274000.0,45471.0,House,5.0,5.0,6.5,5.8,0.2,0.05,Q1,2023
San Fernando City,La Union,120,2,1,3379000.0,28161.0,Condo,5.0,5.2,7.2,4.0,0.12,0.02,Q4,2024
Molo - Heritage District,Iloilo,180,5,5,7466000.0,41476.0,Townhouse,5.0,5.0,6.5,5.8,0.2,0.05,Q4,2023
Iloilo Business Park - Megaworld,Iloilo,180,6,7,13411000.0,74508.0,Condo,15.0,5.5,9.2,9.5,0.05,0.08,Q1,2024
Bauang - Inland,La Union,50,1,1,1358000.0,27151.0,Condo,4.0,4.5,5.5,4.0,0.1,0.01,Q3,2024
San Juan - Beach District,La Union,85,1,2,3734000.0,43928.0,Condo,0.2,9.2,7.0,4.0,0.15,0.1,Q1,2024
Molo - Heritage District,Iloilo,100,1,1,4860000.0,48604.0,Condo,5.0,5.0,6.5,5.8,0.2,0.05,Q4,2023
San Juan - Surf Town,La Union,42,1,2,1629000.0,38795.0,House,0.5,8.8,6.8,4.0,0.18,0.08,Q4,2023
Bauang - Inland,La Union,100,1,1,2428000.0,24285.0,Townhouse,4.0,4.5,5.5,4.0,0.1,0.01,Q1,2024
Molo - Heritage District,Iloilo,60,2,1,2896000.0,48265.0,House,5.0,5.0,6.5,5.8,0.2,0.05,Q2,2023
Bauang - Inland,La Union,60,1,1,1419000.0,23650.0,Condo,4.0,4.5,5.5,4.0,0.1,0.01,Q1,2024
Molo - Heritage District,Iloilo,72,2,2,2699000.0,37484.0,Townhouse,5.0,5.0,6.5,5.8,0.2,0.05,Q1,2024
San Fernando City,La Union,180,4,4,4961000.0,27563.0,House,5.0,5.2,7.2,4.0,0.12,0.02,Q4,2024
San Fernando City,La Union,180,4,4,5170000.0,28721.0,Townhouse,5.0,5.2,7.2,4.0,0.12,0.02,Q2,2024
Bauang - Inland,La Union,30,1,1,667000.0,22232.0,Condo,4.0,4.5,5.5,4.0,0.1,0.01,Q2,2023
Diversion Road Corridor,Iloilo,72,2,3,4576000.0,63557.0,Condo,11.0,4.0,8.0,7.5,0.12,0.03,Q2,2023
Iloilo Business Park - Megaworld,Iloilo,42,1,1,3533000.0,84123.0,House,15.0,5.5,9.2,9.5,0.05,0.08,Q4,2024
San Juan - Beach District,La Union,150,3,3,5934000.0,39559.0,Condo,0.2,9.2,7.0,4.0,0.15,0.1,Q4,2024
Molo - Heritage District,Iloilo,50,1,1,2245000.0,44900.0,Townhouse,5.0,5.0,6.5,5.8,0.2,0.05,Q1,2023
Molo - Heritage District,Iloilo,120,3,2,4886000.0,40719.0,Townhouse,5.0,5.0,6.5,5.8,0.2,0.05,Q3,2023
Iloilo Business Park - Megaworld,Iloilo,42,1,2,3390000.0,80704.0,House,15.0,5.5,9.2,9.5,0.05,0.08,Q4,2024
Iloilo Business Park - Megaworld,Iloilo,50,2,2,3946000.0,78917.0,Townhouse,15.0,5.5,9.2,9.5,0.05,0.08,Q4,2024
Bauang - Inland,La Union,85,3,2,2269000.0,26690.0,Condo,4.0,4.5,5.5,4.0,0.1,0.01,Q1,2023
Bauang - Coastal,La Union,150,5,5,4927000.0,32847.0,Condo,1.0,6.5,6.2,4.0,0.25,0.04,Q2,2024
Mandurriao - CBD Fringe,Iloilo,85,2,1,5065000.0,59593.0,Condo,12.0,4.5,8.5,8.0,0.1,0.04,Q4,2023
Diversion Road Corridor,Iloilo,30,1,2,1718000.0,57254.0,Condo,11.0,4.0,8.0,7.5,0.12,0.03,Q3,2023
Mandurriao - CBD Fringe,Iloilo,42,1,1,2236000.0,53249.0,Townhouse,12.0,4.5,8.5,8.0,0.1,0.04,Q3,2024
San Fernando City,La Union,150,5,4,3731000.0,24874.0,House,5.0,5.2,7.2,4.0,0.12,0.02,Q4,2024
Iloilo Business Park - Megaworld,Iloilo,30,1,2,1921000.0,64035.0,Townhouse,15.0,5.5,9.2,9.5,0.05,0.08,Q2,2023
San Juan - Surf Town,La Union,120,2,2,4873000.0,40607.0,Townhouse,0.5,8.8,6.8,4.0,0.18,0.08,Q3,2023
Diversion Road Corridor,Iloilo,85,1,1,4485000.0,52770.0,Townhouse,11.0,4.0,8.0,7.5,0.12,0.03,Q1,2023
Iloilo Business Park - Megaworld,Iloilo,150,4,5,12539000.0,83594.0,Townhouse,15.0,5.5,9.2,9.5,0.05,0.08,Q4,2024
San Juan - Beach District,La Union,180,6,5,6603000.0,36686.0,House,0.2,9.2,7.0,4.0,0.15,0.1,Q1,2023
San Juan - Beach District,La Union,60,1,1,3186000.0,53093.0,Condo,0.2,9.2,7.0,4.0,0.15,0.1,Q1,2023
San Fernando City,La Union,72,3,3,1730000.0,24034.0,Townhouse,5.0,5.2,7.2,4.0,0.12,0.02,Q4,2023
Mandurriao - CBD Fringe,Iloilo,42,1,1,2699000.0,64255.0,House,12.0,4.5,8.5,8.0,0.1,0.04,Q2,2024
Mandurriao - CBD Fringe,Iloilo,60,2,1,3273000.0,54553.0,Townhouse,12.0,4.5,8.5,8.0,0.1,0.04,Q2,2023
Jaro - Residential,Iloilo,100,1,1,4407000.0,44068.0,Townhouse,14.0,3.5,7.0,6.5,0.15,0.03,Q4,2024
Iloilo Business Park - Megaworld,Iloilo,100,3,4,7270000.0,72703.0,House,15.0,5.5,9.2,9.5,0.05,0.08,Q1,2024
Iloilo Business Park - Megaworld,Iloilo,180,5,5,14220000.0,78999.0,House,15.0,5.5,9.2,9.5,0.05,0.08,Q2,2024
Diversion Road Corridor,Iloilo,50,1,2,2907000.0,58139.0,House,11.0,4.0,8.0,7.5,0.12,0.03,Q1,2024
Bauang - Coastal,La Union,180,4,3,7191000.0,39950.0,House,1.0,6.5,6.2,4.0,0.25,0.04,Q3,2024
Mandurriao - CBD Fringe,Iloilo,150,4,3,9210000.0,61402.0,House,12.0,4.5,8.5,8.0,0.1,0.04,Q1,2023
Mandurriao - CBD Fringe,Iloilo,100,3,4,6319000.0,63192.0,House,12.0,4.5,8.5,8.0,0.1,0.04,Q3,2023
Jaro - Residential,Iloilo,72,3,2,2812000.0,39058.0,House,14.0,3.5,7.0,6.5,0.15,0.03,Q1,2023
San Fernando City,La Union,42,2,3,1097000.0,26128.0,Townhouse,5.0,5.2,7.2,4.0,0.12,0.02,Q2,2024
Molo - Heritage District,Iloilo,180,6,5,7954000.0,44188.0,Townhouse,5.0,5.0,6.5,5.8,0.2,0.05,Q2,2024
San Juan - Surf Town,La Union,85,3,2,3688000.0,43385.0,House,0.5,8.8,6.8,4.0,0.18,0.08,Q1,2023
San Juan - Beach District,La Union,180,6,5,7277000.0,40425.0,Townhouse,0.2,9.2,7.0,4.0,0.15,0.1,Q2,2023
Mandurriao - CBD Fringe,Iloilo,50,2,2,3414000.0,68281.0,Condo,12.0,4.5,8.5,8.0,0.1,0.04,Q3,2024
San Fernando City,La Union,180,4,5,4802000.0,26677.0,Condo,5.0,5.2,7.2,4.0,0.12,0.02,Q1,2024
Iloilo Business Park - Megaworld,Iloilo,120,4,5,9342000.0,77846.0,House,15.0,5.5,9.2,9.5,0.05,0.08,Q1,2024
Iloilo Business Park - Megaworld,Iloilo,150,3,2,12553000.0,83686.0,House,15.0,5.5,9.2,9.5,0.05,0.08,Q1,2024
Bauang - Inland,La Union,150,5,6,3325000.0,22164.0,House,4.0,4.5,5.5,4.0,0.1,0.01,Q1,2024
San Juan - Beach District,La Union,85,2,2,3901000.0,45895.0,Condo,0.2,9.2,7.0,4.0,0.15,0.1,Q2,2023
San Juan - Surf Town,La Union,30,1,1,1173000.0,39100.0,Townhouse,0.5,8.8,6.8,4.0,0.18,0.08,Q3,2024
Iloilo Business Park - Megaworld,Iloilo,50,2,3,3529000.0,70585.0,Townhouse,15.0,5.5,9.2,9.5,0.05,0.08,Q1,2024
San Fernando City,La Union,180,5,6,5342000.0,29680.0,Townhouse,5.0,5.2,7.2,4.0,0.12,0.02,Q3,2024
San Fernando City,La Union,120,4,3,3336000.0,27804.0,Townhouse,5.0,5.2,7.2,4.0,0.12,0.02,Q3,2024
Bauang - Inland,La Union,180,6,6,4234000.0,23522.0,Townhouse,4.0,4.5,5.5,4.0,0.1,0.01,Q2,2023
San Fernando City,La Union,42,1,2,1189000.0,28306.0,Townhouse,5.0,5.2,7.2,4.0,0.12,0.02,Q3,2024
Mandurriao - CBD Fringe,Iloilo,180,4,4,11943000.0,66349.0,Condo,12.0,4.5,8.5,8.0,0.1,0.04,Q3,2024
Diversion Road Corridor,Iloilo,100,3,3,5399000.0,53988.0,Condo,11.0,4.0,8.0,7.5,0.12,0.03,Q3,2024
San Fernando City,La Union,85,3,2,2329000.0,27405.0,Condo,5.0,5.2,7.2,4.0,0.12,0.02,Q1,2024
Diversion Road Corridor,Iloilo,150,5,4,7771000.0,51809.0,Townhouse,11.0,4.0,8.0,7.5,0.12,0.03,Q4,2023
Molo - Heritage District,Iloilo,50,1,1,2269000.0,45378.0,House,5.0,5.0,6.5,5.8,0.2,0.05,Q2,2023
San Juan - Surf Town,La Union,100,3,4,4567000.0,45674.0,Condo,0.5,8.8,6.8,4.0,0.18,0.08,Q4,2024
San Juan - Beach District,La Union,180,6,7,8103000.0,45018.0,Condo,0.2,9.2,7.0,4.0,0.15,0.1,Q3,2023
Mandurriao - CBD Fringe,Iloilo,50,1,1,2564000.0,51287.0,Townhouse,12.0,4.5,8.5,8.0,0.1,0.04,Q3,2024
Bauang - Inland,La Union,72,3,3,1846000.0,25640.0,House,4.0,4.5,5.5,4.0,0.1,0.01,Q2,2023
San Juan - Surf Town,La Union,42,1,1,1726000.0,41098.0,Townhouse,0.5,8.8,6.8,4.0,0.18,0.08,Q1,2023
Mandurriao - CBD Fringe,Iloilo,60,1,1,3178000.0,52967.0,Townhouse,12.0,4.5,8.5,8.0,0.1,0.04,Q3,2023
Molo - Heritage District,Iloilo,100,2,3,4157000.0,41568.0,House,5.0,5.0,6.5,5.8,0.2,0.05,Q2,2023
Mandurriao - CBD Fringe,Iloilo,42,1,1,2890000.0,68805.0,Condo,12.0,4.5,8.5,8.0,0.1,0.04,Q1,2024
Diversion Road Corridor,Iloilo,50,2,3,2897000.0,57935.0,Condo,11.0,4.0,8.0,7.5,0.12,0.03,Q2,2023
Iloilo Business Park - Megaworld,Iloilo,60,1,1,4897000.0,81610.0,Townhouse,15.0,5.5,9.2,9.5,0.05,0.08,Q1,2023
Mandurriao - CBD Fringe,Iloilo,180,6,7,10370000.0,57611.0,Condo,12.0,4.5,8.5,8.0,0.1,0.04,Q1,2024
Molo - Heritage District,Iloilo,100,2,3,3759000.0,37594.0,House,5.0,5.0,6.5,5.8,0.2,0.05,Q2,2023
San Fernando City,La Union,30,1,1,811000.0,27018.0,Condo,5.0,5.2,7.2,4.0,0.12,0.02,Q4,2023
Molo - Heritage District,Iloilo,42,2,2,1852000.0,44101.0,House,5.0,5.0,6.5,5.8,0.2,0.05,Q1,2024
Bauang - Coastal,La Union,60,1,2,2323000.0,38712.0,Townhouse,1.0,6.5,6.2,4.0,0.25,0.04,Q3,2024
Molo - Heritage District,Iloilo,100,1,1,4021000.0,40213.0,Townhouse,5.0,5.0,6.5,5.8,0.2,0.05,Q2,2023
Iloilo Business Park - Megaworld,Iloilo,50,1,1,3618000.0,72354.0,Townhouse,15.0,5.5,9.2,9.5,0.05,0.08,Q4,2023
Diversion Road Corridor,Iloilo,150,5,6,9113000.0,60752.0,Condo,11.0,4.0,8.0,7.5,0.12,0.03,Q4,2024
San Fernando City,La Union,60,2,2,1613000.0,26890.0,Townhouse,5.0,5.2,7.2,4.0,0.12,0.02,Q4,2023
San Juan - Surf Town,La Union,85,3,3,3791000.0,44602.0,Townhouse,0.5,8.8,6.8,4.0,0.18,0.08,Q2,2023
San Juan - Beach District,La Union,72,2,2,2934000.0,40748.0,House,0.2,9.2,7.0,4.0,0.15,0.1,Q1,2023
Bauang - Coastal,La Union,150,5,6,5575000.0,37168.0,Condo,1.0,6.5,6.2,4.0,0.25,0.04,Q4,2024
Bauang - Inland,La Union,150,5,4,3465000.0,23101.0,Townhouse,4.0,4.5,5.5,4.0,0.1,0.01,Q1,2024
Jaro - Residential,Iloilo,50,1,1,2004000.0,40074.0,Townhouse,14.0,3.5,7.0,6.5,0.15,0.03,Q3,2023
Bauang - Coastal,La Union,50,2,1,1706000.0,34129.0,House,1.0,6.5,6.2,4.0,0.25,0.04,Q1,2024
San Juan - Beach District,La Union,85,1,1,3926000.0,46187.0,Condo,0.2,9.2,7.0,4.0,0.15,0.1,Q2,2024
Mandurriao - CBD Fringe,Iloilo,50,1,1,3535000.0,70699.0,Condo,12.0,4.5,8.5,8.0,0.1,0.04,Q1,2023
Mandurriao - CBD Fringe,Iloilo,180,4,4,11844000.0,65799.0,Townhouse,12.0,4.5,8.5,8.0,0.1,0.04,Q4,2024
San Juan - Surf Town,La Union,85,3,2,3485000.0,41005.0,Condo,0.5,8.8,6.8,4.0,0.18,0.08,Q2,2023
San Fernando City,La Union,120,2,3,2868000.0,23902.0,House,5.0,5.2,7.2,4.0,0.12,0.02,Q4,2024
Jaro - Residential,Iloilo,180,6,6,7110000.0,39499.0,Townhouse,14.0,3.5,7.0,6.5,0.15,0.03,Q2,2023
Jaro - Residential,Iloilo,30,1,1,1241000.0,41359.0,Condo,14.0,3.5,7.0,6.5,0.15,0.03,Q1,2023
Mandurriao - CBD Fringe,Iloilo,120,3,4,7257000.0,60472.0,Condo,12.0,4.5,8.5,8.0,0.1,0.04,Q3,2023
San Juan - Beach District,La Union,30,1,1,1446000.0,48206.0,Townhouse,0.2,9.2,7.0,4.0,0.15,0.1,Q2,2024
Molo - Heritage District,Iloilo,42,2,3,1691000.0,40271.0,House,5.0,5.0,6.5,5.8,0.2,0.05,Q3,2024
Jaro - Residential,Iloilo,30,1,2,1535000.0,51157.0,Condo,14.0,3.5,7.0,6.5,0.15,0.03,Q1,2023
San Fernando City,La Union,100,3,2,2374000.0,23745.0,Townhouse,5.0,5.2,7.2,4.0,0.12,0.02,Q3,2024
Molo - Heritage District,Iloilo,150,3,3,6102000.0,40683.0,Condo,5.0,5.0,6.5,5.8,0.2,0.05,Q3,2024
Bauang - Coastal,La Union,120,3,2,3962000.0,33018.0,Townhouse,1.0,6.5,6.2,4.0,0.25,0.04,Q2,2023
Jaro - Residential,Iloilo,42,2,1,2220000.0,52846.0,Condo,14.0,3.5,7.0,6.5,0.15,0.03,Q3,2023
San Fernando City,La Union,42,1,1,1150000.0,27376.0,House,5.0,5.2,7.2,4.0,0.12,0.02,Q3,2024
Bauang - Inland,La Union,60,2,3,1425000.0,23756.0,Condo,4.0,4.5,5.5,4.0,0.1,0.01,Q3,2024
Diversion Road Corridor,Iloilo,50,1,2,2488000.0,49757.0,House,11.0,4.0,8.0,7.5,0.12,0.03,Q1,2024
San Juan - Surf Town,La Union,50,2,2,2194000.0,43887.0,Condo,0.5,8.8,6.8,4.0,0.18,0.08,Q4,2024
Jaro - Residential,Iloilo,100,1,2,4855000.0,48549.0,Townhouse,14.0,3.5,7.0,6.5,0.15,0.03,Q3,2023
Bauang - Inland,La Union,30,1,1,652000.0,21740.0,Condo,4.0,4.5,5.5,4.0,0.1,0.01,Q3,2023
San Juan - Surf Town,La Union,180,5,4,6494000.0,36078.0,House,0.5,8.8,6.8,4.0,0.18,0.08,Q3,2024
San Fernando City,La Union,72,1,2,1657000.0,23011.0,House,5.0,5.2,7.2,4.0,0.12,0.02,Q2,2024
Diversion Road Corridor,Iloilo,100,2,3,6081000.0,60806.0,House,11.0,4.0,8.0,7.5,0.12,0.03,Q1,2024
Jaro - Residential,Iloilo,85,3,4,3721000.0,43772.0,Townhouse,14.0,3.5,7.0,6.5,0.15,0.03,Q3,2024
San Juan - Surf Town,La Union,150,5,6,5908000.0,39384.0,Condo,0.5,8.8,6.8,4.0,0.18,0.08,Q4,2023
Jaro - Residential,Iloilo,42,1,2,1897000.0,45164.0,House,14.0,3.5,7.0,6.5,0.15,0.03,Q1,2024
Mandurriao - CBD Fringe,Iloilo,30,1,1,2154000.0,71811.0,Condo,12.0,4.5,8.5,8.0,0.1,0.04,Q3,2024
San Juan - Surf Town,La Union,180,6,5,7209000.0,40049.0,House,0.5,8.8,6.8,4.0,0.18,0.08,Q3,2024
San Juan - Beach District,La Union,72,3,2,3716000.0,51604.0,Condo,0.2,9.2,7.0,4.0,0.15,0.1,Q2,2024
Iloilo Business Park - Megaworld,Iloilo,180,4,5,13355000.0,74193.0,Townhouse,15.0,5.5,9.2,9.5,0.05,0.08,Q1,2023
Bauang - Inland,La Union,50,1,1,1283000.0,25662.0,Townhouse,4.0,4.5,5.5,4.0,0.1,0.01,Q1,2024
Mandurriao - CBD Fringe,Iloilo,50,2,3,2704000.0,54082.0,House,12.0,4.5,8.5,8.0,0.1,0.04,Q4,2024
Mandurriao - CBD Fringe,Iloilo,100,3,4,7285000.0,72849.0,Condo,12.0,4.5,8.5,8.0,0.1,0.04,Q2,2023
Iloilo Business Park - Megaworld,Iloilo,100,3,4,7545000.0,75454.0,House,15.0,5.5,9.2,9.5,0.05,0.08,Q2,2023
Molo - Heritage District,Iloilo,85,2,1,3371000.0,39653.0,Condo,5.0,5.0,6.5,5.8,0.2,0.05,Q4,2023
Molo - Heritage District,Iloilo,42,1,1,2025000.0,48210.0,Townhouse,5.0,5.0,6.5,5.8,0.2,0.05,Q3,2023
Jaro - Residential,Iloilo,30,1,1,1250000.0,41666.0,Townhouse,14.0,3.5,7.0,6.5,0.15,0.03,Q4,2023
Mandurriao - CBD Fringe,Iloilo,30,1,2,1797000.0,59913.0,Condo,12.0,4.5,8.5,8.0,0.1,0.04,Q3,2024
Bauang - Inland,La Union,50,1,1,1030000.0,20601.0,Townhouse,4.0,4.5,5.5,4.0,0.1,0.01,Q2,2024
San Fernando City,La Union,30,1,1,742000.0,24748.0,Townhouse,5.0,5.2,7.2,4.0,0.12,0.02,Q2,2023
San Fernando City,La Union,100,3,4,2456000.0,24561.0,House,5.0,5.2,7.2,4.0,0.12,0.02,Q2,2023
Mandurriao - CBD Fringe,Iloilo,150,4,5,10159000.0,67724.0,Condo,12.0,4.5,8.5,8.0,0.1,0.04,Q1,2024
San Juan - Beach District,La Union,120,4,3,4535000.0,37794.0,House,0.2,9.2,7.0,4.0,0.15,0.1,Q1,2023
San Juan - Surf Town,La Union,50,1,2,2262000.0,45250.0,Condo,0.5,8.8,6.8,4.0,0.18,0.08,Q2,2024
Iloilo Business Park - Megaworld,Iloilo,72,1,2,6101000.0,84741.0,House,15.0,5.5,9.2,9.5,0.05,0.08,Q1,2023
Molo - Heritage District,Iloilo,85,1,1,4018000.0,47271.0,Condo,5.0,5.0,6.5,5.8,0.2,0.05,Q1,2024
Diversion Road Corridor,Iloilo,60,1,1,3667000.0,61109.0,Condo,11.0,4.0,8.0,7.5,0.12,0.03,Q1,2023
Molo - Heritage District,Iloilo,60,1,1,3179000.0,52984.0,Condo,5.0,5.0,6.5,5.8,0.2,0.05,Q2,2023
San Fernando City,La Union,85,3,2,2465000.0,29001.0,Condo,5.0,5.2,7.2,4.0,0.12,0.02,Q1,2024
Molo - Heritage District,Iloilo,85,1,1,3523000.0,41444.0,Condo,5.0,5.0,6.5,5.8,0.2,0.05,Q2,2024
Molo - Heritage District,Iloilo,42,2,2,2026000.0,48244.0,Townhouse,5.0,5.0,6.5,5.8,0.2,0.05,Q2,2024
Molo - Heritage District,Iloilo,120,2,2,4615000.0,38457.0,Townhouse,5.0,5.0,6.5,5.8,0.2,0.05,Q1,2024
Diversion Road Corridor,Iloilo,120,2,2,6220000.0,51837.0,House,11.0,4.0,8.0,7.5,0.12,0.03,Q3,2023
San Juan - Beach District,La Union,42,2,3,1906000.0,45388.0,Condo,0.2,9.2,7.0,4.0,0.15,0.1,Q1,2024
Bauang - Inland,La Union,42,1,1,1049000.0,24970.0,House,4.0,4.5,5.5,4.0,0.1,0.01,Q3,2024
Jaro - Residential,Iloilo,50,1,1,2014000.0,40277.0,House,14.0,3.5,7.0,6.5,0.15,0.03,Q3,2023
Jaro - Residential,Iloilo,30,1,1,1391000.0,46368.0,Condo,14.0,3.5,7.0,6.5,0.15,0.03,Q3,2024
Jaro - Residential,Iloilo,180,5,4,7792000.0,43288.0,House,14.0,3.5,7.0,6.5,0.15,0.03,Q1,2024
Iloilo Business Park - Megaworld,Iloilo,50,2,3,3889000.0,77781.0,Townhouse,15.0,5.5,9.2,9.5,0.05,0.08,Q3,2024
Diversion Road Corridor,Iloilo,30,1,1,1799000.0,59964.0,Townhouse,11.0,4.0,8.0,7.5,0.12,0.03,Q3,2024
Iloilo Business Park - Megaworld,Iloilo,42,2,1,3167000.0,75414.0,Townhouse,15.0,5.5,9.2,9.5,0.05,0.08,Q1,2023
Iloilo Business Park - Megaworld,Iloilo,60,2,1,4549000.0,75813.0,Condo,15.0,5.5,9.2,9.5,0.05,0.08,Q2,2023
Molo - Heritage District,Iloilo,150,4,5,5613000.0,37418.0,House,5.0,5.0,6.5,5.8,0.2,0.05,Q1,2023
Iloilo Business Park - Megaworld,Iloilo,60,1,2,4517000.0,75278.0,House,15.0,5.5,9.2,9.5,0.05,0.08,Q3,2023
San Juan - Surf Town,La Union,150,4,3,5545000.0,36968.0,House,0.5,8.8,6.8,4.0,0.18,0.08,Q3,2023
Mandurriao - CBD Fringe,Iloilo,150,5,5,7621000.0,50805.0,House,12.0,4.5,8.5,8.0,0.1,0.04,Q3,2024
San Juan - Surf Town,La Union,85,2,3,3516000.0,41363.0,Condo,0.5,8.8,6.8,4.0,0.18,0.08,Q2,2023
Diversion Road Corridor,Iloilo,150,5,5,9004000.0,60027.0,Condo,11.0,4.0,8.0,7.5,0.12,0.03,Q4,2023
Diversion Road Corridor,Iloilo,60,1,2,3190000.0,53174.0,Condo,11.0,4.0,8.0,7.5,0.12,0.03,Q1,2024
Molo - Heritage District,Iloilo,72,3,2,2690000.0,37361.0,House,5.0,5.0,6.5,5.8,0.2,0.05,Q3,2024
Molo - Heritage District,Iloilo,42,1,1,1788000.0,42579.0,Condo,5.0,5.0,6.5,5.8,0.2,0.05,Q4,2024
San Fernando City,La Union,150,3,2,4196000.0,27972.0,Condo,5.0,5.2,7.2,4.0,0.12,0.02,Q2,2024
San Fernando City,La Union,30,1,1,971000.0,32358.0,Condo,5.0,5.2,7.2,4.0,0.12,0.02,Q1,2023
Iloilo Business Park - Megaworld,Iloilo,50,1,1,3542000.0,70842.0,House,15.0,5.5,9.2,9.5,0.05,0.08,Q4,2023
Mandurriao - CBD Fringe,Iloilo,72,1,2,4838000.0,67201.0,Condo,12.0,4.5,8.5,8.0,0.1,0.04,Q1,2023
Jaro - Residential,Iloilo,42,2,3,1744000.0,41520.0,House,14.0,3.5,7.0,6.5,0.15,0.03,Q2,2023
Molo - Heritage District,Iloilo,42,1,1,1711000.0,40736.0,Townhouse,5.0,5.0,6.5,5.8,0.2,0.05,Q2,2024
Jaro - Residential,Iloilo,120,3,3,5915000.0,49294.0,Townhouse,14.0,3.5,7.0,6.5,0.15,0.03,Q4,2023
Molo - Heritage District,Iloilo,180,5,4,6641000.0,36897.0,House,5.0,5.0,6.5,5.8,0.2,0.05,Q2,2024
Mandurriao - CBD Fringe,Iloilo,30,1,2,1489000.0,49628.0,Townhouse,12.0,4.5,8.5,8.0,0.1,0.04,Q2,2023
San Juan - Beach District,La Union,180,5,4,7268000.0,40380.0,House,0.2,9.2,7.0,4.0,0.15,0.1,Q1,2024
Mandurriao - CBD Fringe,Iloilo,60,2,3,3772000.0,62872.0,House,12.0,4.5,8.5,8.0,0.1,0.04,Q2,2023
Bauang - Inland,La Union,150,3,2,3600000.0,23999.0,House,4.0,4.5,5.5,4.0,0.1,0.01,Q3,2023
Bauang - Inland,La Union,30,1,1,720000.0,23995.0,Condo,4.0,4.5,5.5,4.0,0.1,0.01,Q4,2024
Mandurriao - CBD Fringe,Iloilo,42,1,2,2770000.0,65948.0,Condo,12.0,4.5,8.5,8.0,0.1,0.04,Q1,2023
Diversion Road Corridor,Iloilo,150,5,6,8467000.0,56445.0,Townhouse,11.0,4.0,8.0,7.5,0.12,0.03,Q2,2024
San Juan - Surf Town,La Union,60,1,2,2099000.0,34983.0,Townhouse,0.5,8.8,6.8,4.0,0.18,0.08,Q4,2024
Diversion Road Corridor,Iloilo,150,3,3,8009000.0,53395.0,House,11.0,4.0,8.0,7.5,0.12,0.03,Q2,2024
San Juan - Surf Town,La Union,120,2,1,4875000.0,40625.0,House,0.5,8.8,6.8,4.0,0.18,0.08,Q2,2024
Diversion Road Corridor,Iloilo,85,1,1,4144000.0,48750.0,Townhouse,11.0,4.0,8.0,7.5,0.12,0.03,Q3,2024
Diversion Road Corridor,Iloilo,42,1,1,2147000.0,51108.0,Condo,11.0,4.0,8.0,7.5,0.12,0.03,Q1,2023
Bauang - Coastal,La Union,85,2,2,3518000.0,41391.0,Condo,1.0,6.5,6.2,4.0,0.25,0.04,Q1,2024
San Juan - Beach District,La Union,30,1,1,1377000.0,45907.0,House,0.2,9.2,7.0,4.0,0.15,0.1,Q4,2023
San Fernando City,La Union,180,5,4,4263000.0,23684.0,House,5.0,5.2,7.2,4.0,0.12,0.02,Q3,2023
Bauang - Coastal,La Union,72,3,4,2317000.0,32180.0,Townhouse,1.0,6.5,6.2,4.0,0.25,0.04,Q3,2023
San Fernando City,La Union,150,3,4,3931000.0,26206.0,Condo,5.0,5.2,7.2,4.0,0.12,0.02,Q1,2024
Diversion Road Corridor,Iloilo,42,2,3,2446000.0,58249.0,Townhouse,11.0,4.0,8.0,7.5,0.12,0.03,Q2,2023
San Juan - Surf Town,La Union,42,1,1,1801000.0,42890.0,Townhouse,0.5,8.8,6.8,4.0,0.18,0.08,Q2,2024
Jaro - Residential,Iloilo,85,1,2,3487000.0,41024.0,Townhouse,14.0,3.5,7.0,6.5,0.15,0.03,Q2,2024
Bauang - Inland,La Union,85,1,1,2003000.0,23569.0,Townhouse,4.0,4.5,5.5,4.0,0.1,0.01,Q4,2024
Molo - Heritage District,Iloilo,30,1,2,1403000.0,46770.0,House,5.0,5.0,6.5,5.8,0.2,0.05,Q4,2023
Molo - Heritage District,Iloilo,72,1,2,3445000.0,47841.0,House,5.0,5.0,6.5,5.8,0.2,0.05,Q3,2023
Mandurriao - CBD Fringe,Iloilo,72,1,1,4339000.0,60257.0,Townhouse,12.0,4.5,8.5,8.0,0.1,0.04,Q1,2024
San Juan - Beach District,La Union,50,1,2,2169000.0,43378.0,House,0.2,9.2,7.0,4.0,0.15,0.1,Q4,2023
Bauang - Inland,La Union,72,2,2,1662000.0,23079.0,Townhouse,4.0,4.5,5.5,4.0,0.1,0.01,Q2,2024
Jaro - Residential,Iloilo,72,2,3,2896000.0,40225.0,Condo,14.0,3.5,7.0,6.5,0.15,0.03,Q4,2023
Iloilo Business Park - Megaworld,Iloilo,120,2,1,9372000.0,78096.0,Condo,15.0,5.5,9.2,9.5,0.05,0.08,Q4,2023
Mandurriao - CBD Fringe,Iloilo,72,1,1,3661000.0,50848.0,Townhouse,12.0,4.5,8.5,8.0,0.1,0.04,Q1,2024
San Fernando City,La Union,50,1,1,1251000.0,25026.0,Condo,5.0,5.2,7.2,4.0,0.12,0.02,Q3,2023
Iloilo Business Park - Megaworld,Iloilo,120,2,2,8143000.0,67860.0,Townhouse,15.0,5.5,9.2,9.5,0.05,0.08,Q4,2024
Jaro - Residential,Iloilo,30,1,1,1222000.0,40735.0,Townhouse,14.0,3.5,7.0,6.5,0.15,0.03,Q2,2024
Molo - Heritage District,Iloilo,42,2,2,1673000.0,39826.0,House,5.0,5.0,6.5,5.8,0.2,0.05,Q2,2023
Diversion Road Corridor,Iloilo,150,5,5,6879000.0,45861.0,Townhouse,11.0,4.0,8.0,7.5,0.12,0.03,Q1,2024
Molo - Heritage District,Iloilo,50,1,1,1869000.0,37374.0,Townhouse,5.0,5.0,6.5,5.8,0.2,0.05,Q4,2023
Iloilo Business Park - Megaworld,Iloilo,85,1,1,6053000.0,71213.0,House,15.0,5.5,9.2,9.5,0.05,0.08,Q3,2023
Molo - Heritage District,Iloilo,120,4,3,6012000.0,50100.0,Condo,5.0,5.0,6.5,5.8,0.2,0.05,Q3,2023
San Juan - Beach District,La Union,100,3,2,4646000.0,46460.0,House,0.2,9.2,7.0,4.0,0.15,0.1,Q2,2023
Iloilo Business Park - Megaworld,Iloilo,50,1,2,3207000.0,64147.0,Townhouse,15.0,5.5,9.2,9.5,0.05,0.08,Q3,2024
Jaro - Residential,Iloilo,150,3,3,7295000.0,48636.0,Condo,14.0,3.5,7.0,6.5,0.15,0.03,Q2,2023
Mandurriao - CBD Fringe,Iloilo,60,1,1,3591000.0,59852.0,Condo,12.0,4.5,8.5,8.0,0.1,0.04,Q3,2023
Bauang - Inland,La Union,150,3,3,3872000.0,25811.0,House,4.0,4.5,5.5,4.0,0.1,0.01,Q2,2024
Iloilo Business Park - Megaworld,Iloilo,120,3,2,7650000.0,63747.0,Townhouse,15.0,5.5,9.2,9.5,0.05,0.08,Q3,2024
Molo - Heritage District,Iloilo,60,1,2,2861000.0,47679.0,Condo,5.0,5.0,6.5,5.8,0.2,0.05,Q3,2024
Iloilo Business Park - Megaworld,Iloilo,72,3,4,6582000.0,91423.0,Condo,15.0,5.5,9.2,9.5,0.05,0.08,Q3,2023
Mandurriao - CBD Fringe,Iloilo,85,2,2,4908000.0,57746.0,House,12.0,4.5,8.5,8.0,0.1,0.04,Q1,2024
San Fernando City,La Union,30,1,1,688000.0,22943.0,Townhouse,5.0,5.2,7.2,4.0,0.12,0.02,Q3,2024
San Fernando City,La Union,42,1,2,1102000.0,26244.0,House,5.0,5.2,7.2,4.0,0.12,0.02,Q1,2023
Bauang - Inland,La Union,42,2,2,1085000.0,25824.0,Condo,4.0,4.5,5.5,4.0,0.1,0.01,Q3,2024
Bauang - Inland,La Union,30,1,1,789000.0,26284.0,Townhouse,4.0,4.5,5.5,4.0,0.1,0.01,Q3,2023
Bauang - Inland,La Union,42,2,2,974000.0,23194.0,Condo,4.0,4.5,5.5,4.0,0.1,0.01,Q4,2023
Bauang - Coastal,La Union,72,1,1,2808000.0,39006.0,House,1.0,6.5,6.2,4.0,0.25,0.04,Q1,2023
San Fernando City,La Union,150,5,4,4829000.0,32193.0,Condo,5.0,5.2,7.2,4.0,0.12,0.02,Q4,2024
Bauang - Coastal,La Union,72,2,3,2675000.0,37147.0,House,1.0,6.5,6.2,4.0,0.25,0.04,Q1,2023
Bauang - Coastal,La Union,30,1,1,1061000.0,35365.0,House,1.0,6.5,6.2,4.0,0.25,0.04,Q1,2024
Diversion Road Corridor,Iloilo,100,3,2,5798000.0,57982.0,Condo,11.0,4.0,8.0,7.5,0.12,0.03,Q3,2024
San Juan - Beach District,La Union,30,1,1,1426000.0,47520.0,Condo,0.2,9.2,7.0,4.0,0.15,0.1,Q1,2023
Molo - Heritage District,Iloilo,85,2,1,4076000.0,47958.0,House,5.0,5.0,6.5,5.8,0.2,0.05,Q3,2023
Iloilo Business Park - Megaworld,Iloilo,30,1,1,2464000.0,82147.0,House,15.0,5.5,9.2,9.5,0.05,0.08,Q3,2024
San Fernando City,La Union,42,1,2,1060000.0,25243.0,Townhouse,5.0,5.2,7.2,4.0,0.12,0.02,Q4,2023
Bauang - Inland,La Union,50,1,2,1235000.0,24691.0,Townhouse,4.0,4.5,5.5,4.0,0.1,0.01,Q1,2024
San Fernando City,La Union,85,2,2,2005000.0,23592.0,Townhouse,5.0,5.2,7.2,4.0,0.12,0.02,Q1,2024
Bauang - Coastal,La Union,100,1,1,3827000.0,38269.0,Townhouse,1.0,6.5,6.2,4.0,0.25,0.04,Q1,2024
San Juan - Surf Town,La Union,120,4,4,4902000.0,40848.0,Condo,0.5,8.8,6.8,4.0,0.18,0.08,Q2,2023
Diversion Road Corridor,Iloilo,180,5,4,10298000.0,57210.0,Condo,11.0,4.0,8.0,7.5,0.12,0.03,Q1,2023
San Juan - Surf Town,La Union,150,3,2,5955000.0,39698.0,House,0.5,8.8,6.8,4.0,0.18,0.08,Q4,2024
San Juan - Beach District,La Union,30,1,1,1433000.0,47759.0,House,0.2,9.2,7.0,4.0,0.15,0.1,Q4,2023
Molo - Heritage District,Iloilo,85,1,2,4171000.0,49076.0,Condo,5.0,5.0,6.5,5.8,0.2,0.05,Q4,2023
Molo - Heritage District,Iloilo,30,1,2,1554000.0,51810.0,Condo,5.0,5.0,6.5,5.8,0.2,0.05,Q1,2023
San Juan - Beach District,La Union,30,1,1,1215000.0,40495.0,House,0.2,9.2,7.0,4.0,0.15,0.1,Q2,2023
San Fernando City,La Union,100,2,1,2491000.0,24908.0,Condo,5.0,5.2,7.2,4.0,0.12,0.02,Q1,2023
Iloilo Business Park - Megaworld,Iloilo,30,1,1,2101000.0,70028.0,House,15.0,5.5,9.2,9.5,0.05,0.08,Q2,2024
Bauang - Coastal,La Union,60,1,1,2353000.0,39221.0,Condo,1.0,6.5,6.2,4.0,0.25,0.04,Q2,2023
Jaro - Residential,Iloilo,180,6,5,8244000.0,45797.0,House,14.0,3.5,7.0,6.5,0.15,0.03,Q3,2023
Bauang - Coastal,La Union,120,4,3,4151000.0,34593.0,House,1.0,6.5,6.2,4.0,0.25,0.04,Q3,2024
Diversion Road Corridor,Iloilo,150,5,4,8915000.0,59431.0,House,11.0,4.0,8.0,7.5,0.12,0.03,Q1,2023
San Fernando City,La Union,100,2,3,2738000.0,27376.0,Townhouse,5.0,5.2,7.2,4.0,0.12,0.02,Q4,2023
San Juan - Surf Town,La Union,50,2,1,1923000.0,38465.0,House,0.5,8.8,6.8,4.0,0.18,0.08,Q1,2023
Iloilo Business Park - Megaworld,Iloilo,50,2,3,3817000.0,76333.0,Condo,15.0,5.5,9.2,9.5,0.05,0.08,Q1,2023
Molo - Heritage District,Iloilo,85,1,1,3597000.0,42320.0,Condo,5.0,5.0,6.5,5.8,0.2,0.05,Q4,2024
Diversion Road Corridor,Iloilo,50,2,2,2724000.0,54472.0,Condo,11.0,4.0,8.0,7.5,0.12,0.03,Q4,2023
San Juan - Surf Town,La Union,180,5,6,8065000.0,44806.0,Townhouse,0.5,8.8,6.8,4.0,0.18,0.08,Q2,2024
San Juan - Beach District,La Union,42,1,1,1892000.0,45039.0,Townhouse,0.2,9.2,7.0,4.0,0.15,0.1,Q4,2024
San Juan - Surf Town,La Union,180,5,5,6264000.0,34798.0,House,0.5,8.8,6.8,4.0,0.18,0.08,Q2,2023
San Fernando City,La Union,100,2,3,2719000.0,27194.0,House,5.0,5.2,7.2,4.0,0.12,0.02,Q2,2024
Diversion Road Corridor,Iloilo,85,3,4,4655000.0,54770.0,House,11.0,4.0,8.0,7.5,0.12,0.03,Q2,2023
Mandurriao - CBD Fringe,Iloilo,42,1,2,2130000.0,50722.0,House,12.0,4.5,8.5,8.0,0.1,0.04,Q2,2023
Molo - Heritage District,Iloilo,30,1,1,1260000.0,41995.0,Townhouse,5.0,5.0,6.5,5.8,0.2,0.05,Q1,2023
Bauang - Inland,La Union,42,1,1,1192000.0,28374.0,Condo,4.0,4.5,5.5,4.0,0.1,0.01,Q3,2024
Diversion Road Corridor,Iloilo,180,6,5,9417000.0,52315.0,House,11.0,4.0,8.0,7.5,0.12,0.03,Q1,2024
Bauang - Inland,La Union,42,2,2,1100000.0,26201.0,Condo,4.0,4.5,5.5,4.0,0.1,0.01,Q2,2023
San Juan - Beach District,La Union,120,3,4,5832000.0,48601.0,Condo,0.2,9.2,7.0,4.0,0.15,0.1,Q4,2023
Mandurriao - CBD Fringe,Iloilo,72,3,3,4065000.0,56464.0,House,12.0,4.5,8.5,8.0,0.1,0.04,Q1,2023
Molo - Heritage District,Iloilo,150,3,4,5934000.0,39557.0,Townhouse,5.0,5.0,6.5,5.8,0.2,0.05,Q4,2024
San Fernando City,La Union,42,1,1,1139000.0,27115.0,House,5.0,5.2,7.2,4.0,0.12,0.02,Q4,2023
Bauang - Coastal,La Union,72,2,2,2837000.0,39404.0,Condo,1.0,6.5,6.2,4.0,0.25,0.04,Q3,2023
San Juan - Surf Town,La Union,42,1,2,2111000.0,50261.0,Condo,0.5,8.8,6.8,4.0,0.18,0.08,Q3,2024
Molo - Heritage District,Iloilo,30,1,1,1299000.0,43288.0,Condo,5.0,5.0,6.5,5.8,0.2,0.05,Q2,2023
Bauang - Coastal,La Union,180,4,5,7294000.0,40523.0,Condo,1.0,6.5,6.2,4.0,0.25,0.04,Q2,2023
Bauang - Inland,La Union,120,2,1,2958000.0,24653.0,Condo,4.0,4.5,5.5,4.0,0.1,0.01,Q4,2024
San Fernando City,La Union,50,1,1,1399000.0,27986.0,House,5.0,5.2,7.2,4.0,0.12,0.02,Q2,2024
San Juan - Beach District,La Union,42,1,1,2207000.0,52544.0,Condo,0.2,9.2,7.0,4.0,0.15,0.1,Q1,2024
Bauang - Coastal,La Union,42,1,2,1658000.0,39488.0,Townhouse,1.0,6.5,6.2,4.0,0.25,0.04,Q2,2024
San Fernando City,La Union,60,1,2,1806000.0,30097.0,Condo,5.0,5.2,7.2,4.0,0.12,0.02,Q2,2024
Mandurriao - CBD Fringe,Iloilo,150,4,4,10484000.0,69892.0,Condo,12.0,4.5,8.5,8.0,0.1,0.04,Q3,2023
San Juan - Surf Town,La Union,100,3,2,3530000.0,35305.0,House,0.5,8.8,6.8,4.0,0.18,0.08,Q4,2023
Mandurriao - CBD Fringe,Iloilo,50,1,2,2512000.0,50238.0,House,12.0,4.5,8.5,8.0,0.1,0.04,Q2,2024
San Fernando City,La Union,120,4,5,3273000.0,27272.0,Condo,5.0,5.2,7.2,4.0,0.12,0.02,Q4,2023
Mandurriao - CBD Fringe,Iloilo,100,2,1,6679000.0,66787.0,Condo,12.0,4.5,8.5,8.0,0.1,0.04,Q1,2023
Bauang - Coastal,La Union,150,4,4,4749000.0,31659.0,Townhouse,1.0,6.5,6.2,4.0,0.25,0.04,Q2,2023
San Juan - Surf Town,La Union,180,4,4,6206000.0,34477.0,House,0.5,8.8,6.8,4.0,0.18,0.08,Q2,2023
Diversion Road Corridor,Iloilo,180,4,3,11810000.0,65614.0,Condo,11.0,4.0,8.0,7.5,0.12,0.03,Q1,2024
Mandurriao - CBD Fringe,Iloilo,60,2,2,3492000.0,58205.0,Townhouse,12.0,4.5,8.5,8.0,0.1,0.04,Q3,2023
San Juan - Beach District,La Union,85,2,1,3430000.0,40350.0,House,0.2,9.2,7.0,4.0,0.15,0.1,Q4,2023
Molo - Heritage District,Iloilo,85,3,3,3927000.0,46200.0,Townhouse,5.0,5.0,6.5,5.8,0.2,0.05,Q1,2023
Molo - Heritage District,Iloilo,60,1,1,2782000.0,46372.0,Condo,5.0,5.0,6.5,5.8,0.2,0.05,Q2,2024
Mandurriao - CBD Fringe,Iloilo,180,5,6,11565000.0,64249.0,Condo,12.0,4.5,8.5,8.0,0.1,0.04,Q4,2023
San Juan - Beach District,La Union,180,4,5,7467000.0,41482.0,Condo,0.2,9.2,7.0,4.0,0.15,0.1,Q4,2023
Mandurriao - CBD Fringe,Iloilo,180,5,4,10713000.0,59517.0,House,12.0,4.5,8.5,8.0,0.1,0.04,Q2,2023
Bauang - Inland,La Union,60,1,1,1536000.0,25592.0,Townhouse,4.0,4.5,5.5,4.0,0.1,0.01,Q3,2024
Molo - Heritage District,Iloilo,100,2,3,4639000.0,46393.0,Condo,5.0,5.0,6.5,5.8,0.2,0.05,Q1,2024
Diversion Road Corridor,Iloilo,30,1,1,1949000.0,64957.0,Condo,11.0,4.0,8.0,7.5,0.12,0.03,Q2,2023
San Juan - Beach District,La Union,150,5,6,7860000.0,52403.0,Condo,0.2,9.2,7.0,4.0,0.15,0.1,Q4,2024
Iloilo Business Park - Megaworld,Iloilo,85,3,4,7465000.0,87825.0,Condo,15.0,5.5,9.2,9.5,0.05,0.08,Q3,2024
San Fernando City,La Union,42,1,1,1029000.0,24503.0,Condo,5.0,5.2,7.2,4.0,0.12,0.02,Q4,2023
Jaro - Residential,Iloilo,50,1,1,1849000.0,36980.0,House,14.0,3.5,7.0,6.5,0.15,0.03,Q4,2023
San Fernando City,La Union,120,3,4,3524000.0,29369.0,Townhouse,5.0,5.2,7.2,4.0,0.12,0.02,Q2,2024
Mandurriao - CBD Fringe,Iloilo,180,5,5,9092000.0,50511.0,House,12.0,4.5,8.5,8.0,0.1,0.04,Q3,2024
Mandurriao - CBD Fringe,Iloilo,180,6,5,11642000.0,64679.0,House,12.0,4.5,8.5,8.0,0.1,0.04,Q4,2024
Bauang - Inland,La Union,180,5,6,4657000.0,25869.0,Townhouse,4.0,4.5,5.5,4.0,0.1,0.01,Q2,2024
San Fernando City,La Union,72,3,3,1739000.0,24156.0,Townhouse,5.0,5.2,7.2,4.0,0.12,0.02,Q4,2024
Jaro - Residential,Iloilo,72,1,1,3673000.0,51011.0,Condo,14.0,3.5,7.0,6.5,0.15,0.03,Q2,2023
Mandurriao - CBD Fringe,Iloilo,50,2,1,2667000.0,53339.0,Townhouse,12.0,4.5,8.5,8.0,0.1,0.04,Q2,2023
Jaro - Residential,Iloilo,180,4,4,7787000.0,43262.0,House,14.0,3.5,7.0,6.5,0.15,0.03,Q2,2023
Bauang - Coastal,La Union,50,1,1,1735000.0,34705.0,House,1.0,6.5,6.2,4.0,0.25,0.04,Q2,2023
San Juan - Beach District,La Union,60,2,1,3066000.0,51102.0,Condo,0.2,9.2,7.0,4.0,0.15,0.1,Q3,2024
San Fernando City,La Union,180,4,3,4440000.0,24667.0,Townhouse,5.0,5.2,7.2,4.0,0.12,0.02,Q1,2023
Jaro - Residential,Iloilo,60,1,1,2765000.0,46077.0,Condo,14.0,3.5,7.0,6.5,0.15,0.03,Q2,2024
San Juan - Beach District,La Union,42,2,1,1564000.0,37248.0,House,0.2,9.2,7.0,4.0,0.15,0.1,Q4,2024
San Fernando City,La Union,30,1,1,759000.0,25301.0,Condo,5.0,5.2,7.2,4.0,0.12,0.02,Q4,2024
Bauang - Inland,La Union,60,1,1,1571000.0,26175.0,Condo,4.0,4.5,5.5,4.0,0.1,0.01,Q1,2023
Bauang - Coastal,La Union,120,2,1,4270000.0,35582.0,Townhouse,1.0,6.5,6.2,4.0,0.25,0.04,Q3,2024
Bauang - Coastal,La Union,120,2,2,4169000.0,34739.0,House,1.0,6.5,6.2,4.0,0.25,0.04,Q3,2023
Iloilo Business Park - Megaworld,Iloilo,30,1,2,1921000.0,64046.0,Townhouse,15.0,5.5,9.2,9.5,0.05,0.08,Q2,2023
Bauang - Coastal,La Union,60,2,1,1847000.0,30788.0,House,1.0,6.5,6.2,4.0,0.25,0.04,Q4,2024
Iloilo Business Park - Megaworld,Iloilo,72,3,4,5054000.0,70201.0,Condo,15.0,5.5,9.2,9.5,0.05,0.08,Q4,2024
Diversion Road Corridor,Iloilo,30,1,1,1465000.0,48829.0,House,11.0,4.0,8.0,7.5,0.12,0.03,Q3,2024
Bauang - Coastal,La Union,85,3,3,2647000.0,31139.0,Townhouse,1.0,6.5,6.2,4.0,0.25,0.04,Q3,2023
Mandurriao - CBD Fringe,Iloilo,180,6,6,12840000.0,71333.0,Condo,12.0,4.5,8.5,8.0,0.1,0.04,Q4,2024
Mandurriao - CBD Fringe,Iloilo,42,1,2,2651000.0,63110.0,Condo,12.0,4.5,8.5,8.0,0.1,0.04,Q3,2023
Jaro - Residential,Iloilo,180,4,5,7438000.0,41319.0,House,14.0,3.5,7.0,6.5,0.15,0.03,Q3,2023
San Juan - Beach District,La Union,50,1,1,2089000.0,41784.0,House,0.2,9.2,7.0,4.0,0.15,0.1,Q2,2023
Bauang - Inland,La Union,180,6,6,4226000.0,23475.0,House,4.0,4.5,5.5,4.0,0.1,0.01,Q4,2023
San Juan - Surf Town,La Union,85,2,3,4236000.0,49841.0,Condo,0.5,8.8,6.8,4.0,0.18,0.08,Q1,2023
Jaro - Residential,Iloilo,30,1,1,1466000.0,48853.0,House,14.0,3.5,7.0,6.5,0.15,0.03,Q2,2023
Diversion Road Corridor,Iloilo,42,1,1,2537000.0,60409.0,House,11.0,4.0,8.0,7.5,0.12,0.03,Q3,2023
Bauang - Coastal,La Union,85,3,2,3620000.0,42593.0,Condo,1.0,6.5,6.2,4.0,0.25,0.04,Q3,2023
Bauang - Coastal,La Union,42,1,2,1560000.0,37154.0,Townhouse,1.0,6.5,6.2,4.0,0.25,0.04,Q2,2024
San Juan - Beach District,La Union,85,1,1,3451000.0,40603.0,House,0.2,9.2,7.0,4.0,0.15,0.1,Q3,2024
Jaro - Residential,Iloilo,50,1,2,2232000.0,44646.0,Condo,14.0,3.5,7.0,6.5,0.15,0.03,Q1,2024
Bauang - Inland,La Union,72,1,1,1590000.0,22081.0,Townhouse,4.0,4.5,5.5,4.0,0.1,0.01,Q3,2024
Mandurriao - CBD Fringe,Iloilo,100,1,1,6192000.0,61922.0,Condo,12.0,4.5,8.5,8.0,0.1,0.04,Q2,2024
Jaro - Residential,Iloilo,60,1,2,2717000.0,45278.0,Townhouse,14.0,3.5,7.0,6.5,0.15,0.03,Q4,2024
Bauang - Inland,La Union,72,3,3,1654000.0,22973.0,Townhouse,4.0,4.5,5.5,4.0,0.1,0.01,Q3,2024
Jaro - Residential,Iloilo,85,2,1,3770000.0,44357.0,Condo,14.0,3.5,7.0,6.5,0.15,0.03,Q2,2023
Bauang - Inland,La Union,60,1,1,1268000.0,21134.0,House,4.0,4.5,5.5,4.0,0.1,0.01,Q2,2023
Bauang - Inland,La Union,100,3,4,2348000.0,23475.0,Condo,4.0,4.5,5.5,4.0,0.1,0.01,Q1,2023
Iloilo Business Park - Megaworld,Iloilo,50,1,1,3656000.0,73123.0,Townhouse,15.0,5.5,9.2,9.5,0.05,0.08,Q3,2024
Bauang - Coastal,La Union,120,4,4,4460000.0,37166.0,Townhouse,1.0,6.5,6.2,4.0,0.25,0.04,Q4,2023
Mandurriao - CBD Fringe,Iloilo,72,1,1,3942000.0,54750.0,Condo,12.0,4.5,8.5,8.0,0.1,0.04,Q3,2023
Iloilo Business Park - Megaworld,Iloilo,42,2,2,2742000.0,65295.0,Townhouse,15.0,5.5,9.2,9.5,0.05,0.08,Q1,2024
Jaro - Residential,Iloilo,30,1,2,1314000.0,43799.0,Condo,14.0,3.5,7.0,6.5,0.15,0.03,Q2,2023
Iloilo Business Park - Megaworld,Iloilo,150,5,4,12101000.0,80676.0,Condo,15.0,5.5,9.2,9.5,0.05,0.08,Q2,2023
Mandurriao - CBD Fringe,Iloilo,30,1,2,1589000.0,52979.0,House,12.0,4.5,8.5,8.0,0.1,0.04,Q3,2023
San Fernando City,La Union,72,2,1,2173000.0,30176.0,Condo,5.0,5.2,7.2,4.0,0.12,0.02,Q4,2024
Bauang - Inland,La Union,72,1,1,1844000.0,25615.0,House,4.0,4.5,5.5,4.0,0.1,0.01,Q4,2023
Bauang - Coastal,La Union,60,2,1,2249000.0,37490.0,Townhouse,1.0,6.5,6.2,4.0,0.25,0.04,Q1,2024
Molo - Heritage District,Iloilo,30,1,2,1119000.0,37289.0,Townhouse,5.0,5.0,6.5,5.8,0.2,0.05,Q1,2023
San Juan - Surf Town,La Union,120,2,1,5570000.0,46417.0,Condo,0.5,8.8,6.8,4.0,0.18,0.08,Q4,2023
Jaro - Residential,Iloilo,150,4,3,6139000.0,40926.0,Condo,14.0,3.5,7.0,6.5,0.15,0.03,Q3,2024
Mandurriao - CBD Fringe,Iloilo,42,1,1,2333000.0,55549.0,House,12.0,4.5,8.5,8.0,0.1,0.04,Q1,2024
San Juan - Beach District,La Union,120,4,4,4416000.0,36800.0,House,0.2,9.2,7.0,4.0,0.15,0.1,Q3,2023
San Fernando City,La Union,72,2,2,1808000.0,25109.0,House,5.0,5.2,7.2,4.0,0.12,0.02,Q1,2023
Bauang - Inland,La Union,100,1,1,2020000.0,20198.0,House,4.0,4.5,5.5,4.0,0.1,0.01,Q4,2023
Iloilo Business Park - Megaworld,Iloilo,50,1,1,4130000.0,82595.0,Townhouse,15.0,5.5,9.2,9.5,0.05,0.08,Q2,2024
Molo - Heritage District,Iloilo,85,2,3,3100000.0,36468.0,House,5.0,5.0,6.5,5.8,0.2,0.05,Q1,2023
Bauang - Coastal,La Union,150,5,4,4736000.0,31570.0,Townhouse,1.0,6.5,6.2,4.0,0.25,0.04,Q2,2023
Iloilo Business Park - Megaworld,Iloilo,120,4,4,10198000.0,84985.0,Condo,15.0,5.5,9.2,9.5,0.05,0.08,Q3,2024
San Fernando City,La Union,150,3,4,3494000.0,23290.0,House,5.0,5.2,7.2,4.0,0.12,0.02,Q4,2024
Iloilo Business Park - Megaworld,Iloilo,120,3,4,9114000.0,75949.0,Condo,15.0,5.5,9.2,9.5,0.05,0.08,Q4,2023
San Fernando City,La Union,120,2,2,3727000.0,31056.0,Condo,5.0,5.2,7.2,4.0,0.12,0.02,Q2,2023
Diversion Road Corridor,Iloilo,60,1,2,3204000.0,53397.0,Condo,11.0,4.0,8.0,7.5,0.12,0.03,Q2,2024
Bauang - Coastal,La Union,150,5,6,5158000.0,34388.0,House,1.0,6.5,6.2,4.0,0.25,0.04,Q1,2023
Diversion Road Corridor,Iloilo,120,2,2,6630000.0,55254.0,Condo,11.0,4.0,8.0,7.5,0.12,0.03,Q4,2024
San Juan - Surf Town,La Union,100,1,1,4576000.0,45756.0,House,0.5,8.8,6.8,4.0,0.18,0.08,Q4,2024
San Fernando City,La Union,30,1,1,892000.0,29740.0,Condo,5.0,5.2,7.2,4.0,0.12,0.02,Q3,2024
San Fernando City,La Union,42,1,1,1173000.0,27933.0,House,5.0,5.2,7.2,4.0,0.12,0.02,Q3,2023
Diversion Road Corridor,Iloilo,50,2,3,2418000.0,48355.0,House,11.0,4.0,8.0,7.5,0.12,0.03,Q4,2023
Bauang - Coastal,La Union,85,3,2,3112000.0,36611.0,Townhouse,1.0,6.5,6.2,4.0,0.25,0.04,Q1,2023
Diversion Road Corridor,Iloilo,50,1,2,2999000.0,59987.0,Condo,11.0,4.0,8.0,7.5,0.12,0.03,Q4,2023
Mandurriao - CBD Fringe,Iloilo,50,1,1,3230000.0,64593.0,House,12.0,4.5,8.5,8.0,0.1,0.04,Q3,2023
Jaro - Residential,Iloilo,42,2,3,1838000.0,43750.0,Townhouse,14.0,3.5,7.0,6.5,0.15,0.03,Q4,2024
Jaro - Residential,Iloilo,60,2,1,2638000.0,43964.0,House,14.0,3.5,7.0,6.5,0.15,0.03,Q1,2023
Bauang - Coastal,La Union,180,6,5,7680000.0,42665.0,Condo,1.0,6.5,6.2,4.0,0.25,0.04,Q2,2024
San Juan - Beach District,La Union,85,1,2,3499000.0,41168.0,Townhouse,0.2,9.2,7.0,4.0,0.15,0.1,Q4,2023
Diversion Road Corridor,Iloilo,60,1,1,3516000.0,58592.0,Townhouse,11.0,4.0,8.0,7.5,0.12,0.03,Q4,2024
Mandurriao - CBD Fringe,Iloilo,100,3,3,6632000.0,66317.0,Townhouse,12.0,4.5,8.5,8.0,0.1,0.04,Q1,2023
Jaro - Residential,Iloilo,30,1,2,1420000.0,47343.0,Townhouse,14.0,3.5,7.0,6.5,0.15,0.03,Q3,2024
Bauang - Coastal,La Union,120,4,3,4228000.0,35233.0,House,1.0,6.5,6.2,4.0,0.25,0.04,Q2,2023
Diversion Road Corridor,Iloilo,150,3,2,7494000.0,49962.0,Condo,11.0,4.0,8.0,7.5,0.12,0.03,Q3,2023
San Fernando City,La Union,30,1,1,720000.0,24015.0,Townhouse,5.0,5.2,7.2,4.0,0.12,0.02,Q3,2023
Bauang - Coastal,La Union,50,1,1,1559000.0,31183.0,House,1.0,6.5,6.2,4.0,0.25,0.04,Q4,2023
Jaro - Residential,Iloilo,150,3,3,7417000.0,49446.0,House,14.0,3.5,7.0,6.5,0.15,0.03,Q3,2023
Mandurriao - CBD Fringe,Iloilo,42,1,1,2320000.0,55232.0,Condo,12.0,4.5,8.5,8.0,0.1,0.04,Q3,2023
Molo - Heritage District,Iloilo,42,1,1,1818000.0,43296.0,House,5.0,5.0,6.5,5.8,0.2,0.05,Q1,2023
San Fernando City,La Union,150,5,4,4322000.0,28812.0,House,5.0,5.2,7.2,4.0,0.12,0.02,Q4,2023
Jaro - Residential,Iloilo,50,2,2,2056000.0,41123.0,Condo,14.0,3.5,7.0,6.5,0.15,0.03,Q3,2024
Molo - Heritage District,Iloilo,42,1,1,2021000.0,48115.0,Townhouse,5.0,5.0,6.5,5.8,0.2,0.05,Q3,2023
Bauang - Inland,La Union,150,5,6,3773000.0,25156.0,Townhouse,4.0,4.5,5.5,4.0,0.1,0.01,Q4,2023
Mandurriao - CBD Fringe,Iloilo,150,3,2,8528000.0,56852.0,Townhouse,12.0,4.5,8.5,8.0,0.1,0.04,Q2,2023
Bauang - Coastal,La Union,120,4,5,4993000.0,41605.0,Condo,1.0,6.5,6.2,4.0,0.25,0.04,Q3,2024
Iloilo Business Park - Megaworld,Iloilo,60,1,1,4827000.0,80455.0,Condo,15.0,5.5,9.2,9.5,0.05,0.08,Q2,2023
Mandurriao - CBD Fringe,Iloilo,30,1,1,1766000.0,58855.0,Condo,12.0,4.5,8.5,8.0,0.1,0.04,Q2,2024
Molo - Heritage District,Iloilo,50,1,2,2017000.0,40340.0,House,5.0,5.0,6.5,5.8,0.2,0.05,Q3,2024
San Fernando City,La Union,120,2,3,2866000.0,23880.0,House,5.0,5.2,7.2,4.0,0.12,0.02,Q2,2023
Mandurriao - CBD Fringe,Iloilo,60,1,1,3768000.0,62806.0,House,12.0,4.5,8.5,8.0,0.1,0.04,Q1,2024
San Juan - Beach District,La Union,150,5,4,6051000.0,40343.0,Condo,0.2,9.2,7.0,4.0,0.15,0.1,Q2,2024
Iloilo Business Park - Megaworld,Iloilo,42,2,1,2839000.0,67586.0,House,15.0,5.5,9.2,9.5,0.05,0.08,Q2,2023
Iloilo Business Park - Megaworld,Iloilo,30,1,1,2041000.0,68047.0,House,15.0,5.5,9.2,9.5,0.05,0.08,Q4,2023
Mandurriao - CBD Fringe,Iloilo,72,2,3,3929000.0,54563.0,Townhouse,12.0,4.5,8.5,8.0,0.1,0.04,Q3,2024
Molo - Heritage District,Iloilo,180,4,4,6887000.0,38260.0,Townhouse,5.0,5.0,6.5,5.8,0.2,0.05,Q1,2023
Molo - Heritage District,Iloilo,150,5,4,6266000.0,41773.0,Townhouse,5.0,5.0,6.5,5.8,0.2,0.05,Q4,2024
Jaro - Residential,Iloilo,120,3,2,4877000.0,40643.0,Townhouse,14.0,3.5,7.0,6.5,0.15,0.03,Q1,2024
Bauang - Coastal,La Union,120,2,2,4384000.0,36536.0,Condo,1.0,6.5,6.2,4.0,0.25,0.04,Q3,2024
Molo - Heritage District,Iloilo,150,5,6,6853000.0,45689.0,Townhouse,5.0,5.0,6.5,5.8,0.2,0.05,Q2,2023
Bauang - Coastal,La Union,42,1,1,1280000.0,30487.0,House,1.0,6.5,6.2,4.0,0.25,0.04,Q1,2023
San Fernando City,La Union,85,3,4,2341000.0,27538.0,Townhouse,5.0,5.2,7.2,4.0,0.12,0.02,Q1,2024
Iloilo Business Park - Megaworld,Iloilo,30,1,2,1958000.0,65283.0,Townhouse,15.0,5.5,9.2,9.5,0.05,0.08,Q2,2023
Bauang - Coastal,La Union,42,2,3,1421000.0,33823.0,Townhouse,1.0,6.5,6.2,4.0,0.25,0.04,Q2,2024
San Fernando City,La Union,150,3,2,4264000.0,28429.0,House,5.0,5.2,7.2,4.0,0.12,0.02,Q2,2023
Jaro - Residential,Iloilo,100,1,1,4902000.0,49018.0,Condo,14.0,3.5,7.0,6.5,0.15,0.03,Q3,2024
Molo - Heritage District,Iloilo,60,1,1,2800000.0,46670.0,House,5.0,5.0,6.5,5.8,0.2,0.05,Q2,2024
San Juan - Surf Town,La Union,42,2,3,1596000.0,38011.0,Townhouse,0.5,8.8,6.8,4.0,0.18,0.08,Q1,2023
Bauang - Coastal,La Union,72,1,2,2273000.0,31576.0,Townhouse,1.0,6.5,6.2,4.0,0.25,0.04,Q4,2023
Jaro - Residential,Iloilo,42,1,1,1879000.0,44735.0,Townhouse,14.0,3.5,7.0,6.5,0.15,0.03,Q2,2023
Bauang - Coastal,La Union,100,2,3,3824000.0,38238.0,Condo,1.0,6.5,6.2,4.0,0.25,0.04,Q4,2024
Mandurriao - CBD Fringe,Iloilo,50,2,1,2714000.0,54280.0,House,12.0,4.5,8.5,8.0,0.1,0.04,Q3,2024
Diversion Road Corridor,Iloilo,100,3,4,5054000.0,50537.0,Condo,11.0,4.0,8.0,7.5,0.12,0.03,Q2,2024
Iloilo Business Park - Megaworld,Iloilo,30,1,2,2187000.0,72899.0,Townhouse,15.0,5.5,9.2,9.5,0.05,0.08,Q2,2023
Bauang - Coastal,La Union,120,2,3,3622000.0,30179.0,Townhouse,1.0,6.5,6.2,4.0,0.25,0.04,Q2,2023
Jaro - Residential,Iloilo,100,3,4,3755000.0,37553.0,Townhouse,14.0,3.5,7.0,6.5,0.15,0.03,Q4,2024
San Juan - Surf Town,La Union,72,1,1,3287000.0,45651.0,Condo,0.5,8.8,6.8,4.0,0.18,0.08,Q1,2024
San Fernando City,La Union,60,2,1,1367000.0,22792.0,House,5.0,5.2,7.2,4.0,0.12,0.02,Q1,2024
Molo - Heritage District,Iloilo,120,2,3,4678000.0,38985.0,Townhouse,5.0,5.0,6.5,5.8,0.2,0.05,Q1,2024
Bauang - Coastal,La Union,42,1,1,1471000.0,35030.0,House,1.0,6.5,6.2,4.0,0.25,0.04,Q4,2023
San Juan - Beach District,La Union,42,1,1,1815000.0,43204.0,House,0.2,9.2,7.0,4.0,0.15,0.1,Q3,2023
Jaro - Residential,Iloilo,72,1,1,3340000.0,46383.0,House,14.0,3.5,7.0,6.5,0.15,0.03,Q3,2024
Molo - Heritage District,Iloilo,100,3,4,3976000.0,39759.0,House,5.0,5.0,6.5,5.8,0.2,0.05,Q1,2024
Iloilo Business Park - Megaworld,Iloilo,180,6,7,15098000.0,83880.0,House,15.0,5.5,9.2,9.5,0.05,0.08,Q1,2024
Mandurriao - CBD Fringe,Iloilo,100,3,2,6250000.0,62500.0,Condo,12.0,4.5,8.5,8.0,0.1,0.04,Q4,2024
Molo - Heritage District,Iloilo,50,1,1,2564000.0,51287.0,Condo,5.0,5.0,6.5,5.8,0.2,0.05,Q1,2023
San Fernando City,La Union,100,2,2,3276000.0,32764.0,Condo,5.0,5.2,7.2,4.0,0.12,0.02,Q4,2023
San Fernando City,La Union,85,1,1,1960000.0,23053.0,House,5.0,5.2,7.2,4.0,0.12,0.02,Q1,2023
Bauang - Coastal,La Union,100,2,2,3543000.0,35432.0,Condo,1.0,6.5,6.2,4.0,0.25,0.04,Q2,2023
Molo - Heritage District,Iloilo,180,5,6,8768000.0,48709.0,Condo,5.0,5.0,6.5,5.8,0.2,0.05,Q2,2024
Jaro - Residential,Iloilo,60,1,1,2634000.0,43898.0,Condo,14.0,3.5,7.0,6.5,0.15,0.03,Q3,2023
Jaro - Residential,Iloilo,100,2,3,4172000.0,41719.0,Townhouse,14.0,3.5,7.0,6.5,0.15,0.03,Q1,2024
Mandurriao - CBD Fringe,Iloilo,72,2,3,3774000.0,52411.0,House,12.0,4.5,8.5,8.0,0.1,0.04,Q3,2023
San Juan - Beach District,La Union,72,3,4,3586000.0,49806.0,Condo,0.2,9.2,7.0,4.0,0.15,0.1,Q4,2023
Jaro - Residential,Iloilo,180,5,6,7833000.0,43516.0,House,14.0,3.5,7.0,6.5,0.15,0.03,Q4,2023
Molo - Heritage District,Iloilo,50,2,3,2245000.0,44906.0,Townhouse,5.0,5.0,6.5,5.8,0.2,0.05,Q3,2023
San Fernando City,La Union,42,1,2,1037000.0,24699.0,Condo,5.0,5.2,7.2,4.0,0.12,0.02,Q3,2023
Iloilo Business Park - Megaworld,Iloilo,30,1,1,2048000.0,68254.0,Townhouse,15.0,5.5,9.2,9.5,0.05,0.08,Q4,2024
Mandurriao - CBD Fringe,Iloilo,72,1,1,3617000.0,50234.0,Townhouse,12.0,4.5,8.5,8.0,0.1,0.04,Q4,2024
Molo - Heritage District,Iloilo,120,2,2,4427000.0,36892.0,House,5.0,5.0,6.5,5.8,0.2,0.05,Q3,2023
Molo - Heritage District,Iloilo,85,1,2,4013000.0,47212.0,Condo,5.0,5.0,6.5,5.8,0.2,0.05,Q3,2023
San Juan - Surf Town,La Union,150,5,6,6693000.0,44621.0,Townhouse,0.5,8.8,6.8,4.0,0.18,0.08,Q1,2023
Iloilo Business Park - Megaworld,Iloilo,150,5,4,13862000.0,92415.0,Condo,15.0,5.5,9.2,9.5,0.05,0.08,Q4,2023
San Fernando City,La Union,72,2,3,1640000.0,22780.0,House,5.0,5.2,7.2,4.0,0.12,0.02,Q4,2024
Jaro - Residential,Iloilo,72,2,3,3223000.0,44768.0,Condo,14.0,3.5,7.0,6.5,0.15,0.03,Q3,2023
Bauang - Inland,La Union,120,3,4,2754000.0,22951.0,House,4.0,4.5,5.5,4.0,0.1,0.01,Q3,2023
San Fernando City,La Union,100,1,2,2693000.0,26935.0,House,5.0,5.2,7.2,4.0,0.12,0.02,Q4,2024
Molo - Heritage District,Iloilo,150,5,5,6395000.0,42636.0,Townhouse,5.0,5.0,6.5,5.8,0.2,0.05,Q4,2023
Mandurriao - CBD Fringe,Iloilo,180,5,4,12418000.0,68987.0,Condo,12.0,4.5,8.5,8.0,0.1,0.04,Q4,2024
San Juan - Surf Town,La Union,60,2,3,2274000.0,37905.0,Townhouse,0.5,8.8,6.8,4.0,0.18,0.08,Q3,2023
Bauang - Coastal,La Union,180,5,6,6885000.0,38252.0,Condo,1.0,6.5,6.2,4.0,0.25,0.04,Q3,2024
San Juan - Beach District,La Union,50,1,1,2101000.0,42014.0,Townhouse,0.2,9.2,7.0,4.0,0.15,0.1,Q2,2024
San Fernando City,La Union,42,1,1,1029000.0,24501.0,Condo,5.0,5.2,7.2,4.0,0.12,0.02,Q1,2023
Diversion Road Corridor,Iloilo,42,1,1,2162000.0,51466.0,Condo,11.0,4.0,8.0,7.5,0.12,0.03,Q2,2024
Diversion Road Corridor,Iloilo,42,1,2,2249000.0,53558.0,Townhouse,11.0,4.0,8.0,7.5,0.12,0.03,Q3,2024
Bauang - Coastal,La Union,72,1,2,2275000.0,31602.0,Townhouse,1.0,6.5,6.2,4.0,0.25,0.04,Q4,2024
Molo - Heritage District,Iloilo,85,2,1,3089000.0,36341.0,House,5.0,5.0,6.5,5.8,0.2,0.05,Q3,2023
Diversion Road Corridor,Iloilo,42,1,1,2184000.0,51990.0,House,11.0,4.0,8.0,7.5,0.12,0.03,Q4,2023
Molo - Heritage District,Iloilo,85,1,2,3530000.0,41528.0,House,5.0,5.0,6.5,5.8,0.2,0.05,Q1,2023
San Fernando City,La Union,72,2,1,2166000.0,30082.0,Condo,5.0,5.2,7.2,4.0,0.12,0.02,Q3,2024
Jaro - Residential,Iloilo,42,1,1,2049000.0,48778.0,House,14.0,3.5,7.0,6.5,0.15,0.03,Q2,2024
Diversion Road Corridor,Iloilo,100,2,1,6247000.0,62471.0,Condo,11.0,4.0,8.0,7.5,0.12,0.03,Q1,2024
San Juan - Surf Town,La Union,50,2,2,2340000.0,46793.0,Condo,0.5,8.8,6.8,4.0,0.18,0.08,Q1,2024
Bauang - Coastal,La Union,50,2,3,2004000.0,40089.0,Townhouse,1.0,6.5,6.2,4.0,0.25,0.04,Q3,2024
Iloilo Business Park - Megaworld,Iloilo,100,2,3,6378000.0,63779.0,Townhouse,15.0,5.5,9.2,9.5,0.05,0.08,Q2,2023
San Fernando City,La Union,180,5,5,5637000.0,31316.0,Condo,5.0,5.2,7.2,4.0,0.12,0.02,Q2,2023
Bauang - Inland,La Union,150,5,5,3001000.0,20008.0,Townhouse,4.0,4.5,5.5,4.0,0.1,0.01,Q1,2023
Iloilo Business Park - Megaworld,Iloilo,72,2,2,5903000.0,81982.0,House,15.0,5.5,9.2,9.5,0.05,0.08,Q2,2023
San Juan - Surf Town,La Union,42,2,1,1796000.0,42757.0,Condo,0.5,8.8,6.8,4.0,0.18,0.08,Q3,2024
Bauang - Coastal,La Union,50,1,2,1899000.0,37976.0,House,1.0,6.5,6.2,4.0,0.25,0.04,Q2,2023
Bauang - Inland,La Union,50,2,1,1424000.0,28482.0,Condo,4.0,4.5,5.5,4.0,0.1,0.01,Q1,2024
San Juan - Surf Town,La Union,100,3,3,4328000.0,43284.0,House,0.5,8.8,6.8,4.0,0.18,0.08,Q1,2023
Molo - Heritage District,Iloilo,60,1,2,2497000.0,41618.0,House,5.0,5.0,6.5,5.8,0.2,0.05,Q1,2024
Bauang - Coastal,La Union,85,2,2,3029000.0,35630.0,House,1.0,6.5,6.2,4.0,0.25,0.04,Q3,2024
Jaro - Residential,Iloilo,30,1,2,1249000.0,41624.0,House,14.0,3.5,7.0,6.5,0.15,0.03,Q1,2024
Iloilo Business Park - Megaworld,Iloilo,150,5,6,10661000.0,71070.0,Townhouse,15.0,5.5,9.2,9.5,0.05,0.08,Q2,2024
Molo - Heritage District,Iloilo,120,2,1,5408000.0,45070.0,House,5.0,5.0,6.5,5.8,0.2,0.05,Q4,2024
Bauang - Coastal,La Union,150,5,5,6357000.0,42379.0,Condo,1.0,6.5,6.2,4.0,0.25,0.04,Q1,2024
Bauang - Coastal,La Union,60,1,1,2252000.0,37528.0,Townhouse,1.0,6.5,6.2,4.0,0.25,0.04,Q4,2023
Bauang - Inland,La Union,120,2,1,2909000.0,24245.0,Townhouse,4.0,4.5,5.5,4.0,0.1,0.01,Q4,2023
Mandurriao - CBD Fringe,Iloilo,85,2,1,5314000.0,62522.0,Townhouse,12.0,4.5,8.5,8.0,0.1,0.04,Q3,2024
Bauang - Inland,La Union,100,3,2,2438000.0,24383.0,House,4.0,4.5,5.5,4.0,0.1,0.01,Q4,2023
Bauang - Inland,La Union,85,2,3,1846000.0,21718.0,Condo,4.0,4.5,5.5,4.0,0.1,0.01,Q1,2023
Iloilo Business Park - Megaworld,Iloilo,30,1,1,2130000.0,70997.0,Townhouse,15.0,5.5,9.2,9.5,0.05,0.08,Q4,2023
San Fernando City,La Union,85,2,1,1925000.0,22645.0,Townhouse,5.0,5.2,7.2,4.0,0.12,0.02,Q3,2024
Bauang - Inland,La Union,120,2,1,2595000.0,21622.0,Condo,4.0,4.5,5.5,4.0,0.1,0.01,Q1,2024
San Fernando City,La Union,30,1,2,806000.0,26878.0,Townhouse,5.0,5.2,7.2,4.0,0.12,0.02,Q3,2024
San Juan - Beach District,La Union,120,2,2,5077000.0,42312.0,House,0.2,9.2,7.0,4.0,0.15,0.1,Q1,2023
Bauang - Inland,La Union,100,1,1,2453000.0,24534.0,House,4.0,4.5,5.5,4.0,0.1,0.01,Q4,2024
Iloilo Business Park - Megaworld,Iloilo,180,5,6,12266000.0,68147.0,House,15.0,5.5,9.2,9.5,0.05,0.08,Q1,2023
San Juan - Surf Town,La Union,50,1,1,2052000.0,41034.0,House,0.5,8.8,6.8,4.0,0.18,0.08,Q3,2024
Jaro - Residential,Iloilo,150,4,3,6926000.0,46174.0,Condo,14.0,3.5,7.0,6.5,0.15,0.03,Q3,2024
San Juan - Surf Town,La Union,72,2,3,3331000.0,46270.0,Condo,0.5,8.8,6.8,4.0,0.18,0.08,Q1,2023
Bauang - Coastal,La Union,50,2,1,1751000.0,35027.0,Condo,1.0,6.5,6.2,4.0,0.25,0.04,Q3,2023
San Juan - Surf Town,La Union,42,2,2,1697000.0,40416.0,Townhouse,0.5,8.8,6.8,4.0,0.18,0.08,Q1,2024
Molo - Heritage District,Iloilo,85,3,2,3921000.0,46135.0,House,5.0,5.0,6.5,5.8,0.2,0.05,Q1,2023
Molo - Heritage District,Iloilo,30,1,1,1103000.0,36756.0,Townhouse,5.0,5.0,6.5,5.8,0.2,0.05,Q3,2024
San Juan - Surf Town,La Union,100,2,3,3798000.0,37976.0,Townhouse,0.5,8.8,6.8,4.0,0.18,0.08,Q1,2024
San Fernando City,La Union,120,4,3,2951000.0,24589.0,House,5.0,5.2,7.2,4.0,0.12,0.02,Q3,2023
San Juan - Surf Town,La Union,85,3,4,3710000.0,43652.0,Condo,0.5,8.8,6.8,4.0,0.18,0.08,Q3,2024
Molo - Heritage District,Iloilo,85,1,2,3882000.0,45675.0,Condo,5.0,5.0,6.5,5.8,0.2,0.05,Q1,2024
Mandurriao - CBD Fringe,Iloilo,60,2,2,3105000.0,51747.0,House,12.0,4.5,8.5,8.0,0.1,0.04,Q3,2023
San Fernando City,La Union,150,5,5,4459000.0,29723.0,Townhouse,5.0,5.2,7.2,4.0,0.12,0.02,Q3,2024
San Juan - Beach District,La Union,30,1,1,1310000.0,43657.0,Condo,0.2,9.2,7.0,4.0,0.15,0.1,Q1,2024
San Juan - Beach District,La Union,120,4,5,5370000.0,44748.0,House,0.2,9.2,7.0,4.0,0.15,0.1,Q3,2023
Bauang - Coastal,La Union,50,1,1,1851000.0,37021.0,Condo,1.0,6.5,6.2,4.0,0.25,0.04,Q3,2024
Molo - Heritage District,Iloilo,50,1,2,2376000.0,47513.0,House,5.0,5.0,6.5,5.8,0.2,0.05,Q4,2023
Diversion Road Corridor,Iloilo,42,1,1,1946000.0,46344.0,House,11.0,4.0,8.0,7.5,0.12,0.03,Q1,2023
Bauang - Inland,La Union,100,3,3,2484000.0,24844.0,Condo,4.0,4.5,5.5,4.0,0.1,0.01,Q1,2023
San Juan - Beach District,La Union,50,1,1,2315000.0,46295.0,Townhouse,0.2,9.2,7.0,4.0,0.15,0.1,Q1,2024
Molo - Heritage District,Iloilo,30,1,1,1114000.0,37128.0,Townhouse,5.0,5.0,6.5,5.8,0.2,0.05,Q2,2024
Mandurriao - CBD Fringe,Iloilo,150,4,5,8588000.0,57256.0,House,12.0,4.5,8.5,8.0,0.1,0.04,Q4,2023
Bauang - Coastal,La Union,42,2,3,1675000.0,39890.0,House,1.0,6.5,6.2,4.0,0.25,0.04,Q1,2024
Bauang - Inland,La Union,100,2,2,2551000.0,25511.0,House,4.0,4.5,5.5,4.0,0.1,0.01,Q1,2023
Iloilo Business Park - Megaworld,Iloilo,60,2,3,4069000.0,67820.0,Townhouse,15.0,5.5,9.2,9.5,0.05,0.08,Q4,2023
Iloilo Business Park - Megaworld,Iloilo,30,1,2,2512000.0,83737.0,House,15.0,5.5,9.2,9.5,0.05,0.08,Q4,2024
Bauang - Inland,La Union,120,3,4,2949000.0,24571.0,House,4.0,4.5,5.5,4.0,0.1,0.01,Q3,2023
Bauang - Inland,La Union,150,3,3,3291000.0,21940.0,Condo,4.0,4.5,5.5,4.0,0.1,0.01,Q1,2023
San Juan - Surf Town,La Union,120,3,4,4363000.0,36360.0,Townhouse,0.5,8.8,6.8,4.0,0.18,0.08,Q4,2024
Bauang - Coastal,La Union,85,2,1,3616000.0,42541.0,Condo,1.0,6.5,6.2,4.0,0.25,0.04,Q4,2024
Iloilo Business Park - Megaworld,Iloilo,50,1,1,4201000.0,84019.0,Townhouse,15.0,5.5,9.2,9.5,0.05,0.08,Q2,2023
Iloilo Business Park - Megaworld,Iloilo,120,3,3,9287000.0,77390.0,Condo,15.0,5.5,9.2,9.5,0.05,0.08,Q1,2024
Jaro - Residential,Iloilo,100,3,4,4104000.0,41036.0,Condo,14.0,3.5,7.0,6.5,0.15,0.03,Q2,2023
San Juan - Beach District,La Union,85,2,2,3580000.0,42113.0,House,0.2,9.2,7.0,4.0,0.15,0.1,Q2,2024
Iloilo Business Park - Megaworld,Iloilo,100,3,4,6540000.0,65401.0,Townhouse,15.0,5.5,9.2,9.5,0.05,0.08,Q3,2024
San Juan - Beach District,La Union,85,3,3,4345000.0,51118.0,Condo,0.2,9.2,7.0,4.0,0.15,0.1,Q1,2023
Molo - Heritage District,Iloilo,85,2,3,3092000.0,36379.0,House,5.0,5.0,6.5,5.8,0.2,0.05,Q3,2023
Jaro - Residential,Iloilo,30,1,2,1517000.0,50556.0,Condo,14.0,3.5,7.0,6.5,0.15,0.03,Q2,2023
Jaro - Residential,Iloilo,150,4,5,6752000.0,45014.0,House,14.0,3.5,7.0,6.5,0.15,0.03,Q4,2023
Jaro - Residential,Iloilo,30,1,2,1165000.0,38836.0,Townhouse,14.0,3.5,7.0,6.5,0.15,0.03,Q3,2024
San Juan - Beach District,La Union,72,3,3,3175000.0,44100.0,House,0.2,9.2,7.0,4.0,0.15,0.1,Q2,2024
Jaro - Residential,Iloilo,100,1,2,3827000.0,38275.0,House,14.0,3.5,7.0,6.5,0.15,0.03,Q4,2024
San Fernando City,La Union,100,1,2,3201000.0,32015.0,Condo,5.0,5.2,7.2,4.0,0.12,0.02,Q1,2023
San Juan - Surf Town,La Union,72,1,1,2494000.0,34645.0,House,0.5,8.8,6.8,4.0,0.18,0.08,Q1,2023
Molo - Heritage District,Iloilo,50,1,2,1817000.0,36332.0,Townhouse,5.0,5.0,6.5,5.8,0.2,0.05,Q4,2024
Mandurriao - CBD Fringe,Iloilo,60,1,1,4123000.0,68718.0,Condo,12.0,4.5,8.5,8.0,0.1,0.04,Q2,2023
San Fernando City,La Union,42,1,1,1198000.0,28532.0,Condo,5.0,5.2,7.2,4.0,0.12,0.02,Q1,2024
Jaro - Residential,Iloilo,85,3,4,3725000.0,43820.0,House,14.0,3.5,7.0,6.5,0.15,0.03,Q2,2024
Bauang - Inland,La Union,150,5,6,4235000.0,28231.0,Condo,4.0,4.5,5.5,4.0,0.1,0.01,Q3,2023
Diversion Road Corridor,Iloilo,72,3,2,4657000.0,64682.0,Condo,11.0,4.0,8.0,7.5,0.12,0.03,Q1,2024
Jaro - Residential,Iloilo,85,3,4,3744000.0,44048.0,Townhouse,14.0,3.5,7.0,6.5,0.15,0.03,Q2,2024
San Juan - Surf Town,La Union,180,5,5,6558000.0,36434.0,Townhouse,0.5,8.8,6.8,4.0,0.18,0.08,Q1,2024
San Juan - Beach District,La Union,180,6,5,7558000.0,41989.0,House,0.2,9.2,7.0,4.0,0.15,0.1,Q1,2023
San Juan - Surf Town,La Union,50,1,1,2022000.0,40449.0,House,0.5,8.8,6.8,4.0,0.18,0.08,Q3,2024
San Fernando City,La Union,85,3,3,2460000.0,28943.0,Townhouse,5.0,5.2,7.2,4.0,0.12,0.02,Q4,2024
Mandurriao - CBD Fringe,Iloilo,72,3,4,3655000.0,50758.0,House,12.0,4.5,8.5,8.0,0.1,0.04,Q3,2023
San Fernando City,La Union,180,5,6,4864000.0,27023.0,House,5.0,5.2,7.2,4.0,0.12,0.02,Q2,2024
Bauang - Coastal,La Union,60,1,1,2199000.0,36651.0,Townhouse,1.0,6.5,6.2,4.0,0.25,0.04,Q3,2023
San Juan - Beach District,La Union,120,4,5,4672000.0,38935.0,House,0.2,9.2,7.0,4.0,0.15,0.1,Q3,2023
San Juan - Surf Town,La Union,30,1,1,1356000.0,45210.0,House,0.5,8.8,6.8,4.0,0.18,0.08,Q2,2023
Mandurriao - CBD Fringe,Iloilo,30,1,1,2007000.0,66890.0,Condo,12.0,4.5,8.5,8.0,0.1,0.04,Q1,2023
Jaro - Residential,Iloilo,72,2,3,3752000.0,52106.0,Condo,14.0,3.5,7.0,6.5,0.15,0.03,Q1,2024
Diversion Road Corridor,Iloilo,72,2,3,3962000.0,55032.0,House,11.0,4.0,8.0,7.5,0.12,0.03,Q1,2023
Bauang - Coastal,La Union,30,1,1,1132000.0,37735.0,Condo,1.0,6.5,6.2,4.0,0.25,0.04,Q2,2024
Diversion Road Corridor,Iloilo,72,1,1,4116000.0,57160.0,House,11.0,4.0,8.0,7.5,0.12,0.03,Q4,2023
Bauang - Inland,La Union,85,3,4,2015000.0,23705.0,House,4.0,4.5,5.5,4.0,0.1,0.01,Q2,2023
Diversion Road Corridor,Iloilo,50,2,1,2354000.0,47082.0,House,11.0,4.0,8.0,7.5,0.12,0.03,Q3,2024
Iloilo Business Park - Megaworld,Iloilo,120,2,3,7785000.0,64874.0,House,15.0,5.5,9.2,9.5,0.05,0.08,Q3,2023
Jaro - Residential,Iloilo,60,2,1,2390000.0,39840.0,Townhouse,14.0,3.5,7.0,6.5,0.15,0.03,Q3,2023
Bauang - Inland,La Union,42,1,1,822000.0,19565.0,Townhouse,4.0,4.5,5.5,4.0,0.1,0.01,Q3,2023
San Fernando City,La Union,150,5,4,4709000.0,31391.0,Condo,5.0,5.2,7.2,4.0,0.12,0.02,Q3,2024
San Juan - Beach District,La Union,120,2,1,5010000.0,41747.0,Condo,0.2,9.2,7.0,4.0,0.15,0.1,Q2,2023
Jaro - Residential,Iloilo,72,3,3,2942000.0,40859.0,Townhouse,14.0,3.5,7.0,6.5,0.15,0.03,Q3,2024
Mandurriao - CBD Fringe,Iloilo,72,2,2,3745000.0,52017.0,Townhouse,12.0,4.5,8.5,8.0,0.1,0.04,Q4,2023
San Fernando City,La Union,30,1,1,690000.0,22999.0,House,5.0,5.2,7.2,4.0,0.12,0.02,Q3,2024
San Juan - Surf Town,La Union,72,2,3,2511000.0,34880.0,Townhouse,0.5,8.8,6.8,4.0,0.18,0.08,Q4,2023
Mandurriao - CBD Fringe,Iloilo,60,1,2,3531000.0,58843.0,Townhouse,12.0,4.5,8.5,8.0,0.1,0.04,Q3,2023
San Juan - Surf Town,La Union,85,3,4,3399000.0,39994.0,House,0.5,8.8,6.8,4.0,0.18,0.08,Q4,2023
Mandurriao - CBD Fringe,Iloilo,72,2,1,5141000.0,71398.0,Condo,12.0,4.5,8.5,8.0,0.1,0.04,Q3,2023
Molo - Heritage District,Iloilo,120,4,4,5393000.0,44943.0,Condo,5.0,5.0,6.5,5.8,0.2,0.05,Q2,2024
San Juan - Surf Town,La Union,72,2,3,2899000.0,40261.0,House,0.5,8.8,6.8,4.0,0.18,0.08,Q4,2024
Mandurriao - CBD Fringe,Iloilo,60,1,1,3064000.0,51071.0,House,12.0,4.5,8.5,8.0,0.1,0.04,Q1,2023
Bauang - Inland,La Union,150,5,4,3730000.0,24867.0,Condo,4.0,4.5,5.5,4.0,0.1,0.01,Q2,2023
Diversion Road Corridor,Iloilo,120,3,2,6805000.0,56705.0,House,11.0,4.0,8.0,7.5,0.12,0.03,Q3,2024
Iloilo Business Park - Megaworld,Iloilo,85,2,1,6827000.0,80319.0,House,15.0,5.5,9.2,9.5,0.05,0.08,Q2,2023
Iloilo Business Park - Megaworld,Iloilo,72,1,1,6029000.0,83743.0,Condo,15.0,5.5,9.2,9.5,0.05,0.08,Q1,2024
San Juan - Beach District,La Union,150,3,4,6559000.0,43724.0,Townhouse,0.2,9.2,7.0,4.0,0.15,0.1,Q2,2023
Bauang - Coastal,La Union,180,4,3,7174000.0,39857.0,Condo,1.0,6.5,6.2,4.0,0.25,0.04,Q3,2024
Molo - Heritage District,Iloilo,60,2,3,2485000.0,41412.0,Townhouse,5.0,5.0,6.5,5.8,0.2,0.05,Q1,2023
Diversion Road Corridor,Iloilo,72,3,3,3613000.0,50177.0,Condo,11.0,4.0,8.0,7.5,0.12,0.03,Q4,2024
Diversion Road Corridor,Iloilo,72,3,3,3685000.0,51175.0,Condo,11.0,4.0,8.0,7.5,0.12,0.03,Q4,2024
Jaro - Residential,Iloilo,120,2,2,5183000.0,43190.0,Condo,14.0,3.5,7.0,6.5,0.15,0.03,Q2,2023
Diversion Road Corridor,Iloilo,42,1,1,1935000.0,46068.0,House,11.0,4.0,8.0,7.5,0.12,0.03,Q2,2024
Diversion Road Corridor,Iloilo,60,2,1,3557000.0,59283.0,House,11.0,4.0,8.0,7.5,0.12,0.03,Q3,2023
Bauang - Coastal,La Union,180,5,4,7137000.0,39651.0,Condo,1.0,6.5,6.2,4.0,0.25,0.04,Q2,2024
San Juan - Surf Town,La Union,30,1,1,1440000.0,48000.0,Condo,0.5,8.8,6.8,4.0,0.18,0.08,Q3,2023
Iloilo Business Park - Megaworld,Iloilo,100,2,2,6914000.0,69138.0,Townhouse,15.0,5.5,9.2,9.5,0.05,0.08,Q2,2023
Jaro - Residential,Iloilo,60,1,2,2885000.0,48088.0,House,14.0,3.5,7.0,6.5,0.15,0.03,Q2,2024
Diversion Road Corridor,Iloilo,60,2,3,3350000.0,55837.0,Townhouse,11.0,4.0,8.0,7.5,0.12,0.03,Q3,2024
Jaro - Residential,Iloilo,50,1,2,2387000.0,47744.0,House,14.0,3.5,7.0,6.5,0.15,0.03,Q2,2023
Mandurriao - CBD Fringe,Iloilo,85,1,1,4917000.0,57843.0,Condo,12.0,4.5,8.5,8.0,0.1,0.04,Q1,2023
Jaro - Residential,Iloilo,100,3,3,4740000.0,47400.0,Townhouse,14.0,3.5,7.0,6.5,0.15,0.03,Q4,2023
Bauang - Coastal,La Union,30,1,1,943000.0,31420.0,House,1.0,6.5,6.2,4.0,0.25,0.04,Q3,2024
San Fernando City,La Union,50,2,1,1548000.0,30956.0,Condo,5.0,5.2,7.2,4.0,0.12,0.02,Q2,2023
Iloilo Business Park - Megaworld,Iloilo,85,3,3,5704000.0,67104.0,House,15.0,5.5,9.2,9.5,0.05,0.08,Q2,2024
Bauang - Inland,La Union,60,2,3,1443000.0,24045.0,House,4.0,4.5,5.5,4.0,0.1,0.01,Q1,2024
San Juan - Beach District,La Union,42,1,2,1817000.0,43273.0,House,0.2,9.2,7.0,4.0,0.15,0.1,Q4,2024
Molo - Heritage District,Iloilo,100,3,3,4512000.0,45117.0,Townhouse,5.0,5.0,6.5,5.8,0.2,0.05,Q4,2024
San Fernando City,La Union,120,3,4,3387000.0,28223.0,Condo,5.0,5.2,7.2,4.0,0.12,0.02,Q1,2024
Diversion Road Corridor,Iloilo,180,4,5,11906000.0,66146.0,Condo,11.0,4.0,8.0,7.5,0.12,0.03,Q1,2024
San Fernando City,La Union,42,2,1,1132000.0,26954.0,House,5.0,5.2,7.2,4.0,0.12,0.02,Q4,2023
San Juan - Surf Town,La Union,85,1,1,3451000.0,40597.0,Condo,0.5,8.8,6.8,4.0,0.18,0.08,Q3,2024
