location,province,area_sqm,bedrooms,bathrooms,price_php,price_per_sqm_php,property_type,distance_to_beach_km,tourism_density_score,infrastructure_score,employment_zone_score,flood_risk_score,cultural_premium_factor,quarter,year
Orchard - Core CBD,Central,171.0,3,3,21182967.0,123877.0,House,10.98,8.3,9.8,9.8,0.03,0.2,Q2,2024
Orchard - Core CBD,Central,264.0,4,4,34117512.0,129233.0,Condo,11.99,8.7,9.8,9.8,0.066,0.2,Q2,2025
Orchard - Core CBD,Central,52.0,1,1,5606484.0,107817.0,House,12.05,8.0,9.8,9.8,0.299,0.2,Q1,2024
Orchard - Core CBD,Central,36.0,3,2,3482460.0,96735.0,Townhouse,11.58,8.0,9.8,9.8,0.433,0.2,Q2,2024
Orchard - Core CBD,Central,152.0,4,3,16528480.0,108740.0,Townhouse,12.59,9.5,9.8,9.8,0.351,0.2,Q4,2025
Orchard - Core CBD,Central,268.0,3,3,30575048.0,114086.0,House,12.54,8.6,9.8,9.8,0.411,0.2,Q4,2025
Orchard - Core CBD,Central,158.0,3,3,18201442.0,115199.0,Condo,11.95,8.5,9.8,9.8,0.118,0.2,Q4,2025
Orchard - Core CBD,Central,29.0,2,1,3373222.0,116318.0,Townhouse,12.32,8.4,9.8,9.8,0.129,0.2,Q3,2024
Orchard - Core CBD,Central,51.0,5,5,5796966.0,113666.0,House,12.64,9.2,9.8,9.8,0.17,0.2,Q3,2025
Orchard - Core CBD,Central,120.0,2,2,13605960.0,113383.0,Townhouse,11.61,8.3,9.8,9.8,0.216,0.2,Q3,2025
Orchard - Core CBD,Central,133.0,2,1,14592095.0,109715.0,House,11.61,8.3,9.8,9.8,0.258,0.2,Q3,2024
Orchard - Core CBD,Central,205.0,3,2,23347245.0,113889.0,House,11.16,8.8,9.8,9.8,0.367,0.2,Q3,2025
Orchard - Core CBD,Central,239.0,3,2,30031545.0,125655.0,Condo,12.05,9.4,9.8,9.8,0.116,0.2,Q4,2024
Orchard - Core CBD,Central,143.0,2,2,17156139.0,119973.0,Condo,11.49,8.9,9.8,9.8,0.289,0.2,Q4,2025
Orchard - Core CBD,Central,245.0,1,1,27528690.0,112362.0,Condo,11.64,7.8,9.8,9.8,0.339,0.2,Q2,2025
Orchard - Core CBD,Central,268.0,3,3,34840000.0,130000.0,House,12.14,7.7,9.8,9.8,0.138,0.2,Q4,2024
Orchard - Core CBD,Central,98.0,2,2,10004036.0,102082.0,Condo,11.75,8.0,9.8,9.8,0.38,0.2,Q4,2024
Orchard - Core CBD,Central,51.0,2,1,6045285.0,118535.0,Condo,11.7,8.5,9.8,9.8,0.051,0.2,Q4,2024
Orchard - Core CBD,Central,246.0,2,1,30298344.0,123164.0,Condo,12.02,8.1,9.8,9.8,0.103,0.2,Q3,2025
Orchard - Core CBD,Central,264.0,2,2,31044552.0,117593.0,Lot,11.74,8.4,9.8,9.8,0.281,0.2,Q3,2024
Orchard - Core CBD,Central,109.0,3,2,12275907.0,112623.0,Condo,11.87,8.9,9.8,9.8,0.349,0.2,Q1,2025
Orchard - Core CBD,Central,63.0,2,2,6647949.0,105523.0,Condo,11.33,7.6,9.8,9.8,0.374,0.2,Q2,2025
Orchard - Core CBD,Central,128.0,2,2,15794944.0,123398.0,House,12.13,9.2,9.8,9.8,0.042,0.2,Q2,2024
Orchard - Core CBD,Central,126.0,3,3,13590486.0,107861.0,Condo,11.92,8.2,9.8,9.8,0.385,0.2,Q2,2024
Orchard - Core CBD,Central,92.0,2,1,9242596.0,100463.0,House,12.14,7.3,9.8,9.8,0.425,0.2,Q1,2025
Orchard - Core CBD,Central,78.0,2,2,7885644.0,101098.0,House,12.45,7.7,9.8,9.8,0.375,0.2,Q3,2024
Orchard - Core CBD,Central,155.0,1,1,16275775.0,105005.0,Lot,11.95,8.9,9.8,9.8,0.322,0.2,Q2,2025
Orchard - Core CBD,Central,65.0,1,1,6426940.0,98876.0,House,12.04,8.0,9.8,9.8,0.413,0.2,Q1,2025
Orchard - Core CBD,Central,75.0,2,1,7876875.0,105025.0,House,12.35,9.7,9.8,9.8,0.389,0.2,Q1,2024
Orchard - Core CBD,Central,190.0,2,1,21893320.0,115228.0,Townhouse,11.9,8.8,9.8,9.8,0.248,0.2,Q4,2024
Orchard - Core CBD,Central,103.0,2,1,11165097.0,108399.0,House,11.88,7.9,9.8,9.8,0.34,0.2,Q1,2025
Orchard - Core CBD,Central,200.0,1,1,25614400.0,128072.0,Townhouse,12.12,8.3,9.8,9.8,0.062,0.2,Q1,2024
Orchard - Core CBD,Central,172.0,2,2,17963336.0,104438.0,House,12.27,9.3,9.8,9.8,0.382,0.2,Q3,2025
Orchard - Core CBD,Central,155.0,2,1,18147555.0,117081.0,Condo,11.52,9.6,9.8,9.8,0.245,0.2,Q1,2025
Orchard - Core CBD,Central,219.0,2,2,26503599.0,121021.0,Lot,11.89,8.2,9.8,9.8,0.162,0.2,Q3,2024
Orchard - Core CBD,Central,158.0,2,2,19400346.0,122787.0,Condo,12.25,8.7,9.8,9.8,0.093,0.2,Q3,2025
Orchard - Core CBD,Central,89.0,2,1,9193344.0,103296.0,Condo,12.37,8.3,9.8,9.8,0.443,0.2,Q3,2025
Orchard - Core CBD,Central,131.0,5,5,15901173.0,121383.0,Condo,11.9,9.6,9.8,9.8,0.086,0.2,Q1,2025
Orchard - Core CBD,Central,226.0,3,3,24432634.0,108109.0,House,12.02,9.2,9.8,9.8,0.422,0.2,Q1,2024
Orchard - Core CBD,Central,253.0,1,1,30014149.0,118633.0,Condo,12.4,8.7,9.8,9.8,0.294,0.2,Q3,2025
Orchard - Core CBD,Central,39.0,3,3,4448340.0,114060.0,Condo,12.23,8.5,9.8,9.8,0.11,0.2,Q3,2025
Orchard - Core CBD,Central,32.0,3,3,3893600.0,121675.0,Condo,12.55,8.5,9.8,9.8,0.043,0.2,Q4,2024
Orchard - Core CBD,Central,51.0,2,1,5247390.0,102890.0,Lot,12.05,8.0,9.8,9.8,0.348,0.2,Q2,2024
Orchard - Core CBD,Central,94.0,1,1,10650388.0,113302.0,House,11.9,8.1,9.8,9.8,0.144,0.2,Q4,2024
Orchard - Core CBD,Central,277.0,2,2,32170503.0,116139.0,Townhouse,12.11,7.9,9.8,9.8,0.235,0.2,Q4,2024
Orchard - Core CBD,Central,185.0,2,2,19703425.0,106505.0,Condo,11.87,8.0,9.8,9.8,0.336,0.2,Q3,2025
Orchard - Core CBD,Central,78.0,2,2,9706008.0,124436.0,House,12.09,8.4,9.8,9.8,0.105,0.2,Q2,2025
Orchard - Core CBD,Central,234.0,2,2,29257020.0,125030.0,House,11.81,7.9,9.8,9.8,0.103,0.2,Q1,2025
Orchard - Core CBD,Central,126.0,4,3,14025564.0,111314.0,Condo,12.31,8.2,9.8,9.8,0.243,0.2,Q4,2024
Orchard - Core CBD,Central,247.0,3,2,30898712.0,125096.0,House,12.59,9.1,9.8,9.8,0.124,0.2,Q2,2024
Orchard - Core CBD,Central,133.0,4,3,13741427.0,103319.0,Condo,11.48,8.4,9.8,9.8,0.391,0.2,Q1,2025
Orchard - Core CBD,Central,138.0,2,1,17043552.0,123504.0,House,12.25,8.9,9.8,9.8,0.169,0.2,Q2,2024
Orchard - Core CBD,Central,232.0,4,3,26686264.0,115027.0,Condo,11.96,8.3,9.8,9.8,0.278,0.2,Q3,2025
Orchard - Core CBD,Central,29.0,1,1,2948575.0,101675.0,House,12.29,8.8,9.8,9.8,0.279,0.2,Q4,2025
Orchard - Core CBD,Central,262.0,5,5,29671238.0,113249.0,Townhouse,11.53,8.8,9.8,9.8,0.298,0.2,Q1,2024
Orchard - Core CBD,Central,129.0,2,1,15759156.0,122164.0,Condo,12.04,10.0,9.8,9.8,0.075,0.2,Q3,2024
Orchard - Core CBD,Central,66.0,1,1,7591386.0,115021.0,House,12.23,9.5,9.8,9.8,0.066,0.2,Q1,2024
Orchard - Core CBD,Central,198.0,2,1,20803068.0,105066.0,Condo,12.66,8.0,9.8,9.8,0.417,0.2,Q4,2025
Orchard - Core CBD,Central,158.0,1,1,17463424.0,110528.0,House,11.54,8.7,9.8,9.8,0.271,0.2,Q1,2025
Orchard - Core CBD,Central,174.0,4,4,20088822.0,115453.0,House,11.43,9.2,9.8,9.8,0.249,0.2,Q1,2025
Orchard - Core CBD,Central,229.0,4,3,25000388.0,109172.0,Condo,11.46,7.9,9.8,9.8,0.358,0.2,Q3,2024
Orchard - Core CBD,Central,215.0,5,5,25236485.0,117379.0,Condo,12.04,8.8,9.8,9.8,0.278,0.2,Q4,2024
Orchard - Core CBD,Central,135.0,3,3,15689835.0,116221.0,Condo,12.29,9.0,9.8,9.8,0.202,0.2,Q4,2024
Orchard - Core CBD,Central,120.0,2,2,14496840.0,120807.0,Condo,12.13,8.7,9.8,9.8,0.064,0.2,Q2,2024
Orchard - Core CBD,Central,128.0,3,3,13651072.0,106649.0,Condo,11.0,7.7,9.8,9.8,0.281,0.2,Q1,2024
Orchard - Core CBD,Central,47.0,3,2,5520150.0,117450.0,House,11.65,7.6,9.8,9.8,0.035,0.2,Q4,2025
Orchard - Core CBD,Central,45.0,3,2,5539950.0,123110.0,Townhouse,11.39,8.9,9.8,9.8,0.108,0.2,Q1,2025
Orchard - Core CBD,Central,151.0,5,5,15555416.0,103016.0,Condo,11.96,8.2,9.8,9.8,0.402,0.2,Q3,2024
Orchard - Core CBD,Central,234.0,2,1,27148914.0,116021.0,Condo,11.18,8.6,9.8,9.8,0.268,0.2,Q4,2024
Orchard - Core CBD,Central,84.0,3,2,9339204.0,111181.0,House,11.44,8.8,9.8,9.8,0.165,0.2,Q2,2024
Orchard - Core CBD,Central,211.0,3,2,22707187.0,107617.0,Condo,12.01,8.4,9.8,9.8,0.338,0.2,Q4,2024
Orchard - Core CBD,Central,28.0,2,2,2947336.0,105262.0,Condo,12.29,8.9,9.8,9.8,0.257,0.2,Q1,2025
Orchard - Core CBD,Central,240.0,4,3,27021360.0,112589.0,Condo,12.12,8.2,9.8,9.8,0.416,0.2,Q1,2024
Orchard - Core CBD,Central,57.0,2,2,6647739.0,116627.0,Condo,11.78,8.0,9.8,9.8,0.169,0.2,Q1,2024
Orchard - Core CBD,Central,162.0,2,2,19433844.0,119962.0,Condo,12.08,7.0,9.8,9.8,0.111,0.2,Q2,2024
Orchard - Core CBD,Central,234.0,2,1,27432522.0,117233.0,Condo,11.98,8.7,9.8,9.8,0.228,0.2,Q3,2024
Orchard - Core CBD,Central,231.0,1,1,26968788.0,116748.0,House,12.1,9.0,9.8,9.8,0.24,0.2,Q4,2024
Orchard - Core CBD,Central,226.0,4,3,24959214.0,110439.0,House,11.29,8.3,9.8,9.8,0.426,0.2,Q2,2024
Orchard - Core CBD,Central,134.0,2,1,15891730.0,118595.0,Condo,12.04,8.6,9.8,9.8,0.075,0.2,Q2,2024
Orchard - Core CBD,Central,78.0,2,2,7947030.0,101885.0,Condo,11.89,9.0,9.8,9.8,0.426,0.2,Q2,2024
Orchard - Core CBD,Central,96.0,2,2,11654976.0,121406.0,Condo,11.76,8.5,9.8,9.8,0.101,0.2,Q1,2024
Orchard - Core CBD,Central,250.0,3,2,27616250.0,110465.0,House,11.95,8.6,9.8,9.8,0.446,0.2,Q2,2025
Orchard - Core CBD,Central,98.0,2,1,11740400.0,119800.0,House,11.88,9.2,9.8,9.8,0.108,0.2,Q1,2024
Orchard - Core CBD,Central,257.0,2,1,28667579.0,111547.0,House,11.36,9.1,9.8,9.8,0.427,0.2,Q3,2025
Orchard - Core CBD,Central,142.0,1,1,15093748.0,106294.0,Condo,11.88,8.3,9.8,9.8,0.322,0.2,Q3,2024
Orchard - Core CBD,Central,47.0,3,3,5003573.0,106459.0,Condo,11.8,7.7,9.8,9.8,0.257,0.2,Q3,2024
Orchard - Core CBD,Central,268.0,1,1,31339652.0,116939.0,Lot,12.14,8.1,9.8,9.8,0.305,0.2,Q4,2024
Orchard - Core CBD,Central,101.0,1,1,11273317.0,111617.0,Condo,11.16,9.4,9.8,9.8,0.235,0.2,Q1,2024
Orchard - Core CBD,Central,135.0,4,3,15555105.0,115223.0,Lot,12.15,9.2,9.8,9.8,0.203,0.2,Q3,2025
Orchard - Core CBD,Central,80.0,1,1,9746160.0,121827.0,House,11.53,8.0,9.8,9.8,0.089,0.2,Q1,2025
Orchard - Core CBD,Central,132.0,5,5,15457464.0,117102.0,Condo,12.42,8.5,9.8,9.8,0.251,0.2,Q1,2024
Orchard - Core CBD,Central,69.0,2,2,7813767.0,113243.0,Townhouse,11.95,7.9,9.8,9.8,0.104,0.2,Q4,2024
Orchard - Core CBD,Central,260.0,2,1,28231840.0,108584.0,House,11.94,8.4,9.8,9.8,0.447,0.2,Q1,2024
Orchard - Core CBD,Central,74.0,3,3,8604054.0,116271.0,Townhouse,11.84,8.7,9.8,9.8,0.066,0.2,Q4,2024
Orchard - Core CBD,Central,197.0,3,3,22687111.0,115163.0,Lot,11.87,8.3,9.8,9.8,0.205,0.2,Q4,2024
Orchard - Core CBD,Central,89.0,4,4,9268460.0,104140.0,House,11.48,8.4,9.8,9.8,0.368,0.2,Q2,2024
Orchard - Core CBD,Central,248.0,4,4,27882888.0,112431.0,Lot,12.3,8.7,9.8,9.8,0.309,0.2,Q2,2024
Orchard - Core CBD,Central,238.0,2,2,30109142.0,126509.0,Condo,11.99,8.2,9.8,9.8,0.105,0.2,Q3,2024
Orchard - Core CBD,Central,253.0,2,1,30143685.0,119145.0,Condo,11.78,9.4,9.8,9.8,0.185,0.2,Q1,2024
Orchard - Core CBD,Central,189.0,2,2,22256640.0,117760.0,Condo,11.9,8.1,9.8,9.8,0.237,0.2,Q1,2024
Orchard - Core CBD,Central,185.0,3,3,22774610.0,123106.0,Lot,12.63,7.9,9.8,9.8,0.023,0.2,Q1,2024
Orchard - Core CBD,Central,151.0,3,2,16875911.0,111761.0,House,12.37,8.4,9.8,9.8,0.299,0.2,Q1,2024
Orchard - Core CBD,Central,35.0,3,3,4152785.0,118651.0,Lot,11.36,8.8,9.8,9.8,0.088,0.2,Q2,2025
Orchard - Core CBD,Central,270.0,5,4,31542480.0,116824.0,House,12.28,10.0,9.8,9.8,0.239,0.2,Q2,2025
Orchard - Core CBD,Central,237.0,2,1,27810054.0,117342.0,Condo,11.45,8.3,9.8,9.8,0.293,0.2,Q4,2024
Orchard - Core CBD,Central,27.0,5,5,2893995.0,107185.0,House,11.57,8.8,9.8,9.8,0.233,0.2,Q1,2025
Orchard - Core CBD,Central,227.0,5,4,26780552.0,117976.0,House,12.83,8.2,9.8,9.8,0.169,0.2,Q1,2024
Orchard - Core CBD,Central,196.0,3,3,22126832.0,112892.0,Condo,11.88,7.8,9.8,9.8,0.384,0.2,Q3,2024
Orchard - Core CBD,Central,122.0,4,4,13174048.0,107984.0,Condo,12.67,8.3,9.8,9.8,0.367,0.2,Q2,2024
Orchard - Core CBD,Central,241.0,3,3,29761813.0,123493.0,Condo,11.67,8.8,9.8,9.8,0.169,0.2,Q2,2025
Orchard - Core CBD,Central,107.0,4,4,11917874.0,111382.0,Condo,11.46,9.6,9.8,9.8,0.25,0.2,Q2,2025
Orchard - Core CBD,Central,218.0,1,1,26155204.0,119978.0,Condo,11.68,8.3,9.8,9.8,0.217,0.2,Q1,2025
Orchard - Core CBD,Central,51.0,2,1,5818692.0,114092.0,House,11.61,8.7,9.8,9.8,0.132,0.2,Q2,2024
Orchard - Core CBD,Central,183.0,3,2,19624920.0,107240.0,Condo,12.52,9.4,9.8,9.8,0.292,0.2,Q1,2024
Orchard - Core CBD,Central,138.0,2,1,15456276.0,112002.0,House,12.3,7.4,9.8,9.8,0.251,0.2,Q2,2025
Orchard - Core CBD,Central,194.0,2,2,22704790.0,117035.0,Condo,12.41,8.0,9.8,9.8,0.135,0.2,Q1,2024
Orchard - Core CBD,Central,82.0,3,3,9204254.0,112247.0,Condo,12.58,8.2,9.8,9.8,0.122,0.2,Q3,2025
Orchard - Core CBD,Central,59.0,1,1,7263372.0,123108.0,Condo,12.0,8.6,9.8,9.8,0.035,0.2,Q4,2024
Orchard - Core CBD,Central,238.0,2,1,26620776.0,111852.0,Townhouse,12.27,8.2,9.8,9.8,0.386,0.2,Q1,2024
Orchard - Core CBD,Central,266.0,4,3,32595374.0,122539.0,Condo,11.7,8.5,9.8,9.8,0.214,0.2,Q4,2024
Orchard - Core CBD,Central,196.0,1,1,22954344.0,117114.0,House,12.88,8.2,9.8,9.8,0.261,0.2,Q2,2024
Orchard - Core CBD,Central,214.0,5,4,26179904.0,122336.0,House,12.5,9.8,9.8,9.8,0.145,0.2,Q3,2024
Orchard - Core CBD,Central,172.0,3,3,21538012.0,125221.0,Lot,12.14,8.4,9.8,9.8,0.022,0.2,Q3,2025
Orchard - Core CBD,Central,127.0,3,3,13656310.0,107530.0,Lot,11.57,8.5,9.8,9.8,0.395,0.2,Q2,2025
Orchard - Core CBD,Central,90.0,5,5,9498780.0,105542.0,Condo,11.62,8.1,9.8,9.8,0.308,0.2,Q3,2024
Orchard - Core CBD,Central,174.0,1,1,20325636.0,116814.0,Condo,12.27,8.7,9.8,9.8,0.179,0.2,Q3,2025
Orchard - Core CBD,Central,85.0,2,1,10415220.0,122532.0,Condo,12.15,8.7,9.8,9.8,0.064,0.2,Q3,2024
Orchard - Core CBD,Central,153.0,3,2,16447347.0,107499.0,House,12.76,7.8,9.8,9.8,0.38,0.2,Q1,2025
Orchard - Core CBD,Central,222.0,1,1,25600152.0,115316.0,House,11.91,9.0,9.8,9.8,0.243,0.2,Q1,2025
Orchard - Core CBD,Central,73.0,2,1,7865239.0,107743.0,Townhouse,11.69,9.6,9.8,9.8,0.342,0.2,Q2,2024
Orchard - Core CBD,Central,80.0,4,4,8535920.0,106699.0,Condo,11.84,8.4,9.8,9.8,0.367,0.2,Q3,2025
Orchard - Core CBD,Central,191.0,2,1,20920039.0,109529.0,Townhouse,11.59,8.3,9.8,9.8,0.347,0.2,Q3,2025
Orchard - Core CBD,Central,178.0,3,3,19987976.0,112292.0,Lot,11.87,9.1,9.8,9.8,0.376,0.2,Q3,2024
Orchard - Core CBD,Central,141.0,2,1,16411554.0,116394.0,Condo,12.47,9.5,9.8,9.8,0.138,0.2,Q2,2025
Orchard - Core CBD,Central,102.0,3,2,11277528.0,110564.0,Townhouse,12.22,8.5,9.8,9.8,0.339,0.2,Q2,2024
Orchard - Core CBD,Central,219.0,2,1,24200157.0,110503.0,Condo,11.76,8.8,9.8,9.8,0.393,0.2,Q2,2024
Orchard - Core CBD,Central,229.0,1,1,28892472.0,126168.0,Condo,12.29,8.8,9.8,9.8,0.091,0.2,Q2,2025
Orchard - Core CBD,Central,136.0,5,5,13826440.0,101665.0,House,12.05,8.7,9.8,9.8,0.384,0.2,Q3,2024
Orchard - Core CBD,Central,103.0,3,3,11396847.0,110649.0,Townhouse,12.03,9.1,9.8,9.8,0.241,0.2,Q4,2025
Orchard - Core CBD,Central,107.0,2,2,12247862.0,114466.0,Lot,12.21,8.6,9.8,9.8,0.212,0.2,Q4,2024
Orchard - Core CBD,Central,39.0,2,1,4032405.0,103395.0,Townhouse,12.55,8.0,9.8,9.8,0.302,0.2,Q4,2025
Orchard - Core CBD,Central,141.0,3,3,17138832.0,121552.0,House,11.55,8.7,9.8,9.8,0.032,0.2,Q2,2025
Orchard - Core CBD,Central,154.0,1,1,17962560.0,116640.0,Lot,11.95,7.7,9.8,9.8,0.065,0.2,Q3,2024
Orchard - Core CBD,Central,45.0,3,3,4336515.0,96367.0,Condo,11.19,8.2,9.8,9.8,0.404,0.2,Q4,2025
Orchard - Core CBD,Central,116.0,2,2,14180188.0,122243.0,Townhouse,12.29,8.2,9.8,9.8,0.104,0.2,Q4,2025
Orchard - Core CBD,Central,195.0,2,2,22739925.0,116615.0,Condo,12.16,8.8,9.8,9.8,0.271,0.2,Q2,2024
Orchard - Core CBD,Central,81.0,3,3,8755776.0,108096.0,Lot,12.28,8.9,9.8,9.8,0.373,0.2,Q1,2024
Orchard - Core CBD,Central,43.0,2,2,4606590.0,107130.0,Condo,11.97,8.3,9.8,9.8,0.18,0.2,Q1,2024
Orchard - Core CBD,Central,30.0,3,3,3160860.0,105362.0,Condo,11.74,9.0,9.8,9.8,0.26,0.2,Q3,2024
Orchard - Core CBD,Central,260.0,3,2,33366840.0,128334.0,Condo,12.02,9.3,9.8,9.8,0.122,0.2,Q3,2025
Orchard - Core CBD,Central,202.0,3,3,23103346.0,114373.0,Condo,11.61,9.0,9.8,9.8,0.381,0.2,Q1,2025
Orchard - Core CBD,Central,173.0,3,2,18443530.0,106610.0,Condo,12.68,9.2,9.8,9.8,0.422,0.2,Q1,2024
Orchard - Core CBD,Central,87.0,2,2,10613043.0,121989.0,Condo,12.66,8.3,9.8,9.8,0.033,0.2,Q1,2024
Orchard - Core CBD,Central,47.0,1,1,4909949.0,104467.0,Lot,12.38,9.0,9.8,9.8,0.27,0.2,Q4,2024
Orchard - Core CBD,Central,161.0,3,3,18649274.0,115834.0,Condo,11.51,9.8,9.8,9.8,0.214,0.2,Q2,2025
Orchard - Core CBD,Central,160.0,5,5,19193600.0,119960.0,Condo,11.84,9.5,9.8,9.8,0.1,0.2,Q3,2025
Orchard - Core CBD,Central,240.0,5,4,25260240.0,105251.0,Condo,11.5,8.9,9.8,9.8,0.435,0.2,Q1,2025
Orchard - Core CBD,Central,246.0,2,2,31771146.0,129151.0,House,12.03,9.1,9.8,9.8,0.124,0.2,Q2,2025
Orchard - Core CBD,Central,171.0,2,2,21687759.0,126829.0,House,12.68,9.2,9.8,9.8,0.049,0.2,Q3,2025
Orchard - Core CBD,Central,223.0,3,2,26436650.0,118550.0,Condo,11.81,8.3,9.8,9.8,0.191,0.2,Q1,2024
Orchard - Core CBD,Central,120.0,4,3,14047440.0,117062.0,House,12.39,8.2,9.8,9.8,0.085,0.2,Q2,2024
Orchard - Core CBD,Central,260.0,3,2,32427460.0,124721.0,House,12.43,9.0,9.8,9.8,0.178,0.2,Q1,2025
Orchard - Core CBD,Central,122.0,3,3,13043142.0,106911.0,House,11.16,8.7,9.8,9.8,0.394,0.2,Q2,2025
Orchard - Core CBD,Central,78.0,1,1,8763222.0,112349.0,Condo,12.39,9.9,9.8,9.8,0.288,0.2,Q1,2025
Orchard - Core CBD,Central,231.0,1,1,26671953.0,115463.0,Condo,10.96,8.2,9.8,9.8,0.307,0.2,Q2,2024
Orchard - Core CBD,Central,191.0,2,1,21046290.0,110190.0,Condo,12.35,8.5,9.8,9.8,0.268,0.2,Q2,2025
Orchard - Core CBD,Central,60.0,4,4,5931840.0,98864.0,Condo,11.74,8.3,9.8,9.8,0.349,0.2,Q3,2025
Orchard - Core CBD,Central,36.0,3,2,4247640.0,117990.0,Condo,11.9,8.0,9.8,9.8,0.044,0.2,Q4,2024
Orchard - Core CBD,Central,111.0,2,1,11738583.0,105753.0,House,11.61,7.6,9.8,9.8,0.342,0.2,Q1,2024
Orchard - Core CBD,Central,75.0,1,1,8284500.0,110460.0,Condo,12.08,7.8,9.8,9.8,0.231,0.2,Q3,2024
Orchard - Core CBD,Central,93.0,2,2,9423597.0,101329.0,Townhouse,12.19,8.4,9.8,9.8,0.388,0.2,Q3,2024
Orchard - Core CBD,Central,189.0,3,2,21028896.0,111264.0,Condo,12.81,8.1,9.8,9.8,0.357,0.2,Q1,2024
Orchard - Core CBD,Central,247.0,1,1,27562236.0,111588.0,Condo,12.53,8.4,9.8,9.8,0.435,0.2,Q1,2024
Orchard - Core CBD,Central,71.0,4,3,7447758.0,104898.0,House,11.34,9.5,9.8,9.8,0.38,0.2,Q2,2024
Orchard - Core CBD,Central,99.0,2,2,12151953.0,122747.0,Lot,11.67,8.8,9.8,9.8,0.138,0.2,Q3,2025
Orchard - Core CBD,Central,72.0,2,1,7456320.0,103560.0,House,11.67,7.5,9.8,9.8,0.294,0.2,Q1,2024
Orchard - Core CBD,Central,33.0,1,1,3141501.0,95197.0,Condo,11.49,7.3,9.8,9.8,0.443,0.2,Q2,2024
Orchard - Core CBD,Central,208.0,4,4,24595376.0,118247.0,Townhouse,11.61,8.9,9.8,9.8,0.191,0.2,Q3,2025
Orchard - Core CBD,Central,147.0,2,1,17031714.0,115862.0,Condo,11.67,8.3,9.8,9.8,0.11,0.2,Q1,2024
Orchard - Core CBD,Central,237.0,1,1,25376538.0,107074.0,Lot,11.94,7.7,9.8,9.8,0.447,0.2,Q1,2024
Orchard - Core CBD,Central,149.0,3,3,16723164.0,112236.0,Condo,11.98,8.0,9.8,9.8,0.192,0.2,Q2,2025
Orchard - Core CBD,Central,181.0,3,2,20901156.0,115476.0,House,11.75,8.7,9.8,9.8,0.291,0.2,Q3,2024
Orchard - Core CBD,Central,259.0,2,2,33670000.0,130000.0,Condo,12.18,8.5,9.8,9.8,0.045,0.2,Q1,2024
Orchard - Core CBD,Central,82.0,2,1,9588834.0,116937.0,Townhouse,12.24,8.1,9.8,9.8,0.11,0.2,Q2,2025
Orchard - Core CBD,Central,63.0,3,3,7405335.0,117545.0,House,11.74,8.8,9.8,9.8,0.025,0.2,Q3,2024
Orchard - Core CBD,Central,100.0,3,3,10951600.0,109516.0,House,12.06,8.9,9.8,9.8,0.307,0.2,Q4,2024
Orchard - Core CBD,Central,243.0,2,2,31260492.0,128644.0,Condo,11.65,8.7,9.8,9.8,0.105,0.2,Q3,2024
Orchard - Core CBD,Central,190.0,2,2,23375890.0,123031.0,Condo,11.7,8.4,9.8,9.8,0.124,0.2,Q3,2025
Orchard - Core CBD,Central,105.0,2,1,10426395.0,99299.0,House,12.48,7.8,9.8,9.8,0.401,0.2,Q3,2025
Orchard - Core CBD,Central,93.0,4,4,9840144.0,105808.0,House,12.1,8.7,9.8,9.8,0.433,0.2,Q3,2025
Orchard - Core CBD,Central,52.0,4,3,6022120.0,115810.0,Condo,12.07,9.3,9.8,9.8,0.202,0.2,Q1,2025
Orchard - Core CBD,Central,104.0,3,2,12171016.0,117029.0,Condo,11.6,9.2,9.8,9.8,0.243,0.2,Q1,2024
Orchard - Core CBD,Central,219.0,2,2,27148335.0,123965.0,House,12.25,8.9,9.8,9.8,0.24,0.2,Q4,2024
Orchard - Core CBD,Central,160.0,5,5,17640480.0,110253.0,Condo,12.3,9.3,9.8,9.8,0.415,0.2,Q4,2025
Orchard - Core CBD,Central,229.0,1,1,27394125.0,119625.0,House,11.9,8.1,9.8,9.8,0.286,0.2,Q2,2024
Orchard - Core CBD,Central,118.0,2,2,13576490.0,115055.0,House,12.27,8.1,9.8,9.8,0.117,0.2,Q4,2024
Orchard - Core CBD,Central,120.0,3,2,12422640.0,103522.0,Townhouse,12.17,9.0,9.8,9.8,0.401,0.2,Q1,2024
Orchard - Core CBD,Central,176.0,4,4,19999408.0,113633.0,Condo,12.05,8.5,9.8,9.8,0.261,0.2,Q3,2024
Orchard - Core CBD,Central,79.0,3,3,8806999.0,111481.0,House,12.33,7.9,9.8,9.8,0.068,0.2,Q4,2024
Orchard - Core CBD,Central,93.0,2,2,10683282.0,114874.0,House,11.69,7.5,9.8,9.8,0.082,0.2,Q2,2024
Orchard - Core CBD,Central,243.0,2,1,28762938.0,118366.0,Townhouse,12.0,8.2,9.8,9.8,0.243,0.2,Q4,2025
Orchard - Core CBD,Central,93.0,3,3,9745935.0,104795.0,House,12.14,8.1,9.8,9.8,0.405,0.2,Q2,2025
Orchard - Core CBD,Central,255.0,5,5,32510460.0,127492.0,House,11.88,8.1,9.8,9.8,0.059,0.2,Q2,2024
Orchard - Core CBD,Central,215.0,3,2,24606320.0,114448.0,House,12.22,8.1,9.8,9.8,0.253,0.2,Q3,2025
Orchard - Core CBD,Central,229.0,3,3,24271252.0,105988.0,House,12.09,7.8,9.8,9.8,0.432,0.2,Q4,2025
Orchard - Core CBD,Central,223.0,4,4,26574241.0,119167.0,Condo,11.79,8.1,9.8,9.8,0.192,0.2,Q2,2024
Orchard - Core CBD,Central,67.0,2,1,7130207.0,106421.0,Townhouse,12.82,8.0,9.8,9.8,0.318,0.2,Q3,2024
Orchard - Core CBD,Central,259.0,3,3,33142935.0,127965.0,Townhouse,11.55,8.1,9.8,9.8,0.046,0.2,Q3,2024
Orchard - Core CBD,Central,269.0,2,1,32930442.0,122418.0,House,11.98,9.4,9.8,9.8,0.188,0.2,Q1,2024
Orchard - Core CBD,Central,267.0,5,4,29820963.0,111689.0,Condo,12.89,9.3,9.8,9.8,0.39,0.2,Q2,2025
Orchard - Core CBD,Central,182.0,4,4,19239402.0,105711.0,Condo,13.36,8.2,9.8,9.8,0.303,0.2,Q2,2024
Orchard - Core CBD,Central,73.0,2,2,7798444.0,106828.0,House,12.48,8.6,9.8,9.8,0.313,0.2,Q4,2024
Orchard - Core CBD,Central,160.0,3,3,19204960.0,120031.0,Condo,12.19,8.6,9.8,9.8,0.185,0.2,Q2,2024
Orchard - Core CBD,Central,59.0,3,3,6158243.0,104377.0,Condo,11.68,8.4,9.8,9.8,0.331,0.2,Q4,2024
Orchard - Core CBD,Central,226.0,2,1,25847846.0,114371.0,House,11.66,8.2,9.8,9.8,0.29,0.2,Q3,2024
Orchard - Core CBD,Central,151.0,2,2,17004412.0,112612.0,Lot,12.5,8.3,9.8,9.8,0.271,0.2,Q4,2024
Orchard - Core CBD,Central,55.0,2,2,5478935.0,99617.0,Lot,12.31,7.0,9.8,9.8,0.425,0.2,Q2,2024
Orchard - Core CBD,Central,238.0,2,2,27856948.0,117046.0,Condo,12.93,9.4,9.8,9.8,0.277,0.2,Q4,2025
Orchard - Core CBD,Central,41.0,1,1,4171709.0,101749.0,House,12.41,9.0,9.8,9.8,0.35,0.2,Q4,2025
Orchard - Core CBD,Central,160.0,5,4,19203360.0,120021.0,Townhouse,12.18,8.9,9.8,9.8,0.164,0.2,Q4,2025
Orchard - Core CBD,Central,58.0,5,5,6686066.0,115277.0,Townhouse,11.87,9.1,9.8,9.8,0.12,0.2,Q2,2024
Orchard - Core CBD,Central,213.0,2,1,26422224.0,124048.0,Townhouse,11.92,9.0,9.8,9.8,0.165,0.2,Q1,2024
Orchard - Core CBD,Central,166.0,3,3,20968290.0,126315.0,Condo,11.96,8.2,9.8,9.8,0.027,0.2,Q3,2025
Orchard - Core CBD,Central,236.0,4,4,27410928.0,116148.0,Condo,12.07,9.3,9.8,9.8,0.31,0.2,Q3,2025
Orchard - Core CBD,Central,54.0,2,2,5229198.0,96837.0,Townhouse,12.09,8.9,9.8,9.8,0.439,0.2,Q2,2024
Orchard - Core CBD,Central,42.0,1,1,5040126.0,120003.0,Townhouse,12.1,8.1,9.8,9.8,0.055,0.2,Q3,2024
Orchard - Core CBD,Central,218.0,2,2,24301114.0,111473.0,Condo,12.13,7.8,9.8,9.8,0.446,0.2,Q2,2024
Orchard - Core CBD,Central,172.0,1,1,20846572.0,121201.0,Condo,12.18,8.1,9.8,9.8,0.069,0.2,Q3,2024
Orchard - Core CBD,Central,86.0,2,2,10207942.0,118697.0,Condo,11.35,7.9,9.8,9.8,0.126,0.2,Q1,2025
Orchard - Core CBD,Central,197.0,3,2,22416433.0,113789.0,Townhouse,11.88,8.8,9.8,9.8,0.365,0.2,Q2,2024
Orchard - Core CBD,Central,116.0,3,3,12670216.0,109226.0,Condo,12.0,9.6,9.8,9.8,0.279,0.2,Q1,2025
Orchard - Core CBD,Central,220.0,3,3,24217600.0,110080.0,Condo,12.2,8.2,9.8,9.8,0.365,0.2,Q3,2024
Orchard - Core CBD,Central,199.0,2,2,21021763.0,105637.0,Condo,11.85,7.2,9.8,9.8,0.405,0.2,Q1,2025
Orchard - Core CBD,Central,235.0,3,3,28575530.0,121598.0,House,11.69,8.9,9.8,9.8,0.251,0.2,Q2,2024
Orchard - Core CBD,Central,239.0,2,2,30129774.0,126066.0,Condo,12.0,8.2,9.8,9.8,0.121,0.2,Q4,2024
Orchard - Core CBD,Central,223.0,4,3,27350727.0,122649.0,House,11.8,7.3,9.8,9.8,0.184,0.2,Q4,2024
Orchard - Core CBD,Central,275.0,4,4,35750000.0,130000.0,Lot,12.26,9.4,9.8,9.8,0.044,0.2,Q2,2025
Orchard - Core CBD,Central,68.0,2,2,7271240.0,106930.0,House,11.87,8.3,9.8,9.8,0.395,0.2,Q2,2024
Orchard - Core CBD,Central,241.0,4,4,31330000.0,130000.0,Townhouse,11.73,8.7,9.8,9.8,0.056,0.2,Q2,2024
Orchard - Core CBD,Central,157.0,1,1,17180353.0,109429.0,Lot,12.44,7.8,9.8,9.8,0.235,0.2,Q2,2024
Orchard - Core CBD,Central,131.0,3,3,13657274.0,104254.0,Condo,11.72,8.9,9.8,9.8,0.32,0.2,Q4,2024
Orchard - Core CBD,Central,42.0,4,4,4306428.0,102534.0,Condo,11.75,8.4,9.8,9.8,0.292,0.2,Q1,2025
Orchard - Core CBD,Central,209.0,1,1,22918522.0,109658.0,Townhouse,11.65,9.7,9.8,9.8,0.434,0.2,Q4,2024
Orchard - Core CBD,Central,265.0,3,2,31939125.0,120525.0,Lot,11.78,7.6,9.8,9.8,0.172,0.2,Q4,2025
Orchard - Core CBD,Central,182.0,3,2,18942014.0,104077.0,House,12.47,8.0,9.8,9.8,0.433,0.2,Q4,2024
Orchard - Core CBD,Central,124.0,3,3,15402536.0,124214.0,Townhouse,11.6,8.3,9.8,9.8,0.066,0.2,Q4,2024
Orchard - Core CBD,Central,58.0,3,2,5874762.0,101289.0,House,11.74,8.1,9.8,9.8,0.338,0.2,Q3,2024
Orchard - Core CBD,Central,37.0,2,1,3891993.0,105189.0,House,11.32,7.8,9.8,9.8,0.25,0.2,Q1,2025
Orchard - Core CBD,Central,54.0,2,1,5477868.0,101442.0,Condo,11.54,8.1,9.8,9.8,0.372,0.2,Q3,2024
Orchard - Core CBD,Central,260.0,2,2,32346860.0,124411.0,Lot,11.8,8.7,9.8,9.8,0.109,0.2,Q3,2024
Orchard - Core CBD,Central,124.0,4,4,14155964.0,114161.0,Townhouse,11.64,8.8,9.8,9.8,0.119,0.2,Q1,2024
Orchard - Core CBD,Central,38.0,3,3,4479706.0,117887.0,Condo,11.34,7.7,9.8,9.8,0.042,0.2,Q2,2024
Orchard - Core CBD,Central,97.0,2,1,11697618.0,120594.0,Condo,12.02,8.6,9.8,9.8,0.198,0.2,Q4,2025
Orchard - Core CBD,Central,94.0,4,3,11601104.0,123416.0,Condo,12.34,8.7,9.8,9.8,0.049,0.2,Q4,2024
Orchard - Core CBD,Central,245.0,2,2,28699055.0,117139.0,Condo,11.82,8.0,9.8,9.8,0.328,0.2,Q2,2024
Orchard - Core CBD,Central,192.0,3,3,21886272.0,113991.0,Condo,12.39,8.1,9.8,9.8,0.266,0.2,Q1,2024
Orchard - Core CBD,Central,257.0,2,2,28749562.0,111866.0,Townhouse,11.69,8.8,9.8,9.8,0.353,0.2,Q2,2025
Orchard - Core CBD,Central,42.0,2,1,4167744.0,99232.0,Condo,12.48,8.5,9.8,9.8,0.355,0.2,Q4,2024
Orchard - Core CBD,Central,254.0,4,4,32569658.0,128227.0,House,12.32,8.4,9.8,9.8,0.132,0.2,Q4,2024
Orchard - Core CBD,Central,274.0,4,4,35620000.0,130000.0,Lot,12.79,8.3,9.8,9.8,0.032,0.2,Q1,2024
Orchard - Core CBD,Central,145.0,3,3,16749240.0,115512.0,House,11.61,8.6,9.8,9.8,0.41,0.2,Q2,2024
Orchard - Core CBD,Central,97.0,1,1,10564076.0,108908.0,Condo,11.69,8.3,9.8,9.8,0.191,0.2,Q3,2024
Orchard - Core CBD,Central,34.0,3,2,3884568.0,114252.0,House,11.97,7.7,9.8,9.8,0.169,0.2,Q4,2024
Orchard - Core CBD,Central,251.0,2,2,31107685.0,123935.0,House,11.86,7.3,9.8,9.8,0.23,0.2,Q2,2024
Orchard - Core CBD,Central,71.0,1,1,8317082.0,117142.0,Townhouse,11.56,7.8,9.8,9.8,0.152,0.2,Q2,2024
Orchard - Core CBD,Central,154.0,3,2,18938920.0,122980.0,House,11.71,7.6,9.8,9.8,0.118,0.2,Q2,2025
Orchard - Core CBD,Central,189.0,2,1,20883366.0,110494.0,House,12.45,8.6,9.8,9.8,0.394,0.2,Q3,2025
Orchard - Core CBD,Central,109.0,3,3,12074802.0,110778.0,House,11.66,8.9,9.8,9.8,0.201,0.2,Q2,2024
Orchard - Core CBD,Central,148.0,2,2,17965868.0,121391.0,House,11.56,8.8,9.8,9.8,0.231,0.2,Q1,2024
Orchard - Core CBD,Central,263.0,5,5,30373870.0,115490.0,House,12.17,8.4,9.8,9.8,0.286,0.2,Q4,2025
Orchard - Core CBD,Central,153.0,3,2,17424099.0,113883.0,Condo,12.21,7.9,9.8,9.8,0.277,0.2,Q2,2024
Orchard - Core CBD,Central,64.0,4,4,6977024.0,109016.0,Lot,12.48,8.8,9.8,9.8,0.302,0.2,Q2,2024
Orchard - Core CBD,Central,173.0,3,3,21373112.0,123544.0,Lot,11.64,8.1,9.8,9.8,0.098,0.2,Q2,2024
Orchard - Core CBD,Central,103.0,1,1,11624374.0,112858.0,House,11.82,9.2,9.8,9.8,0.23,0.2,Q4,2024
Orchard - Core CBD,Central,196.0,3,3,25280276.0,128981.0,Townhouse,12.42,7.8,9.8,9.8,0.094,0.2,Q1,2025
Orchard - Core CBD,Central,263.0,2,1,29765551.0,113177.0,Condo,11.76,8.3,9.8,9.8,0.376,0.2,Q4,2024
Orchard - Core CBD,Central,52.0,3,3,4911192.0,94446.0,Townhouse,12.18,9.0,9.8,9.8,0.448,0.2,Q3,2024
Orchard - Core CBD,Central,63.0,1,1,6347439.0,100753.0,Lot,12.12,8.8,9.8,9.8,0.412,0.2,Q4,2025
Orchard - Core CBD,Central,133.0,4,3,14249886.0,107142.0,Townhouse,11.91,8.6,9.8,9.8,0.331,0.2,Q1,2024
Orchard - Core CBD,Central,216.0,2,1,24215976.0,112111.0,Condo,12.79,8.3,9.8,9.8,0.271,0.2,Q3,2025
Orchard - Core CBD,Central,180.0,4,3,19553580.0,108631.0,Condo,12.32,7.7,9.8,9.8,0.362,0.2,Q3,2025
Orchard - Core CBD,Central,51.0,2,2,5149776.0,100976.0,House,12.4,8.4,9.8,9.8,0.366,0.2,Q1,2024
Orchard - Core CBD,Central,60.0,1,1,7014900.0,116915.0,House,12.36,8.7,9.8,9.8,0.137,0.2,Q4,2024
Orchard - Core CBD,Central,151.0,2,2,15597998.0,103298.0,Condo,12.25,8.9,9.8,9.8,0.399,0.2,Q2,2024
Orchard - Core CBD,Central,62.0,2,2,7043820.0,113610.0,House,11.88,8.8,9.8,9.8,0.061,0.2,Q3,2025
Orchard - Core CBD,Central,259.0,4,4,32866064.0,126896.0,Lot,12.3,8.3,9.8,9.8,0.119,0.2,Q2,2025
Orchard - Core CBD,Central,149.0,2,1,17599880.0,118120.0,Condo,11.69,8.2,9.8,9.8,0.213,0.2,Q1,2025
Orchard - Core CBD,Central,37.0,3,3,3573534.0,96582.0,Condo,11.71,8.7,9.8,9.8,0.381,0.2,Q1,2024
Orchard - Core CBD,Central,254.0,3,2,32318706.0,127239.0,House,12.49,8.2,9.8,9.8,0.12,0.2,Q1,2025
Orchard - Core CBD,Central,48.0,1,1,4475808.0,93246.0,Townhouse,11.84,8.0,9.8,9.8,0.434,0.2,Q1,2025
Orchard - Core CBD,Central,193.0,1,1,22352295.0,115815.0,House,11.96,8.6,9.8,9.8,0.298,0.2,Q1,2024
Orchard - Core CBD,Central,76.0,4,3,7477260.0,98385.0,Condo,12.35,8.4,9.8,9.8,0.446,0.2,Q3,2025
Orchard - Core CBD,Central,126.0,3,2,12829950.0,101825.0,House,12.22,8.7,9.8,9.8,0.441,0.2,Q4,2024
Orchard - Core CBD,Central,52.0,2,2,5798728.0,111514.0,House,12.12,8.5,9.8,9.8,0.163,0.2,Q4,2025
Orchard - Core CBD,Central,33.0,3,2,3647127.0,110519.0,Condo,12.0,8.2,9.8,9.8,0.238,0.2,Q3,2025
Orchard - Core CBD,Central,190.0,3,2,23208690.0,122151.0,House,12.07,7.8,9.8,9.8,0.111,0.2,Q1,2025
Orchard - Core CBD,Central,195.0,4,3,21863205.0,112119.0,Townhouse,12.58,9.6,9.8,9.8,0.198,0.2,Q4,2025
Orchard - Core CBD,Central,242.0,3,3,30233544.0,124932.0,Townhouse,11.97,9.0,9.8,9.8,0.139,0.2,Q2,2025
Orchard - Core CBD,Central,211.0,3,3,25466434.0,120694.0,Townhouse,12.06,9.5,9.8,9.8,0.194,0.2,Q2,2025
Orchard - Core CBD,Central,71.0,3,3,8161379.0,114949.0,Condo,12.07,8.8,9.8,9.8,0.199,0.2,Q1,2024
Orchard - Core CBD,Central,37.0,2,1,4150327.0,112171.0,Condo,11.72,8.4,9.8,9.8,0.083,0.2,Q2,2025
Orchard - Core CBD,Central,36.0,3,3,3642948.0,101193.0,House,11.4,9.7,9.8,9.8,0.448,0.2,Q2,2024
Orchard - Core CBD,Central,25.0,3,3,2641725.0,105669.0,Townhouse,11.81,9.1,9.8,9.8,0.358,0.2,Q3,2024
Orchard - Core CBD,Central,218.0,2,1,25305222.0,116079.0,Townhouse,12.27,7.3,9.8,9.8,0.199,0.2,Q4,2024
Orchard - Core CBD,Central,89.0,3,3,9847583.0,110647.0,House,11.89,9.1,9.8,9.8,0.302,0.2,Q4,2024
Orchard - Core CBD,Central,139.0,3,3,16212265.0,116635.0,Townhouse,11.99,8.8,9.8,9.8,0.169,0.2,Q2,2024
Orchard - Core CBD,Central,237.0,3,2,30620637.0,129201.0,Condo,11.29,8.9,9.8,9.8,0.054,0.2,Q1,2025
Orchard - Core CBD,Central,68.0,2,1,7663124.0,112693.0,House,11.91,8.9,9.8,9.8,0.044,0.2,Q4,2025
Orchard - Core CBD,Central,261.0,2,2,33732423.0,129243.0,Condo,11.89,8.1,9.8,9.8,0.07,0.2,Q3,2024
Orchard - Core CBD,Central,205.0,4,3,24067820.0,117404.0,House,11.96,8.0,9.8,9.8,0.199,0.2,Q1,2024
Orchard - Core CBD,Central,211.0,4,3,24797564.0,117524.0,Condo,11.75,7.0,9.8,9.8,0.2,0.2,Q4,2025
Orchard - Core CBD,Central,90.0,2,1,9388710.0,104319.0,Condo,12.51,8.9,9.8,9.8,0.272,0.2,Q3,2024
Orchard - Core CBD,Central,33.0,1,1,3514005.0,106485.0,House,11.78,8.9,9.8,9.8,0.293,0.2,Q2,2024
Orchard - Core CBD,Central,149.0,3,2,16410562.0,110138.0,House,11.12,8.7,9.8,9.8,0.241,0.2,Q2,2025
Orchard - Core CBD,Central,90.0,5,5,10424970.0,115833.0,Townhouse,12.11,8.7,9.8,9.8,0.183,0.2,Q3,2024
Orchard - Core CBD,Central,204.0,3,2,23028948.0,112887.0,Lot,11.97,9.0,9.8,9.8,0.3,0.2,Q4,2024
Orchard - Core CBD,Central,183.0,3,2,22048572.0,120484.0,Townhouse,12.27,8.2,9.8,9.8,0.107,0.2,Q2,2024
Orchard - Core CBD,Central,152.0,4,3,18165064.0,119507.0,House,11.99,6.9,9.8,9.8,0.048,0.2,Q4,2024
Orchard - Core CBD,Central,34.0,2,2,3685294.0,108391.0,Lot,11.52,10.0,9.8,9.8,0.219,0.2,Q3,2025
Orchard - Core CBD,Central,154.0,3,3,18485544.0,120036.0,Condo,12.37,8.8,9.8,9.8,0.128,0.2,Q1,2025
Orchard - Core CBD,Central,121.0,2,2,13071751.0,108031.0,Townhouse,11.83,8.7,9.8,9.8,0.361,0.2,Q4,2024
Orchard - Core CBD,Central,125.0,5,5,15082125.0,120657.0,Condo,11.91,8.5,9.8,9.8,0.107,0.2,Q4,2025
Orchard - Core CBD,Central,114.0,1,1,12285780.0,107770.0,Townhouse,11.55,7.1,9.8,9.8,0.333,0.2,Q4,2025
Orchard - Core CBD,Central,100.0,4,4,10774800.0,107748.0,Condo,12.0,9.3,9.8,9.8,0.344,0.2,Q2,2024
Orchard - Core CBD,Central,72.0,2,2,8084376.0,112283.0,Condo,12.2,8.9,9.8,9.8,0.238,0.2,Q4,2025
Orchard - Core CBD,Central,111.0,4,3,12528237.0,112867.0,House,11.82,8.7,9.8,9.8,0.268,0.2,Q3,2024
Orchard - Core CBD,Central,27.0,2,2,2820825.0,104475.0,House,11.84,8.4,9.8,9.8,0.213,0.2,Q2,2025
Orchard - Core CBD,Central,46.0,2,2,4610718.0,100233.0,House,11.46,8.5,9.8,9.8,0.382,0.2,Q1,2025
Orchard - Core CBD,Central,163.0,2,2,19133592.0,117384.0,Condo,12.13,8.8,9.8,9.8,0.275,0.2,Q1,2025
Orchard - Core CBD,Central,108.0,4,3,12587940.0,116555.0,Townhouse,11.84,9.1,9.8,9.8,0.21,0.2,Q1,2024
Orchard - Core CBD,Central,244.0,3,3,28780044.0,117951.0,House,11.53,9.4,9.8,9.8,0.268,0.2,Q2,2024
Orchard - Core CBD,Central,92.0,5,5,9973168.0,108404.0,House,12.87,9.6,9.8,9.8,0.325,0.2,Q2,2025
Orchard - Core CBD,Central,101.0,2,2,11277761.0,111661.0,Condo,11.83,9.2,9.8,9.8,0.283,0.2,Q4,2024
Orchard - Core CBD,Central,212.0,2,2,23465644.0,110687.0,Condo,12.39,8.6,9.8,9.8,0.368,0.2,Q4,2024
Orchard - Core CBD,Central,136.0,2,2,14807952.0,108882.0,Condo,11.86,8.5,9.8,9.8,0.222,0.2,Q2,2025
Orchard - Core CBD,Central,202.0,3,3,23412002.0,115901.0,Townhouse,11.71,8.9,9.8,9.8,0.246,0.2,Q3,2024
Orchard - Core CBD,Central,161.0,4,3,18299099.0,113659.0,House,12.43,8.1,9.8,9.8,0.081,0.2,Q3,2025
Orchard - Core CBD,Central,124.0,2,1,13076420.0,105455.0,Condo,11.84,7.8,9.8,9.8,0.38,0.2,Q3,2024
Orchard - Core CBD,Central,25.0,5,4,2785600.0,111424.0,House,12.31,8.8,9.8,9.8,0.241,0.2,Q1,2024
Orchard - Core CBD,Central,223.0,1,1,25701865.0,115255.0,Condo,11.94,8.9,9.8,9.8,0.347,0.2,Q3,2024
Orchard - Core CBD,Central,108.0,1,1,13229784.0,122498.0,Condo,12.48,9.2,9.8,9.8,0.044,0.2,Q1,2024
Orchard - Core CBD,Central,174.0,1,1,21574434.0,123991.0,House,11.72,9.0,9.8,9.8,0.187,0.2,Q4,2024
Orchard - Core CBD,Central,177.0,1,1,21012732.0,118716.0,Condo,12.58,8.2,9.8,9.8,0.172,0.2,Q3,2025
Orchard - Core CBD,Central,144.0,3,3,17687088.0,122827.0,Lot,11.78,8.2,9.8,9.8,0.111,0.2,Q2,2025
Orchard - Core CBD,Central,117.0,5,5,12440727.0,106331.0,Townhouse,12.08,9.2,9.8,9.8,0.353,0.2,Q4,2024
Orchard - Core CBD,Central,29.0,3,2,3141628.0,108332.0,Townhouse,11.34,7.6,9.8,9.8,0.206,0.2,Q3,2025
Orchard - Core CBD,Central,79.0,3,3,8502059.0,107621.0,House,12.19,7.6,9.8,9.8,0.2,0.2,Q2,2025
Orchard - Core CBD,Central,69.0,3,3,7801278.0,113062.0,Townhouse,11.81,7.8,9.8,9.8,0.142,0.2,Q1,2025
Orchard - Core CBD,Central,143.0,3,2,15646631.0,109417.0,Condo,12.55,8.8,9.8,9.8,0.365,0.2,Q3,2025
Orchard - Core CBD,Central,181.0,2,2,23364204.0,129084.0,Lot,11.67,8.2,9.8,9.8,0.05,0.2,Q3,2024
Orchard - Core CBD,Central,43.0,2,2,4547078.0,105746.0,Condo,12.33,9.9,9.8,9.8,0.22,0.2,Q4,2024
Orchard - Core CBD,Central,154.0,4,4,17925754.0,116401.0,House,11.85,8.2,9.8,9.8,0.137,0.2,Q3,2024
Orchard - Core CBD,Central,76.0,2,2,7555160.0,99410.0,Townhouse,11.95,7.9,9.8,9.8,0.401,0.2,Q1,2025
Orchard - Core CBD,Central,130.0,2,1,13561340.0,104318.0,Condo,12.08,8.2,9.8,9.8,0.421,0.2,Q1,2024
Orchard - Core CBD,Central,135.0,2,2,14401800.0,106680.0,House,12.83,9.0,9.8,9.8,0.387,0.2,Q3,2024
Orchard - Core CBD,Central,183.0,4,4,23475423.0,128281.0,Townhouse,12.39,9.1,9.8,9.8,0.029,0.2,Q2,2025
Orchard - Core CBD,Central,99.0,4,4,11934450.0,120550.0,House,11.81,9.7,9.8,9.8,0.099,0.2,Q2,2025
Orchard - Core CBD,Central,125.0,3,3,13434125.0,107473.0,Condo,12.57,7.5,9.8,9.8,0.354,0.2,Q1,2025
Orchard - Core CBD,Central,189.0,3,3,22050252.0,116668.0,Townhouse,12.57,8.7,9.8,9.8,0.125,0.2,Q4,2024
Orchard - Core CBD,Central,154.0,3,3,17266326.0,112119.0,Condo,11.9,8.6,9.8,9.8,0.223,0.2,Q1,2025
Orchard - Core CBD,Central,32.0,3,2,2961952.0,92561.0,Condo,12.35,7.8,9.8,9.8,0.444,0.2,Q2,2025
Orchard - Core CBD,Central,70.0,3,3,8191470.0,117021.0,Lot,11.81,8.6,9.8,9.8,0.059,0.2,Q2,2025
Orchard - Core CBD,Central,38.0,2,1,4279826.0,112627.0,House,12.03,8.7,9.8,9.8,0.182,0.2,Q1,2024
Orchard - Core CBD,Central,274.0,4,4,32633400.0,119100.0,Townhouse,12.0,8.2,9.8,9.8,0.219,0.2,Q4,2024
Orchard - Core CBD,Central,137.0,1,1,15962007.0,116511.0,Townhouse,12.22,8.2,9.8,9.8,0.125,0.2,Q4,2024
Orchard - Core CBD,Central,163.0,2,1,18180042.0,111534.0,Condo,11.97,9.7,9.8,9.8,0.305,0.2,Q3,2024
Orchard - Core CBD,Central,66.0,2,1,6727380.0,101930.0,Townhouse,11.73,9.0,9.8,9.8,0.276,0.2,Q4,2025
Orchard - Core CBD,Central,258.0,1,1,30778368.0,119296.0,Condo,12.35,8.3,9.8,9.8,0.287,0.2,Q2,2024
Orchard - Core CBD,Central,169.0,4,4,21696558.0,128382.0,Condo,12.26,8.3,9.8,9.8,0.053,0.2,Q4,2025
Orchard - Core CBD,Central,136.0,1,1,16056296.0,118061.0,Condo,11.44,7.7,9.8,9.8,0.153,0.2,Q4,2024
Orchard - Core CBD,Central,275.0,4,4,33142725.0,120519.0,House,11.86,8.4,9.8,9.8,0.273,0.2,Q2,2024
Orchard - Core CBD,Central,271.0,2,2,31615944.0,116664.0,House,12.17,8.9,9.8,9.8,0.296,0.2,Q1,2024
Orchard - Core CBD,Central,134.0,5,4,14902944.0,111216.0,House,12.29,8.0,9.8,9.8,0.333,0.2,Q2,2025
Orchard - Core CBD,Central,37.0,3,2,4040252.0,109196.0,Townhouse,12.05,8.1,9.8,9.8,0.252,0.2,Q2,2024
Orchard - Core CBD,Central,101.0,2,1,10563994.0,104594.0,Lot,12.58,8.0,9.8,9.8,0.368,0.2,Q3,2024
Orchard - Core CBD,Central,219.0,3,3,27387483.0,125057.0,House,11.9,8.7,9.8,9.8,0.022,0.2,Q3,2024
Orchard - Core CBD,Central,279.0,4,3,36270000.0,130000.0,Condo,11.88,8.7,9.8,9.8,0.086,0.2,Q4,2025
Orchard - Core CBD,Central,135.0,2,2,14289210.0,105846.0,Condo,11.93,8.3,9.8,9.8,0.343,0.2,Q4,2024
Orchard - Core CBD,Central,64.0,3,3,7190464.0,112351.0,Lot,11.2,7.3,9.8,9.8,0.253,0.2,Q3,2024
Orchard - Core CBD,Central,252.0,5,4,30115764.0,119507.0,House,12.19,8.3,9.8,9.8,0.218,0.2,Q3,2025
Orchard - Core CBD,Central,37.0,3,2,3684719.0,99587.0,House,12.04,8.0,9.8,9.8,0.396,0.2,Q3,2024
Orchard - Core CBD,Central,49.0,1,1,5905921.0,120529.0,Condo,11.92,8.9,9.8,9.8,0.051,0.2,Q2,2025
Orchard - Core CBD,Central,215.0,1,1,24045170.0,111838.0,Condo,12.29,8.2,9.8,9.8,0.242,0.2,Q4,2024
Orchard - Core CBD,Central,255.0,1,1,28638540.0,112308.0,Condo,11.35,7.5,9.8,9.8,0.382,0.2,Q3,2024
Orchard - Core CBD,Central,40.0,2,1,3920560.0,98014.0,House,11.72,9.0,9.8,9.8,0.356,0.2,Q1,2024
Orchard - Core CBD,Central,82.0,3,3,9179654.0,111947.0,Condo,12.42,7.4,9.8,9.8,0.186,0.2,Q1,2024
Orchard - Core CBD,Central,177.0,2,2,20501556.0,115828.0,Condo,11.63,8.4,9.8,9.8,0.27,0.2,Q1,2024
Orchard - Core CBD,Central,233.0,3,3,28103994.0,120618.0,Condo,12.25,8.3,9.8,9.8,0.154,0.2,Q2,2024
Orchard - Core CBD,Central,202.0,2,2,24451090.0,121045.0,House,11.84,6.9,9.8,9.8,0.114,0.2,Q4,2024
Orchard - Core CBD,Central,126.0,2,1,15309000.0,121500.0,Condo,12.55,8.3,9.8,9.8,0.155,0.2,Q1,2024
Orchard - Core CBD,Central,65.0,2,2,7341620.0,112948.0,House,12.37,9.4,9.8,9.8,0.124,0.2,Q2,2025
Orchard - Core CBD,Central,154.0,4,4,19765130.0,128345.0,Condo,11.87,8.9,9.8,9.8,0.058,0.2,Q1,2025
Orchard - Core CBD,Central,72.0,1,1,8317656.0,115523.0,Lot,11.45,8.6,9.8,9.8,0.204,0.2,Q3,2024
Orchard - Core CBD,Central,105.0,1,1,10724595.0,102139.0,Condo,12.5,9.4,9.8,9.8,0.43,0.2,Q4,2024
Orchard - Core CBD,Central,62.0,3,2,6251522.0,100831.0,Lot,11.07,9.1,9.8,9.8,0.445,0.2,Q3,2025
Orchard - Core CBD,Central,175.0,2,1,18806550.0,107466.0,House,12.06,8.8,9.8,9.8,0.432,0.2,Q2,2025
Orchard - Core CBD,Central,237.0,3,2,26234241.0,110693.0,House,12.28,9.8,9.8,9.8,0.375,0.2,Q1,2024
Orchard - Core CBD,Central,77.0,3,3,7892269.0,102497.0,Condo,12.0,8.2,9.8,9.8,0.407,0.2,Q1,2024
Orchard - Core CBD,Central,39.0,4,3,4532580.0,116220.0,Townhouse,12.36,9.2,9.8,9.8,0.039,0.2,Q4,2024
Orchard - Core CBD,Central,266.0,2,2,33922714.0,127529.0,Townhouse,12.27,8.4,9.8,9.8,0.077,0.2,Q2,2025
Orchard - Core CBD,Central,179.0,2,2,19811720.0,110680.0,Condo,12.18,8.8,9.8,9.8,0.321,0.2,Q1,2025
Orchard - Core CBD,Central,182.0,2,2,19955390.0,109645.0,Townhouse,12.25,7.3,9.8,9.8,0.314,0.2,Q2,2025
Orchard - Core CBD,Central,248.0,2,1,30504248.0,123001.0,House,12.6,8.6,9.8,9.8,0.22,0.2,Q4,2024
Orchard - Core CBD,Central,131.0,1,1,14713265.0,112315.0,Condo,11.97,7.7,9.8,9.8,0.217,0.2,Q3,2024
Orchard - Core CBD,Central,272.0,3,3,35255280.0,129615.0,Lot,12.12,7.3,9.8,9.8,0.067,0.2,Q3,2024
Orchard - Core CBD,Central,230.0,2,2,29091320.0,126484.0,Condo,11.99,8.9,9.8,9.8,0.073,0.2,Q1,2024
Orchard - Core CBD,Central,157.0,3,2,16380595.0,104335.0,Lot,12.68,7.8,9.8,9.8,0.432,0.2,Q2,2025
Orchard - Core CBD,Central,167.0,1,1,16297029.0,97587.0,Condo,12.15,6.8,9.8,9.8,0.436,0.2,Q3,2025
Orchard - Core CBD,Central,67.0,4,4,6987966.0,104298.0,House,11.83,7.3,9.8,9.8,0.318,0.2,Q1,2024
Orchard - Core CBD,Central,217.0,1,1,23620884.0,108852.0,Condo,11.88,9.2,9.8,9.8,0.425,0.2,Q1,2025
Orchard - Core CBD,Central,264.0,3,3,31039272.0,117573.0,Lot,12.07,8.9,9.8,9.8,0.351,0.2,Q4,2025
Orchard - Core CBD,Central,33.0,3,3,3645840.0,110480.0,Townhouse,12.3,7.5,9.8,9.8,0.178,0.2,Q1,2024
Orchard - Core CBD,Central,179.0,4,4,21776603.0,121657.0,Lot,11.27,9.4,9.8,9.8,0.02,0.2,Q4,2025
Orchard - Core CBD,Central,213.0,1,1,26394747.0,123919.0,House,12.71,7.9,9.8,9.8,0.098,0.2,Q4,2024
Orchard - Core CBD,Central,36.0,2,1,3623220.0,100645.0,Condo,12.51,8.3,9.8,9.8,0.301,0.2,Q3,2024
Orchard - Core CBD,Central,80.0,2,2,9320800.0,116510.0,Lot,12.49,8.2,9.8,9.8,0.142,0.2,Q1,2024
Orchard - Core CBD,Central,175.0,3,2,17991575.0,102809.0,House,11.94,8.6,9.8,9.8,0.378,0.2,Q4,2024
Orchard - Core CBD,Central,27.0,2,2,3005856.0,111328.0,House,12.26,8.8,9.8,9.8,0.104,0.2,Q3,2024
Orchard - Core CBD,Central,270.0,3,2,32925690.0,121947.0,Condo,12.1,7.7,9.8,9.8,0.158,0.2,Q4,2024
Orchard - Core CBD,Central,245.0,1,1,27670790.0,112942.0,Condo,11.63,8.3,9.8,9.8,0.384,0.2,Q1,2025
Orchard - Core CBD,Central,32.0,3,2,3670432.0,114701.0,Townhouse,12.52,8.4,9.8,9.8,0.149,0.2,Q3,2024
Orchard - Core CBD,Central,226.0,1,1,24184712.0,107012.0,Townhouse,12.12,9.2,9.8,9.8,0.326,0.2,Q1,2025
Orchard - Core CBD,Central,130.0,5,4,14593020.0,112254.0,Townhouse,12.3,8.5,9.8,9.8,0.331,0.2,Q1,2024
Orchard - Core CBD,Central,133.0,3,3,15272257.0,114829.0,Lot,12.03,8.8,9.8,9.8,0.192,0.2,Q4,2024
Orchard - Core CBD,Central,195.0,4,3,22402575.0,114885.0,Condo,12.19,9.0,9.8,9.8,0.279,0.2,Q4,2025
Orchard - Core CBD,Central,253.0,1,1,26468607.0,104619.0,Townhouse,12.0,8.2,9.8,9.8,0.444,0.2,Q4,2025
Orchard - Core CBD,Central,191.0,1,1,22257230.0,116530.0,Condo,12.07,8.6,9.8,9.8,0.301,0.2,Q4,2025
Orchard - Core CBD,Central,180.0,4,4,20711880.0,115066.0,Condo,11.67,8.9,9.8,9.8,0.347,0.2,Q4,2024
Orchard - Core CBD,Central,231.0,2,2,26142732.0,113172.0,Townhouse,12.62,8.5,9.8,9.8,0.273,0.2,Q2,2024
Orchard - Core CBD,Central,242.0,5,4,29793588.0,123114.0,Condo,11.89,9.9,9.8,9.8,0.144,0.2,Q2,2025
Orchard - Core CBD,Central,199.0,2,2,21670702.0,108898.0,Condo,12.08,7.4,9.8,9.8,0.291,0.2,Q4,2024
Orchard - Core CBD,Central,27.0,1,1,3025863.0,112069.0,Condo,11.28,8.8,9.8,9.8,0.126,0.2,Q4,2024
Orchard - Core CBD,Central,114.0,2,1,11372640.0,99760.0,Condo,12.13,8.5,9.8,9.8,0.448,0.2,Q1,2024
Orchard - Core CBD,Central,171.0,5,5,17862318.0,104458.0,Condo,11.58,8.6,9.8,9.8,0.31,0.2,Q4,2024
Orchard - Core CBD,Central,189.0,2,2,21643524.0,114516.0,House,12.41,9.2,9.8,9.8,0.331,0.2,Q2,2024
Orchard - Core CBD,Central,36.0,3,3,3825612.0,106267.0,Condo,12.13,9.0,9.8,9.8,0.375,0.2,Q4,2024
Orchard - Core CBD,Central,49.0,5,4,5729276.0,116924.0,Condo,11.58,7.4,9.8,9.8,0.107,0.2,Q4,2025
Orchard - Core CBD,Central,108.0,2,1,11251764.0,104183.0,House,12.16,9.2,9.8,9.8,0.427,0.2,Q3,2025
Orchard - Core CBD,Central,250.0,2,2,31241000.0,124964.0,Condo,11.94,8.2,9.8,9.8,0.051,0.2,Q2,2024
Orchard - Core CBD,Central,184.0,1,1,19761968.0,107402.0,Condo,12.03,8.9,9.8,9.8,0.368,0.2,Q2,2025
Orchard - Core CBD,Central,47.0,1,1,5814605.0,123715.0,Condo,11.95,9.4,9.8,9.8,0.086,0.2,Q4,2025
Orchard - Core CBD,Central,212.0,2,1,22125592.0,104366.0,Condo,12.3,7.8,9.8,9.8,0.388,0.2,Q3,2024
Orchard - Core CBD,Central,183.0,1,1,19921014.0,108858.0,Condo,12.01,8.4,9.8,9.8,0.382,0.2,Q1,2024
Orchard - Core CBD,Central,89.0,2,1,9804329.0,110161.0,Lot,12.97,8.9,9.8,9.8,0.273,0.2,Q4,2024
Orchard - Core CBD,Central,62.0,3,3,7212336.0,116328.0,Townhouse,11.95,9.0,9.8,9.8,0.022,0.2,Q4,2024
Orchard - Core CBD,Central,177.0,1,1,20576427.0,116251.0,Condo,11.73,9.0,9.8,9.8,0.285,0.2,Q4,2025
Orchard - Core CBD,Central,144.0,5,4,15357600.0,106650.0,Condo,11.87,8.6,9.8,9.8,0.334,0.2,Q4,2024
Orchard - Core CBD,Central,63.0,4,4,7278264.0,115528.0,Condo,11.61,8.8,9.8,9.8,0.199,0.2,Q3,2025
Orchard - Core CBD,Central,119.0,4,4,13958581.0,117299.0,Condo,11.99,8.8,9.8,9.8,0.215,0.2,Q2,2024
Orchard - Core CBD,Central,53.0,1,1,6095901.0,115017.0,Condo,12.4,8.3,9.8,9.8,0.032,0.2,Q3,2025
Orchard - Core CBD,Central,81.0,2,1,8068329.0,99609.0,Lot,11.88,8.1,9.8,9.8,0.377,0.2,Q1,2025
Orchard - Core CBD,Central,254.0,2,2,30034738.0,118247.0,House,11.87,8.6,9.8,9.8,0.21,0.2,Q1,2024
Orchard - Core CBD,Central,175.0,3,3,19101425.0,109151.0,House,11.91,8.3,9.8,9.8,0.38,0.2,Q2,2025
Orchard - Core CBD,Central,42.0,4,3,4868934.0,115927.0,Condo,12.68,7.7,9.8,9.8,0.113,0.2,Q2,2024
Orchard - Core CBD,Central,89.0,1,1,9357994.0,105146.0,House,12.09,9.2,9.8,9.8,0.381,0.2,Q3,2024
Orchard - Core CBD,Central,127.0,2,1,14635734.0,115242.0,Condo,11.47,8.1,9.8,9.8,0.177,0.2,Q1,2024
Orchard - Core CBD,Central,44.0,4,4,4537500.0,103125.0,House,11.98,8.2,9.8,9.8,0.27,0.2,Q1,2025
Orchard - Core CBD,Central,27.0,2,1,2809863.0,104069.0,Condo,12.04,9.1,9.8,9.8,0.275,0.2,Q4,2025
Orchard - Core CBD,Central,227.0,1,1,27701264.0,122032.0,Condo,11.78,9.3,9.8,9.8,0.09,0.2,Q2,2025
Orchard - Core CBD,Central,267.0,2,1,33014817.0,123651.0,House,11.23,8.6,9.8,9.8,0.123,0.2,Q2,2024
Orchard - Core CBD,Central,194.0,1,1,24989140.0,128810.0,Condo,11.76,9.5,9.8,9.8,0.047,0.2,Q2,2024
Orchard - Core CBD,Central,238.0,4,4,27208398.0,114321.0,Condo,11.99,8.6,9.8,9.8,0.358,0.2,Q1,2024
Orchard - Core CBD,Central,249.0,2,1,30957174.0,124326.0,Townhouse,12.11,8.5,9.8,9.8,0.108,0.2,Q3,2024
Orchard - Core CBD,Central,82.0,3,3,8338498.0,101689.0,Condo,12.47,9.2,9.8,9.8,0.336,0.2,Q1,2025
Orchard - Core CBD,Central,183.0,2,2,20429754.0,111638.0,Condo,11.97,8.2,9.8,9.8,0.281,0.2,Q1,2024
Orchard - Core CBD,Central,58.0,3,3,5788110.0,99795.0,Condo,11.77,8.3,9.8,9.8,0.414,0.2,Q1,2024
Orchard - Core CBD,Central,72.0,1,1,8082288.0,112254.0,Lot,11.61,7.3,9.8,9.8,0.253,0.2,Q1,2025
Orchard - Core CBD,Central,93.0,2,2,9420249.0,101293.0,House,12.59,8.3,9.8,9.8,0.401,0.2,Q1,2025
Orchard - Core CBD,Central,63.0,3,3,6477345.0,102815.0,Condo,11.34,8.1,9.8,9.8,0.249,0.2,Q3,2025
Orchard - Core CBD,Central,54.0,1,1,5683500.0,105250.0,Lot,12.08,8.5,9.8,9.8,0.315,0.2,Q1,2024
Orchard - Core CBD,Central,230.0,3,3,26197690.0,113903.0,House,11.62,7.3,9.8,9.8,0.327,0.2,Q2,2024
Orchard - Core CBD,Central,169.0,3,2,18108857.0,107153.0,Townhouse,11.59,8.3,9.8,9.8,0.334,0.2,Q3,2024
Orchard - Core CBD,Central,203.0,2,2,22750210.0,112070.0,Condo,12.25,9.5,9.8,9.8,0.301,0.2,Q2,2025
Orchard - Core CBD,Central,76.0,2,2,8121360.0,106860.0,Lot,12.47,8.9,9.8,9.8,0.254,0.2,Q1,2025
Orchard - Core CBD,Central,109.0,3,2,12422839.0,113971.0,House,11.51,9.0,9.8,9.8,0.254,0.2,Q2,2025
Orchard - Core CBD,Central,198.0,3,2,21841974.0,110313.0,Condo,11.96,8.4,9.8,9.8,0.322,0.2,Q1,2024
Orchard - Core CBD,Central,82.0,2,1,8271668.0,100874.0,Condo,11.51,8.1,9.8,9.8,0.424,0.2,Q1,2024
Orchard - Core CBD,Central,260.0,2,1,29705260.0,114251.0,Condo,11.79,7.6,9.8,9.8,0.394,0.2,Q2,2024
Orchard - Core CBD,Central,39.0,3,3,4378530.0,112270.0,Townhouse,11.76,8.9,9.8,9.8,0.128,0.2,Q2,2025
Orchard - Core CBD,Central,201.0,3,2,25266102.0,125702.0,Condo,12.59,8.0,9.8,9.8,0.025,0.2,Q4,2024
Orchard - Core CBD,Central,142.0,2,1,16063182.0,113121.0,House,11.71,8.3,9.8,9.8,0.233,0.2,Q2,2025
Orchard - Core CBD,Central,202.0,1,1,25940840.0,128420.0,House,12.05,8.9,9.8,9.8,0.075,0.2,Q1,2024
Orchard - Core CBD,Central,223.0,4,4,25528817.0,114479.0,Condo,12.41,8.5,9.8,9.8,0.305,0.2,Q4,2024
Orchard - Core CBD,Central,186.0,2,2,23530302.0,126507.0,House,12.23,8.1,9.8,9.8,0.032,0.2,Q4,2024
Orchard - Core CBD,Central,75.0,2,2,7549875.0,100665.0,House,12.22,8.3,9.8,9.8,0.423,0.2,Q4,2024
Orchard - Core CBD,Central,86.0,2,2,8414756.0,97846.0,Condo,12.21,9.1,9.8,9.8,0.379,0.2,Q1,2025
Orchard - Core CBD,Central,172.0,1,1,22078264.0,128362.0,Lot,12.75,9.0,9.8,9.8,0.095,0.2,Q3,2024
Orchard - Core CBD,Central,125.0,2,2,15252125.0,122017.0,Condo,12.32,7.8,9.8,9.8,0.047,0.2,Q2,2025
Orchard - Core CBD,Central,279.0,1,1,31400613.0,112547.0,Lot,12.09,6.8,9.8,9.8,0.235,0.2,Q1,2025
Orchard - Core CBD,Central,142.0,2,2,14576016.0,102648.0,Condo,11.96,8.6,9.8,9.8,0.395,0.2,Q4,2024
Orchard - Core CBD,Central,188.0,2,2,23798920.0,126590.0,House,12.24,8.9,9.8,9.8,0.041,0.2,Q2,2024
Orchard - Core CBD,Central,31.0,3,3,3392113.0,109423.0,House,12.04,8.3,9.8,9.8,0.173,0.2,Q2,2024
Orchard - Core CBD,Central,120.0,1,1,13229400.0,110245.0,House,12.07,8.3,9.8,9.8,0.167,0.2,Q2,2024
Orchard - Core CBD,Central,81.0,3,3,8253981.0,101901.0,House,12.19,8.3,9.8,9.8,0.351,0.2,Q4,2025
Orchard - Core CBD,Central,90.0,2,2,9436320.0,104848.0,House,12.33,8.2,9.8,9.8,0.37,0.2,Q2,2025
Orchard - Core CBD,Central,268.0,1,1,33896640.0,126480.0,Condo,12.36,8.4,9.8,9.8,0.179,0.2,Q4,2025
Orchard - Core CBD,Central,30.0,2,2,2931870.0,97729.0,Condo,12.15,8.3,9.8,9.8,0.367,0.2,Q2,2024
Orchard - Core CBD,Central,145.0,2,1,16791580.0,115804.0,Lot,11.61,9.1,9.8,9.8,0.209,0.2,Q2,2024
Orchard - Core CBD,Central,250.0,3,2,28172250.0,112689.0,House,12.67,8.7,9.8,9.8,0.31,0.2,Q2,2024
Orchard - Core CBD,Central,75.0,5,4,8958000.0,119440.0,Condo,12.16,8.1,9.8,9.8,0.089,0.2,Q2,2024
Marina Bay - Financial,Central,47.0,4,4,5332573.0,113459.0,Townhouse,2.3,9.2,9.9,9.9,0.438,0.2,Q2,2025
Marina Bay - Financial,Central,213.0,4,4,27690000.0,130000.0,Condo,1.97,9.1,9.9,9.9,0.084,0.2,Q4,2025
Marina Bay - Financial,Central,83.0,3,3,10649398.0,128306.0,House,1.74,9.5,9.9,9.9,0.214,0.2,Q3,2025
Marina Bay - Financial,Central,181.0,2,1,22759664.0,125744.0,Condo,2.51,8.9,9.9,9.9,0.289,0.2,Q1,2025
Marina Bay - Financial,Central,126.0,1,1,15174936.0,120436.0,Condo,1.95,8.9,9.9,9.9,0.329,0.2,Q1,2025
Marina Bay - Financial,Central,184.0,3,3,23920000.0,130000.0,Condo,1.79,8.7,9.9,9.9,0.352,0.2,Q3,2024
Marina Bay - Financial,Central,110.0,5,5,13942280.0,126748.0,House,1.44,9.9,9.9,9.9,0.266,0.2,Q2,2025
Marina Bay - Financial,Central,214.0,3,3,24715716.0,115494.0,Condo,2.48,9.3,9.9,9.9,0.427,0.2,Q1,2025
Marina Bay - Financial,Central,259.0,1,1,33670000.0,130000.0,House,1.99,10.0,9.9,9.9,0.176,0.2,Q2,2024
Marina Bay - Financial,Central,274.0,4,4,35620000.0,130000.0,Townhouse,1.84,9.6,9.9,9.9,0.346,0.2,Q3,2024
Marina Bay - Financial,Central,261.0,2,2,33624108.0,128828.0,House,1.64,9.8,9.9,9.9,0.307,0.2,Q2,2025
Marina Bay - Financial,Central,73.0,3,3,7953934.0,108958.0,Condo,1.88,9.6,9.9,9.9,0.443,0.2,Q4,2025
Marina Bay - Financial,Central,169.0,3,2,20272733.0,119957.0,House,2.02,8.9,9.9,9.9,0.44,0.2,Q4,2024
Marina Bay - Financial,Central,54.0,2,2,6193044.0,114686.0,Townhouse,1.67,9.0,9.9,9.9,0.437,0.2,Q2,2025
Marina Bay - Financial,Central,75.0,3,3,8685375.0,115805.0,Condo,1.69,9.1,9.9,9.9,0.392,0.2,Q1,2024
Marina Bay - Financial,Central,158.0,3,2,20540000.0,130000.0,House,2.03,9.3,9.9,9.9,0.246,0.2,Q1,2024
Marina Bay - Financial,Central,204.0,3,3,26520000.0,130000.0,House,2.24,9.1,9.9,9.9,0.128,0.2,Q2,2024
Marina Bay - Financial,Central,263.0,2,1,34190000.0,130000.0,House,1.76,9.6,9.9,9.9,0.434,0.2,Q3,2024
Marina Bay - Financial,Central,144.0,2,2,18720000.0,130000.0,Lot,2.05,9.4,9.9,9.9,0.078,0.2,Q4,2024
Marina Bay - Financial,Central,30.0,1,1,3576030.0,119201.0,Condo,2.26,10.0,9.9,9.9,0.28,0.2,Q4,2024
Marina Bay - Financial,Central,99.0,3,2,12233331.0,123569.0,House,2.62,9.3,9.9,9.9,0.325,0.2,Q1,2024
Marina Bay - Financial,Central,159.0,2,2,20670000.0,130000.0,Condo,1.89,10.0,9.9,9.9,0.258,0.2,Q2,2024
Marina Bay - Financial,Central,277.0,2,2,35880918.0,129534.0,House,1.88,9.1,9.9,9.9,0.271,0.2,Q1,2024
Marina Bay - Financial,Central,109.0,2,1,14170000.0,130000.0,Townhouse,2.29,8.5,9.9,9.9,0.031,0.2,Q4,2024
Marina Bay - Financial,Central,141.0,2,1,18330000.0,130000.0,Condo,2.3,8.3,9.9,9.9,0.059,0.2,Q2,2024
Marina Bay - Financial,Central,230.0,3,2,29324770.0,127499.0,Townhouse,2.22,9.4,9.9,9.9,0.327,0.2,Q3,2024
Marina Bay - Financial,Central,83.0,1,1,10790000.0,130000.0,Condo,2.42,9.9,9.9,9.9,0.059,0.2,Q3,2024
Marina Bay - Financial,Central,199.0,2,2,25870000.0,130000.0,Condo,1.8,8.9,9.9,9.9,0.21,0.2,Q3,2025
Marina Bay - Financial,Central,165.0,4,4,21450000.0,130000.0,House,1.21,9.6,9.9,9.9,0.037,0.2,Q4,2024
Marina Bay - Financial,Central,139.0,2,2,18070000.0,130000.0,Townhouse,2.21,9.6,9.9,9.9,0.107,0.2,Q4,2024
Marina Bay - Financial,Central,224.0,2,2,28645120.0,127880.0,House,1.65,8.4,9.9,9.9,0.274,0.2,Q4,2024
Marina Bay - Financial,Central,71.0,5,5,8916748.0,125588.0,Condo,1.72,8.8,9.9,9.9,0.164,0.2,Q3,2024
Marina Bay - Financial,Central,88.0,2,2,10964272.0,124594.0,Condo,1.62,9.8,9.9,9.9,0.336,0.2,Q2,2024
Marina Bay - Financial,Central,87.0,3,3,10578939.0,121597.0,House,2.74,8.3,9.9,9.9,0.264,0.2,Q3,2025
Marina Bay - Financial,Central,241.0,3,3,30268636.0,125596.0,Condo,1.14,9.9,9.9,9.9,0.411,0.2,Q2,2024
Marina Bay - Financial,Central,111.0,1,1,13982559.0,125969.0,Condo,2.6,8.7,9.9,9.9,0.212,0.2,Q2,2025
Marina Bay - Financial,Central,182.0,2,2,23608676.0,129718.0,House,2.26,10.0,9.9,9.9,0.268,0.2,Q3,2024
Marina Bay - Financial,Central,36.0,2,2,4498200.0,124950.0,Townhouse,2.29,9.4,9.9,9.9,0.272,0.2,Q1,2024
Marina Bay - Financial,Central,132.0,3,2,17054532.0,129201.0,Condo,1.26,8.6,9.9,9.9,0.1,0.2,Q2,2024
Marina Bay - Financial,Central,193.0,2,1,24088716.0,124812.0,Lot,2.27,9.5,9.9,9.9,0.329,0.2,Q1,2025
Marina Bay - Financial,Central,139.0,3,2,16447175.0,118325.0,Condo,1.94,9.2,9.9,9.9,0.423,0.2,Q1,2024
Marina Bay - Financial,Central,85.0,2,1,10129025.0,119165.0,Condo,2.15,9.6,9.9,9.9,0.343,0.2,Q2,2024
Marina Bay - Financial,Central,255.0,5,5,33150000.0,130000.0,House,1.76,8.6,9.9,9.9,0.179,0.2,Q1,2024
Marina Bay - Financial,Central,50.0,4,3,5658700.0,113174.0,Townhouse,1.61,9.3,9.9,9.9,0.272,0.2,Q1,2024
Marina Bay - Financial,Central,92.0,4,3,11960000.0,130000.0,Condo,2.13,10.0,9.9,9.9,0.113,0.2,Q2,2025
Marina Bay - Financial,Central,241.0,3,3,31330000.0,130000.0,House,2.23,9.0,9.9,9.9,0.29,0.2,Q1,2025
Marina Bay - Financial,Central,229.0,4,4,29770000.0,130000.0,Townhouse,2.15,10.0,9.9,9.9,0.177,0.2,Q3,2024
Marina Bay - Financial,Central,196.0,3,2,25228336.0,128716.0,Condo,2.06,9.0,9.9,9.9,0.235,0.2,Q4,2024
Marina Bay - Financial,Central,258.0,4,3,33540000.0,130000.0,Condo,2.25,9.1,9.9,9.9,0.271,0.2,Q3,2025
Marina Bay - Financial,Central,271.0,2,2,35230000.0,130000.0,House,1.97,8.9,9.9,9.9,0.277,0.2,Q3,2025
Marina Bay - Financial,Central,247.0,2,1,32110000.0,130000.0,House,1.42,9.4,9.9,9.9,0.12,0.2,Q3,2024
Marina Bay - Financial,Central,256.0,3,2,32449280.0,126755.0,Lot,2.03,9.1,9.9,9.9,0.366,0.2,Q4,2024
Marina Bay - Financial,Central,244.0,4,3,31720000.0,130000.0,House,2.18,8.3,9.9,9.9,0.16,0.2,Q3,2025
Marina Bay - Financial,Central,244.0,1,1,29623308.0,121407.0,Townhouse,1.68,10.0,9.9,9.9,0.425,0.2,Q4,2024
Marina Bay - Financial,Central,127.0,2,1,16510000.0,130000.0,Condo,1.48,9.2,9.9,9.9,0.045,0.2,Q2,2024
Marina Bay - Financial,Central,75.0,3,2,9750000.0,130000.0,Townhouse,2.34,9.1,9.9,9.9,0.177,0.2,Q4,2025
Marina Bay - Financial,Central,256.0,3,2,30388736.0,118706.0,Condo,1.87,9.2,9.9,9.9,0.437,0.2,Q3,2024
Marina Bay - Financial,Central,28.0,2,1,3177916.0,113497.0,Condo,2.09,9.2,9.9,9.9,0.438,0.2,Q4,2025
Marina Bay - Financial,Central,159.0,2,1,19104009.0,120151.0,House,1.47,8.6,9.9,9.9,0.416,0.2,Q3,2025
Marina Bay - Financial,Central,40.0,2,2,4755280.0,118882.0,House,1.91,9.0,9.9,9.9,0.318,0.2,Q3,2024
Marina Bay - Financial,Central,155.0,4,3,17734635.0,114417.0,House,2.23,9.8,9.9,9.9,0.436,0.2,Q2,2025
Marina Bay - Financial,Central,114.0,3,2,12596772.0,110498.0,Condo,1.91,8.4,9.9,9.9,0.446,0.2,Q4,2024
Marina Bay - Financial,Central,61.0,1,1,7537526.0,123566.0,Townhouse,1.45,8.8,9.9,9.9,0.229,0.2,Q1,2024
Marina Bay - Financial,Central,80.0,3,3,10043520.0,125544.0,Condo,2.35,8.7,9.9,9.9,0.293,0.2,Q1,2025
Marina Bay - Financial,Central,25.0,3,2,3228250.0,129130.0,House,1.89,9.1,9.9,9.9,0.205,0.2,Q2,2025
Marina Bay - Financial,Central,28.0,3,3,3640000.0,130000.0,Lot,1.73,9.5,9.9,9.9,0.041,0.2,Q3,2024
Marina Bay - Financial,Central,163.0,2,1,19740930.0,121110.0,Condo,2.29,8.8,9.9,9.9,0.37,0.2,Q4,2025
Marina Bay - Financial,Central,226.0,3,3,29380000.0,130000.0,House,2.11,8.8,9.9,9.9,0.175,0.2,Q2,2025
Marina Bay - Financial,Central,261.0,3,3,33930000.0,130000.0,Condo,2.06,9.7,9.9,9.9,0.227,0.2,Q3,2024
Marina Bay - Financial,Central,244.0,2,2,29770928.0,122012.0,House,1.74,8.6,9.9,9.9,0.422,0.2,Q3,2025
Marina Bay - Financial,Central,58.0,2,2,7540000.0,130000.0,Condo,2.16,10.0,9.9,9.9,0.157,0.2,Q3,2025
Marina Bay - Financial,Central,27.0,2,2,3109860.0,115180.0,Condo,2.49,9.4,9.9,9.9,0.294,0.2,Q2,2024
Marina Bay - Financial,Central,92.0,1,1,11960000.0,130000.0,House,1.41,10.0,9.9,9.9,0.029,0.2,Q4,2025
Marina Bay - Financial,Central,172.0,1,1,22360000.0,130000.0,House,2.91,8.5,9.9,9.9,0.16,0.2,Q1,2025
Marina Bay - Financial,Central,269.0,3,3,34970000.0,130000.0,House,1.87,8.5,9.9,9.9,0.197,0.2,Q1,2025
Marina Bay - Financial,Central,147.0,4,4,17802876.0,121108.0,Condo,2.26,8.3,9.9,9.9,0.321,0.2,Q1,2024
Marina Bay - Financial,Central,166.0,2,1,21580000.0,130000.0,Lot,1.39,8.7,9.9,9.9,0.167,0.2,Q1,2025
Marina Bay - Financial,Central,255.0,1,1,30859080.0,121016.0,Condo,2.1,9.1,9.9,9.9,0.42,0.2,Q2,2025
Marina Bay - Financial,Central,132.0,4,4,17160000.0,130000.0,Condo,2.3,8.9,9.9,9.9,0.037,0.2,Q1,2024
Marina Bay - Financial,Central,158.0,2,1,20461474.0,129503.0,House,1.64,9.6,9.9,9.9,0.314,0.2,Q4,2024
Marina Bay - Financial,Central,213.0,3,3,26664192.0,125184.0,House,2.23,8.7,9.9,9.9,0.262,0.2,Q1,2025
Marina Bay - Financial,Central,83.0,3,3,10437499.0,125753.0,Townhouse,1.27,7.5,9.9,9.9,0.218,0.2,Q2,2025
Marina Bay - Financial,Central,171.0,1,1,20772225.0,121475.0,Townhouse,2.43,9.4,9.9,9.9,0.424,0.2,Q1,2024
Marina Bay - Financial,Central,138.0,2,1,17244204.0,124958.0,Townhouse,2.03,8.9,9.9,9.9,0.38,0.2,Q4,2024
Marina Bay - Financial,Central,176.0,2,2,22358688.0,127038.0,Townhouse,2.57,9.3,9.9,9.9,0.264,0.2,Q2,2024
Marina Bay - Financial,Central,48.0,2,2,6240000.0,130000.0,House,2.19,9.8,9.9,9.9,0.103,0.2,Q3,2024
Marina Bay - Financial,Central,112.0,2,2,14560000.0,130000.0,House,2.46,8.7,9.9,9.9,0.173,0.2,Q3,2025
Marina Bay - Financial,Central,247.0,2,1,31364060.0,126980.0,Condo,1.5,10.0,9.9,9.9,0.446,0.2,Q4,2025
Marina Bay - Financial,Central,31.0,4,4,3627651.0,117021.0,Condo,0.84,8.6,9.9,9.9,0.446,0.2,Q4,2024
Marina Bay - Financial,Central,205.0,2,2,26296990.0,128278.0,Condo,2.4,8.7,9.9,9.9,0.285,0.2,Q1,2024
Marina Bay - Financial,Central,224.0,2,2,29120000.0,130000.0,House,2.36,8.2,9.9,9.9,0.031,0.2,Q1,2025
Marina Bay - Financial,Central,264.0,2,2,33166584.0,125631.0,Condo,1.87,8.7,9.9,9.9,0.424,0.2,Q3,2025
Marina Bay - Financial,Central,72.0,3,3,8642304.0,120032.0,House,2.28,9.1,9.9,9.9,0.336,0.2,Q1,2024
Marina Bay - Financial,Central,66.0,1,1,8580000.0,130000.0,Condo,2.02,8.9,9.9,9.9,0.132,0.2,Q2,2024
Marina Bay - Financial,Central,227.0,3,2,28781784.0,126792.0,House,2.79,8.8,9.9,9.9,0.221,0.2,Q4,2025
Marina Bay - Financial,Central,44.0,3,3,5302660.0,120515.0,Condo,1.77,9.3,9.9,9.9,0.235,0.2,Q1,2025
Marina Bay - Financial,Central,100.0,3,3,12195400.0,121954.0,House,2.04,9.0,9.9,9.9,0.361,0.2,Q2,2025
Marina Bay - Financial,Central,235.0,1,1,28682925.0,122055.0,Townhouse,2.24,8.1,9.9,9.9,0.412,0.2,Q4,2024
Marina Bay - Financial,Central,235.0,3,3,30163190.0,128354.0,House,1.02,9.3,9.9,9.9,0.302,0.2,Q2,2024
Marina Bay - Financial,Central,215.0,3,3,26089820.0,121348.0,Condo,2.54,9.3,9.9,9.9,0.375,0.2,Q1,2024
Marina Bay - Financial,Central,54.0,2,1,6339168.0,117392.0,House,2.33,9.9,9.9,9.9,0.416,0.2,Q1,2025
Marina Bay - Financial,Central,25.0,2,2,3091500.0,123660.0,House,2.12,8.3,9.9,9.9,0.19,0.2,Q3,2025
Marina Bay - Financial,Central,54.0,3,2,6735042.0,124723.0,Condo,2.26,9.9,9.9,9.9,0.166,0.2,Q4,2025
Marina Bay - Financial,Central,166.0,2,2,21580000.0,130000.0,Condo,2.5,9.4,9.9,9.9,0.074,0.2,Q3,2025
Marina Bay - Financial,Central,185.0,2,2,24050000.0,130000.0,House,0.66,8.2,9.9,9.9,0.172,0.2,Q3,2025
Marina Bay - Financial,Central,245.0,2,2,31850000.0,130000.0,Condo,2.15,9.4,9.9,9.9,0.162,0.2,Q3,2024
Marina Bay - Financial,Central,220.0,2,2,28600000.0,130000.0,Condo,1.54,8.9,9.9,9.9,0.286,0.2,Q1,2024
Marina Bay - Financial,Central,164.0,4,4,20675972.0,126073.0,Lot,2.25,9.9,9.9,9.9,0.378,0.2,Q1,2024
Marina Bay - Financial,Central,176.0,2,2,22880000.0,130000.0,Lot,2.53,8.7,9.9,9.9,0.042,0.2,Q3,2024
Marina Bay - Financial,Central,81.0,5,4,10530000.0,130000.0,House,1.64,9.7,9.9,9.9,0.082,0.2,Q1,2024
Marina Bay - Financial,Central,180.0,3,2,23400000.0,130000.0,Townhouse,1.84,8.7,9.9,9.9,0.065,0.2,Q1,2024
Marina Bay - Financial,Central,271.0,2,2,33108883.0,122173.0,House,2.27,9.1,9.9,9.9,0.42,0.2,Q1,2024
Marina Bay - Financial,Central,197.0,3,2,25610000.0,130000.0,House,2.8,8.9,9.9,9.9,0.13,0.2,Q2,2024
Marina Bay - Financial,Central,169.0,1,1,21970000.0,130000.0,Townhouse,3.09,9.1,9.9,9.9,0.149,0.2,Q1,2024
Marina Bay - Financial,Central,266.0,2,1,34580000.0,130000.0,House,2.52,8.9,9.9,9.9,0.147,0.2,Q2,2024
Marina Bay - Financial,Central,83.0,1,1,9514539.0,114633.0,Condo,2.15,9.5,9.9,9.9,0.374,0.2,Q1,2025
Marina Bay - Financial,Central,206.0,4,3,25650090.0,124515.0,Condo,1.08,8.7,9.9,9.9,0.348,0.2,Q3,2025
Marina Bay - Financial,Central,216.0,3,2,28080000.0,130000.0,House,1.53,9.4,9.9,9.9,0.053,0.2,Q4,2025
Marina Bay - Financial,Central,202.0,3,3,25159302.0,124551.0,Condo,2.62,8.5,9.9,9.9,0.416,0.2,Q1,2024
Marina Bay - Financial,Central,54.0,2,1,7020000.0,130000.0,House,1.99,9.9,9.9,9.9,0.045,0.2,Q1,2024
Marina Bay - Financial,Central,145.0,4,3,18850000.0,130000.0,Condo,1.78,9.3,9.9,9.9,0.109,0.2,Q3,2024
Marina Bay - Financial,Central,269.0,2,1,34970000.0,130000.0,House,2.5,10.0,9.9,9.9,0.034,0.2,Q1,2024
Marina Bay - Financial,Central,125.0,4,3,16250000.0,130000.0,Townhouse,2.68,9.4,9.9,9.9,0.203,0.2,Q1,2025
Marina Bay - Financial,Central,206.0,3,3,25475608.0,123668.0,Condo,1.83,10.0,9.9,9.9,0.349,0.2,Q3,2024
Marina Bay - Financial,Central,137.0,3,2,16607825.0,121225.0,House,1.99,9.8,9.9,9.9,0.257,0.2,Q2,2025
Marina Bay - Financial,Central,69.0,3,2,8864085.0,128465.0,Townhouse,1.39,9.1,9.9,9.9,0.23,0.2,Q3,2024
Marina Bay - Financial,Central,142.0,1,1,17492270.0,123185.0,Condo,1.69,9.3,9.9,9.9,0.354,0.2,Q2,2024
Marina Bay - Financial,Central,68.0,2,1,8840000.0,130000.0,Townhouse,1.53,10.0,9.9,9.9,0.109,0.2,Q3,2024
Marina Bay - Financial,Central,226.0,3,3,29380000.0,130000.0,Condo,2.18,8.3,9.9,9.9,0.11,0.2,Q2,2024
Marina Bay - Financial,Central,154.0,1,1,20020000.0,130000.0,House,1.09,9.3,9.9,9.9,0.134,0.2,Q1,2024
Marina Bay - Financial,Central,253.0,4,4,32683552.0,129184.0,Condo,1.95,8.8,9.9,9.9,0.303,0.2,Q1,2024
Marina Bay - Financial,Central,178.0,3,2,23140000.0,130000.0,Condo,2.11,9.6,9.9,9.9,0.083,0.2,Q1,2025
Marina Bay - Financial,Central,265.0,4,4,34450000.0,130000.0,House,1.55,8.7,9.9,9.9,0.116,0.2,Q1,2025
Marina Bay - Financial,Central,162.0,3,3,21060000.0,130000.0,House,1.55,9.5,9.9,9.9,0.171,0.2,Q3,2025
Marina Bay - Financial,Central,75.0,2,2,9193050.0,122574.0,Condo,1.98,8.6,9.9,9.9,0.307,0.2,Q3,2024
Marina Bay - Financial,Central,59.0,5,5,6782994.0,114966.0,Condo,2.71,9.0,9.9,9.9,0.386,0.2,Q4,2024
Marina Bay - Financial,Central,90.0,3,3,9937800.0,110420.0,House,1.88,8.2,9.9,9.9,0.447,0.2,Q4,2024
Marina Bay - Financial,Central,195.0,3,2,25350000.0,130000.0,Condo,2.31,8.5,9.9,9.9,0.085,0.2,Q4,2025
Marina Bay - Financial,Central,163.0,3,2,21190000.0,130000.0,Condo,1.68,9.5,9.9,9.9,0.052,0.2,Q1,2025
Marina Bay - Financial,Central,42.0,2,2,5104134.0,121527.0,House,1.95,7.9,9.9,9.9,0.242,0.2,Q4,2024
Marina Bay - Financial,Central,173.0,3,2,20225084.0,116908.0,Condo,2.09,9.5,9.9,9.9,0.45,0.2,Q1,2024
Marina Bay - Financial,Central,27.0,5,5,3276639.0,121357.0,Lot,1.67,9.4,9.9,9.9,0.329,0.2,Q2,2024
Marina Bay - Financial,Central,207.0,3,2,26910000.0,130000.0,Condo,1.82,9.4,9.9,9.9,0.073,0.2,Q4,2024
Marina Bay - Financial,Central,275.0,5,4,34579600.0,125744.0,Lot,2.51,8.8,9.9,9.9,0.372,0.2,Q3,2025
Marina Bay - Financial,Central,210.0,5,4,26797260.0,127606.0,House,1.83,8.3,9.9,9.9,0.246,0.2,Q3,2024
Marina Bay - Financial,Central,208.0,4,3,27040000.0,130000.0,House,2.24,8.5,9.9,9.9,0.153,0.2,Q1,2025
Marina Bay - Financial,Central,60.0,4,4,7800000.0,130000.0,Lot,1.63,8.8,9.9,9.9,0.085,0.2,Q1,2024
Marina Bay - Financial,Central,264.0,3,3,34320000.0,130000.0,House,1.38,8.8,9.9,9.9,0.052,0.2,Q2,2024
Marina Bay - Financial,Central,50.0,3,3,6010950.0,120219.0,House,1.95,9.4,9.9,9.9,0.377,0.2,Q1,2025
Marina Bay - Financial,Central,131.0,3,3,16978386.0,129606.0,Condo,2.18,9.6,9.9,9.9,0.155,0.2,Q1,2025
Marina Bay - Financial,Central,70.0,3,2,8861720.0,126596.0,Townhouse,2.11,8.2,9.9,9.9,0.1,0.2,Q4,2025
Marina Bay - Financial,Central,273.0,2,2,35490000.0,130000.0,House,1.37,9.3,9.9,9.9,0.113,0.2,Q3,2025
Marina Bay - Financial,Central,95.0,2,1,12349335.0,129993.0,House,1.51,9.4,9.9,9.9,0.258,0.2,Q1,2025
Marina Bay - Financial,Central,210.0,2,2,27300000.0,130000.0,Lot,1.94,8.4,9.9,9.9,0.202,0.2,Q1,2024
Marina Bay - Financial,Central,85.0,2,1,11050000.0,130000.0,Condo,1.87,8.7,9.9,9.9,0.062,0.2,Q2,2024
Marina Bay - Financial,Central,214.0,3,2,27820000.0,130000.0,Condo,1.46,7.8,9.9,9.9,0.213,0.2,Q2,2025
Marina Bay - Financial,Central,52.0,3,3,6123936.0,117768.0,House,2.81,8.0,9.9,9.9,0.377,0.2,Q4,2025
Marina Bay - Financial,Central,77.0,1,1,8864933.0,115129.0,Condo,2.12,8.8,9.9,9.9,0.421,0.2,Q4,2025
Marina Bay - Financial,Central,123.0,4,4,15079677.0,122599.0,Condo,1.93,9.2,9.9,9.9,0.427,0.2,Q2,2024
Marina Bay - Financial,Central,217.0,1,1,28210000.0,130000.0,Townhouse,1.73,8.7,9.9,9.9,0.089,0.2,Q3,2025
Marina Bay - Financial,Central,205.0,2,1,24972075.0,121815.0,Condo,1.72,7.4,9.9,9.9,0.432,0.2,Q3,2025
Marina Bay - Financial,Central,244.0,4,3,31720000.0,130000.0,Condo,2.4,9.5,9.9,9.9,0.234,0.2,Q3,2025
Marina Bay - Financial,Central,271.0,2,2,35230000.0,130000.0,Townhouse,1.85,9.2,9.9,9.9,0.099,0.2,Q4,2025
Marina Bay - Financial,Central,217.0,1,1,27415780.0,126340.0,Condo,1.83,8.4,9.9,9.9,0.292,0.2,Q2,2024
Marina Bay - Financial,Central,77.0,2,1,10010000.0,130000.0,Townhouse,2.11,9.9,9.9,9.9,0.061,0.2,Q2,2025
Marina Bay - Financial,Central,259.0,3,3,33670000.0,130000.0,Condo,2.15,8.8,9.9,9.9,0.229,0.2,Q3,2024
Marina Bay - Financial,Central,75.0,3,3,8870325.0,118271.0,House,2.37,8.7,9.9,9.9,0.359,0.2,Q1,2025
Marina Bay - Financial,Central,188.0,3,2,22771500.0,121125.0,Lot,1.6,9.3,9.9,9.9,0.392,0.2,Q1,2024
Marina Bay - Financial,Central,133.0,4,3,17290000.0,130000.0,Condo,2.34,9.9,9.9,9.9,0.035,0.2,Q3,2024
Marina Bay - Financial,Central,125.0,2,1,15379750.0,123038.0,Lot,2.38,9.9,9.9,9.9,0.229,0.2,Q4,2024
Marina Bay - Financial,Central,62.0,3,3,8060000.0,130000.0,Condo,2.12,8.7,9.9,9.9,0.128,0.2,Q1,2025
Marina Bay - Financial,Central,259.0,3,3,33670000.0,130000.0,Lot,1.67,9.5,9.9,9.9,0.219,0.2,Q4,2024
Marina Bay - Financial,Central,59.0,1,1,7110267.0,120513.0,Condo,1.78,9.4,9.9,9.9,0.251,0.2,Q2,2025
Marina Bay - Financial,Central,182.0,3,3,23660000.0,130000.0,House,2.14,10.0,9.9,9.9,0.165,0.2,Q4,2025
Marina Bay - Financial,Central,195.0,3,3,24263070.0,124426.0,Lot,2.13,9.7,9.9,9.9,0.327,0.2,Q2,2024
Marina Bay - Financial,Central,77.0,2,2,10010000.0,130000.0,Condo,1.72,9.9,9.9,9.9,0.089,0.2,Q3,2025
Marina Bay - Financial,Central,145.0,3,3,18850000.0,130000.0,House,1.14,8.8,9.9,9.9,0.178,0.2,Q3,2025
Marina Bay - Financial,Central,90.0,3,3,11670030.0,129667.0,Townhouse,1.7,8.8,9.9,9.9,0.143,0.2,Q1,2025
Marina Bay - Financial,Central,213.0,1,1,27690000.0,130000.0,House,1.65,8.9,9.9,9.9,0.03,0.2,Q2,2024
Marina Bay - Financial,Central,123.0,2,1,14992962.0,121894.0,House,1.83,8.7,9.9,9.9,0.265,0.2,Q4,2025
Marina Bay - Financial,Central,132.0,3,3,16595172.0,125721.0,House,1.82,8.6,9.9,9.9,0.241,0.2,Q3,2025
Marina Bay - Financial,Central,126.0,4,4,14222502.0,112877.0,Condo,1.78,8.0,9.9,9.9,0.425,0.2,Q1,2024
Marina Bay - Financial,Central,33.0,2,2,3822720.0,115840.0,House,2.44,8.9,9.9,9.9,0.208,0.2,Q4,2025
Marina Bay - Financial,Central,255.0,1,1,33150000.0,130000.0,Lot,1.76,9.4,9.9,9.9,0.269,0.2,Q4,2024
Marina Bay - Financial,Central,201.0,4,4,26130000.0,130000.0,Condo,1.75,9.9,9.9,9.9,0.048,0.2,Q2,2024
Marina Bay - Financial,Central,115.0,1,1,14594535.0,126909.0,Lot,2.29,8.7,9.9,9.9,0.223,0.2,Q2,2024
Marina Bay - Financial,Central,43.0,2,1,5590000.0,130000.0,Townhouse,1.71,9.3,9.9,9.9,0.103,0.2,Q4,2025
Marina Bay - Financial,Central,147.0,2,2,19110000.0,130000.0,Condo,2.01,8.7,9.9,9.9,0.168,0.2,Q2,2025
Marina Bay - Financial,Central,148.0,1,1,19062992.0,128804.0,Condo,1.65,8.4,9.9,9.9,0.27,0.2,Q3,2025
Marina Bay - Financial,Central,87.0,3,2,10015962.0,115126.0,Condo,2.25,10.0,9.9,9.9,0.423,0.2,Q3,2024
Marina Bay - Financial,Central,267.0,3,2,34710000.0,130000.0,Townhouse,1.83,8.7,9.9,9.9,0.19,0.2,Q3,2025
Marina Bay - Financial,Central,191.0,2,2,24830000.0,130000.0,Condo,2.53,8.9,9.9,9.9,0.027,0.2,Q2,2025
Marina Bay - Financial,Central,235.0,2,1,30550000.0,130000.0,Condo,1.82,9.4,9.9,9.9,0.087,0.2,Q3,2025
Marina Bay - Financial,Central,219.0,2,1,28467810.0,129990.0,Townhouse,1.87,8.6,9.9,9.9,0.267,0.2,Q1,2024
Marina Bay - Financial,Central,82.0,3,2,10119538.0,123409.0,Condo,2.26,8.9,9.9,9.9,0.347,0.2,Q3,2025
Marina Bay - Financial,Central,255.0,1,1,33150000.0,130000.0,Condo,1.89,9.8,9.9,9.9,0.172,0.2,Q1,2024
Marina Bay - Financial,Central,206.0,2,2,26780000.0,130000.0,Condo,1.18,8.8,9.9,9.9,0.062,0.2,Q3,2024
Marina Bay - Financial,Central,220.0,3,2,28600000.0,130000.0,House,2.03,9.5,9.9,9.9,0.255,0.2,Q1,2024
Marina Bay - Financial,Central,192.0,3,2,23371392.0,121726.0,Condo,2.02,10.0,9.9,9.9,0.431,0.2,Q1,2025
Marina Bay - Financial,Central,88.0,4,3,10396584.0,118143.0,Lot,1.78,9.4,9.9,9.9,0.342,0.2,Q4,2025
Marina Bay - Financial,Central,100.0,3,3,13000000.0,130000.0,Condo,1.49,9.3,9.9,9.9,0.238,0.2,Q4,2024
Marina Bay - Financial,Central,275.0,3,2,35750000.0,130000.0,Condo,2.0,8.6,9.9,9.9,0.178,0.2,Q2,2025
Marina Bay - Financial,Central,103.0,3,2,12318079.0,119593.0,Condo,2.03,8.7,9.9,9.9,0.271,0.2,Q1,2025
Marina Bay - Financial,Central,202.0,4,4,26113348.0,129274.0,House,1.81,9.3,9.9,9.9,0.4,0.2,Q3,2024
Marina Bay - Financial,Central,181.0,3,3,23530000.0,130000.0,Condo,1.98,8.7,9.9,9.9,0.054,0.2,Q3,2025
Marina Bay - Financial,Central,52.0,2,2,6760000.0,130000.0,Lot,1.36,9.1,9.9,9.9,0.207,0.2,Q3,2025
Marina Bay - Financial,Central,253.0,2,1,31222477.0,123409.0,Lot,2.77,9.7,9.9,9.9,0.441,0.2,Q3,2025
Marina Bay - Financial,Central,186.0,2,2,24180000.0,130000.0,House,2.11,10.0,9.9,9.9,0.217,0.2,Q3,2024
Marina Bay - Financial,Central,29.0,1,1,3770000.0,130000.0,Condo,2.01,8.5,9.9,9.9,0.115,0.2,Q1,2024
Marina Bay - Financial,Central,160.0,3,3,20800000.0,130000.0,Condo,2.55,8.6,9.9,9.9,0.113,0.2,Q4,2024
Marina Bay - Financial,Central,114.0,3,3,12964080.0,113720.0,Townhouse,1.39,9.0,9.9,9.9,0.429,0.2,Q2,2024
Marina Bay - Financial,Central,176.0,1,1,22880000.0,130000.0,Townhouse,1.51,8.2,9.9,9.9,0.186,0.2,Q2,2024
Marina Bay - Financial,Central,252.0,2,1,32760000.0,130000.0,Condo,1.51,8.7,9.9,9.9,0.064,0.2,Q4,2024
Marina Bay - Financial,Central,63.0,2,1,8190000.0,130000.0,Lot,2.38,9.3,9.9,9.9,0.067,0.2,Q3,2025
Marina Bay - Financial,Central,205.0,1,1,24741040.0,120688.0,House,2.06,9.0,9.9,9.9,0.396,0.2,Q3,2025
Marina Bay - Financial,Central,122.0,3,3,15860000.0,130000.0,Lot,2.28,8.2,9.9,9.9,0.223,0.2,Q2,2024
Marina Bay - Financial,Central,126.0,2,2,16360974.0,129849.0,Condo,2.3,8.6,9.9,9.9,0.18,0.2,Q4,2024
Marina Bay - Financial,Central,269.0,2,1,34970000.0,130000.0,Townhouse,2.71,8.0,9.9,9.9,0.076,0.2,Q2,2024
Marina Bay - Financial,Central,181.0,2,2,20895002.0,115442.0,House,2.21,8.8,9.9,9.9,0.407,0.2,Q3,2024
Marina Bay - Financial,Central,42.0,2,1,5273604.0,125562.0,Townhouse,1.76,9.7,9.9,9.9,0.231,0.2,Q3,2025
Marina Bay - Financial,Central,122.0,3,3,15557318.0,127519.0,House,1.3,9.9,9.9,9.9,0.362,0.2,Q3,2024
Marina Bay - Financial,Central,111.0,2,2,14430000.0,130000.0,House,1.75,8.3,9.9,9.9,0.13,0.2,Q4,2024
Marina Bay - Financial,Central,129.0,4,4,16770000.0,130000.0,Condo,1.66,8.8,9.9,9.9,0.1,0.2,Q1,2024
Marina Bay - Financial,Central,191.0,2,1,24830000.0,130000.0,House,1.95,9.5,9.9,9.9,0.022,0.2,Q1,2025
Marina Bay - Financial,Central,57.0,3,2,7410000.0,130000.0,Condo,1.56,9.4,9.9,9.9,0.023,0.2,Q2,2024
Marina Bay - Financial,Central,63.0,1,1,6983613.0,110851.0,Condo,2.63,9.7,9.9,9.9,0.413,0.2,Q2,2024
Marina Bay - Financial,Central,133.0,5,5,17283350.0,129950.0,Condo,1.91,8.5,9.9,9.9,0.2,0.2,Q3,2024
Marina Bay - Financial,Central,111.0,1,1,13395258.0,120678.0,Lot,1.84,9.4,9.9,9.9,0.273,0.2,Q3,2024
Marina Bay - Financial,Central,25.0,2,2,3002225.0,120089.0,Condo,1.89,9.6,9.9,9.9,0.223,0.2,Q2,2024
Marina Bay - Financial,Central,181.0,4,3,22219560.0,122760.0,Lot,1.61,8.9,9.9,9.9,0.428,0.2,Q3,2024
Marina Bay - Financial,Central,178.0,1,1,23140000.0,130000.0,Townhouse,1.53,9.3,9.9,9.9,0.137,0.2,Q1,2024
Marina Bay - Financial,Central,30.0,2,2,3531900.0,117730.0,Condo,1.88,10.0,9.9,9.9,0.337,0.2,Q3,2025
Marina Bay - Financial,Central,158.0,1,1,19777176.0,125172.0,House,1.34,8.7,9.9,9.9,0.265,0.2,Q1,2024
Marina Bay - Financial,Central,188.0,1,1,23209728.0,123456.0,Townhouse,2.37,8.8,9.9,9.9,0.331,0.2,Q3,2025
Marina Bay - Financial,Central,268.0,2,2,34840000.0,130000.0,Townhouse,2.34,8.7,9.9,9.9,0.155,0.2,Q1,2024
Marina Bay - Financial,Central,271.0,4,3,35230000.0,130000.0,Condo,1.97,8.5,9.9,9.9,0.358,0.2,Q4,2024
Marina Bay - Financial,Central,34.0,3,3,3890416.0,114424.0,Townhouse,1.61,8.8,9.9,9.9,0.37,0.2,Q2,2024
Marina Bay - Financial,Central,91.0,1,1,11830000.0,130000.0,House,1.52,9.3,9.9,9.9,0.154,0.2,Q4,2025
Marina Bay - Financial,Central,274.0,2,1,35620000.0,130000.0,Lot,2.38,8.8,9.9,9.9,0.241,0.2,Q2,2024
Marina Bay - Financial,Central,80.0,3,3,10071920.0,125899.0,House,2.35,8.8,9.9,9.9,0.242,0.2,Q1,2024
Marina Bay - Financial,Central,212.0,3,3,26448060.0,124755.0,Condo,1.81,9.3,9.9,9.9,0.415,0.2,Q1,2025
Marina Bay - Financial,Central,224.0,2,1,29120000.0,130000.0,Condo,2.24,8.8,9.9,9.9,0.053,0.2,Q1,2025
Marina Bay - Financial,Central,221.0,2,2,28730000.0,130000.0,Townhouse,1.99,8.9,9.9,9.9,0.328,0.2,Q2,2024
Marina Bay - Financial,Central,166.0,3,3,21580000.0,130000.0,Condo,1.76,9.5,9.9,9.9,0.183,0.2,Q1,2024
Marina Bay - Financial,Central,123.0,1,1,15990000.0,130000.0,Lot,2.28,8.5,9.9,9.9,0.225,0.2,Q2,2024
Marina Bay - Financial,Central,258.0,1,1,31977552.0,123944.0,Condo,2.29,8.5,9.9,9.9,0.403,0.2,Q4,2024
Marina Bay - Financial,Central,215.0,2,2,26348465.0,122551.0,Condo,2.38,8.4,9.9,9.9,0.357,0.2,Q2,2024
Marina Bay - Financial,Central,219.0,3,3,28470000.0,130000.0,Condo,1.72,8.3,9.9,9.9,0.077,0.2,Q4,2024
Marina Bay - Financial,Central,48.0,4,4,6240000.0,130000.0,House,1.91,8.7,9.9,9.9,0.021,0.2,Q1,2024
Marina Bay - Financial,Central,112.0,2,2,14560000.0,130000.0,Townhouse,1.68,9.4,9.9,9.9,0.067,0.2,Q1,2024
Marina Bay - Financial,Central,188.0,4,4,24440000.0,130000.0,House,2.05,9.0,9.9,9.9,0.15,0.2,Q2,2024
Marina Bay - Financial,Central,143.0,3,3,18590000.0,130000.0,Townhouse,1.86,8.8,9.9,9.9,0.106,0.2,Q3,2024
Marina Bay - Financial,Central,124.0,2,2,16120000.0,130000.0,Condo,2.02,9.5,9.9,9.9,0.123,0.2,Q4,2024
Marina Bay - Financial,Central,254.0,3,2,32231584.0,126896.0,Condo,1.85,9.0,9.9,9.9,0.345,0.2,Q2,2024
Marina Bay - Financial,Central,185.0,1,1,24050000.0,130000.0,Condo,2.11,8.6,9.9,9.9,0.165,0.2,Q2,2025
Marina Bay - Financial,Central,35.0,1,1,4038860.0,115396.0,Condo,2.2,9.3,9.9,9.9,0.283,0.2,Q4,2024
Marina Bay - Financial,Central,232.0,3,3,30160000.0,130000.0,Lot,2.32,9.1,9.9,9.9,0.28,0.2,Q1,2024
Marina Bay - Financial,Central,267.0,1,1,34710000.0,130000.0,Townhouse,2.02,9.2,9.9,9.9,0.111,0.2,Q4,2025
Marina Bay - Financial,Central,245.0,3,2,30994950.0,126510.0,Condo,2.14,9.5,9.9,9.9,0.435,0.2,Q1,2025
Marina Bay - Financial,Central,156.0,2,2,20280000.0,130000.0,Condo,1.82,9.3,9.9,9.9,0.08,0.2,Q2,2025
Marina Bay - Financial,Central,71.0,2,2,9230000.0,130000.0,Condo,2.37,9.6,9.9,9.9,0.051,0.2,Q3,2025
Marina Bay - Financial,Central,272.0,4,3,35360000.0,130000.0,House,1.98,8.4,9.9,9.9,0.138,0.2,Q2,2024
Marina Bay - Financial,Central,169.0,3,2,21970000.0,130000.0,Townhouse,2.08,9.1,9.9,9.9,0.092,0.2,Q1,2025
Marina Bay - Financial,Central,205.0,4,3,26650000.0,130000.0,Lot,2.41,9.6,9.9,9.9,0.19,0.2,Q4,2024
Marina Bay - Financial,Central,207.0,4,4,26910000.0,130000.0,Condo,2.3,8.7,9.9,9.9,0.036,0.2,Q4,2024
Marina Bay - Financial,Central,209.0,2,1,27170000.0,130000.0,Townhouse,1.59,9.0,9.9,9.9,0.135,0.2,Q1,2025
Marina Bay - Financial,Central,90.0,4,3,11667960.0,129644.0,Condo,2.47,8.9,9.9,9.9,0.247,0.2,Q1,2025
Marina Bay - Financial,Central,63.0,4,3,8190000.0,130000.0,Condo,1.44,9.0,9.9,9.9,0.117,0.2,Q3,2025
Marina Bay - Financial,Central,173.0,3,3,22490000.0,130000.0,Condo,2.19,9.3,9.9,9.9,0.098,0.2,Q1,2024
Marina Bay - Financial,Central,123.0,2,1,15990000.0,130000.0,House,2.33,10.0,9.9,9.9,0.067,0.2,Q3,2024
Marina Bay - Financial,Central,26.0,2,1,2992132.0,115082.0,House,1.47,10.0,9.9,9.9,0.395,0.2,Q3,2025
Marina Bay - Financial,Central,37.0,5,4,4126647.0,111531.0,Townhouse,2.55,8.9,9.9,9.9,0.37,0.2,Q4,2024
Marina Bay - Financial,Central,50.0,2,1,6500000.0,130000.0,Condo,1.52,9.3,9.9,9.9,0.036,0.2,Q2,2024
Marina Bay - Financial,Central,151.0,3,2,19630000.0,130000.0,Lot,2.63,9.5,9.9,9.9,0.1,0.2,Q2,2024
Marina Bay - Financial,Central,162.0,1,1,20198970.0,124685.0,House,2.47,8.6,9.9,9.9,0.293,0.2,Q2,2025
Marina Bay - Financial,Central,134.0,2,2,16790468.0,125302.0,Condo,2.12,9.4,9.9,9.9,0.304,0.2,Q4,2025
Marina Bay - Financial,Central,271.0,3,2,35230000.0,130000.0,Condo,1.95,9.3,9.9,9.9,0.029,0.2,Q1,2025
Marina Bay - Financial,Central,110.0,3,2,13124100.0,119310.0,Lot,1.55,9.3,9.9,9.9,0.364,0.2,Q4,2025
Marina Bay - Financial,Central,215.0,1,1,26421350.0,122890.0,Townhouse,2.25,8.6,9.9,9.9,0.429,0.2,Q1,2024
Marina Bay - Financial,Central,75.0,4,4,8631075.0,115081.0,Condo,2.08,9.8,9.9,9.9,0.425,0.2,Q2,2024
Marina Bay - Financial,Central,225.0,4,4,29250000.0,130000.0,Townhouse,2.18,8.7,9.9,9.9,0.226,0.2,Q1,2024
Marina Bay - Financial,Central,180.0,1,1,22194360.0,123302.0,Lot,1.37,9.0,9.9,9.9,0.397,0.2,Q4,2024
Marina Bay - Financial,Central,177.0,3,3,23010000.0,130000.0,Condo,2.02,8.8,9.9,9.9,0.248,0.2,Q4,2025
Marina Bay - Financial,Central,279.0,2,1,36270000.0,130000.0,Townhouse,1.64,9.2,9.9,9.9,0.161,0.2,Q3,2024
Marina Bay - Financial,Central,41.0,3,3,5330000.0,130000.0,House,2.12,9.7,9.9,9.9,0.081,0.2,Q3,2025
Marina Bay - Financial,Central,221.0,3,2,26985426.0,122106.0,Condo,1.73,8.7,9.9,9.9,0.404,0.2,Q2,2024
Marina Bay - Financial,Central,47.0,2,2,5476158.0,116514.0,Condo,1.96,8.2,9.9,9.9,0.419,0.2,Q4,2024
Marina Bay - Financial,Central,245.0,2,1,31850000.0,130000.0,Townhouse,1.57,7.5,9.9,9.9,0.187,0.2,Q3,2025
Marina Bay - Financial,Central,161.0,4,4,19964966.0,124006.0,Townhouse,2.17,9.5,9.9,9.9,0.432,0.2,Q2,2025
Marina Bay - Financial,Central,275.0,3,3,34967625.0,127155.0,Condo,1.69,9.0,9.9,9.9,0.401,0.2,Q2,2024
Marina Bay - Financial,Central,148.0,4,3,18765068.0,126791.0,Condo,2.34,8.5,9.9,9.9,0.325,0.2,Q3,2024
Marina Bay - Financial,Central,120.0,2,1,15600000.0,130000.0,Condo,2.43,9.1,9.9,9.9,0.062,0.2,Q3,2024
Marina Bay - Financial,Central,161.0,2,2,20179740.0,125340.0,Condo,1.72,8.9,9.9,9.9,0.286,0.2,Q4,2024
Marina Bay - Financial,Central,135.0,3,2,15207750.0,112650.0,House,1.86,7.7,9.9,9.9,0.447,0.2,Q3,2025
Marina Bay - Financial,Central,95.0,3,3,11330080.0,119264.0,Townhouse,1.78,8.1,9.9,9.9,0.398,0.2,Q1,2025
Marina Bay - Financial,Central,168.0,3,2,18333168.0,109126.0,Condo,1.91,8.8,9.9,9.9,0.447,0.2,Q3,2024
Marina Bay - Financial,Central,195.0,3,3,23970570.0,122926.0,Condo,1.37,9.4,9.9,9.9,0.408,0.2,Q2,2025
Marina Bay - Financial,Central,226.0,2,1,29380000.0,130000.0,Condo,2.04,9.4,9.9,9.9,0.206,0.2,Q4,2024
Marina Bay - Financial,Central,67.0,2,2,8710000.0,130000.0,House,2.15,8.0,9.9,9.9,0.203,0.2,Q2,2024
Marina Bay - Financial,Central,82.0,2,1,9377930.0,114365.0,House,1.78,8.3,9.9,9.9,0.404,0.2,Q2,2025
Marina Bay - Financial,Central,47.0,3,2,6110000.0,130000.0,Condo,1.88,8.4,9.9,9.9,0.076,0.2,Q3,2024
Marina Bay - Financial,Central,91.0,3,3,10199371.0,112081.0,House,2.26,9.3,9.9,9.9,0.439,0.2,Q4,2025
Marina Bay - Financial,Central,249.0,4,4,32370000.0,130000.0,House,1.95,9.0,9.9,9.9,0.089,0.2,Q4,2024
Marina Bay - Financial,Central,214.0,4,4,26733736.0,124924.0,House,2.32,9.1,9.9,9.9,0.363,0.2,Q1,2025
Marina Bay - Financial,Central,248.0,4,3,31516336.0,127082.0,Condo,2.02,9.6,9.9,9.9,0.393,0.2,Q1,2024
Marina Bay - Financial,Central,192.0,4,3,24858240.0,129470.0,Townhouse,1.71,9.0,9.9,9.9,0.276,0.2,Q4,2025
Marina Bay - Financial,Central,240.0,2,2,29461200.0,122755.0,Condo,2.0,9.5,9.9,9.9,0.371,0.2,Q4,2025
Marina Bay - Financial,Central,49.0,4,4,5435521.0,110929.0,Townhouse,2.51,7.8,9.9,9.9,0.447,0.2,Q2,2024
Marina Bay - Financial,Central,184.0,5,4,23897552.0,129878.0,Condo,1.87,8.2,9.9,9.9,0.23,0.2,Q2,2025
Marina Bay - Financial,Central,40.0,2,1,5200000.0,130000.0,Condo,1.86,9.2,9.9,9.9,0.033,0.2,Q2,2024
Marina Bay - Financial,Central,198.0,3,3,25740000.0,130000.0,Lot,1.83,8.4,9.9,9.9,0.106,0.2,Q1,2024
Marina Bay - Financial,Central,64.0,3,3,8185856.0,127904.0,Townhouse,2.04,10.0,9.9,9.9,0.281,0.2,Q2,2024
Marina Bay - Financial,Central,94.0,4,4,12220000.0,130000.0,Townhouse,2.02,9.8,9.9,9.9,0.075,0.2,Q1,2025
Marina Bay - Financial,Central,124.0,1,1,16028116.0,129259.0,House,1.22,9.5,9.9,9.9,0.181,0.2,Q2,2025
Marina Bay - Financial,Central,78.0,2,2,10140000.0,130000.0,Lot,2.43,8.3,9.9,9.9,0.108,0.2,Q3,2024
Marina Bay - Financial,Central,61.0,3,3,7223376.0,118416.0,Condo,2.61,9.1,9.9,9.9,0.337,0.2,Q3,2024
Marina Bay - Financial,Central,250.0,3,3,32500000.0,130000.0,Lot,1.86,8.2,9.9,9.9,0.266,0.2,Q2,2024
Marina Bay - Financial,Central,200.0,1,1,26000000.0,130000.0,Townhouse,1.72,8.1,9.9,9.9,0.137,0.2,Q1,2025
Marina Bay - Financial,Central,52.0,3,3,6191276.0,119063.0,Condo,1.68,8.2,9.9,9.9,0.384,0.2,Q4,2024
Marina Bay - Financial,Central,77.0,2,2,9539684.0,123892.0,House,1.6,9.7,9.9,9.9,0.349,0.2,Q2,2024
Marina Bay - Financial,Central,241.0,2,2,31330000.0,130000.0,Condo,2.02,9.1,9.9,9.9,0.212,0.2,Q1,2024
Marina Bay - Financial,Central,153.0,2,2,17670123.0,115491.0,House,2.5,9.1,9.9,9.9,0.438,0.2,Q1,2025
Marina Bay - Financial,Central,35.0,3,3,4178510.0,119386.0,Condo,1.48,9.4,9.9,9.9,0.21,0.2,Q4,2024
Marina Bay - Financial,Central,67.0,1,1,7118147.0,106241.0,Condo,1.69,8.0,9.9,9.9,0.403,0.2,Q1,2024
Marina Bay - Financial,Central,160.0,3,2,20800000.0,130000.0,Condo,1.42,8.9,9.9,9.9,0.072,0.2,Q2,2024
Marina Bay - Financial,Central,192.0,1,1,24960000.0,130000.0,Condo,2.34,9.0,9.9,9.9,0.101,0.2,Q1,2025
Marina Bay - Financial,Central,117.0,1,1,14344434.0,122602.0,Townhouse,2.64,8.6,9.9,9.9,0.419,0.2,Q4,2024
Marina Bay - Financial,Central,221.0,3,3,28730000.0,130000.0,Condo,2.17,9.0,9.9,9.9,0.277,0.2,Q4,2024
Marina Bay - Financial,Central,154.0,3,3,20020000.0,130000.0,Condo,1.72,8.6,9.9,9.9,0.113,0.2,Q1,2025
Marina Bay - Financial,Central,91.0,2,2,10699962.0,117582.0,Condo,2.22,8.7,9.9,9.9,0.44,0.2,Q4,2025
Marina Bay - Financial,Central,247.0,3,3,32110000.0,130000.0,House,1.97,9.7,9.9,9.9,0.043,0.2,Q1,2024
Marina Bay - Financial,Central,104.0,1,1,13520000.0,130000.0,House,1.92,8.8,9.9,9.9,0.088,0.2,Q4,2024
Marina Bay - Financial,Central,95.0,4,3,12350000.0,130000.0,Townhouse,1.63,9.5,9.9,9.9,0.056,0.2,Q3,2025
Marina Bay - Financial,Central,265.0,4,4,34450000.0,130000.0,Condo,1.41,9.1,9.9,9.9,0.094,0.2,Q2,2025
Marina Bay - Financial,Central,242.0,2,1,29892808.0,123524.0,Condo,1.73,9.1,9.9,9.9,0.428,0.2,Q3,2025
Marina Bay - Financial,Central,97.0,2,2,11606341.0,119653.0,House,2.37,9.3,9.9,9.9,0.41,0.2,Q1,2024
Marina Bay - Financial,Central,33.0,3,2,3645411.0,110467.0,House,1.83,9.4,9.9,9.9,0.443,0.2,Q1,2025
Marina Bay - Financial,Central,235.0,2,2,30550000.0,130000.0,House,1.54,8.9,9.9,9.9,0.157,0.2,Q4,2024
Marina Bay - Financial,Central,250.0,2,1,32464750.0,129859.0,House,2.34,7.5,9.9,9.9,0.319,0.2,Q1,2025
Marina Bay - Financial,Central,223.0,2,1,28990000.0,130000.0,Condo,1.98,10.0,9.9,9.9,0.144,0.2,Q3,2025
Marina Bay - Financial,Central,100.0,4,4,13000000.0,130000.0,House,2.1,9.4,9.9,9.9,0.082,0.2,Q3,2025
Marina Bay - Financial,Central,196.0,2,2,25480000.0,130000.0,Condo,2.82,10.0,9.9,9.9,0.281,0.2,Q4,2024
Marina Bay - Financial,Central,271.0,2,1,35230000.0,130000.0,House,2.38,9.0,9.9,9.9,0.075,0.2,Q3,2025
Marina Bay - Financial,Central,60.0,1,1,7800000.0,130000.0,Lot,1.92,9.9,9.9,9.9,0.122,0.2,Q2,2025
Marina Bay - Financial,Central,40.0,3,2,4708600.0,117715.0,Lot,2.27,9.5,9.9,9.9,0.387,0.2,Q1,2024
Marina Bay - Financial,Central,251.0,1,1,32630000.0,130000.0,Condo,2.31,9.4,9.9,9.9,0.067,0.2,Q1,2024
Marina Bay - Financial,Central,42.0,3,2,4999554.0,119037.0,House,2.68,9.4,9.9,9.9,0.189,0.2,Q1,2024
Marina Bay - Financial,Central,114.0,3,2,14120040.0,123860.0,House,1.75,8.5,9.9,9.9,0.317,0.2,Q2,2025
Marina Bay - Financial,Central,96.0,2,2,11913792.0,124102.0,Lot,2.14,9.0,9.9,9.9,0.272,0.2,Q2,2024
Marina Bay - Financial,Central,120.0,2,2,14794080.0,123284.0,Condo,2.81,8.9,9.9,9.9,0.273,0.2,Q4,2025
Marina Bay - Financial,Central,201.0,2,2,25142889.0,125089.0,Townhouse,2.16,9.7,9.9,9.9,0.337,0.2,Q3,2025
Marina Bay - Financial,Central,135.0,3,3,16020585.0,118671.0,Lot,2.67,9.1,9.9,9.9,0.349,0.2,Q2,2024
Marina Bay - Financial,Central,64.0,2,2,8320000.0,130000.0,House,1.57,8.5,9.9,9.9,0.028,0.2,Q4,2024
Marina Bay - Financial,Central,197.0,2,1,24662233.0,125189.0,Townhouse,2.25,9.2,9.9,9.9,0.319,0.2,Q3,2024
Marina Bay - Financial,Central,164.0,1,1,20746328.0,126502.0,House,2.04,9.2,9.9,9.9,0.281,0.2,Q1,2024
Marina Bay - Financial,Central,210.0,2,1,27300000.0,130000.0,House,1.35,8.5,9.9,9.9,0.2,0.2,Q2,2024
Marina Bay - Financial,Central,91.0,4,4,11687676.0,128436.0,Condo,2.37,8.5,9.9,9.9,0.048,0.2,Q2,2025
Marina Bay - Financial,Central,149.0,2,2,19370000.0,130000.0,Condo,1.54,8.7,9.9,9.9,0.174,0.2,Q3,2025
Marina Bay - Financial,Central,263.0,4,3,34190000.0,130000.0,House,1.62,9.2,9.9,9.9,0.331,0.2,Q1,2024
Marina Bay - Financial,Central,46.0,3,3,5383334.0,117029.0,House,1.13,8.4,9.9,9.9,0.266,0.2,Q3,2024
Marina Bay - Financial,Central,193.0,1,1,25090000.0,130000.0,House,2.44,8.2,9.9,9.9,0.158,0.2,Q3,2025
Marina Bay - Financial,Central,172.0,4,4,20932744.0,121702.0,Condo,2.01,8.5,9.9,9.9,0.434,0.2,Q2,2025
Marina Bay - Financial,Central,237.0,5,5,30178869.0,127337.0,Townhouse,2.02,7.4,9.9,9.9,0.293,0.2,Q3,2025
Marina Bay - Financial,Central,240.0,2,1,30852480.0,128552.0,Condo,2.1,8.3,9.9,9.9,0.299,0.2,Q3,2024
Marina Bay - Financial,Central,199.0,1,1,25870000.0,130000.0,Townhouse,1.73,9.5,9.9,9.9,0.141,0.2,Q4,2024
Marina Bay - Financial,Central,260.0,3,2,33800000.0,130000.0,Lot,2.46,9.8,9.9,9.9,0.211,0.2,Q4,2025
Marina Bay - Financial,Central,225.0,3,3,28409400.0,126264.0,Condo,2.14,9.5,9.9,9.9,0.447,0.2,Q4,2024
Marina Bay - Financial,Central,251.0,2,2,32630000.0,130000.0,House,1.85,8.4,9.9,9.9,0.179,0.2,Q2,2024
Marina Bay - Financial,Central,212.0,1,1,25658572.0,121031.0,Lot,1.8,9.3,9.9,9.9,0.448,0.2,Q2,2024
Marina Bay - Financial,Central,220.0,4,3,27933840.0,126972.0,Condo,2.41,9.3,9.9,9.9,0.365,0.2,Q2,2025
Marina Bay - Financial,Central,71.0,4,3,8550530.0,120430.0,Condo,1.77,8.6,9.9,9.9,0.352,0.2,Q4,2024
Marina Bay - Financial,Central,107.0,1,1,12927098.0,120814.0,Condo,1.47,9.7,9.9,9.9,0.334,0.2,Q4,2024
Marina Bay - Financial,Central,233.0,2,1,28950017.0,124249.0,Townhouse,2.29,8.4,9.9,9.9,0.393,0.2,Q1,2025
Marina Bay - Financial,Central,82.0,2,2,10434910.0,127255.0,House,1.9,8.4,9.9,9.9,0.163,0.2,Q1,2024
Marina Bay - Financial,Central,270.0,3,2,35100000.0,130000.0,House,1.74,9.5,9.9,9.9,0.239,0.2,Q4,2024
Marina Bay - Financial,Central,203.0,4,4,26390000.0,130000.0,House,1.87,8.7,9.9,9.9,0.06,0.2,Q1,2025
Marina Bay - Financial,Central,38.0,2,1,4624448.0,121696.0,Condo,1.37,8.8,9.9,9.9,0.212,0.2,Q1,2024
Marina Bay - Financial,Central,118.0,1,1,14286260.0,121070.0,House,2.67,8.6,9.9,9.9,0.416,0.2,Q3,2024
Marina Bay - Financial,Central,77.0,2,1,9046037.0,117481.0,Condo,2.28,8.9,9.9,9.9,0.286,0.2,Q1,2025
Marina Bay - Financial,Central,84.0,1,1,10920000.0,130000.0,House,2.23,9.4,9.9,9.9,0.066,0.2,Q2,2025
Marina Bay - Financial,Central,251.0,4,4,32630000.0,130000.0,Condo,1.88,8.6,9.9,9.9,0.231,0.2,Q1,2025
Marina Bay - Financial,Central,60.0,3,2,7800000.0,130000.0,House,1.9,9.9,9.9,9.9,0.087,0.2,Q3,2024
Marina Bay - Financial,Central,43.0,2,2,5061659.0,117713.0,Townhouse,1.46,8.2,9.9,9.9,0.354,0.2,Q3,2025
Marina Bay - Financial,Central,27.0,2,1,3510000.0,130000.0,Townhouse,1.69,7.8,9.9,9.9,0.082,0.2,Q1,2024
Marina Bay - Financial,Central,185.0,3,3,24050000.0,130000.0,Lot,1.78,9.1,9.9,9.9,0.134,0.2,Q3,2025
Marina Bay - Financial,Central,121.0,2,1,15730000.0,130000.0,Condo,1.7,9.3,9.9,9.9,0.271,0.2,Q2,2025
Marina Bay - Financial,Central,221.0,2,1,28413970.0,128570.0,Townhouse,2.18,8.5,9.9,9.9,0.265,0.2,Q3,2024
Marina Bay - Financial,Central,222.0,4,3,28781634.0,129647.0,Condo,2.01,8.5,9.9,9.9,0.239,0.2,Q2,2025
Marina Bay - Financial,Central,182.0,2,1,23660000.0,130000.0,Condo,2.34,9.4,9.9,9.9,0.128,0.2,Q3,2025
Marina Bay - Financial,Central,245.0,1,1,31850000.0,130000.0,Lot,2.17,8.4,9.9,9.9,0.193,0.2,Q2,2024
Marina Bay - Financial,Central,128.0,4,4,16640000.0,130000.0,House,1.22,9.3,9.9,9.9,0.182,0.2,Q4,2025
Marina Bay - Financial,Central,65.0,3,2,8438495.0,129823.0,Condo,1.44,7.9,9.9,9.9,0.209,0.2,Q1,2025
Marina Bay - Financial,Central,70.0,2,2,9100000.0,130000.0,House,1.49,10.0,9.9,9.9,0.204,0.2,Q3,2024
Marina Bay - Financial,Central,103.0,3,3,13390000.0,130000.0,Townhouse,2.22,9.3,9.9,9.9,0.034,0.2,Q2,2024
Marina Bay - Financial,Central,25.0,2,1,3128075.0,125123.0,House,2.01,8.7,9.9,9.9,0.188,0.2,Q1,2025
Marina Bay - Financial,Central,202.0,5,5,26260000.0,130000.0,House,1.78,8.3,9.9,9.9,0.242,0.2,Q3,2025
Marina Bay - Financial,Central,155.0,2,2,18293720.0,118024.0,Condo,2.04,9.3,9.9,9.9,0.399,0.2,Q1,2025
Marina Bay - Financial,Central,27.0,1,1,3510000.0,130000.0,House,1.82,9.2,9.9,9.9,0.064,0.2,Q2,2025
Marina Bay - Financial,Central,212.0,4,4,27560000.0,130000.0,House,1.61,8.8,9.9,9.9,0.024,0.2,Q3,2024
Marina Bay - Financial,Central,267.0,2,1,34710000.0,130000.0,House,2.22,9.6,9.9,9.9,0.358,0.2,Q3,2024
Marina Bay - Financial,Central,64.0,1,1,7688064.0,120126.0,House,1.94,9.3,9.9,9.9,0.298,0.2,Q2,2024
Marina Bay - Financial,Central,47.0,1,1,6110000.0,130000.0,House,2.98,9.3,9.9,9.9,0.103,0.2,Q1,2025
Marina Bay - Financial,Central,34.0,4,4,4127974.0,121411.0,House,2.31,8.9,9.9,9.9,0.285,0.2,Q3,2025
Marina Bay - Financial,Central,80.0,1,1,10400000.0,130000.0,Condo,1.83,8.2,9.9,9.9,0.176,0.2,Q4,2024
Marina Bay - Financial,Central,60.0,1,1,7444620.0,124077.0,Condo,2.23,9.2,9.9,9.9,0.267,0.2,Q4,2024
Marina Bay - Financial,Central,99.0,5,4,12870000.0,130000.0,House,1.8,9.6,9.9,9.9,0.15,0.2,Q1,2025
Marina Bay - Financial,Central,231.0,2,2,30030000.0,130000.0,Condo,2.47,9.4,9.9,9.9,0.271,0.2,Q2,2025
Marina Bay - Financial,Central,100.0,3,3,12884800.0,128848.0,Condo,1.81,9.4,9.9,9.9,0.178,0.2,Q2,2025
Marina Bay - Financial,Central,89.0,4,4,11095185.0,124665.0,Condo,2.57,8.1,9.9,9.9,0.221,0.2,Q3,2025
Marina Bay - Financial,Central,174.0,2,2,22620000.0,130000.0,House,2.23,9.8,9.9,9.9,0.277,0.2,Q2,2025
Marina Bay - Financial,Central,160.0,3,2,19485120.0,121782.0,Townhouse,2.43,9.4,9.9,9.9,0.392,0.2,Q4,2024
Marina Bay - Financial,Central,56.0,3,3,6399176.0,114271.0,Condo,2.38,8.4,9.9,9.9,0.276,0.2,Q4,2024
Marina Bay - Financial,Central,238.0,3,3,30940000.0,130000.0,Lot,2.99,9.8,9.9,9.9,0.189,0.2,Q4,2024
Marina Bay - Financial,Central,166.0,2,2,21580000.0,130000.0,House,1.45,10.0,9.9,9.9,0.073,0.2,Q4,2025
Marina Bay - Financial,Central,120.0,2,2,14356920.0,119641.0,Condo,1.64,9.6,9.9,9.9,0.408,0.2,Q3,2025
Marina Bay - Financial,Central,180.0,3,3,23400000.0,130000.0,Condo,2.51,9.3,9.9,9.9,0.233,0.2,Q3,2024
Marina Bay - Financial,Central,205.0,3,2,26650000.0,130000.0,House,1.73,9.6,9.9,9.9,0.033,0.2,Q3,2024
Marina Bay - Financial,Central,230.0,4,3,29900000.0,130000.0,Townhouse,2.14,8.2,9.9,9.9,0.21,0.2,Q3,2025
Marina Bay - Financial,Central,255.0,3,2,33150000.0,130000.0,Lot,2.12,8.6,9.9,9.9,0.137,0.2,Q4,2025
Marina Bay - Financial,Central,213.0,2,2,26354490.0,123730.0,Condo,2.53,8.6,9.9,9.9,0.396,0.2,Q3,2024
Marina Bay - Financial,Central,214.0,3,3,27820000.0,130000.0,House,1.75,9.2,9.9,9.9,0.051,0.2,Q4,2025
Marina Bay - Financial,Central,71.0,3,2,9100638.0,128178.0,Lot,2.51,9.6,9.9,9.9,0.128,0.2,Q4,2024
Marina Bay - Financial,Central,107.0,1,1,12215655.0,114165.0,House,2.34,8.6,9.9,9.9,0.428,0.2,Q4,2024
Marina Bay - Financial,Central,112.0,2,2,14337456.0,128013.0,Condo,1.84,8.9,9.9,9.9,0.213,0.2,Q1,2025
Marina Bay - Financial,Central,39.0,4,4,5070000.0,130000.0,Lot,2.09,8.2,9.9,9.9,0.045,0.2,Q2,2025
Marina Bay - Financial,Central,26.0,2,2,3028220.0,116470.0,Lot,1.13,8.2,9.9,9.9,0.329,0.2,Q1,2024
Marina Bay - Financial,Central,246.0,2,2,31980000.0,130000.0,Condo,2.31,7.8,9.9,9.9,0.148,0.2,Q4,2024
Marina Bay - Financial,Central,86.0,2,1,10804094.0,125629.0,House,1.41,9.4,9.9,9.9,0.336,0.2,Q3,2025
Marina Bay - Financial,Central,268.0,4,3,34840000.0,130000.0,Condo,2.66,8.9,9.9,9.9,0.031,0.2,Q4,2025
Marina Bay - Financial,Central,246.0,2,2,31980000.0,130000.0,House,1.91,9.0,9.9,9.9,0.256,0.2,Q3,2024
Marina Bay - Financial,Central,46.0,2,1,5980000.0,130000.0,House,1.84,8.7,9.9,9.9,0.085,0.2,Q2,2024
Marina Bay - Financial,Central,38.0,3,3,4511322.0,118719.0,Condo,0.86,8.8,9.9,9.9,0.321,0.2,Q1,2025
Marina Bay - Financial,Central,180.0,1,1,22566060.0,125367.0,Condo,1.57,8.3,9.9,9.9,0.261,0.2,Q2,2025
Marina Bay - Financial,Central,168.0,1,1,20993784.0,124963.0,House,2.51,9.0,9.9,9.9,0.37,0.2,Q3,2024
Marina Bay - Financial,Central,253.0,2,2,32289884.0,127628.0,Townhouse,1.92,9.1,9.9,9.9,0.315,0.2,Q2,2025
Marina Bay - Financial,Central,152.0,3,3,18632312.0,122581.0,House,1.85,8.2,9.9,9.9,0.372,0.2,Q2,2024
Marina Bay - Financial,Central,239.0,3,3,31070000.0,130000.0,Condo,1.43,9.6,9.9,9.9,0.212,0.2,Q3,2024
Marina Bay - Financial,Central,51.0,3,2,5910849.0,115899.0,Condo,2.49,7.8,9.9,9.9,0.34,0.2,Q3,2024
Marina Bay - Financial,Central,190.0,3,3,24421650.0,128535.0,House,1.87,8.5,9.9,9.9,0.275,0.2,Q4,2024
Marina Bay - Financial,Central,173.0,3,2,22490000.0,130000.0,Condo,2.34,8.5,9.9,9.9,0.063,0.2,Q2,2024
Marina Bay - Financial,Central,150.0,1,1,19431750.0,129545.0,House,1.68,9.3,9.9,9.9,0.344,0.2,Q1,2025
Marina Bay - Financial,Central,233.0,4,3,30290000.0,130000.0,Townhouse,1.9,8.7,9.9,9.9,0.088,0.2,Q4,2025
Marina Bay - Financial,Central,149.0,2,1,17448943.0,117107.0,Townhouse,1.96,9.2,9.9,9.9,0.395,0.2,Q4,2025
Marina Bay - Financial,Central,90.0,3,3,11573280.0,128592.0,Townhouse,1.79,8.7,9.9,9.9,0.235,0.2,Q2,2025
Marina Bay - Financial,Central,197.0,2,2,24380326.0,123758.0,Condo,2.46,9.0,9.9,9.9,0.374,0.2,Q3,2024
Marina Bay - Financial,Central,82.0,3,3,10660000.0,130000.0,Condo,2.03,10.0,9.9,9.9,0.049,0.2,Q3,2024
Marina Bay - Financial,Central,133.0,3,3,17290000.0,130000.0,Condo,2.68,9.8,9.9,9.9,0.219,0.2,Q2,2024
Marina Bay - Financial,Central,198.0,1,1,25740000.0,130000.0,Condo,1.29,7.9,9.9,9.9,0.156,0.2,Q2,2024
Marina Bay - Financial,Central,261.0,2,2,32632830.0,125030.0,Condo,1.94,8.4,9.9,9.9,0.338,0.2,Q1,2024
Marina Bay - Financial,Central,95.0,4,4,12350000.0,130000.0,Townhouse,1.47,9.5,9.9,9.9,0.208,0.2,Q3,2025
Marina Bay - Financial,Central,197.0,2,2,25610000.0,130000.0,House,1.95,9.7,9.9,9.9,0.099,0.2,Q4,2024
Marina Bay - Financial,Central,224.0,2,1,27064576.0,120824.0,House,1.47,9.2,9.9,9.9,0.346,0.2,Q3,2024
Marina Bay - Financial,Central,46.0,2,2,5645028.0,122718.0,Lot,2.31,8.0,9.9,9.9,0.165,0.2,Q1,2024
Marina Bay - Financial,Central,178.0,2,1,21953808.0,123336.0,Condo,2.38,10.0,9.9,9.9,0.332,0.2,Q3,2024
Marina Bay - Financial,Central,91.0,2,2,11300016.0,124176.0,Condo,2.37,8.9,9.9,9.9,0.257,0.2,Q4,2025
Marina Bay - Financial,Central,121.0,2,2,15730000.0,130000.0,Condo,2.04,8.2,9.9,9.9,0.097,0.2,Q1,2025
Marina Bay - Financial,Central,251.0,2,2,32630000.0,130000.0,House,1.94,9.7,9.9,9.9,0.324,0.2,Q3,2024
Marina Bay - Financial,Central,121.0,1,1,15100437.0,124797.0,House,1.99,9.0,9.9,9.9,0.253,0.2,Q3,2025
Marina Bay - Financial,Central,76.0,1,1,9405228.0,123753.0,House,2.42,9.7,9.9,9.9,0.237,0.2,Q4,2025
Marina Bay - Financial,Central,96.0,4,3,12480000.0,130000.0,House,1.3,8.5,9.9,9.9,0.123,0.2,Q4,2024
Marina Bay - Financial,Central,133.0,1,1,17290000.0,130000.0,Condo,1.96,9.6,9.9,9.9,0.211,0.2,Q4,2024
Marina Bay - Financial,Central,227.0,4,3,29510000.0,130000.0,Lot,1.78,8.5,9.9,9.9,0.18,0.2,Q2,2024
Marina Bay - Financial,Central,116.0,3,3,14918876.0,128611.0,Lot,2.46,9.2,9.9,9.9,0.242,0.2,Q1,2024
Marina Bay - Financial,Central,167.0,3,3,21710000.0,130000.0,Condo,1.12,9.1,9.9,9.9,0.129,0.2,Q1,2024
Marina Bay - Financial,Central,135.0,2,1,16144920.0,119592.0,Lot,2.11,9.2,9.9,9.9,0.343,0.2,Q4,2025
Marina Bay - Financial,Central,254.0,3,3,33020000.0,130000.0,House,1.72,8.8,9.9,9.9,0.212,0.2,Q1,2024
Marina Bay - Financial,Central,211.0,3,2,27430000.0,130000.0,Condo,2.28,9.8,9.9,9.9,0.175,0.2,Q3,2024
Marina Bay - Financial,Central,227.0,3,3,28202480.0,124240.0,Condo,2.18,9.3,9.9,9.9,0.345,0.2,Q1,2024
Marina Bay - Financial,Central,49.0,4,4,6050863.0,123487.0,Condo,1.97,9.5,9.9,9.9,0.305,0.2,Q3,2024
Marina Bay - Financial,Central,97.0,1,1,11386345.0,117385.0,Townhouse,1.41,9.0,9.9,9.9,0.42,0.2,Q4,2025
Marina Bay - Financial,Central,174.0,3,2,22041276.0,126674.0,House,1.56,9.1,9.9,9.9,0.315,0.2,Q4,2024
Marina Bay - Financial,Central,211.0,3,3,27430000.0,130000.0,House,2.18,8.0,9.9,9.9,0.272,0.2,Q3,2024
Marina Bay - Financial,Central,277.0,1,1,32270777.0,116501.0,Condo,2.1,9.3,9.9,9.9,0.45,0.2,Q3,2025
Marina Bay - Financial,Central,192.0,1,1,24960000.0,130000.0,Condo,1.94,8.4,9.9,9.9,0.225,0.2,Q2,2024
Marina Bay - Financial,Central,227.0,2,1,28816969.0,126947.0,House,2.16,7.7,9.9,9.9,0.242,0.2,Q1,2024
Marina Bay - Financial,Central,65.0,2,1,7519395.0,115683.0,Condo,2.92,9.7,9.9,9.9,0.352,0.2,Q1,2025
Marina Bay - Financial,Central,80.0,2,2,9469440.0,118368.0,House,1.34,9.0,9.9,9.9,0.371,0.2,Q4,2025
Marina Bay - Financial,Central,111.0,4,4,14430000.0,130000.0,Townhouse,2.05,9.4,9.9,9.9,0.077,0.2,Q3,2024
Marina Bay - Financial,Central,104.0,3,3,11898432.0,114408.0,Condo,2.16,9.6,9.9,9.9,0.36,0.2,Q4,2024
Marina Bay - Financial,Central,236.0,2,2,30680000.0,130000.0,House,1.96,9.3,9.9,9.9,0.149,0.2,Q3,2025
Marina Bay - Financial,Central,166.0,1,1,21580000.0,130000.0,Condo,1.95,9.3,9.9,9.9,0.107,0.2,Q1,2024
Marina Bay - Financial,Central,73.0,4,3,8180161.0,112057.0,House,1.99,9.0,9.9,9.9,0.391,0.2,Q1,2024
Marina Bay - Financial,Central,76.0,2,2,9792220.0,128845.0,Condo,2.05,10.0,9.9,9.9,0.173,0.2,Q3,2024
Marina Bay - Financial,Central,216.0,3,3,28080000.0,130000.0,House,1.74,9.0,9.9,9.9,0.157,0.2,Q2,2024
Marina Bay - Financial,Central,144.0,4,4,18720000.0,130000.0,House,2.08,8.1,9.9,9.9,0.161,0.2,Q4,2025
Marina Bay - Financial,Central,92.0,2,1,11960000.0,130000.0,Condo,2.46,8.3,9.9,9.9,0.021,0.2,Q1,2024
Marina Bay - Financial,Central,266.0,3,2,34580000.0,130000.0,Townhouse,2.12,9.2,9.9,9.9,0.176,0.2,Q1,2024
Marina Bay - Financial,Central,50.0,2,2,6500000.0,130000.0,Condo,1.97,8.0,9.9,9.9,0.173,0.2,Q2,2024
Marina Bay - Financial,Central,168.0,2,1,21840000.0,130000.0,Condo,1.97,8.1,9.9,9.9,0.025,0.2,Q1,2025
Marina Bay - Financial,Central,189.0,3,2,24543540.0,129860.0,House,2.13,9.8,9.9,9.9,0.295,0.2,Q2,2025
Marina Bay - Financial,Central,173.0,1,1,22490000.0,130000.0,Condo,2.55,10.0,9.9,9.9,0.064,0.2,Q2,2025
Marina Bay - Financial,Central,264.0,1,1,34320000.0,130000.0,Condo,2.3,8.9,9.9,9.9,0.181,0.2,Q3,2024
Marina Bay - Financial,Central,260.0,3,2,33800000.0,130000.0,House,2.08,8.9,9.9,9.9,0.024,0.2,Q3,2025
Marina Bay - Financial,Central,213.0,4,3,25969173.0,121921.0,Condo,2.55,9.2,9.9,9.9,0.347,0.2,Q2,2025
Marina Bay - Financial,Central,188.0,4,4,24440000.0,130000.0,Condo,1.69,8.9,9.9,9.9,0.158,0.2,Q1,2024
Marina Bay - Financial,Central,116.0,3,3,15080000.0,130000.0,Condo,2.5,9.7,9.9,9.9,0.077,0.2,Q3,2024
Marina Bay - Financial,Central,125.0,3,3,16250000.0,130000.0,Condo,2.0,9.0,9.9,9.9,0.088,0.2,Q3,2025
Marina Bay - Financial,Central,277.0,4,3,34495364.0,124532.0,Condo,2.35,7.4,9.9,9.9,0.26,0.2,Q1,2024
Marina Bay - Financial,Central,169.0,3,2,21970000.0,130000.0,Lot,2.6,9.2,9.9,9.9,0.08,0.2,Q4,2024
Marina Bay - Financial,Central,204.0,4,3,26520000.0,130000.0,Condo,2.29,9.0,9.9,9.9,0.063,0.2,Q4,2025
Bishan - Mid-Town,Central,51.0,1,1,3824643.0,74993.0,Lot,14.59,6.7,8.5,7.5,0.213,0.1923,Q2,2024
Bishan - Mid-Town,Central,229.0,2,2,17555369.0,76661.0,Condo,14.65,6.3,8.5,7.5,0.369,0.2,Q3,2024
Bishan - Mid-Town,Central,234.0,2,1,21263346.0,90869.0,House,14.92,5.7,8.5,7.5,0.057,0.2,Q1,2024
Bishan - Mid-Town,Central,102.0,3,3,7220580.0,70790.0,Condo,15.13,6.6,8.5,7.5,0.43,0.2,Q3,2025
Bishan - Mid-Town,Central,180.0,2,2,13154400.0,73080.0,Lot,15.19,5.9,8.5,7.5,0.427,0.2,Q3,2025
Bishan - Mid-Town,Central,44.0,3,2,3426764.0,77881.0,Lot,14.5,5.9,8.5,7.5,0.051,0.2,Q1,2024
Bishan - Mid-Town,Central,165.0,2,2,14294280.0,86632.0,Condo,14.74,6.3,8.5,7.5,0.11,0.2,Q3,2024
Bishan - Mid-Town,Central,180.0,3,2,14561100.0,80895.0,Townhouse,14.93,5.1,8.5,7.5,0.124,0.2,Q2,2024
Bishan - Mid-Town,Central,95.0,1,1,6823755.0,71829.0,House,14.84,5.9,8.5,7.5,0.403,0.2,Q4,2025
Bishan - Mid-Town,Central,229.0,3,2,18747314.0,81866.0,Condo,15.64,5.2,8.5,7.5,0.186,0.2,Q4,2024
Bishan - Mid-Town,Central,76.0,3,2,6162384.0,81084.0,House,15.07,6.2,8.5,7.5,0.046,0.2,Q1,2025
Bishan - Mid-Town,Central,223.0,1,1,19740406.0,88522.0,House,15.14,6.4,8.5,7.5,0.034,0.1905,Q2,2025
Bishan - Mid-Town,Central,175.0,2,1,15344700.0,87684.0,Townhouse,15.17,6.7,8.5,7.5,0.165,0.2,Q1,2024
Bishan - Mid-Town,Central,181.0,3,2,14430587.0,79727.0,Condo,15.26,5.2,8.5,7.5,0.186,0.1657,Q4,2025
Bishan - Mid-Town,Central,228.0,1,1,17268264.0,75738.0,House,14.72,5.6,8.5,7.5,0.436,0.2,Q1,2025
Bishan - Mid-Town,Central,118.0,2,1,8963634.0,75963.0,Condo,15.15,5.6,8.5,7.5,0.332,0.2,Q3,2025
Bishan - Mid-Town,Central,243.0,1,1,20724741.0,85287.0,Townhouse,15.4,6.8,8.5,7.5,0.224,0.2,Q3,2024
Bishan - Mid-Town,Central,73.0,4,4,5571725.0,76325.0,Condo,14.36,5.9,8.5,7.5,0.288,0.2,Q4,2025
Bishan - Mid-Town,Central,272.0,4,4,22052672.0,81076.0,Condo,14.67,6.1,8.5,7.5,0.279,0.1586,Q1,2024
Bishan - Mid-Town,Central,163.0,5,5,12951491.0,79457.0,House,15.09,5.2,8.5,7.5,0.161,0.1663,Q4,2024
Bishan - Mid-Town,Central,141.0,4,4,11229099.0,79639.0,House,14.92,5.9,8.5,7.5,0.16,0.2,Q3,2025
Bishan - Mid-Town,Central,116.0,2,2,8821220.0,76045.0,Condo,15.12,5.5,8.5,7.5,0.214,0.2,Q4,2025
Bishan - Mid-Town,Central,54.0,3,3,3681234.0,68171.0,House,14.74,5.9,8.5,7.5,0.411,0.2,Q3,2024
Bishan - Mid-Town,Central,79.0,2,1,5579375.0,70625.0,Townhouse,15.77,6.6,8.5,7.5,0.388,0.2,Q2,2025
Bishan - Mid-Town,Central,187.0,3,3,15598231.0,83413.0,Townhouse,14.97,6.4,8.5,7.5,0.169,0.2,Q2,2024
Bishan - Mid-Town,Central,264.0,2,2,24838176.0,94084.0,House,14.78,5.2,8.5,7.5,0.058,0.2,Q1,2025
Bishan - Mid-Town,Central,262.0,2,2,22110966.0,84393.0,Townhouse,14.73,7.0,8.5,7.5,0.362,0.2,Q2,2025
Bishan - Mid-Town,Central,127.0,2,1,8932037.0,70331.0,Townhouse,15.71,5.8,8.5,7.5,0.397,0.2,Q2,2024
Bishan - Mid-Town,Central,199.0,3,3,17537472.0,88128.0,Condo,15.12,6.3,8.5,7.5,0.091,0.1692,Q1,2025
Bishan - Mid-Town,Central,64.0,4,3,4867392.0,76053.0,Condo,15.21,6.1,8.5,7.5,0.242,0.2,Q2,2024
Bishan - Mid-Town,Central,153.0,4,4,12256983.0,80111.0,Condo,15.68,4.7,8.5,7.5,0.156,0.2,Q1,2025
Bishan - Mid-Town,Central,229.0,3,2,19331264.0,84416.0,House,15.52,6.5,8.5,7.5,0.26,0.2,Q4,2025
Bishan - Mid-Town,Central,213.0,2,2,18423222.0,86494.0,House,14.68,5.8,8.5,7.5,0.11,0.1852,Q1,2024
Bishan - Mid-Town,Central,152.0,2,1,13096624.0,86162.0,Condo,14.98,5.7,8.5,7.5,0.099,0.2,Q2,2024
Bishan - Mid-Town,Central,192.0,4,4,15365952.0,80031.0,Condo,14.57,5.0,8.5,7.5,0.221,0.2,Q1,2025
Bishan - Mid-Town,Central,134.0,2,1,11265380.0,84070.0,Condo,15.89,6.2,8.5,7.5,0.113,0.2,Q4,2025
Bishan - Mid-Town,Central,190.0,2,1,14695550.0,77345.0,House,15.26,6.3,8.5,7.5,0.261,0.2,Q2,2025
Bishan - Mid-Town,Central,33.0,4,4,2609706.0,79082.0,Condo,14.15,5.2,8.5,7.5,0.027,0.2,Q4,2024
Bishan - Mid-Town,Central,118.0,4,4,8521842.0,72219.0,Lot,15.74,5.3,8.5,7.5,0.433,0.2,Q2,2025
Bishan - Mid-Town,Central,43.0,2,1,3485494.0,81058.0,Lot,15.09,6.1,8.5,7.5,0.044,0.2,Q3,2024
Bishan - Mid-Town,Central,49.0,2,1,3220427.0,65723.0,Condo,14.84,7.2,8.5,7.5,0.419,0.2,Q2,2024
Bishan - Mid-Town,Central,47.0,1,1,3279472.0,69776.0,Condo,15.42,5.4,8.5,7.5,0.355,0.2,Q2,2024
Bishan - Mid-Town,Central,263.0,2,1,21949717.0,83459.0,Condo,15.46,6.1,8.5,7.5,0.241,0.2,Q2,2025
Bishan - Mid-Town,Central,258.0,1,1,20622456.0,79932.0,House,14.69,6.3,8.5,7.5,0.349,0.2,Q2,2024
Bishan - Mid-Town,Central,73.0,1,1,4933559.0,67583.0,Condo,14.77,5.3,8.5,7.5,0.418,0.2,Q4,2025
Bishan - Mid-Town,Central,40.0,4,4,3064240.0,76606.0,Condo,15.04,5.8,8.5,7.5,0.172,0.2,Q2,2025
Bishan - Mid-Town,Central,262.0,1,1,20954236.0,79978.0,House,14.66,6.0,8.5,7.5,0.318,0.2,Q2,2024
Bishan - Mid-Town,Central,80.0,3,3,6506400.0,81330.0,Condo,14.75,7.0,8.5,7.5,0.047,0.1569,Q4,2025
Bishan - Mid-Town,Central,278.0,2,2,22659224.0,81508.0,Condo,15.05,5.9,8.5,7.5,0.213,0.1586,Q2,2024
Bishan - Mid-Town,Central,66.0,2,1,5420976.0,82136.0,Townhouse,14.78,6.6,8.5,7.5,0.056,0.2,Q2,2025
Bishan - Mid-Town,Central,220.0,3,2,19090940.0,86777.0,House,15.3,6.6,8.5,7.5,0.065,0.2,Q3,2025
Bishan - Mid-Town,Central,105.0,2,2,7983045.0,76029.0,Townhouse,15.28,5.1,8.5,7.5,0.188,0.2,Q1,2025
Bishan - Mid-Town,Central,31.0,3,2,2443451.0,78821.0,House,15.35,5.4,8.5,7.5,0.065,0.2,Q2,2024
Bishan - Mid-Town,Central,238.0,4,4,19851342.0,83409.0,Townhouse,14.83,6.6,8.5,7.5,0.247,0.2,Q1,2025
Bishan - Mid-Town,Central,163.0,1,1,12406908.0,76116.0,House,14.37,6.3,8.5,7.5,0.409,0.2,Q3,2024
Bishan - Mid-Town,Central,142.0,3,2,12369336.0,87108.0,Condo,14.9,6.6,8.5,7.5,0.074,0.2,Q1,2024
Bishan - Mid-Town,Central,176.0,1,1,14979184.0,85109.0,Condo,15.32,6.5,8.5,7.5,0.043,0.2,Q1,2025
Bishan - Mid-Town,Central,224.0,3,2,19324704.0,86271.0,Condo,15.08,6.4,8.5,7.5,0.108,0.1849,Q4,2025
Bishan - Mid-Town,Central,90.0,4,4,6539670.0,72663.0,Condo,15.72,6.4,8.5,7.5,0.254,0.2,Q4,2024
Bishan - Mid-Town,Central,45.0,2,1,3045825.0,67685.0,House,14.65,5.7,8.5,7.5,0.402,0.2,Q1,2024
Bishan - Mid-Town,Central,99.0,3,2,7607259.0,76841.0,Condo,15.04,6.7,8.5,7.5,0.243,0.2,Q2,2024
Bishan - Mid-Town,Central,114.0,3,3,8846970.0,77605.0,Lot,15.27,6.2,8.5,7.5,0.175,0.2,Q3,2024
Bishan - Mid-Town,Central,218.0,1,1,18695244.0,85758.0,House,15.15,6.0,8.5,7.5,0.066,0.1613,Q1,2025
Bishan - Mid-Town,Central,92.0,3,2,6910028.0,75109.0,Townhouse,16.05,5.6,8.5,7.5,0.338,0.2,Q1,2024
Bishan - Mid-Town,Central,110.0,3,3,8384200.0,76220.0,Condo,15.04,5.9,8.5,7.5,0.207,0.2,Q4,2025
Bishan - Mid-Town,Central,110.0,2,2,8870400.0,80640.0,Townhouse,14.51,6.5,8.5,7.5,0.219,0.2,Q2,2024
Bishan - Mid-Town,Central,31.0,2,1,2369144.0,76424.0,Condo,15.81,6.8,8.5,7.5,0.162,0.2,Q4,2025
Bishan - Mid-Town,Central,143.0,3,3,11541244.0,80708.0,Townhouse,14.57,6.1,8.5,7.5,0.169,0.2,Q2,2024
Bishan - Mid-Town,Central,154.0,3,3,13039180.0,84670.0,House,14.13,6.3,8.5,7.5,0.043,0.2,Q4,2024
Bishan - Mid-Town,Central,95.0,4,4,7755230.0,81634.0,Lot,14.76,6.9,8.5,7.5,0.162,0.2,Q3,2024
Bishan - Mid-Town,Central,60.0,1,1,4298820.0,71647.0,Townhouse,14.74,4.9,8.5,7.5,0.342,0.2,Q3,2024
Bishan - Mid-Town,Central,141.0,2,1,11243481.0,79741.0,House,15.13,5.4,8.5,7.5,0.269,0.2,Q2,2025
Bishan - Mid-Town,Central,34.0,3,2,2638026.0,77589.0,Condo,14.67,5.7,8.5,7.5,0.075,0.1841,Q2,2025
Bishan - Mid-Town,Central,209.0,2,1,17533846.0,83894.0,Lot,14.98,6.6,8.5,7.5,0.235,0.1816,Q2,2025
Bishan - Mid-Town,Central,143.0,3,3,11713273.0,81911.0,Townhouse,15.81,5.7,8.5,7.5,0.149,0.2,Q1,2024
Bishan - Mid-Town,Central,141.0,5,4,12048450.0,85450.0,House,14.9,6.1,8.5,7.5,0.026,0.1696,Q1,2025
Bishan - Mid-Town,Central,78.0,3,3,6514248.0,83516.0,House,15.5,7.2,8.5,7.5,0.097,0.2,Q4,2024
Bishan - Mid-Town,Central,158.0,1,1,12624674.0,79903.0,Condo,15.82,6.6,8.5,7.5,0.17,0.2,Q1,2025
Bishan - Mid-Town,Central,38.0,3,2,2505796.0,65942.0,Condo,15.55,6.7,8.5,7.5,0.411,0.2,Q3,2024
Bishan - Mid-Town,Central,264.0,3,2,23531904.0,89136.0,Condo,14.67,5.1,8.5,7.5,0.117,0.2,Q1,2024
Bishan - Mid-Town,Central,41.0,4,3,2863768.0,69848.0,Condo,15.44,6.7,8.5,7.5,0.446,0.2,Q3,2025
Bishan - Mid-Town,Central,122.0,4,4,9084364.0,74462.0,Condo,14.81,6.4,8.5,7.5,0.341,0.2,Q2,2025
Bishan - Mid-Town,Central,194.0,2,1,16292120.0,83980.0,Condo,14.54,5.8,8.5,7.5,0.238,0.2,Q2,2024
Bishan - Mid-Town,Central,30.0,2,1,2386080.0,79536.0,Condo,14.48,6.5,8.5,7.5,0.211,0.2,Q1,2025
Bishan - Mid-Town,Central,106.0,2,2,8216802.0,77517.0,Condo,14.9,5.9,8.5,7.5,0.284,0.1831,Q1,2025
Bishan - Mid-Town,Central,43.0,2,2,2699583.0,62781.0,Townhouse,14.76,5.8,8.5,7.5,0.414,0.1581,Q1,2024
Bishan - Mid-Town,Central,224.0,4,3,18419296.0,82229.0,House,15.11,5.0,8.5,7.5,0.194,0.2,Q2,2025
Bishan - Mid-Town,Central,278.0,2,2,22312280.0,80260.0,Condo,14.56,5.9,8.5,7.5,0.376,0.2,Q2,2025
Bishan - Mid-Town,Central,257.0,3,3,19918785.0,77505.0,Condo,15.08,6.0,8.5,7.5,0.372,0.2,Q2,2025
Bishan - Mid-Town,Central,243.0,4,3,20983050.0,86350.0,Condo,14.68,6.8,8.5,7.5,0.054,0.17,Q1,2024
Bishan - Mid-Town,Central,108.0,3,3,8514936.0,78842.0,Condo,14.66,5.9,8.5,7.5,0.19,0.2,Q2,2024
Bishan - Mid-Town,Central,29.0,3,2,2077125.0,71625.0,Lot,15.57,5.3,8.5,7.5,0.321,0.2,Q4,2025
Bishan - Mid-Town,Central,137.0,3,2,10002233.0,73009.0,Condo,15.05,5.7,8.5,7.5,0.392,0.2,Q2,2024
Bishan - Mid-Town,Central,219.0,3,3,17093169.0,78051.0,Townhouse,15.03,6.3,8.5,7.5,0.379,0.2,Q1,2024
Bishan - Mid-Town,Central,80.0,3,3,5096880.0,63711.0,Condo,14.52,5.2,8.5,7.5,0.439,0.2,Q1,2024
Bishan - Mid-Town,Central,53.0,3,3,3638397.0,68649.0,Townhouse,15.12,4.3,8.5,7.5,0.392,0.2,Q4,2024
Bishan - Mid-Town,Central,156.0,3,3,11755380.0,75355.0,Condo,14.97,4.9,8.5,7.5,0.33,0.2,Q1,2024
Bishan - Mid-Town,Central,222.0,1,1,17046048.0,76784.0,Condo,13.95,4.5,8.5,7.5,0.31,0.2,Q1,2024
Bishan - Mid-Town,Central,197.0,3,3,17213269.0,87377.0,House,14.9,6.1,8.5,7.5,0.121,0.2,Q3,2024
Bishan - Mid-Town,Central,217.0,5,4,18057438.0,83214.0,Condo,13.99,5.7,8.5,7.5,0.277,0.2,Q3,2025
Bishan - Mid-Town,Central,271.0,5,4,21745311.0,80241.0,House,15.06,6.1,8.5,7.5,0.42,0.1985,Q2,2025
Bishan - Mid-Town,Central,117.0,4,4,8481330.0,72490.0,Lot,15.5,5.3,8.5,7.5,0.397,0.2,Q2,2025
Bishan - Mid-Town,Central,246.0,3,3,22901124.0,93094.0,Condo,14.78,5.4,8.5,7.5,0.032,0.2,Q2,2024
Bishan - Mid-Town,Central,55.0,3,2,3557180.0,64676.0,House,14.57,6.0,8.5,7.5,0.418,0.2,Q1,2024
Bishan - Mid-Town,Central,183.0,3,3,15104637.0,82539.0,Condo,14.53,6.7,8.5,7.5,0.161,0.2,Q3,2024
Bishan - Mid-Town,Central,143.0,4,4,11126544.0,77808.0,Condo,14.81,6.4,8.5,7.5,0.187,0.2,Q3,2024
Bishan - Mid-Town,Central,49.0,3,2,3641092.0,74308.0,Condo,15.07,7.0,8.5,7.5,0.327,0.2,Q4,2025
Bishan - Mid-Town,Central,224.0,3,3,18032448.0,80502.0,Lot,15.05,4.2,8.5,7.5,0.242,0.1812,Q1,2025
Bishan - Mid-Town,Central,262.0,4,4,21343568.0,81464.0,Townhouse,14.88,5.7,8.5,7.5,0.399,0.2,Q2,2024
Bishan - Mid-Town,Central,250.0,4,3,22600750.0,90403.0,House,15.07,5.4,8.5,7.5,0.023,0.2,Q2,2025
Bishan - Mid-Town,Central,213.0,2,1,16302594.0,76538.0,Condo,15.07,6.3,8.5,7.5,0.432,0.2,Q3,2025
Bishan - Mid-Town,Central,146.0,4,4,11639704.0,79724.0,Townhouse,15.05,7.1,8.5,7.5,0.224,0.2,Q2,2024
Bishan - Mid-Town,Central,253.0,3,3,22513205.0,88985.0,House,14.39,5.5,8.5,7.5,0.143,0.2,Q3,2024
Bishan - Mid-Town,Central,164.0,4,4,13107044.0,79921.0,House,14.95,5.4,8.5,7.5,0.247,0.1575,Q3,2024
Bishan - Mid-Town,Central,89.0,2,2,7062951.0,79359.0,House,14.27,6.5,8.5,7.5,0.274,0.2,Q2,2024
Bishan - Mid-Town,Central,200.0,2,1,14767200.0,73836.0,Lot,15.15,5.5,8.5,7.5,0.3,0.2,Q1,2025
Bishan - Mid-Town,Central,97.0,4,3,6689508.0,68964.0,Townhouse,15.0,5.9,8.5,7.5,0.392,0.2,Q1,2024
Bishan - Mid-Town,Central,66.0,1,1,4960032.0,75152.0,Condo,15.86,5.9,8.5,7.5,0.308,0.1925,Q4,2025
Bishan - Mid-Town,Central,194.0,3,2,16795938.0,86577.0,Condo,14.61,6.6,8.5,7.5,0.104,0.2,Q4,2024
Bishan - Mid-Town,Central,104.0,5,4,7757984.0,74596.0,Townhouse,15.75,6.0,8.5,7.5,0.369,0.2,Q4,2025
Bishan - Mid-Town,Central,132.0,2,2,9700152.0,73486.0,House,15.41,5.9,8.5,7.5,0.364,0.2,Q3,2024
Bishan - Mid-Town,Central,161.0,2,2,13137117.0,81597.0,Condo,14.99,4.9,8.5,7.5,0.246,0.2,Q1,2024
Bishan - Mid-Town,Central,179.0,4,3,15464168.0,86392.0,Lot,15.27,6.6,8.5,7.5,0.105,0.2,Q4,2025
Bishan - Mid-Town,Central,189.0,4,3,14654493.0,77537.0,House,14.88,5.5,8.5,7.5,0.331,0.2,Q4,2024
Bishan - Mid-Town,Central,36.0,2,2,2471004.0,68639.0,Condo,14.49,5.1,8.5,7.5,0.347,0.2,Q4,2024
Bishan - Mid-Town,Central,176.0,1,1,13332176.0,75751.0,House,14.73,6.5,8.5,7.5,0.446,0.1879,Q2,2024
Bishan - Mid-Town,Central,112.0,3,2,9175040.0,81920.0,Townhouse,15.0,6.8,8.5,7.5,0.159,0.2,Q3,2025
Bishan - Mid-Town,Central,150.0,2,1,11190900.0,74606.0,Condo,15.31,5.8,8.5,7.5,0.301,0.1582,Q4,2024
Bishan - Mid-Town,Central,241.0,3,3,18735581.0,77741.0,Condo,14.95,6.3,8.5,7.5,0.363,0.2,Q4,2024
Bishan - Mid-Town,Central,161.0,2,2,11434220.0,71020.0,Condo,14.84,6.1,8.5,7.5,0.397,0.2,Q1,2024
Bishan - Mid-Town,Central,165.0,1,1,12568875.0,76175.0,Condo,14.43,7.4,8.5,7.5,0.353,0.2,Q4,2025
Bishan - Mid-Town,Central,48.0,3,3,3296016.0,68667.0,Condo,15.14,7.3,8.5,7.5,0.417,0.2,Q1,2024
Bishan - Mid-Town,Central,243.0,3,2,22299867.0,91769.0,House,14.57,5.8,8.5,7.5,0.053,0.2,Q3,2024
Bishan - Mid-Town,Central,102.0,3,3,8801580.0,86290.0,Condo,14.39,5.2,8.5,7.5,0.022,0.2,Q2,2024
Bishan - Mid-Town,Central,78.0,3,2,6326502.0,81109.0,House,14.9,7.0,8.5,7.5,0.057,0.1689,Q2,2024
Bishan - Mid-Town,Central,76.0,3,3,5884300.0,77425.0,Condo,14.59,4.5,8.5,7.5,0.185,0.2,Q2,2024
Bishan - Mid-Town,Central,51.0,1,1,3707394.0,72694.0,Condo,14.67,6.2,8.5,7.5,0.274,0.2,Q4,2024
Bishan - Mid-Town,Central,194.0,3,3,16475450.0,84925.0,Lot,15.6,5.9,8.5,7.5,0.178,0.2,Q2,2024
Bishan - Mid-Town,Central,25.0,3,3,1731075.0,69243.0,House,15.01,5.1,8.5,7.5,0.429,0.2,Q2,2024
Bishan - Mid-Town,Central,274.0,2,2,23564548.0,86002.0,House,15.15,6.1,8.5,7.5,0.267,0.1896,Q2,2024
Bishan - Mid-Town,Central,117.0,5,4,8378604.0,71612.0,House,15.29,6.1,8.5,7.5,0.382,0.2,Q3,2024
Bishan - Mid-Town,Central,245.0,5,5,18664835.0,76183.0,Condo,15.24,5.2,8.5,7.5,0.391,0.2,Q4,2024
Bishan - Mid-Town,Central,218.0,1,1,18432554.0,84553.0,Townhouse,15.21,5.9,8.5,7.5,0.335,0.2,Q4,2024
Bishan - Mid-Town,Central,161.0,2,2,13275899.0,82459.0,Condo,15.82,5.9,8.5,7.5,0.124,0.2,Q4,2024
Bishan - Mid-Town,Central,166.0,3,2,12587448.0,75828.0,Lot,14.38,6.2,8.5,7.5,0.41,0.2,Q3,2024
Bishan - Mid-Town,Central,219.0,3,3,17739657.0,81003.0,Condo,15.1,5.4,8.5,7.5,0.246,0.2,Q2,2025
Bishan - Mid-Town,Central,121.0,5,4,9805719.0,81039.0,Condo,14.7,5.3,8.5,7.5,0.139,0.2,Q1,2024
Bishan - Mid-Town,Central,37.0,4,4,2948530.0,79690.0,Condo,15.59,5.6,8.5,7.5,0.075,0.2,Q2,2025
Bishan - Mid-Town,Central,219.0,5,4,19876221.0,90759.0,Condo,15.38,6.8,8.5,7.5,0.181,0.2,Q4,2025
Bishan - Mid-Town,Central,44.0,4,3,3705416.0,84214.0,Townhouse,14.53,5.9,8.5,7.5,0.074,0.2,Q3,2025
Bishan - Mid-Town,Central,233.0,2,2,18574527.0,79719.0,House,15.7,4.8,8.5,7.5,0.188,0.1922,Q4,2025
Bishan - Mid-Town,Central,48.0,2,2,3261456.0,67947.0,House,14.52,6.5,8.5,7.5,0.368,0.1636,Q1,2025
Bishan - Mid-Town,Central,155.0,5,5,12614210.0,81382.0,Condo,14.82,6.5,8.5,7.5,0.11,0.2,Q3,2025
Bishan - Mid-Town,Central,197.0,4,4,13698986.0,69538.0,Townhouse,14.68,7.0,8.5,7.5,0.389,0.2,Q3,2025
Bishan - Mid-Town,Central,271.0,1,1,20743153.0,76543.0,Condo,14.81,5.7,8.5,7.5,0.422,0.2,Q3,2024
Bishan - Mid-Town,Central,166.0,3,2,13909638.0,83793.0,Condo,15.17,6.0,8.5,7.5,0.202,0.2,Q2,2024
Bishan - Mid-Town,Central,176.0,3,3,15430272.0,87672.0,Townhouse,15.13,7.2,8.5,7.5,0.061,0.2,Q3,2025
Bishan - Mid-Town,Central,88.0,4,4,6400856.0,72737.0,House,14.58,6.3,8.5,7.5,0.392,0.2,Q4,2025
Bishan - Mid-Town,Central,205.0,4,3,16916600.0,82520.0,Condo,14.6,6.0,8.5,7.5,0.196,0.155,Q2,2024
Bishan - Mid-Town,Central,207.0,1,1,17622945.0,85135.0,Condo,15.2,5.8,8.5,7.5,0.109,0.2,Q3,2024
Bishan - Mid-Town,Central,213.0,3,3,18374232.0,86264.0,Condo,15.21,6.0,8.5,7.5,0.111,0.2,Q1,2025
Bishan - Mid-Town,Central,32.0,4,3,2274912.0,71091.0,Townhouse,15.56,5.6,8.5,7.5,0.257,0.2,Q4,2025
Bishan - Mid-Town,Central,266.0,3,3,22045814.0,82879.0,Condo,14.97,6.7,8.5,7.5,0.35,0.1958,Q3,2025
Bishan - Mid-Town,Central,254.0,3,2,22976078.0,90457.0,Townhouse,14.71,6.5,8.5,7.5,0.037,0.1779,Q1,2024
Bishan - Mid-Town,Central,258.0,3,2,21512040.0,83380.0,House,15.01,4.6,8.5,7.5,0.135,0.1772,Q4,2024
Bishan - Mid-Town,Central,48.0,2,2,3444528.0,71761.0,House,15.1,5.0,8.5,7.5,0.261,0.2,Q3,2024
Bishan - Mid-Town,Central,162.0,3,2,12544794.0,77437.0,Condo,15.44,5.0,8.5,7.5,0.311,0.2,Q2,2025
Bishan - Mid-Town,Central,161.0,2,1,12918318.0,80238.0,Condo,15.06,6.1,8.5,7.5,0.081,0.1939,Q2,2025
Bishan - Mid-Town,Central,267.0,4,4,22379673.0,83819.0,Condo,15.55,6.7,8.5,7.5,0.244,0.2,Q4,2025
Bishan - Mid-Town,Central,218.0,2,2,17725580.0,81310.0,Lot,14.35,6.9,8.5,7.5,0.238,0.2,Q4,2025
Bishan - Mid-Town,Central,62.0,2,2,4456808.0,71884.0,Condo,15.68,6.7,8.5,7.5,0.412,0.2,Q1,2024
Bishan - Mid-Town,Central,115.0,3,2,8548410.0,74334.0,House,15.15,6.0,8.5,7.5,0.246,0.1882,Q1,2024
Bishan - Mid-Town,Central,127.0,1,1,10628630.0,83690.0,House,15.17,6.2,8.5,7.5,0.103,0.2,Q3,2024
Bishan - Mid-Town,Central,270.0,1,1,21358620.0,79106.0,House,15.17,5.7,8.5,7.5,0.265,0.1711,Q2,2024
Bishan - Mid-Town,Central,38.0,3,2,2594336.0,68272.0,Townhouse,15.32,6.7,8.5,7.5,0.423,0.161,Q2,2024
Bishan - Mid-Town,Central,207.0,5,4,17423190.0,84170.0,Condo,15.03,5.3,8.5,7.5,0.078,0.2,Q2,2024
Bishan - Mid-Town,Central,125.0,2,2,9773625.0,78189.0,Condo,14.37,6.0,8.5,7.5,0.224,0.1662,Q4,2025
Bishan - Mid-Town,Central,90.0,2,1,7810740.0,86786.0,Condo,14.96,5.3,8.5,7.5,0.021,0.1962,Q4,2024
Bishan - Mid-Town,Central,136.0,3,3,10712720.0,78770.0,Lot,15.05,6.7,8.5,7.5,0.244,0.2,Q4,2024
Bishan - Mid-Town,Central,165.0,2,1,11885115.0,72031.0,House,15.33,6.7,8.5,7.5,0.384,0.2,Q4,2025
Bishan - Mid-Town,Central,258.0,1,1,20816988.0,80686.0,House,14.5,6.0,8.5,7.5,0.232,0.2,Q2,2024
Bishan - Mid-Town,Central,252.0,1,1,20433672.0,81086.0,Condo,15.36,5.0,8.5,7.5,0.281,0.2,Q4,2024
Bishan - Mid-Town,Central,56.0,2,1,3967376.0,70846.0,Townhouse,14.42,5.4,8.5,7.5,0.4,0.2,Q4,2024
Bishan - Mid-Town,Central,58.0,3,3,4309632.0,74304.0,Condo,15.0,5.6,8.5,7.5,0.175,0.2,Q3,2025
Bishan - Mid-Town,Central,165.0,2,2,12749385.0,77269.0,Condo,15.11,6.1,8.5,7.5,0.267,0.2,Q3,2024
Bishan - Mid-Town,Central,104.0,3,2,8614112.0,82828.0,House,15.27,6.2,8.5,7.5,0.184,0.2,Q4,2024
Bishan - Mid-Town,Central,129.0,3,2,9161451.0,71019.0,Condo,14.75,6.6,8.5,7.5,0.439,0.2,Q2,2025
Bishan - Mid-Town,Central,48.0,3,3,3157728.0,65786.0,Condo,15.83,6.5,8.5,7.5,0.377,0.2,Q3,2024
Bishan - Mid-Town,Central,167.0,1,1,14127532.0,84596.0,Townhouse,15.24,7.1,8.5,7.5,0.121,0.2,Q1,2024
Bishan - Mid-Town,Central,243.0,3,3,19841436.0,81652.0,House,15.0,6.3,8.5,7.5,0.287,0.2,Q4,2024
Bishan - Mid-Town,Central,98.0,3,3,7368914.0,75193.0,Condo,15.42,6.8,8.5,7.5,0.328,0.2,Q4,2024
Bishan - Mid-Town,Central,258.0,4,3,20432826.0,79197.0,Lot,14.23,6.4,8.5,7.5,0.362,0.1724,Q3,2024
Bishan - Mid-Town,Central,221.0,2,1,19607783.0,88723.0,House,14.41,6.9,8.5,7.5,0.035,0.2,Q2,2025
Bishan - Mid-Town,Central,152.0,3,2,12498048.0,82224.0,House,15.34,6.7,8.5,7.5,0.163,0.2,Q4,2025
Bishan - Mid-Town,Central,247.0,2,2,19313177.0,78191.0,Condo,15.45,6.1,8.5,7.5,0.347,0.2,Q1,2025
Bishan - Mid-Town,Central,38.0,3,3,2435686.0,64097.0,Condo,15.72,6.2,8.5,7.5,0.376,0.1714,Q4,2024
Bishan - Mid-Town,Central,114.0,3,2,9359058.0,82097.0,Condo,15.02,6.8,8.5,7.5,0.024,0.2,Q1,2025
Bishan - Mid-Town,Central,201.0,3,3,17010228.0,84628.0,Townhouse,15.2,5.6,8.5,7.5,0.24,0.2,Q4,2024
Bishan - Mid-Town,Central,121.0,4,4,8480285.0,70085.0,Townhouse,14.02,5.9,8.5,7.5,0.426,0.2,Q2,2025
Bishan - Mid-Town,Central,129.0,1,1,10397013.0,80597.0,Condo,15.34,6.8,8.5,7.5,0.134,0.2,Q4,2025
Bishan - Mid-Town,Central,68.0,1,1,5046280.0,74210.0,Lot,15.24,5.8,8.5,7.5,0.381,0.2,Q2,2024
Bishan - Mid-Town,Central,59.0,2,2,4258207.0,72173.0,House,14.79,5.9,8.5,7.5,0.332,0.2,Q1,2025
Bishan - Mid-Town,Central,226.0,2,1,19137228.0,84678.0,House,14.96,6.2,8.5,7.5,0.147,0.2,Q3,2024
Bishan - Mid-Town,Central,270.0,2,2,23105520.0,85576.0,Condo,14.81,5.6,8.5,7.5,0.253,0.2,Q1,2024
Bishan - Mid-Town,Central,93.0,3,2,7586568.0,81576.0,Lot,15.32,5.2,8.5,7.5,0.104,0.2,Q1,2024
Bishan - Mid-Town,Central,269.0,2,1,23351621.0,86809.0,Lot,15.45,5.1,8.5,7.5,0.196,0.2,Q2,2024
Bishan - Mid-Town,Central,220.0,2,1,19836300.0,90165.0,Condo,15.17,5.8,8.5,7.5,0.061,0.2,Q4,2024
Bishan - Mid-Town,Central,242.0,1,1,20687128.0,85484.0,House,14.59,6.4,8.5,7.5,0.149,0.1988,Q2,2024
Bishan - Mid-Town,Central,31.0,3,3,2232341.0,72011.0,Condo,14.98,5.9,8.5,7.5,0.132,0.1573,Q1,2024
Bishan - Mid-Town,Central,245.0,4,4,21467635.0,87623.0,Condo,15.13,5.9,8.5,7.5,0.134,0.2,Q1,2025
Bishan - Mid-Town,Central,119.0,2,2,9874501.0,82979.0,House,14.69,5.5,8.5,7.5,0.128,0.1988,Q3,2024
Bishan - Mid-Town,Central,228.0,2,1,18811368.0,82506.0,Townhouse,14.3,5.3,8.5,7.5,0.239,0.1811,Q4,2024
Bishan - Mid-Town,Central,132.0,3,2,10812780.0,81915.0,Townhouse,15.66,6.9,8.5,7.5,0.14,0.2,Q4,2024
Bishan - Mid-Town,Central,78.0,2,1,6261216.0,80272.0,Townhouse,14.9,5.3,8.5,7.5,0.117,0.2,Q1,2024
Bishan - Mid-Town,Central,208.0,2,2,18006352.0,86569.0,Condo,14.91,4.6,8.5,7.5,0.121,0.2,Q3,2025
Bishan - Mid-Town,Central,163.0,3,3,14107324.0,86548.0,House,15.21,6.8,8.5,7.5,0.097,0.2,Q2,2025
Bishan - Mid-Town,Central,246.0,2,2,20365602.0,82787.0,Condo,14.79,5.3,8.5,7.5,0.176,0.2,Q1,2024
Bishan - Mid-Town,Central,237.0,2,1,20874723.0,88079.0,Lot,15.09,6.2,8.5,7.5,0.047,0.1805,Q3,2025
Bishan - Mid-Town,Central,241.0,2,1,18856081.0,78241.0,Condo,15.69,6.3,8.5,7.5,0.33,0.1754,Q2,2025
Bishan - Mid-Town,Central,34.0,2,1,2608208.0,76712.0,Condo,15.05,6.0,8.5,7.5,0.199,0.2,Q2,2024
Bishan - Mid-Town,Central,146.0,3,2,10252266.0,70221.0,Condo,14.71,5.8,8.5,7.5,0.403,0.1646,Q4,2024
Bishan - Mid-Town,Central,167.0,2,1,14450510.0,86530.0,Condo,14.85,5.8,8.5,7.5,0.074,0.1697,Q1,2024
Bishan - Mid-Town,Central,67.0,4,3,5023593.0,74979.0,Condo,14.66,5.0,8.5,7.5,0.186,0.2,Q4,2024
Bishan - Mid-Town,Central,176.0,2,2,14672416.0,83366.0,Condo,14.67,6.1,8.5,7.5,0.143,0.2,Q4,2024
Bishan - Mid-Town,Central,68.0,1,1,5583004.0,82103.0,Townhouse,14.79,6.2,8.5,7.5,0.066,0.2,Q4,2024
Bishan - Mid-Town,Central,105.0,2,2,8474235.0,80707.0,House,14.42,6.1,8.5,7.5,0.197,0.2,Q3,2024
Bishan - Mid-Town,Central,136.0,3,2,9410384.0,69194.0,Condo,14.94,6.8,8.5,7.5,0.366,0.1602,Q1,2024
Bishan - Mid-Town,Central,139.0,2,1,11609280.0,83520.0,Townhouse,14.93,5.9,8.5,7.5,0.021,0.2,Q1,2024
Bishan - Mid-Town,Central,277.0,4,3,23488769.0,84797.0,House,15.01,6.2,8.5,7.5,0.16,0.1609,Q3,2024
Bishan - Mid-Town,Central,127.0,3,2,10178415.0,80145.0,Condo,15.56,6.5,8.5,7.5,0.298,0.2,Q3,2025
Bishan - Mid-Town,Central,81.0,3,2,6552009.0,80889.0,Condo,15.41,5.9,8.5,7.5,0.164,0.2,Q2,2024
Bishan - Mid-Town,Central,157.0,5,5,13703431.0,87283.0,Lot,14.43,5.6,8.5,7.5,0.028,0.2,Q2,2024
Bishan - Mid-Town,Central,26.0,3,3,2023346.0,77821.0,Lot,15.33,5.9,8.5,7.5,0.132,0.1992,Q4,2024
Bishan - Mid-Town,Central,248.0,4,3,22196000.0,89500.0,House,14.81,6.8,8.5,7.5,0.136,0.2,Q4,2024
Bishan - Mid-Town,Central,67.0,1,1,5316316.0,79348.0,Lot,15.09,7.0,8.5,7.5,0.089,0.1707,Q2,2025
Bishan - Mid-Town,Central,232.0,3,3,18536336.0,79898.0,Lot,14.74,5.4,8.5,7.5,0.334,0.2,Q1,2024
Bishan - Mid-Town,Central,269.0,4,4,24738316.0,91964.0,Condo,14.73,5.8,8.5,7.5,0.023,0.2,Q1,2024
Bishan - Mid-Town,Central,214.0,2,2,18452792.0,86228.0,Condo,14.45,6.1,8.5,7.5,0.132,0.2,Q1,2024
Bishan - Mid-Town,Central,188.0,3,3,15816252.0,84129.0,Townhouse,15.18,6.6,8.5,7.5,0.129,0.1786,Q2,2024
Bishan - Mid-Town,Central,69.0,2,1,4926393.0,71397.0,Condo,15.44,6.1,8.5,7.5,0.316,0.2,Q3,2025
Bishan - Mid-Town,Central,174.0,2,2,13376598.0,76877.0,Lot,15.34,6.0,8.5,7.5,0.311,0.166,Q2,2024
Bishan - Mid-Town,Central,90.0,3,3,7164540.0,79606.0,House,14.68,5.3,8.5,7.5,0.074,0.2,Q4,2025
Bishan - Mid-Town,Central,53.0,3,2,3886225.0,73325.0,House,15.01,5.8,8.5,7.5,0.294,0.2,Q2,2024
Bishan - Mid-Town,Central,162.0,3,3,12373884.0,76382.0,House,15.1,4.6,8.5,7.5,0.289,0.2,Q2,2024
Bishan - Mid-Town,Central,195.0,4,4,16046940.0,82292.0,House,15.01,5.9,8.5,7.5,0.164,0.2,Q3,2025
Bishan - Mid-Town,Central,254.0,3,2,20626070.0,81205.0,Condo,15.16,6.1,8.5,7.5,0.375,0.2,Q2,2024
Bishan - Mid-Town,Central,236.0,3,2,20419900.0,86525.0,House,15.42,5.9,8.5,7.5,0.119,0.2,Q1,2024
Bishan - Mid-Town,Central,256.0,2,2,24064256.0,94001.0,Condo,15.18,6.5,8.5,7.5,0.033,0.2,Q1,2024
Bishan - Mid-Town,Central,62.0,3,2,4623154.0,74567.0,Condo,15.17,6.2,8.5,7.5,0.05,0.1672,Q4,2024
Bishan - Mid-Town,Central,217.0,4,4,18218452.0,83956.0,House,14.72,6.1,8.5,7.5,0.154,0.1864,Q1,2024
Bishan - Mid-Town,Central,88.0,2,2,6841208.0,77741.0,Condo,14.67,6.1,8.5,7.5,0.117,0.2,Q1,2024
Bishan - Mid-Town,Central,233.0,2,1,19409599.0,83303.0,Townhouse,15.19,5.9,8.5,7.5,0.235,0.2,Q3,2024
Bishan - Mid-Town,Central,140.0,2,2,9914100.0,70815.0,Townhouse,14.56,5.9,8.5,7.5,0.342,0.2,Q2,2025
Bishan - Mid-Town,Central,161.0,2,2,12795797.0,79477.0,Condo,14.9,5.6,8.5,7.5,0.154,0.2,Q3,2024
Bishan - Mid-Town,Central,271.0,5,5,24131466.0,89046.0,House,14.82,6.3,8.5,7.5,0.146,0.2,Q4,2024
Bishan - Mid-Town,Central,265.0,4,4,22287560.0,84104.0,House,14.28,5.7,8.5,7.5,0.363,0.2,Q3,2024
Bishan - Mid-Town,Central,61.0,2,2,4739761.0,77701.0,Condo,15.3,6.0,8.5,7.5,0.239,0.2,Q3,2025
Bishan - Mid-Town,Central,234.0,4,3,20688876.0,88414.0,Condo,14.73,5.0,8.5,7.5,0.098,0.2,Q4,2024
Bishan - Mid-Town,Central,133.0,2,2,9917411.0,74567.0,Townhouse,14.14,5.6,8.5,7.5,0.405,0.2,Q4,2025
Bishan - Mid-Town,Central,275.0,2,1,22251625.0,80915.0,House,15.07,5.4,8.5,7.5,0.395,0.1925,Q4,2024
Bishan - Mid-Town,Central,179.0,2,1,13773692.0,76948.0,Townhouse,14.96,5.8,8.5,7.5,0.363,0.2,Q3,2025
Bishan - Mid-Town,Central,172.0,2,1,14556876.0,84633.0,Condo,15.65,5.6,8.5,7.5,0.183,0.2,Q4,2024
Bishan - Mid-Town,Central,113.0,3,2,9347247.0,82719.0,Condo,14.96,5.7,8.5,7.5,0.136,0.2,Q4,2024
Bishan - Mid-Town,Central,212.0,2,1,18746736.0,88428.0,House,15.27,6.6,8.5,7.5,0.099,0.2,Q2,2024
Bishan - Mid-Town,Central,252.0,2,2,20015100.0,79425.0,Condo,14.66,6.7,8.5,7.5,0.398,0.2,Q2,2024
Bishan - Mid-Town,Central,33.0,3,3,2477871.0,75087.0,House,14.76,6.3,8.5,7.5,0.215,0.2,Q3,2024
Bishan - Mid-Town,Central,99.0,2,1,6991776.0,70624.0,House,14.65,5.7,8.5,7.5,0.406,0.1911,Q1,2024
Bishan - Mid-Town,Central,28.0,3,3,2043328.0,72976.0,Condo,15.54,5.9,8.5,7.5,0.256,0.2,Q1,2024
Bishan - Mid-Town,Central,100.0,2,2,7579200.0,75792.0,Townhouse,14.5,5.6,8.5,7.5,0.202,0.2,Q2,2025
Bishan - Mid-Town,Central,234.0,3,3,19806228.0,84642.0,Condo,15.38,7.7,8.5,7.5,0.241,0.2,Q4,2025
Bishan - Mid-Town,Central,155.0,3,2,12889955.0,83161.0,Lot,15.62,5.1,8.5,7.5,0.13,0.2,Q1,2024
Bishan - Mid-Town,Central,128.0,3,3,10044288.0,78471.0,Townhouse,14.71,5.8,8.5,7.5,0.246,0.2,Q2,2025
Bishan - Mid-Town,Central,205.0,2,2,13913145.0,67869.0,Condo,14.64,5.6,8.5,7.5,0.403,0.1584,Q4,2025
Bishan - Mid-Town,Central,38.0,3,2,2785856.0,73312.0,Condo,15.47,7.4,8.5,7.5,0.276,0.2,Q3,2025
Bishan - Mid-Town,Central,120.0,3,3,9079680.0,75664.0,Lot,15.51,6.7,8.5,7.5,0.295,0.2,Q4,2025
Bishan - Mid-Town,Central,220.0,3,3,17626400.0,80120.0,Lot,14.82,6.7,8.5,7.5,0.285,0.2,Q1,2024
Bishan - Mid-Town,Central,260.0,2,2,24716640.0,95064.0,Condo,15.08,6.2,8.5,7.5,0.056,0.1673,Q3,2025
Bishan - Mid-Town,Central,272.0,2,2,21561168.0,79269.0,Condo,15.15,5.2,8.5,7.5,0.424,0.2,Q3,2025
Bishan - Mid-Town,Central,97.0,3,3,6722585.0,69305.0,Condo,15.72,5.7,8.5,7.5,0.34,0.2,Q4,2024
Bishan - Mid-Town,Central,92.0,2,2,6651600.0,72300.0,Condo,15.5,6.4,8.5,7.5,0.334,0.2,Q3,2025
Bishan - Mid-Town,Central,241.0,3,3,17669156.0,73316.0,Condo,15.51,5.7,8.5,7.5,0.395,0.2,Q1,2024
Bishan - Mid-Town,Central,205.0,3,2,15443880.0,75336.0,Townhouse,15.24,5.8,8.5,7.5,0.368,0.2,Q2,2025
Bishan - Mid-Town,Central,230.0,3,3,19662700.0,85490.0,Condo,14.97,5.5,8.5,7.5,0.215,0.2,Q4,2024
Bishan - Mid-Town,Central,101.0,4,3,7834974.0,77574.0,Condo,14.84,6.1,8.5,7.5,0.102,0.2,Q3,2024
Bishan - Mid-Town,Central,88.0,4,4,7165840.0,81430.0,Townhouse,15.31,6.5,8.5,7.5,0.083,0.2,Q1,2024
Bishan - Mid-Town,Central,198.0,4,4,17595864.0,88868.0,Condo,15.04,6.6,8.5,7.5,0.122,0.2,Q2,2024
Bishan - Mid-Town,Central,260.0,3,3,24366680.0,93718.0,Townhouse,15.3,6.6,8.5,7.5,0.089,0.2,Q4,2024
Bishan - Mid-Town,Central,29.0,3,2,2307211.0,79559.0,House,14.97,5.1,8.5,7.5,0.042,0.2,Q2,2025
Bishan - Mid-Town,Central,231.0,2,1,20370273.0,88183.0,Condo,15.12,5.1,8.5,7.5,0.108,0.2,Q4,2025
Bishan - Mid-Town,Central,174.0,2,1,13833696.0,79504.0,Townhouse,14.71,7.3,8.5,7.5,0.352,0.2,Q2,2025
Bishan - Mid-Town,Central,232.0,3,3,17965384.0,77437.0,Condo,14.84,5.8,8.5,7.5,0.322,0.1662,Q4,2025
Bishan - Mid-Town,Central,224.0,2,1,19926144.0,88956.0,Condo,15.35,6.5,8.5,7.5,0.141,0.2,Q3,2025
Bishan - Mid-Town,Central,32.0,3,3,2222240.0,69445.0,Condo,14.82,5.9,8.5,7.5,0.437,0.2,Q3,2025
Bishan - Mid-Town,Central,121.0,4,4,9371571.0,77451.0,Condo,15.12,6.0,8.5,7.5,0.229,0.2,Q1,2024
Bishan - Mid-Town,Central,106.0,1,1,7516566.0,70911.0,Condo,14.65,6.1,8.5,7.5,0.315,0.2,Q4,2024
Bishan - Mid-Town,Central,50.0,3,2,3666000.0,73320.0,Condo,14.59,7.2,8.5,7.5,0.308,0.2,Q1,2024
Bishan - Mid-Town,Central,207.0,1,1,16589808.0,80144.0,Lot,14.89,6.4,8.5,7.5,0.392,0.2,Q4,2024
Bishan - Mid-Town,Central,35.0,1,1,2411045.0,68887.0,Lot,14.84,5.8,8.5,7.5,0.302,0.2,Q1,2024
Bishan - Mid-Town,Central,217.0,3,2,16703358.0,76974.0,Townhouse,15.01,7.2,8.5,7.5,0.346,0.1649,Q2,2025
Bishan - Mid-Town,Central,132.0,2,2,10788096.0,81728.0,Condo,14.87,6.6,8.5,7.5,0.111,0.2,Q4,2024
Bishan - Mid-Town,Central,123.0,1,1,8994129.0,73123.0,House,15.01,6.5,8.5,7.5,0.377,0.2,Q3,2025
Bishan - Mid-Town,Central,95.0,4,4,6492585.0,68343.0,House,14.41,5.4,8.5,7.5,0.445,0.2,Q1,2024
Bishan - Mid-Town,Central,224.0,3,2,19874624.0,88726.0,Condo,14.91,5.6,8.5,7.5,0.037,0.2,Q4,2025
Bishan - Mid-Town,Central,212.0,1,1,18290512.0,86276.0,House,15.31,6.4,8.5,7.5,0.196,0.2,Q1,2024
Bishan - Mid-Town,Central,38.0,2,2,2608586.0,68647.0,House,15.21,5.5,8.5,7.5,0.408,0.2,Q1,2024
Bishan - Mid-Town,Central,192.0,1,1,14693376.0,76528.0,Townhouse,14.4,6.1,8.5,7.5,0.332,0.2,Q4,2024
Bishan - Mid-Town,Central,243.0,2,1,20429982.0,84074.0,Condo,14.78,6.5,8.5,7.5,0.158,0.179,Q3,2024
Bishan - Mid-Town,Central,28.0,1,1,2249492.0,80339.0,Lot,14.66,5.9,8.5,7.5,0.079,0.2,Q2,2024
Bishan - Mid-Town,Central,148.0,5,4,12483208.0,84346.0,Lot,14.4,6.3,8.5,7.5,0.119,0.1555,Q4,2025
Bishan - Mid-Town,Central,116.0,4,4,9420708.0,81213.0,House,14.21,6.2,8.5,7.5,0.247,0.2,Q2,2024
Bishan - Mid-Town,Central,90.0,3,3,6462180.0,71802.0,Condo,14.81,6.0,8.5,7.5,0.34,0.2,Q4,2025
Bishan - Mid-Town,Central,279.0,1,1,25364169.0,90911.0,Condo,15.27,6.3,8.5,7.5,0.151,0.2,Q2,2025
Bishan - Mid-Town,Central,58.0,2,2,4204420.0,72490.0,Townhouse,15.47,6.0,8.5,7.5,0.325,0.1997,Q3,2024
Bishan - Mid-Town,Central,107.0,2,2,8421756.0,78708.0,Condo,15.41,5.3,8.5,7.5,0.267,0.2,Q2,2025
Bishan - Mid-Town,Central,176.0,1,1,13371248.0,75973.0,Condo,15.1,6.7,8.5,7.5,0.359,0.2,Q1,2024
Bishan - Mid-Town,Central,236.0,2,2,21575828.0,91423.0,Condo,14.35,6.1,8.5,7.5,0.074,0.2,Q1,2025
Bishan - Mid-Town,Central,26.0,2,2,2071862.0,79687.0,Condo,15.14,7.8,8.5,7.5,0.133,0.2,Q4,2024
Bishan - Mid-Town,Central,96.0,4,4,7526592.0,78402.0,Condo,14.78,5.1,8.5,7.5,0.202,0.2,Q4,2024
Bishan - Mid-Town,Central,70.0,1,1,5109720.0,72996.0,Lot,15.62,5.4,8.5,7.5,0.293,0.2,Q3,2025
Bishan - Mid-Town,Central,130.0,3,2,9191000.0,70700.0,Condo,14.45,6.1,8.5,7.5,0.405,0.2,Q2,2025
Bishan - Mid-Town,Central,64.0,4,4,4299520.0,67180.0,Condo,14.72,5.6,8.5,7.5,0.367,0.1919,Q4,2024
Bishan - Mid-Town,Central,31.0,5,5,2344127.0,75617.0,Condo,14.92,5.5,8.5,7.5,0.141,0.2,Q1,2024
Bishan - Mid-Town,Central,247.0,3,3,21114795.0,85485.0,House,14.35,7.5,8.5,7.5,0.257,0.2,Q2,2024
Bishan - Mid-Town,Central,135.0,1,1,12022560.0,89056.0,Condo,14.72,5.8,8.5,7.5,0.026,0.2,Q1,2025
Bishan - Mid-Town,Central,269.0,5,5,24300653.0,90337.0,Condo,15.33,6.7,8.5,7.5,0.095,0.2,Q3,2025
Bishan - Mid-Town,Central,267.0,3,3,20892483.0,78249.0,House,14.17,6.0,8.5,7.5,0.434,0.2,Q2,2024
Bishan - Mid-Town,Central,118.0,5,5,8893188.0,75366.0,Townhouse,15.02,6.7,8.5,7.5,0.341,0.2,Q1,2024
Bishan - Mid-Town,Central,222.0,4,3,18066804.0,81382.0,Townhouse,15.27,4.8,8.5,7.5,0.351,0.2,Q4,2024
Bishan - Mid-Town,Central,263.0,4,3,21137836.0,80372.0,Condo,14.27,6.3,8.5,7.5,0.338,0.1876,Q4,2025
Bishan - Mid-Town,Central,128.0,1,1,10282752.0,80334.0,Condo,14.32,5.9,8.5,7.5,0.181,0.2,Q3,2025
Bishan - Mid-Town,Central,223.0,3,3,18140158.0,81346.0,Lot,14.91,5.5,8.5,7.5,0.15,0.2,Q4,2025
Bishan - Mid-Town,Central,84.0,3,2,6332928.0,75392.0,Lot,15.4,6.3,8.5,7.5,0.325,0.2,Q2,2025
Bishan - Mid-Town,Central,270.0,4,4,23123070.0,85641.0,Condo,15.72,6.6,8.5,7.5,0.239,0.2,Q4,2025
Bishan - Mid-Town,Central,44.0,1,1,3127652.0,71083.0,Condo,15.24,5.6,8.5,7.5,0.295,0.2,Q1,2024
Bishan - Mid-Town,Central,157.0,2,2,12154940.0,77420.0,Townhouse,14.58,7.1,8.5,7.5,0.263,0.2,Q1,2024
Bishan - Mid-Town,Central,103.0,2,1,7431141.0,72147.0,House,15.47,5.9,8.5,7.5,0.34,0.2,Q2,2024
Bishan - Mid-Town,Central,100.0,5,5,8342200.0,83422.0,Townhouse,15.77,6.2,8.5,7.5,0.119,0.2,Q4,2024
Bishan - Mid-Town,Central,25.0,1,1,1986100.0,79444.0,Townhouse,14.88,6.2,8.5,7.5,0.086,0.2,Q1,2024
Bishan - Mid-Town,Central,50.0,2,1,3782950.0,75659.0,Condo,15.54,7.0,8.5,7.5,0.297,0.2,Q1,2025
Bishan - Mid-Town,Central,94.0,3,3,6902044.0,73426.0,Condo,14.67,6.6,8.5,7.5,0.357,0.2,Q2,2024
Bishan - Mid-Town,Central,40.0,4,3,2637440.0,65936.0,House,15.22,5.7,8.5,7.5,0.433,0.2,Q2,2025
Bishan - Mid-Town,Central,256.0,4,3,23525888.0,91898.0,Townhouse,15.35,6.5,8.5,7.5,0.041,0.2,Q4,2024
Bishan - Mid-Town,Central,156.0,4,4,12202944.0,78224.0,Condo,14.61,6.0,8.5,7.5,0.126,0.166,Q1,2024
Bishan - Mid-Town,Central,150.0,1,1,12574200.0,83828.0,House,15.21,6.0,8.5,7.5,0.123,0.1823,Q4,2025
Bishan - Mid-Town,Central,180.0,2,2,15015060.0,83417.0,Townhouse,15.04,7.1,8.5,7.5,0.197,0.1568,Q1,2024
Bishan - Mid-Town,Central,261.0,5,4,19811727.0,75907.0,House,15.03,5.3,8.5,7.5,0.44,0.2,Q1,2025
Bishan - Mid-Town,Central,26.0,3,3,1759888.0,67688.0,Lot,14.37,6.1,8.5,7.5,0.281,0.2,Q2,2025
Bishan - Mid-Town,Central,165.0,3,3,12448920.0,75448.0,Condo,15.21,7.0,8.5,7.5,0.401,0.2,Q2,2024
Bishan - Mid-Town,Central,148.0,1,1,10466708.0,70721.0,Condo,15.16,4.9,8.5,7.5,0.443,0.2,Q3,2024
Bishan - Mid-Town,Central,45.0,4,4,3071925.0,68265.0,Condo,14.7,6.3,8.5,7.5,0.289,0.1893,Q4,2024
Bishan - Mid-Town,Central,36.0,3,3,2339532.0,64987.0,Condo,15.06,4.9,8.5,7.5,0.364,0.2,Q2,2024
Bishan - Mid-Town,Central,265.0,5,4,22854925.0,86245.0,Condo,15.41,5.1,8.5,7.5,0.224,0.2,Q1,2024
Bishan - Mid-Town,Central,86.0,4,4,6068848.0,70568.0,Condo,14.25,5.9,8.5,7.5,0.408,0.2,Q2,2024
Bishan - Mid-Town,Central,132.0,2,1,9533964.0,72227.0,House,14.39,5.7,8.5,7.5,0.34,0.1873,Q4,2025
Bishan - Mid-Town,Central,261.0,3,3,24804918.0,95038.0,Condo,14.98,6.7,8.5,7.5,0.025,0.2,Q1,2025
Bishan - Mid-Town,Central,103.0,3,2,7860445.0,76315.0,Condo,14.65,5.2,8.5,7.5,0.281,0.2,Q4,2025
Bishan - Mid-Town,Central,35.0,2,1,2628780.0,75108.0,Townhouse,15.47,6.2,8.5,7.5,0.28,0.2,Q1,2024
Bishan - Mid-Town,Central,138.0,2,2,12048504.0,87308.0,House,14.58,6.8,8.5,7.5,0.029,0.2,Q3,2025
Bishan - Mid-Town,Central,237.0,4,3,21653031.0,91363.0,Townhouse,15.26,6.2,8.5,7.5,0.079,0.2,Q3,2024
Bishan - Mid-Town,Central,218.0,3,2,18052580.0,82810.0,Condo,14.42,6.2,8.5,7.5,0.23,0.2,Q3,2024
Bishan - Mid-Town,Central,245.0,2,2,22441265.0,91597.0,Lot,15.83,6.7,8.5,7.5,0.106,0.2,Q2,2024
Bishan - Mid-Town,Central,200.0,2,2,15721600.0,78608.0,Townhouse,14.76,5.2,8.5,7.5,0.287,0.2,Q1,2025
Bishan - Mid-Town,Central,251.0,3,3,18871686.0,75186.0,House,15.48,5.7,8.5,7.5,0.424,0.2,Q2,2025
Bishan - Mid-Town,Central,60.0,5,5,4479060.0,74651.0,House,15.09,6.2,8.5,7.5,0.266,0.2,Q2,2024
Bishan - Mid-Town,Central,175.0,3,3,15772925.0,90131.0,Townhouse,15.29,4.9,8.5,7.5,0.046,0.2,Q4,2025
Bishan - Mid-Town,Central,220.0,4,4,16904800.0,76840.0,House,14.47,6.4,8.5,7.5,0.35,0.1607,Q1,2025
Bishan - Mid-Town,Central,84.0,2,2,6058164.0,72121.0,Condo,15.24,6.2,8.5,7.5,0.32,0.2,Q1,2024
Bishan - Mid-Town,Central,155.0,3,3,11272220.0,72724.0,Townhouse,15.21,6.1,8.5,7.5,0.369,0.2,Q2,2025
Bishan - Mid-Town,Central,53.0,5,4,3665056.0,69152.0,Condo,14.29,6.4,8.5,7.5,0.398,0.2,Q4,2024
Bishan - Mid-Town,Central,185.0,5,4,13798780.0,74588.0,House,14.6,5.4,8.5,7.5,0.389,0.2,Q3,2024
Bishan - Mid-Town,Central,131.0,2,2,8943239.0,68269.0,House,15.14,6.8,8.5,7.5,0.413,0.2,Q1,2024
Bishan - Mid-Town,Central,147.0,2,2,10646034.0,72422.0,Condo,15.57,5.8,8.5,7.5,0.343,0.2,Q3,2025
Bishan - Mid-Town,Central,229.0,2,2,18853341.0,82329.0,House,14.52,6.0,8.5,7.5,0.335,0.2,Q2,2024
Bishan - Mid-Town,Central,178.0,4,3,14162748.0,79566.0,Lot,14.97,5.5,8.5,7.5,0.239,0.2,Q2,2024
Bishan - Mid-Town,Central,47.0,2,1,3257617.0,69311.0,Condo,14.63,5.7,8.5,7.5,0.357,0.2,Q1,2025
Bishan - Mid-Town,Central,66.0,2,2,4821564.0,73054.0,Condo,14.86,4.8,8.5,7.5,0.173,0.2,Q2,2024
Bishan - Mid-Town,Central,89.0,2,2,7090096.0,79664.0,House,14.78,5.6,8.5,7.5,0.216,0.2,Q3,2025
Bishan - Mid-Town,Central,154.0,4,4,12548228.0,81482.0,Condo,15.12,6.0,8.5,7.5,0.134,0.1694,Q2,2025
Bishan - Mid-Town,Central,77.0,2,1,5266261.0,68393.0,Townhouse,15.29,5.7,8.5,7.5,0.332,0.1667,Q2,2024
Bishan - Mid-Town,Central,128.0,3,2,9634560.0,75270.0,Condo,14.76,5.3,8.5,7.5,0.29,0.2,Q3,2024
Bishan - Mid-Town,Central,68.0,2,1,5719412.0,84109.0,Condo,14.99,6.2,8.5,7.5,0.081,0.2,Q2,2024
Bishan - Mid-Town,Central,29.0,3,3,2238423.0,77187.0,Condo,14.72,6.6,8.5,7.5,0.147,0.2,Q1,2024
Bishan - Mid-Town,Central,174.0,2,2,12795264.0,73536.0,House,14.54,4.9,8.5,7.5,0.438,0.2,Q2,2024
Bishan - Mid-Town,Central,33.0,5,4,2652606.0,80382.0,Condo,14.84,7.0,8.5,7.5,0.048,0.2,Q1,2024
Bishan - Mid-Town,Central,56.0,2,2,4181464.0,74669.0,Condo,15.39,5.9,8.5,7.5,0.35,0.2,Q1,2024
Bishan - Mid-Town,Central,90.0,2,2,6526350.0,72515.0,Condo,14.6,6.1,8.5,7.5,0.337,0.2,Q2,2024
Bishan - Mid-Town,Central,93.0,3,3,6736548.0,72436.0,House,15.06,6.0,8.5,7.5,0.439,0.1865,Q2,2024
Bishan - Mid-Town,Central,63.0,3,3,5065326.0,80402.0,Lot,14.23,6.6,8.5,7.5,0.173,0.2,Q2,2024
Bishan - Mid-Town,Central,216.0,1,1,19037376.0,88136.0,Condo,15.13,5.7,8.5,7.5,0.054,0.2,Q3,2024
Bishan - Mid-Town,Central,139.0,3,2,11639443.0,83737.0,Townhouse,15.48,6.1,8.5,7.5,0.022,0.2,Q3,2024
Bishan - Mid-Town,Central,221.0,2,1,18507203.0,83743.0,Condo,15.34,6.3,8.5,7.5,0.236,0.2,Q3,2024
Bishan - Mid-Town,Central,254.0,4,4,21642832.0,85208.0,Lot,15.35,5.6,8.5,7.5,0.133,0.2,Q2,2024
Bishan - Mid-Town,Central,62.0,4,4,4761972.0,76806.0,Townhouse,14.99,7.0,8.5,7.5,0.175,0.2,Q2,2024
Bishan - Mid-Town,Central,266.0,2,1,19613510.0,73735.0,Townhouse,15.08,4.9,8.5,7.5,0.426,0.2,Q4,2024
Bishan - Mid-Town,Central,45.0,2,1,3286170.0,73026.0,Condo,14.44,5.7,8.5,7.5,0.31,0.2,Q3,2024
Bishan - Mid-Town,Central,235.0,3,3,22203505.0,94483.0,Townhouse,15.12,6.1,8.5,7.5,0.045,0.2,Q1,2024
Bishan - Mid-Town,Central,68.0,5,4,4847584.0,71288.0,House,15.8,6.1,8.5,7.5,0.151,0.1593,Q4,2025
Bishan - Mid-Town,Central,223.0,2,2,17664945.0,79215.0,House,15.31,5.5,8.5,7.5,0.323,0.2,Q2,2025
Bishan - Mid-Town,Central,43.0,2,1,2980846.0,69322.0,House,15.12,5.0,8.5,7.5,0.448,0.2,Q3,2024
Bishan - Mid-Town,Central,218.0,4,4,17858124.0,81918.0,Condo,15.39,5.8,8.5,7.5,0.354,0.2,Q1,2025
Bishan - Mid-Town,Central,48.0,2,2,3283008.0,68396.0,House,15.17,6.1,8.5,7.5,0.437,0.2,Q1,2024
Bishan - Mid-Town,Central,151.0,3,2,11946516.0,79116.0,Condo,15.13,5.4,8.5,7.5,0.295,0.2,Q4,2024
Bishan - Mid-Town,Central,100.0,5,4,6855300.0,68553.0,Lot,15.13,6.5,8.5,7.5,0.397,0.2,Q2,2024
Bishan - Mid-Town,Central,273.0,2,1,22021545.0,80665.0,Condo,15.1,6.7,8.5,7.5,0.379,0.2,Q2,2025
Bishan - Mid-Town,Central,105.0,2,2,7600425.0,72385.0,Condo,15.21,5.9,8.5,7.5,0.377,0.2,Q2,2024
Bishan - Mid-Town,Central,226.0,3,3,18180344.0,80444.0,Lot,15.04,5.0,8.5,7.5,0.281,0.2,Q3,2024
Bishan - Mid-Town,Central,261.0,4,3,19945359.0,76419.0,Lot,14.8,5.7,8.5,7.5,0.404,0.1562,Q2,2024
Bishan - Mid-Town,Central,222.0,5,5,18480834.0,83247.0,Condo,15.01,6.1,8.5,7.5,0.348,0.2,Q4,2025
Bishan - Mid-Town,Central,210.0,4,3,19211010.0,91481.0,Townhouse,15.5,6.1,8.5,7.5,0.08,0.2,Q2,2024
Bishan - Mid-Town,Central,28.0,3,2,1825768.0,65206.0,Condo,14.7,4.9,8.5,7.5,0.323,0.2,Q3,2024
Bishan - Mid-Town,Central,210.0,3,3,16074030.0,76543.0,Condo,15.29,6.9,8.5,7.5,0.295,0.1811,Q2,2025
Bishan - Mid-Town,Central,268.0,4,3,22288756.0,83167.0,Condo,15.08,5.3,8.5,7.5,0.247,0.2,Q2,2024
Bishan - Mid-Town,Central,103.0,3,2,7398490.0,71830.0,Lot,14.24,6.4,8.5,7.5,0.299,0.1838,Q3,2024
Bishan - Mid-Town,Central,27.0,3,3,2161026.0,80038.0,Condo,15.29,6.0,8.5,7.5,0.053,0.2,Q4,2025
Bishan - Mid-Town,Central,123.0,3,2,10853274.0,88238.0,Condo,14.93,6.1,8.5,7.5,0.059,0.1989,Q4,2025
Bishan - Mid-Town,Central,59.0,2,2,3980081.0,67459.0,House,15.3,5.3,8.5,7.5,0.324,0.2,Q1,2024
Bishan - Mid-Town,Central,66.0,2,2,4716558.0,71463.0,Townhouse,15.46,6.8,8.5,7.5,0.286,0.1597,Q2,2024
Bishan - Mid-Town,Central,203.0,1,1,16490299.0,81233.0,Lot,14.49,6.9,8.5,7.5,0.224,0.2,Q1,2025
Bishan - Mid-Town,Central,64.0,1,1,5258176.0,82159.0,Townhouse,14.45,6.4,8.5,7.5,0.155,0.2,Q3,2024
Bishan - Mid-Town,Central,231.0,2,2,17810793.0,77103.0,House,15.49,6.7,8.5,7.5,0.383,0.2,Q4,2024
Bishan - Mid-Town,Central,199.0,2,1,15382899.0,77301.0,House,14.86,6.1,8.5,7.5,0.349,0.2,Q3,2025
Bishan - Mid-Town,Central,49.0,3,2,3923381.0,80069.0,Condo,14.73,6.2,8.5,7.5,0.111,0.2,Q1,2024
Bishan - Mid-Town,Central,224.0,2,2,19530112.0,87188.0,House,15.6,6.0,8.5,7.5,0.161,0.2,Q4,2025
Bishan - Mid-Town,Central,223.0,1,1,16411462.0,73594.0,Condo,15.16,4.8,8.5,7.5,0.422,0.2,Q3,2024
Bishan - Mid-Town,Central,104.0,3,3,7531368.0,72417.0,Condo,14.82,4.9,8.5,7.5,0.318,0.1597,Q4,2024
Bishan - Mid-Town,Central,209.0,3,3,16350906.0,78234.0,House,14.85,5.3,8.5,7.5,0.251,0.2,Q2,2024
Bishan - Mid-Town,Central,252.0,4,3,21214620.0,84185.0,Condo,14.11,5.0,8.5,7.5,0.13,0.1585,Q2,2025
Bishan - Mid-Town,Central,246.0,3,2,20057364.0,81534.0,Condo,15.03,6.1,8.5,7.5,0.321,0.2,Q2,2024
Bishan - Mid-Town,Central,29.0,3,3,2263653.0,78057.0,House,15.25,6.2,8.5,7.5,0.096,0.2,Q4,2024
Bishan - Mid-Town,Central,57.0,2,2,4372584.0,76712.0,Condo,14.93,5.7,8.5,7.5,0.191,0.2,Q2,2025
Bishan - Mid-Town,Central,213.0,4,4,16221654.0,76158.0,Condo,15.97,5.4,8.5,7.5,0.36,0.2,Q2,2024
Bishan - Mid-Town,Central,102.0,2,2,8446620.0,82810.0,House,15.39,6.0,8.5,7.5,0.122,0.2,Q1,2025
Bishan - Mid-Town,Central,231.0,1,1,19690671.0,85241.0,Townhouse,15.11,6.3,8.5,7.5,0.181,0.2,Q1,2024
Bishan - Mid-Town,Central,206.0,4,3,15869210.0,77035.0,Condo,15.45,6.5,8.5,7.5,0.332,0.2,Q1,2025
Bishan - Mid-Town,Central,160.0,4,4,13371520.0,83572.0,Condo,14.32,6.2,8.5,7.5,0.104,0.1729,Q2,2024
Bishan - Mid-Town,Central,246.0,4,4,20410620.0,82970.0,House,14.8,5.6,8.5,7.5,0.252,0.2,Q2,2024
Bishan - Mid-Town,Central,256.0,2,1,21607680.0,84405.0,House,14.44,6.3,8.5,7.5,0.258,0.2,Q2,2024
Bishan - Mid-Town,Central,265.0,2,2,23671125.0,89325.0,Condo,15.62,6.1,8.5,7.5,0.133,0.2,Q1,2024
Bishan - Mid-Town,Central,103.0,2,2,7489954.0,72718.0,Condo,14.88,6.3,8.5,7.5,0.317,0.183,Q2,2025
Bishan - Mid-Town,Central,27.0,3,3,1834812.0,67956.0,House,15.0,5.9,8.5,7.5,0.275,0.2,Q4,2024
Bishan - Mid-Town,Central,128.0,3,3,8744064.0,68313.0,House,15.73,5.5,8.5,7.5,0.445,0.2,Q2,2024
Bishan - Mid-Town,Central,46.0,2,2,3746194.0,81439.0,Condo,15.38,6.4,8.5,7.5,0.107,0.2,Q4,2025
Bishan - Mid-Town,Central,267.0,2,1,21037197.0,78791.0,Lot,14.85,6.5,8.5,7.5,0.322,0.1564,Q4,2024
Bishan - Mid-Town,Central,109.0,4,4,8641411.0,79279.0,Condo,15.06,6.1,8.5,7.5,0.215,0.2,Q1,2024
Bishan - Mid-Town,Central,131.0,3,3,10585717.0,80807.0,Condo,15.23,5.6,8.5,7.5,0.145,0.2,Q2,2024
Bishan - Mid-Town,Central,57.0,1,1,3927243.0,68899.0,Condo,14.56,5.5,8.5,7.5,0.421,0.2,Q2,2024
Bishan - Mid-Town,Central,137.0,2,2,11647740.0,85020.0,House,14.35,5.5,8.5,7.5,0.038,0.2,Q3,2024
Bishan - Mid-Town,Central,232.0,3,3,17737096.0,76453.0,Condo,14.89,6.4,8.5,7.5,0.395,0.2,Q3,2025
Bishan - Mid-Town,Central,139.0,3,2,11099984.0,79856.0,Condo,15.34,5.7,8.5,7.5,0.25,0.2,Q2,2024
Bishan - Mid-Town,Central,260.0,3,3,22754160.0,87516.0,Condo,14.97,6.2,8.5,7.5,0.106,0.2,Q4,2025
Bishan - Mid-Town,Central,127.0,1,1,11162919.0,87897.0,Condo,14.84,6.4,8.5,7.5,0.044,0.2,Q4,2024
Bishan - Mid-Town,Central,66.0,1,1,5262048.0,79728.0,House,14.85,6.5,8.5,7.5,0.041,0.1577,Q1,2024
Bishan - Mid-Town,Central,148.0,2,1,10523836.0,71107.0,Condo,14.84,6.2,8.5,7.5,0.398,0.2,Q4,2024
Bishan - Mid-Town,Central,266.0,2,1,23528232.0,88452.0,Condo,15.37,6.3,8.5,7.5,0.168,0.2,Q1,2024
Bishan - Mid-Town,Central,90.0,1,1,6623550.0,73595.0,Condo,15.44,6.4,8.5,7.5,0.396,0.2,Q3,2025
Bishan - Mid-Town,Central,30.0,2,2,2276010.0,75867.0,Condo,14.09,5.6,8.5,7.5,0.158,0.2,Q1,2025
Bishan - Mid-Town,Central,196.0,2,2,15140020.0,77245.0,Condo,15.2,6.2,8.5,7.5,0.295,0.2,Q1,2024
Bishan - Mid-Town,Central,77.0,2,2,5785241.0,75133.0,House,14.87,6.1,8.5,7.5,0.331,0.2,Q2,2025
Bishan - Mid-Town,Central,59.0,4,3,4716519.0,79941.0,House,15.14,5.3,8.5,7.5,0.021,0.2,Q3,2024
Bishan - Mid-Town,Central,112.0,2,1,8876784.0,79257.0,Townhouse,15.45,5.9,8.5,7.5,0.121,0.2,Q2,2024
Bishan - Mid-Town,Central,50.0,4,4,3821400.0,76428.0,Condo,15.46,6.7,8.5,7.5,0.199,0.2,Q2,2025
Bishan - Mid-Town,Central,89.0,3,3,7514982.0,84438.0,House,14.79,6.9,8.5,7.5,0.127,0.2,Q3,2024
Bishan - Mid-Town,Central,130.0,2,2,9188920.0,70684.0,Condo,15.5,5.4,8.5,7.5,0.415,0.2,Q1,2025
Bishan - Mid-Town,Central,242.0,1,1,20605816.0,85148.0,Condo,14.93,5.0,8.5,7.5,0.063,0.1669,Q3,2024
Bishan - Mid-Town,Central,140.0,4,3,10252340.0,73231.0,Lot,14.9,5.5,8.5,7.5,0.317,0.2,Q1,2024
Bishan - Mid-Town,Central,95.0,3,3,7770715.0,81797.0,House,14.69,5.7,8.5,7.5,0.122,0.2,Q4,2024
Bishan - Mid-Town,Central,57.0,3,2,4800597.0,84221.0,House,15.18,5.7,8.5,7.5,0.025,0.196,Q2,2024
Bishan - Mid-Town,Central,98.0,2,1,7562268.0,77166.0,Condo,13.97,5.9,8.5,7.5,0.203,0.2,Q4,2024
Bishan - Mid-Town,Central,243.0,5,5,20134008.0,82856.0,Condo,14.67,6.0,8.5,7.5,0.208,0.1649,Q1,2024
Bishan - Mid-Town,Central,220.0,2,1,18131300.0,82415.0,Lot,14.73,7.3,8.5,7.5,0.25,0.2,Q2,2025
Bishan - Mid-Town,Central,60.0,1,1,4214280.0,70238.0,Condo,15.01,6.2,8.5,7.5,0.424,0.2,Q3,2025
Bishan - Mid-Town,Central,68.0,4,3,4371448.0,64286.0,Condo,15.02,5.4,8.5,7.5,0.426,0.1807,Q3,2024
Bishan - Mid-Town,Central,166.0,3,2,12291138.0,74043.0,Townhouse,14.83,5.5,8.5,7.5,0.369,0.2,Q4,2025
Bishan - Mid-Town,Central,80.0,1,1,5325040.0,66563.0,Townhouse,15.06,6.1,8.5,7.5,0.403,0.1993,Q2,2024
Bishan - Mid-Town,Central,229.0,3,3,17413160.0,76040.0,Townhouse,14.94,6.1,8.5,7.5,0.41,0.2,Q1,2025
Bishan - Mid-Town,Central,104.0,2,2,7754240.0,74560.0,Condo,15.26,6.7,8.5,7.5,0.367,0.2,Q4,2025
Bishan - Mid-Town,Central,205.0,2,2,18299940.0,89268.0,Townhouse,15.04,6.1,8.5,7.5,0.08,0.2,Q1,2024
Bishan - Mid-Town,Central,247.0,4,3,19476444.0,78852.0,Condo,14.54,6.3,8.5,7.5,0.37,0.2,Q3,2024
Bishan - Mid-Town,Central,186.0,3,3,14307306.0,76921.0,Townhouse,15.01,5.6,8.5,7.5,0.29,0.2,Q4,2025
Bishan - Mid-Town,Central,200.0,4,4,14979200.0,74896.0,Condo,14.83,5.7,8.5,7.5,0.297,0.2,Q3,2024
Bishan - Mid-Town,Central,87.0,3,3,6547794.0,75262.0,Townhouse,15.2,5.7,8.5,7.5,0.383,0.2,Q4,2024
Bishan - Mid-Town,Central,238.0,2,2,19079746.0,80167.0,Townhouse,14.61,5.7,8.5,7.5,0.256,0.1947,Q3,2025
Bishan - Mid-Town,Central,242.0,2,2,19663226.0,81253.0,Condo,14.72,4.7,8.5,7.5,0.256,0.2,Q4,2025
Bishan - Mid-Town,Central,199.0,2,2,14517448.0,72952.0,Townhouse,14.51,5.5,8.5,7.5,0.395,0.2,Q2,2024
Bishan - Mid-Town,Central,114.0,3,2,9278916.0,81394.0,House,14.69,5.9,8.5,7.5,0.15,0.2,Q3,2024
Bishan - Mid-Town,Central,175.0,3,2,14658350.0,83762.0,House,14.62,6.2,8.5,7.5,0.042,0.2,Q2,2024
Bishan - Mid-Town,Central,101.0,3,3,8134944.0,80544.0,House,14.44,6.8,8.5,7.5,0.143,0.1661,Q1,2025
Bishan - Mid-Town,Central,273.0,2,2,23317476.0,85412.0,Condo,14.75,6.3,8.5,7.5,0.265,0.2,Q2,2025
Bishan - Mid-Town,Central,169.0,4,3,11987846.0,70934.0,House,15.72,5.8,8.5,7.5,0.378,0.2,Q1,2025
Bishan - Mid-Town,Central,131.0,3,2,10324503.0,78813.0,House,15.25,6.3,8.5,7.5,0.259,0.2,Q4,2025
Bishan - Mid-Town,Central,275.0,2,2,21275100.0,77364.0,Condo,14.75,6.3,8.5,7.5,0.42,0.2,Q2,2024
Bishan - Mid-Town,Central,153.0,1,1,12140550.0,79350.0,House,14.71,6.5,8.5,7.5,0.175,0.2,Q4,2024
Bishan - Mid-Town,Central,251.0,4,4,22952946.0,91446.0,Condo,15.16,6.7,8.5,7.5,0.098,0.2,Q4,2024
Bishan - Mid-Town,Central,30.0,2,2,2226090.0,74203.0,Condo,15.4,5.7,8.5,7.5,0.288,0.2,Q4,2024
Bishan - Mid-Town,Central,252.0,2,1,22299480.0,88490.0,Lot,14.35,5.9,8.5,7.5,0.09,0.1676,Q4,2025
Bishan - Mid-Town,Central,74.0,2,2,5522842.0,74633.0,Condo,14.93,5.6,8.5,7.5,0.18,0.1648,Q2,2025
Bishan - Mid-Town,Central,191.0,2,2,14904494.0,78034.0,Townhouse,14.28,6.2,8.5,7.5,0.284,0.1638,Q4,2025
Bishan - Mid-Town,Central,116.0,1,1,8945920.0,77120.0,Condo,14.54,6.8,8.5,7.5,0.242,0.2,Q1,2025
Bishan - Mid-Town,Central,237.0,3,2,20232216.0,85368.0,House,15.16,6.0,8.5,7.5,0.145,0.1608,Q2,2025
Bishan - Mid-Town,Central,33.0,2,2,2298780.0,69660.0,Lot,14.69,6.3,8.5,7.5,0.35,0.2,Q1,2024
Jurong East - West Hub,West,203.0,2,1,13274779.0,65393.0,Condo,17.59,5.3,8.2,8.0,0.33,0.1576,Q3,2024
Jurong East - West Hub,West,46.0,1,1,2902462.0,63097.0,House,18.32,5.7,8.2,8.0,0.243,0.2,Q2,2025
Jurong East - West Hub,West,249.0,5,5,17341854.0,69646.0,Lot,17.7,5.7,8.2,8.0,0.327,0.2,Q2,2024
Jurong East - West Hub,West,176.0,4,3,12939520.0,73520.0,Townhouse,18.04,4.4,8.2,8.0,0.093,0.2,Q2,2024
Jurong East - West Hub,West,41.0,4,4,2707107.0,66027.0,Townhouse,17.96,5.0,8.2,8.0,0.218,0.2,Q4,2024
Jurong East - West Hub,West,115.0,2,1,6444370.0,56038.0,House,18.18,6.4,8.2,8.0,0.45,0.1568,Q1,2024
Jurong East - West Hub,West,274.0,2,2,18896958.0,68967.0,House,17.77,5.6,8.2,8.0,0.262,0.1631,Q2,2024
Jurong East - West Hub,West,239.0,1,1,17346620.0,72580.0,Condo,18.52,6.4,8.2,8.0,0.218,0.2,Q4,2025
Jurong East - West Hub,West,125.0,1,1,8704000.0,69632.0,Condo,18.79,5.7,8.2,8.0,0.186,0.1809,Q2,2025
Jurong East - West Hub,West,238.0,1,1,16544094.0,69513.0,House,17.98,5.6,8.2,8.0,0.259,0.2,Q4,2025
Jurong East - West Hub,West,135.0,3,2,8888670.0,65842.0,Condo,17.92,6.2,8.2,8.0,0.158,0.2,Q3,2025
Jurong East - West Hub,West,128.0,4,3,9063808.0,70811.0,House,17.71,4.6,8.2,8.0,0.069,0.1676,Q2,2024
Jurong East - West Hub,West,177.0,2,2,12441153.0,70289.0,House,17.63,4.7,8.2,8.0,0.064,0.1719,Q2,2024
Jurong East - West Hub,West,114.0,2,2,7756788.0,68042.0,Condo,18.63,5.4,8.2,8.0,0.049,0.1502,Q3,2025
Jurong East - West Hub,West,217.0,3,2,16135903.0,74359.0,House,18.0,5.8,8.2,8.0,0.146,0.2,Q3,2025
Jurong East - West Hub,West,240.0,4,3,15919440.0,66331.0,House,17.8,4.3,8.2,8.0,0.402,0.1736,Q4,2024
Jurong East - West Hub,West,26.0,3,3,1676220.0,64470.0,Condo,17.52,6.0,8.2,8.0,0.192,0.2,Q3,2024
Jurong East - West Hub,West,36.0,2,2,2144736.0,59576.0,House,18.55,5.3,8.2,8.0,0.26,0.1483,Q3,2025
Jurong East - West Hub,West,216.0,1,1,16258536.0,75271.0,Townhouse,17.67,6.3,8.2,8.0,0.091,0.1379,Q3,2024
Jurong East - West Hub,West,263.0,1,1,17099471.0,65017.0,Condo,18.01,5.2,8.2,8.0,0.371,0.1366,Q3,2025
Jurong East - West Hub,West,278.0,5,5,20992336.0,75512.0,House,18.34,5.5,8.2,8.0,0.196,0.1811,Q2,2024
Jurong East - West Hub,West,218.0,4,4,14467570.0,66365.0,Condo,18.34,6.9,8.2,8.0,0.447,0.1993,Q4,2024
Jurong East - West Hub,West,216.0,2,1,14258376.0,66011.0,Condo,18.29,5.8,8.2,8.0,0.242,0.1793,Q3,2024
Jurong East - West Hub,West,155.0,2,1,9484915.0,61193.0,Townhouse,18.16,4.8,8.2,8.0,0.401,0.2,Q3,2025
Jurong East - West Hub,West,92.0,3,3,6251032.0,67946.0,Lot,17.72,5.3,8.2,8.0,0.108,0.2,Q2,2025
Jurong East - West Hub,West,38.0,3,3,2655820.0,69890.0,Condo,18.38,4.8,8.2,8.0,0.099,0.2,Q3,2025
Jurong East - West Hub,West,275.0,2,1,21334225.0,77579.0,Condo,18.12,5.3,8.2,8.0,0.097,0.2,Q2,2024
Jurong East - West Hub,West,158.0,2,2,9194020.0,58190.0,Townhouse,17.91,6.4,8.2,8.0,0.437,0.1784,Q1,2025
Jurong East - West Hub,West,241.0,4,4,16603213.0,68893.0,House,17.21,5.4,8.2,8.0,0.284,0.1597,Q1,2025
Jurong East - West Hub,West,97.0,3,3,5862874.0,60442.0,Condo,17.68,5.1,8.2,8.0,0.443,0.2,Q3,2025
Jurong East - West Hub,West,28.0,2,1,1794800.0,64100.0,Townhouse,17.86,5.7,8.2,8.0,0.208,0.2,Q4,2025
Jurong East - West Hub,West,87.0,3,2,5914608.0,67984.0,Lot,17.99,5.5,8.2,8.0,0.07,0.2,Q1,2024
Jurong East - West Hub,West,245.0,3,3,16124675.0,65815.0,Lot,17.95,6.2,8.2,8.0,0.425,0.2,Q3,2025
Jurong East - West Hub,West,153.0,5,5,10686285.0,69845.0,Condo,18.42,5.0,8.2,8.0,0.2,0.2,Q4,2025
Jurong East - West Hub,West,261.0,3,2,19750914.0,75674.0,Condo,17.84,4.9,8.2,8.0,0.152,0.1921,Q2,2024
Jurong East - West Hub,West,77.0,2,2,4873946.0,63298.0,House,17.94,5.1,8.2,8.0,0.299,0.2,Q1,2024
Jurong East - West Hub,West,220.0,2,2,15196280.0,69074.0,Condo,18.37,5.2,8.2,8.0,0.287,0.2,Q4,2024
Jurong East - West Hub,West,58.0,2,2,3456626.0,59597.0,House,18.47,6.5,8.2,8.0,0.405,0.2,Q3,2024
Jurong East - West Hub,West,268.0,2,2,18903380.0,70535.0,Condo,17.73,5.2,8.2,8.0,0.178,0.1418,Q2,2024
Jurong East - West Hub,West,223.0,3,3,15291110.0,68570.0,Condo,17.93,6.8,8.2,8.0,0.356,0.2,Q4,2025
Jurong East - West Hub,West,47.0,2,2,3251930.0,69190.0,Condo,17.5,5.3,8.2,8.0,0.098,0.2,Q4,2025
Jurong East - West Hub,West,66.0,2,2,4424046.0,67031.0,Lot,18.18,4.9,8.2,8.0,0.026,0.2,Q2,2024
Jurong East - West Hub,West,120.0,2,1,7254720.0,60456.0,Condo,18.07,4.6,8.2,8.0,0.346,0.1467,Q2,2025
Jurong East - West Hub,West,72.0,4,4,5150160.0,71530.0,Condo,18.88,6.4,8.2,8.0,0.112,0.2,Q1,2024
Jurong East - West Hub,West,133.0,2,1,8317155.0,62535.0,Townhouse,17.92,6.3,8.2,8.0,0.367,0.2,Q1,2024
Jurong East - West Hub,West,171.0,2,1,10882611.0,63641.0,Condo,17.7,5.2,8.2,8.0,0.409,0.2,Q3,2025
Jurong East - West Hub,West,25.0,1,1,1645775.0,65831.0,Condo,18.68,6.1,8.2,8.0,0.026,0.1648,Q1,2024
Jurong East - West Hub,West,169.0,4,4,11737219.0,69451.0,Condo,18.8,6.1,8.2,8.0,0.256,0.2,Q1,2024
Jurong East - West Hub,West,75.0,2,1,4464000.0,59520.0,House,18.16,5.0,8.2,8.0,0.434,0.2,Q3,2025
Jurong East - West Hub,West,188.0,5,5,13216212.0,70299.0,House,17.89,6.4,8.2,8.0,0.234,0.2,Q1,2024
Jurong East - West Hub,West,178.0,2,1,12615928.0,70876.0,Condo,17.99,5.9,8.2,8.0,0.18,0.2,Q4,2025
Jurong East - West Hub,West,202.0,3,2,14851040.0,73520.0,Condo,17.23,5.5,8.2,8.0,0.066,0.1549,Q1,2024
Jurong East - West Hub,West,244.0,3,3,15908312.0,65198.0,Condo,18.43,4.3,8.2,8.0,0.444,0.2,Q3,2025
Jurong East - West Hub,West,103.0,2,1,6412780.0,62260.0,Condo,17.75,4.8,8.2,8.0,0.242,0.1515,Q3,2024
Jurong East - West Hub,West,34.0,4,4,1925930.0,56645.0,Lot,18.57,5.3,8.2,8.0,0.361,0.2,Q4,2025
Jurong East - West Hub,West,181.0,2,2,11677215.0,64515.0,Condo,17.95,5.7,8.2,8.0,0.376,0.1853,Q3,2024
Jurong East - West Hub,West,99.0,2,2,6741702.0,68098.0,Condo,17.38,5.1,8.2,8.0,0.064,0.2,Q3,2025
Jurong East - West Hub,West,206.0,4,4,13278142.0,64457.0,Townhouse,18.4,5.3,8.2,8.0,0.411,0.2,Q3,2024
Jurong East - West Hub,West,189.0,2,1,14089383.0,74547.0,Condo,17.33,5.6,8.2,8.0,0.108,0.2,Q3,2024
Jurong East - West Hub,West,157.0,3,2,9767127.0,62211.0,Condo,17.99,5.1,8.2,8.0,0.388,0.2,Q4,2024
Jurong East - West Hub,West,240.0,1,1,17058960.0,71079.0,Lot,18.32,6.6,8.2,8.0,0.318,0.2,Q2,2025
Jurong East - West Hub,West,80.0,4,4,4926720.0,61584.0,Condo,18.36,5.7,8.2,8.0,0.308,0.2,Q2,2025
Jurong East - West Hub,West,271.0,2,1,19791672.0,73032.0,Condo,18.08,5.4,8.2,8.0,0.36,0.2,Q4,2024
Jurong East - West Hub,West,58.0,3,3,3774002.0,65069.0,Lot,18.29,5.6,8.2,8.0,0.219,0.2,Q2,2024
Jurong East - West Hub,West,255.0,4,4,19045950.0,74690.0,House,18.26,5.8,8.2,8.0,0.259,0.2,Q3,2025
Jurong East - West Hub,West,186.0,1,1,13714524.0,73734.0,Lot,18.3,4.3,8.2,8.0,0.182,0.2,Q4,2024
Jurong East - West Hub,West,190.0,1,1,12776170.0,67243.0,Condo,17.61,5.7,8.2,8.0,0.313,0.1958,Q2,2025
Jurong East - West Hub,West,138.0,3,3,9482808.0,68716.0,Condo,18.46,4.3,8.2,8.0,0.172,0.2,Q1,2024
Jurong East - West Hub,West,59.0,5,5,3459524.0,58636.0,Lot,18.0,5.2,8.2,8.0,0.26,0.2,Q3,2024
Jurong East - West Hub,West,56.0,4,4,3217480.0,57455.0,Lot,17.92,5.1,8.2,8.0,0.449,0.2,Q4,2025
Jurong East - West Hub,West,213.0,2,2,17188887.0,80699.0,Townhouse,18.08,6.8,8.2,8.0,0.046,0.2,Q3,2024
Jurong East - West Hub,West,101.0,3,3,7137266.0,70666.0,Townhouse,17.96,6.0,8.2,8.0,0.201,0.2,Q2,2024
Jurong East - West Hub,West,250.0,3,3,19456500.0,77826.0,House,18.45,4.8,8.2,8.0,0.072,0.2,Q2,2025
Jurong East - West Hub,West,27.0,2,1,1733616.0,64208.0,House,18.0,5.9,8.2,8.0,0.269,0.2,Q3,2024
Jurong East - West Hub,West,245.0,3,3,15474445.0,63161.0,Lot,18.17,5.6,8.2,8.0,0.443,0.1649,Q1,2024
Jurong East - West Hub,West,183.0,3,2,13766907.0,75229.0,House,17.97,5.3,8.2,8.0,0.085,0.1982,Q2,2024
Jurong East - West Hub,West,120.0,1,1,8107920.0,67566.0,Condo,17.86,4.6,8.2,8.0,0.321,0.2,Q1,2024
Jurong East - West Hub,West,237.0,2,1,17882124.0,75452.0,Condo,17.89,5.0,8.2,8.0,0.123,0.2,Q3,2024
Jurong East - West Hub,West,185.0,4,3,11483320.0,62072.0,Condo,17.3,4.9,8.2,8.0,0.37,0.1753,Q2,2024
Jurong East - West Hub,West,32.0,3,2,1822464.0,56952.0,House,17.64,5.6,8.2,8.0,0.369,0.2,Q2,2024
Jurong East - West Hub,West,53.0,2,2,3548668.0,66956.0,House,17.86,5.7,8.2,8.0,0.151,0.2,Q1,2024
Jurong East - West Hub,West,242.0,3,2,17806360.0,73580.0,Condo,18.74,6.1,8.2,8.0,0.226,0.2,Q2,2024
Jurong East - West Hub,West,100.0,1,1,6238900.0,62389.0,Lot,17.98,6.0,8.2,8.0,0.276,0.2,Q2,2024
Jurong East - West Hub,West,107.0,4,3,7522849.0,70307.0,Condo,17.96,5.8,8.2,8.0,0.117,0.2,Q1,2024
Jurong East - West Hub,West,267.0,4,3,20207361.0,75683.0,Condo,17.48,4.4,8.2,8.0,0.193,0.2,Q1,2025
Jurong East - West Hub,West,240.0,2,2,15669600.0,65290.0,House,18.08,4.8,8.2,8.0,0.367,0.2,Q4,2025
Jurong East - West Hub,West,187.0,4,4,13473350.0,72050.0,Condo,18.28,5.0,8.2,8.0,0.078,0.2,Q1,2024
Jurong East - West Hub,West,217.0,3,2,15179367.0,69951.0,Condo,17.41,5.7,8.2,8.0,0.303,0.2,Q1,2025
Jurong East - West Hub,West,271.0,2,2,22098966.0,81546.0,House,18.4,4.9,8.2,8.0,0.102,0.2,Q1,2025
Jurong East - West Hub,West,225.0,4,3,15617250.0,69410.0,Condo,17.85,5.3,8.2,8.0,0.359,0.2,Q3,2024
Jurong East - West Hub,West,126.0,1,1,7163730.0,56855.0,Condo,18.09,4.9,8.2,8.0,0.425,0.1858,Q1,2025
Jurong East - West Hub,West,212.0,2,2,17155040.0,80920.0,Condo,17.94,6.4,8.2,8.0,0.036,0.2,Q3,2024
Jurong East - West Hub,West,88.0,2,1,5199216.0,59082.0,Condo,17.57,6.1,8.2,8.0,0.391,0.1675,Q2,2024
Jurong East - West Hub,West,167.0,1,1,11082955.0,66365.0,House,17.06,5.6,8.2,8.0,0.339,0.184,Q4,2024
Jurong East - West Hub,West,127.0,3,3,8686292.0,68396.0,House,18.19,5.4,8.2,8.0,0.234,0.2,Q1,2025
Jurong East - West Hub,West,33.0,2,2,2102001.0,63697.0,House,17.99,5.9,8.2,8.0,0.156,0.2,Q2,2024
Jurong East - West Hub,West,165.0,3,3,11311410.0,68554.0,Condo,18.11,5.8,8.2,8.0,0.13,0.1644,Q3,2025
Jurong East - West Hub,West,37.0,4,4,2468936.0,66728.0,Townhouse,17.81,5.6,8.2,8.0,0.132,0.2,Q3,2024
Jurong East - West Hub,West,139.0,1,1,9441575.0,67925.0,Condo,18.2,4.9,8.2,8.0,0.09,0.2,Q1,2024
Jurong East - West Hub,West,243.0,2,2,18217953.0,74971.0,House,18.23,5.5,8.2,8.0,0.123,0.2,Q4,2025
Jurong East - West Hub,West,77.0,1,1,4650184.0,60392.0,Condo,18.64,5.1,8.2,8.0,0.203,0.1398,Q3,2025
Jurong East - West Hub,West,121.0,4,4,7831241.0,64721.0,Townhouse,17.81,5.1,8.2,8.0,0.25,0.1525,Q3,2024
Jurong East - West Hub,West,90.0,4,4,6199830.0,68887.0,House,17.4,6.0,8.2,8.0,0.08,0.2,Q1,2025
Jurong East - West Hub,West,229.0,3,3,16823485.0,73465.0,House,17.83,4.6,8.2,8.0,0.142,0.1755,Q3,2025
Jurong East - West Hub,West,155.0,5,4,10274020.0,66284.0,Condo,18.65,6.7,8.2,8.0,0.348,0.2,Q3,2025
Jurong East - West Hub,West,122.0,4,3,8784854.0,72007.0,House,18.04,5.8,8.2,8.0,0.11,0.2,Q4,2024
Jurong East - West Hub,West,245.0,2,2,18945115.0,77327.0,Townhouse,18.53,5.1,8.2,8.0,0.141,0.2,Q1,2024
Jurong East - West Hub,West,271.0,2,1,22186499.0,81869.0,Condo,18.57,5.2,8.2,8.0,0.074,0.2,Q1,2025
Jurong East - West Hub,West,94.0,2,2,5263248.0,55992.0,Townhouse,18.0,5.7,8.2,8.0,0.404,0.1481,Q1,2025
Jurong East - West Hub,West,200.0,3,3,15137400.0,75687.0,House,17.33,5.3,8.2,8.0,0.191,0.2,Q1,2025
Jurong East - West Hub,West,172.0,2,2,11680348.0,67909.0,House,18.43,5.9,8.2,8.0,0.38,0.2,Q3,2024
Jurong East - West Hub,West,271.0,5,4,20711446.0,76426.0,House,18.25,5.6,8.2,8.0,0.09,0.2,Q1,2024
Jurong East - West Hub,West,269.0,2,2,19044393.0,70797.0,Condo,17.99,5.1,8.2,8.0,0.442,0.2,Q4,2025
Jurong East - West Hub,West,196.0,2,1,13288800.0,67800.0,Condo,16.95,5.4,8.2,8.0,0.409,0.2,Q2,2024
Jurong East - West Hub,West,147.0,3,2,9857085.0,67055.0,Condo,18.21,5.3,8.2,8.0,0.15,0.1781,Q2,2024
Jurong East - West Hub,West,121.0,2,2,9265817.0,76577.0,Townhouse,17.73,6.0,8.2,8.0,0.047,0.2,Q4,2025
Jurong East - West Hub,West,126.0,2,2,9135882.0,72507.0,House,18.02,6.0,8.2,8.0,0.104,0.2,Q1,2025
Jurong East - West Hub,West,137.0,3,2,9205167.0,67191.0,House,18.09,4.7,8.2,8.0,0.174,0.2,Q3,2024
Jurong East - West Hub,West,147.0,2,2,10726737.0,72971.0,Condo,17.38,5.1,8.2,8.0,0.057,0.2,Q4,2024
Jurong East - West Hub,West,157.0,3,2,10288524.0,65532.0,Lot,17.95,5.1,8.2,8.0,0.27,0.2,Q3,2024
Jurong East - West Hub,West,35.0,2,2,2017645.0,57647.0,Townhouse,17.75,6.0,8.2,8.0,0.356,0.2,Q3,2024
Jurong East - West Hub,West,88.0,3,2,5774736.0,65622.0,Townhouse,17.62,5.4,8.2,8.0,0.198,0.1681,Q2,2024
Jurong East - West Hub,West,31.0,2,2,1869579.0,60309.0,Condo,17.45,5.7,8.2,8.0,0.306,0.2,Q1,2024
Jurong East - West Hub,West,134.0,1,1,8911938.0,66507.0,Lot,18.54,5.8,8.2,8.0,0.238,0.1701,Q2,2025
Jurong East - West Hub,West,139.0,2,2,9331765.0,67135.0,Condo,17.98,5.2,8.2,8.0,0.206,0.2,Q3,2025
Jurong East - West Hub,West,133.0,2,2,9409351.0,70747.0,House,18.13,5.1,8.2,8.0,0.145,0.2,Q1,2024
Jurong East - West Hub,West,252.0,2,2,19555956.0,77603.0,House,17.69,4.2,8.2,8.0,0.072,0.2,Q3,2025
Jurong East - West Hub,West,215.0,4,3,15424315.0,71741.0,Condo,17.56,4.3,8.2,8.0,0.038,0.1413,Q4,2024
Jurong East - West Hub,West,171.0,5,4,11325330.0,66230.0,Townhouse,17.66,4.6,8.2,8.0,0.136,0.159,Q2,2025
Jurong East - West Hub,West,37.0,3,3,2546673.0,68829.0,Lot,17.89,5.8,8.2,8.0,0.118,0.2,Q4,2024
Jurong East - West Hub,West,240.0,2,2,16522320.0,68843.0,House,17.75,6.2,8.2,8.0,0.4,0.2,Q2,2024
Jurong East - West Hub,West,36.0,2,1,2443752.0,67882.0,Townhouse,18.08,4.2,8.2,8.0,0.029,0.1636,Q3,2025
Jurong East - West Hub,West,154.0,4,3,11566170.0,75105.0,Condo,18.01,5.6,8.2,8.0,0.05,0.2,Q4,2024
Jurong East - West Hub,West,116.0,4,4,7573292.0,65287.0,Condo,18.65,5.7,8.2,8.0,0.269,0.2,Q4,2025
Jurong East - West Hub,West,50.0,4,3,3163350.0,63267.0,Condo,17.87,5.8,8.2,8.0,0.194,0.2,Q4,2025
Jurong East - West Hub,West,181.0,2,2,12510539.0,69119.0,Condo,18.11,5.9,8.2,8.0,0.14,0.1356,Q2,2024
Jurong East - West Hub,West,218.0,5,4,15593322.0,71529.0,Condo,18.3,6.3,8.2,8.0,0.267,0.2,Q2,2024
Jurong East - West Hub,West,91.0,3,2,5976243.0,65673.0,Condo,17.7,5.3,8.2,8.0,0.125,0.2,Q2,2024
Jurong East - West Hub,West,48.0,2,2,2905536.0,60532.0,Lot,17.78,5.1,8.2,8.0,0.3,0.2,Q4,2025
Jurong East - West Hub,West,132.0,2,2,9268908.0,70219.0,Condo,17.98,6.6,8.2,8.0,0.269,0.2,Q4,2025
Jurong East - West Hub,West,47.0,2,1,2626407.0,55881.0,Lot,17.86,4.7,8.2,8.0,0.41,0.1853,Q1,2024
Jurong East - West Hub,West,135.0,2,2,9263295.0,68617.0,House,17.93,5.7,8.2,8.0,0.16,0.1747,Q2,2025
Jurong East - West Hub,West,197.0,2,2,14885517.0,75561.0,House,18.34,6.0,8.2,8.0,0.116,0.2,Q2,2024
Jurong East - West Hub,West,106.0,3,3,6711496.0,63316.0,Condo,17.56,5.0,8.2,8.0,0.359,0.2,Q2,2024
Jurong East - West Hub,West,197.0,2,2,15826192.0,80336.0,Townhouse,18.02,5.3,8.2,8.0,0.033,0.1862,Q4,2024
Jurong East - West Hub,West,239.0,1,1,16551706.0,69254.0,House,17.98,5.1,8.2,8.0,0.308,0.1548,Q2,2024
Jurong East - West Hub,West,257.0,4,4,19381912.0,75416.0,Condo,17.84,4.8,8.2,8.0,0.08,0.2,Q4,2024
Jurong East - West Hub,West,251.0,4,4,17864674.0,71174.0,Condo,18.21,6.4,8.2,8.0,0.391,0.2,Q2,2024
Jurong East - West Hub,West,147.0,2,1,10859184.0,73872.0,Condo,17.82,5.7,8.2,8.0,0.147,0.2,Q3,2024
Jurong East - West Hub,West,48.0,4,3,3220416.0,67092.0,Condo,18.23,5.9,8.2,8.0,0.065,0.1588,Q2,2025
Jurong East - West Hub,West,61.0,4,4,3921324.0,64284.0,House,18.33,5.4,8.2,8.0,0.173,0.2,Q4,2025
Jurong East - West Hub,West,208.0,2,2,13512096.0,64962.0,Townhouse,17.47,6.5,8.2,8.0,0.375,0.148,Q1,2024
Jurong East - West Hub,West,125.0,2,1,7640500.0,61124.0,Condo,17.6,5.3,8.2,8.0,0.39,0.2,Q4,2024
Jurong East - West Hub,West,74.0,2,1,5042508.0,68142.0,Condo,18.09,5.5,8.2,8.0,0.113,0.2,Q1,2025
Jurong East - West Hub,West,142.0,2,1,9649184.0,67952.0,Condo,18.1,5.7,8.2,8.0,0.261,0.2,Q3,2025
Jurong East - West Hub,West,187.0,3,3,12429142.0,66466.0,Condo,18.73,5.6,8.2,8.0,0.334,0.1734,Q1,2024
Jurong East - West Hub,West,194.0,3,3,13596490.0,70085.0,Condo,18.4,5.2,8.2,8.0,0.295,0.2,Q2,2024
Jurong East - West Hub,West,184.0,2,2,12467104.0,67756.0,Condo,17.96,5.3,8.2,8.0,0.266,0.1785,Q1,2025
Jurong East - West Hub,West,159.0,3,3,9927165.0,62435.0,Townhouse,17.73,6.4,8.2,8.0,0.419,0.2,Q4,2025
Jurong East - West Hub,West,256.0,2,2,17472512.0,68252.0,House,17.63,6.1,8.2,8.0,0.272,0.1373,Q2,2025
Jurong East - West Hub,West,241.0,2,1,16840598.0,69878.0,Lot,17.75,6.1,8.2,8.0,0.33,0.2,Q3,2024
Jurong East - West Hub,West,71.0,2,2,4139868.0,58308.0,House,18.18,5.0,8.2,8.0,0.435,0.2,Q2,2025
Jurong East - West Hub,West,31.0,4,3,2005142.0,64682.0,House,17.95,6.4,8.2,8.0,0.243,0.2,Q4,2025
Jurong East - West Hub,West,160.0,1,1,11159680.0,69748.0,Condo,18.67,4.9,8.2,8.0,0.193,0.2,Q3,2025
Jurong East - West Hub,West,207.0,1,1,12985731.0,62733.0,House,17.76,4.6,8.2,8.0,0.333,0.2,Q3,2024
Jurong East - West Hub,West,60.0,3,3,3477120.0,57952.0,Condo,17.63,5.4,8.2,8.0,0.376,0.2,Q4,2024
Jurong East - West Hub,West,212.0,4,4,16297076.0,76873.0,Condo,17.55,6.2,8.2,8.0,0.031,0.2,Q3,2024
Jurong East - West Hub,West,245.0,4,3,16771965.0,68457.0,Lot,18.81,5.7,8.2,8.0,0.4,0.2,Q4,2024
Jurong East - West Hub,West,67.0,1,1,4108038.0,61314.0,House,18.45,5.2,8.2,8.0,0.368,0.2,Q1,2024
Jurong East - West Hub,West,212.0,2,1,15086344.0,71162.0,Lot,18.6,5.3,8.2,8.0,0.18,0.2,Q1,2024
Jurong East - West Hub,West,50.0,4,4,2825850.0,56517.0,Condo,18.18,6.6,8.2,8.0,0.349,0.1623,Q3,2024
Jurong East - West Hub,West,89.0,2,1,5823003.0,65427.0,Lot,17.4,5.2,8.2,8.0,0.262,0.2,Q1,2025
Jurong East - West Hub,West,183.0,1,1,12782733.0,69851.0,House,18.67,4.8,8.2,8.0,0.2,0.2,Q2,2024
Jurong East - West Hub,West,218.0,3,3,16394908.0,75206.0,Condo,17.88,5.7,8.2,8.0,0.044,0.198,Q4,2024
Jurong East - West Hub,West,39.0,2,2,2054988.0,52692.0,House,18.25,3.9,8.2,8.0,0.407,0.2,Q4,2025
Jurong East - West Hub,West,70.0,1,1,4083100.0,58330.0,House,17.93,5.3,8.2,8.0,0.431,0.2,Q1,2024
Jurong East - West Hub,West,36.0,3,2,2318184.0,64394.0,Lot,18.22,5.8,8.2,8.0,0.201,0.2,Q3,2024
Jurong East - West Hub,West,68.0,2,1,4354652.0,64039.0,Condo,17.91,5.4,8.2,8.0,0.183,0.2,Q4,2024
Jurong East - West Hub,West,230.0,3,3,15854820.0,68934.0,Townhouse,17.29,4.4,8.2,8.0,0.35,0.2,Q1,2024
Jurong East - West Hub,West,245.0,3,3,17526075.0,71535.0,Condo,17.78,5.7,8.2,8.0,0.309,0.2,Q3,2024
Jurong East - West Hub,West,223.0,1,1,16523408.0,74096.0,Condo,16.84,5.8,8.2,8.0,0.267,0.2,Q4,2025
Jurong East - West Hub,West,95.0,4,3,5621910.0,59178.0,House,17.69,5.2,8.2,8.0,0.424,0.2,Q3,2024
Jurong East - West Hub,West,148.0,2,1,9333916.0,63067.0,Townhouse,18.02,5.0,8.2,8.0,0.366,0.2,Q1,2024
Jurong East - West Hub,West,264.0,2,2,19581936.0,74174.0,Townhouse,18.62,5.8,8.2,8.0,0.257,0.2,Q1,2024
Jurong East - West Hub,West,246.0,1,1,19245072.0,78232.0,Condo,18.13,5.6,8.2,8.0,0.078,0.2,Q4,2024
Jurong East - West Hub,West,49.0,2,1,3270015.0,66735.0,Condo,18.11,6.5,8.2,8.0,0.069,0.2,Q1,2024
Jurong East - West Hub,West,239.0,3,2,15577781.0,65179.0,Townhouse,18.58,4.7,8.2,8.0,0.387,0.2,Q2,2024
Jurong East - West Hub,West,267.0,3,3,21113292.0,79076.0,Condo,17.97,5.6,8.2,8.0,0.068,0.1952,Q1,2025
Jurong East - West Hub,West,140.0,4,4,9562840.0,68306.0,Condo,18.13,5.3,8.2,8.0,0.136,0.1722,Q2,2025
Jurong East - West Hub,West,277.0,2,2,22301547.0,80511.0,Condo,17.57,6.0,8.2,8.0,0.039,0.2,Q4,2025
Jurong East - West Hub,West,237.0,3,3,16727697.0,70581.0,Lot,17.34,5.4,8.2,8.0,0.129,0.172,Q2,2024
Jurong East - West Hub,West,126.0,3,3,9651600.0,76600.0,House,18.11,5.6,8.2,8.0,0.071,0.2,Q3,2025
Jurong East - West Hub,West,270.0,2,1,18348930.0,67959.0,Condo,18.63,6.4,8.2,8.0,0.439,0.2,Q2,2024
Jurong East - West Hub,West,117.0,2,1,7929324.0,67772.0,Townhouse,18.18,5.4,8.2,8.0,0.186,0.1928,Q1,2024
Jurong East - West Hub,West,208.0,2,1,16387488.0,78786.0,Condo,18.12,4.4,8.2,8.0,0.026,0.1475,Q4,2024
Jurong East - West Hub,West,224.0,2,1,16659552.0,74373.0,House,18.09,4.7,8.2,8.0,0.045,0.2,Q4,2024
Jurong East - West Hub,West,175.0,4,3,11197725.0,63987.0,Condo,17.77,6.0,8.2,8.0,0.363,0.1551,Q1,2024
Jurong East - West Hub,West,247.0,4,4,19353685.0,78355.0,Condo,17.7,5.9,8.2,8.0,0.078,0.1939,Q3,2025
Jurong East - West Hub,West,37.0,2,2,2118546.0,57258.0,House,18.42,6.3,8.2,8.0,0.319,0.153,Q3,2024
Jurong East - West Hub,West,87.0,3,3,5158056.0,59288.0,Condo,18.82,5.9,8.2,8.0,0.423,0.2,Q3,2024
Jurong East - West Hub,West,38.0,2,1,2179072.0,57344.0,House,18.56,5.4,8.2,8.0,0.373,0.2,Q4,2024
Jurong East - West Hub,West,265.0,5,4,19692415.0,74311.0,Condo,18.36,5.7,8.2,8.0,0.273,0.2,Q2,2024
Jurong East - West Hub,West,153.0,3,3,11737395.0,76715.0,House,18.54,5.3,8.2,8.0,0.096,0.2,Q4,2024
Jurong East - West Hub,West,265.0,3,3,20552340.0,77556.0,House,18.47,6.1,8.2,8.0,0.293,0.2,Q1,2024
Jurong East - West Hub,West,198.0,2,1,13053942.0,65929.0,Condo,17.72,4.7,8.2,8.0,0.305,0.2,Q2,2024
Jurong East - West Hub,West,116.0,3,3,7449520.0,64220.0,Condo,18.54,5.0,8.2,8.0,0.234,0.1562,Q3,2024
Jurong East - West Hub,West,46.0,3,3,2812808.0,61148.0,Condo,18.35,5.6,8.2,8.0,0.203,0.1475,Q1,2024
Jurong East - West Hub,West,151.0,3,3,9565548.0,63348.0,House,17.68,5.3,8.2,8.0,0.394,0.2,Q2,2024
Jurong East - West Hub,West,182.0,4,3,13809614.0,75877.0,Condo,17.4,4.7,8.2,8.0,0.056,0.2,Q4,2024
Jurong East - West Hub,West,75.0,2,1,5268975.0,70253.0,Condo,17.76,5.9,8.2,8.0,0.082,0.2,Q3,2024
Jurong East - West Hub,West,147.0,3,2,10958262.0,74546.0,Condo,18.36,5.2,8.2,8.0,0.046,0.2,Q2,2025
Jurong East - West Hub,West,137.0,4,3,9923184.0,72432.0,Condo,17.69,6.2,8.2,8.0,0.044,0.167,Q3,2025
Jurong East - West Hub,West,182.0,4,4,10700872.0,58796.0,House,18.23,5.1,8.2,8.0,0.431,0.1849,Q1,2024
Jurong East - West Hub,West,100.0,5,4,6183900.0,61839.0,Condo,17.72,5.9,8.2,8.0,0.271,0.1579,Q3,2024
Jurong East - West Hub,West,181.0,3,2,12861498.0,71058.0,Townhouse,17.78,5.3,8.2,8.0,0.178,0.2,Q4,2025
Jurong East - West Hub,West,81.0,4,4,5290272.0,65312.0,Condo,18.06,5.5,8.2,8.0,0.265,0.2,Q3,2025
Jurong East - West Hub,West,170.0,2,2,12100260.0,71178.0,House,18.08,6.9,8.2,8.0,0.174,0.2,Q2,2024
Jurong East - West Hub,West,82.0,2,2,5000442.0,60981.0,Condo,18.66,6.0,8.2,8.0,0.26,0.1683,Q4,2024
Jurong East - West Hub,West,52.0,3,2,3593148.0,69099.0,House,18.61,6.5,8.2,8.0,0.092,0.2,Q4,2024
Jurong East - West Hub,West,242.0,3,2,16737446.0,69163.0,Condo,17.93,5.6,8.2,8.0,0.331,0.2,Q3,2025
Jurong East - West Hub,West,149.0,3,3,8734380.0,58620.0,Townhouse,17.98,5.6,8.2,8.0,0.406,0.1364,Q3,2024
Jurong East - West Hub,West,31.0,3,3,1722174.0,55554.0,House,18.48,6.4,8.2,8.0,0.345,0.15,Q2,2024
Jurong East - West Hub,West,77.0,2,1,5067678.0,65814.0,Condo,18.28,5.8,8.2,8.0,0.248,0.2,Q4,2025
Jurong East - West Hub,West,199.0,4,4,15659907.0,78693.0,Condo,18.33,5.9,8.2,8.0,0.076,0.2,Q2,2024
Jurong East - West Hub,West,50.0,1,1,3305900.0,66118.0,House,18.23,6.4,8.2,8.0,0.178,0.2,Q2,2025
Jurong East - West Hub,West,42.0,2,1,2717064.0,64692.0,Townhouse,19.31,5.2,8.2,8.0,0.173,0.2,Q2,2025
Jurong East - West Hub,West,271.0,3,3,21360762.0,78822.0,Lot,18.76,4.7,8.2,8.0,0.221,0.2,Q1,2024
Jurong East - West Hub,West,48.0,2,2,2766480.0,57635.0,Condo,18.11,4.8,8.2,8.0,0.25,0.1384,Q2,2025
Jurong East - West Hub,West,89.0,3,3,5890287.0,66183.0,Condo,18.65,5.5,8.2,8.0,0.196,0.2,Q1,2024
Jurong East - West Hub,West,118.0,4,3,8152384.0,69088.0,House,18.23,5.4,8.2,8.0,0.024,0.2,Q2,2025
Jurong East - West Hub,West,271.0,4,4,18168111.0,67041.0,Condo,18.01,5.0,8.2,8.0,0.324,0.141,Q3,2024
Jurong East - West Hub,West,153.0,2,2,9596772.0,62724.0,Condo,18.25,6.2,8.2,8.0,0.405,0.1984,Q4,2024
Jurong East - West Hub,West,138.0,3,3,9562710.0,69295.0,Townhouse,18.08,5.9,8.2,8.0,0.137,0.2,Q3,2024
Jurong East - West Hub,West,248.0,1,1,18505760.0,74620.0,Townhouse,17.88,4.6,8.2,8.0,0.135,0.2,Q4,2024
Jurong East - West Hub,West,274.0,2,2,18235522.0,66553.0,Townhouse,18.24,7.2,8.2,8.0,0.392,0.1417,Q4,2024
Jurong East - West Hub,West,130.0,3,2,9791080.0,75316.0,House,17.98,4.7,8.2,8.0,0.026,0.2,Q4,2024
Jurong East - West Hub,West,125.0,3,2,9334250.0,74674.0,Condo,17.61,5.5,8.2,8.0,0.031,0.1775,Q1,2025
Jurong East - West Hub,West,40.0,3,3,2484960.0,62124.0,Condo,17.5,5.5,8.2,8.0,0.413,0.2,Q4,2025
Jurong East - West Hub,West,270.0,1,1,21734730.0,80499.0,House,18.8,5.0,8.2,8.0,0.026,0.2,Q3,2024
Jurong East - West Hub,West,245.0,2,1,19261655.0,78619.0,Condo,17.86,5.4,8.2,8.0,0.04,0.2,Q2,2024
Jurong East - West Hub,West,59.0,1,1,3817241.0,64699.0,House,18.21,4.7,8.2,8.0,0.045,0.158,Q1,2024
Jurong East - West Hub,West,181.0,3,2,12126276.0,66996.0,House,18.57,5.2,8.2,8.0,0.222,0.1653,Q4,2025
Jurong East - West Hub,West,167.0,3,3,11448852.0,68556.0,Townhouse,18.6,4.7,8.2,8.0,0.156,0.2,Q1,2024
Jurong East - West Hub,West,136.0,1,1,9141648.0,67218.0,House,18.21,5.2,8.2,8.0,0.14,0.2,Q4,2024
Jurong East - West Hub,West,50.0,4,4,3035850.0,60717.0,Lot,17.86,4.4,8.2,8.0,0.185,0.2,Q3,2024
Jurong East - West Hub,West,211.0,4,4,14529460.0,68860.0,House,18.1,5.7,8.2,8.0,0.199,0.2,Q3,2025
Jurong East - West Hub,West,267.0,3,3,19919268.0,74604.0,Townhouse,18.03,5.2,8.2,8.0,0.194,0.2,Q1,2025
Jurong East - West Hub,West,154.0,3,3,10390072.0,67468.0,Condo,17.9,5.6,8.2,8.0,0.219,0.2,Q3,2025
Jurong East - West Hub,West,169.0,4,4,10906922.0,64538.0,Townhouse,17.87,5.0,8.2,8.0,0.347,0.1563,Q1,2025
Jurong East - West Hub,West,164.0,1,1,12653092.0,77153.0,Condo,18.03,6.0,8.2,8.0,0.038,0.1975,Q1,2024
Jurong East - West Hub,West,128.0,5,5,8207232.0,64119.0,Condo,18.32,5.5,8.2,8.0,0.372,0.2,Q2,2024
Jurong East - West Hub,West,259.0,1,1,17450902.0,67378.0,Condo,17.87,6.0,8.2,8.0,0.424,0.2,Q4,2024
Jurong East - West Hub,West,57.0,3,3,3983103.0,69879.0,Townhouse,18.07,6.7,8.2,8.0,0.046,0.1407,Q1,2024
Jurong East - West Hub,West,94.0,2,1,6505082.0,69203.0,House,18.27,5.5,8.2,8.0,0.053,0.1957,Q1,2025
Jurong East - West Hub,West,110.0,5,5,7409710.0,67361.0,Condo,17.82,6.4,8.2,8.0,0.108,0.2,Q3,2024
Jurong East - West Hub,West,262.0,1,1,19502494.0,74437.0,Condo,17.96,5.1,8.2,8.0,0.268,0.2,Q2,2024
Jurong East - West Hub,West,86.0,3,2,5736974.0,66709.0,Lot,18.53,6.1,8.2,8.0,0.271,0.2,Q2,2025
Jurong East - West Hub,West,162.0,2,2,10769274.0,66477.0,Lot,17.65,5.5,8.2,8.0,0.243,0.1447,Q2,2024
Jurong East - West Hub,West,232.0,2,2,15926336.0,68648.0,Condo,18.06,5.5,8.2,8.0,0.394,0.2,Q2,2024
Jurong East - West Hub,West,124.0,3,3,7732640.0,62360.0,House,17.82,5.1,8.2,8.0,0.431,0.2,Q4,2024
Jurong East - West Hub,West,114.0,3,2,6332472.0,55548.0,House,17.38,5.3,8.2,8.0,0.404,0.1498,Q2,2025
Jurong East - West Hub,West,238.0,3,2,17325210.0,72795.0,House,17.94,5.5,8.2,8.0,0.298,0.2,Q3,2024
Jurong East - West Hub,West,77.0,4,4,4677134.0,60742.0,Condo,17.56,4.8,8.2,8.0,0.236,0.1521,Q1,2025
Jurong East - West Hub,West,57.0,2,2,3225687.0,56591.0,Lot,18.25,4.9,8.2,8.0,0.39,0.2,Q4,2024
Jurong East - West Hub,West,95.0,4,4,6869925.0,72315.0,Lot,17.65,5.8,8.2,8.0,0.061,0.2,Q4,2024
Jurong East - West Hub,West,109.0,2,1,7101677.0,65153.0,Condo,17.71,6.2,8.2,8.0,0.359,0.2,Q1,2025
Jurong East - West Hub,West,126.0,5,5,7879410.0,62535.0,Condo,17.96,6.1,8.2,8.0,0.358,0.2,Q1,2024
Jurong East - West Hub,West,226.0,2,1,16610096.0,73496.0,House,17.95,4.9,8.2,8.0,0.153,0.2,Q3,2024
Jurong East - West Hub,West,42.0,2,1,2714628.0,64634.0,House,18.37,6.0,8.2,8.0,0.191,0.2,Q4,2025
Jurong East - West Hub,West,148.0,5,4,9562872.0,64614.0,Condo,17.93,5.0,8.2,8.0,0.351,0.192,Q3,2025
Jurong East - West Hub,West,49.0,4,3,2970429.0,60621.0,Lot,17.66,5.4,8.2,8.0,0.382,0.2,Q1,2025
Jurong East - West Hub,West,150.0,3,2,9905100.0,66034.0,House,18.41,4.8,8.2,8.0,0.245,0.2,Q1,2025
Jurong East - West Hub,West,151.0,5,5,11061656.0,73256.0,House,17.54,5.1,8.2,8.0,0.051,0.1602,Q1,2024
Jurong East - West Hub,West,125.0,2,1,7399000.0,59192.0,Lot,17.58,5.7,8.2,8.0,0.336,0.1464,Q1,2024
Jurong East - West Hub,West,40.0,2,2,2163800.0,54095.0,Condo,17.39,5.7,8.2,8.0,0.433,0.2,Q3,2025
Jurong East - West Hub,West,82.0,3,2,4696468.0,57274.0,Condo,18.28,5.2,8.2,8.0,0.399,0.1576,Q1,2025
Jurong East - West Hub,West,166.0,1,1,11550778.0,69583.0,Townhouse,17.76,4.6,8.2,8.0,0.272,0.2,Q3,2025
Jurong East - West Hub,West,36.0,4,3,2282976.0,63416.0,Condo,18.39,6.2,8.2,8.0,0.307,0.2,Q4,2024
Jurong East - West Hub,West,138.0,4,3,8854218.0,64161.0,Lot,18.18,5.5,8.2,8.0,0.32,0.2,Q4,2025
Jurong East - West Hub,West,179.0,1,1,12374986.0,69134.0,House,17.75,5.6,8.2,8.0,0.121,0.1636,Q4,2024
Jurong East - West Hub,West,29.0,4,4,1968288.0,67872.0,House,17.15,6.6,8.2,8.0,0.134,0.2,Q3,2024
Jurong East - West Hub,West,175.0,2,2,14077350.0,80442.0,House,17.51,6.3,8.2,8.0,0.026,0.2,Q1,2025
Jurong East - West Hub,West,182.0,2,1,11331320.0,62260.0,Condo,17.37,6.3,8.2,8.0,0.278,0.1367,Q1,2024
Jurong East - West Hub,West,177.0,2,2,11531550.0,65150.0,Condo,18.43,6.3,8.2,8.0,0.362,0.2,Q3,2024
Jurong East - West Hub,West,87.0,4,3,5633424.0,64752.0,Condo,17.54,6.3,8.2,8.0,0.353,0.2,Q2,2025
Jurong East - West Hub,West,258.0,2,1,16510452.0,63994.0,House,17.51,6.1,8.2,8.0,0.37,0.1397,Q1,2024
Jurong East - West Hub,West,149.0,1,1,10296496.0,69104.0,Lot,17.7,4.9,8.2,8.0,0.244,0.2,Q1,2024
Jurong East - West Hub,West,141.0,2,2,9523422.0,67542.0,Townhouse,17.32,6.3,8.2,8.0,0.133,0.2,Q2,2025
Jurong East - West Hub,West,94.0,2,2,6267826.0,66679.0,House,17.7,6.0,8.2,8.0,0.261,0.2,Q3,2024
Jurong East - West Hub,West,177.0,3,2,11198259.0,63267.0,Townhouse,17.77,5.0,8.2,8.0,0.384,0.1623,Q1,2025
Jurong East - West Hub,West,222.0,3,2,18619140.0,83870.0,Condo,18.27,5.8,8.2,8.0,0.047,0.2,Q2,2024
Jurong East - West Hub,West,44.0,1,1,2604008.0,59182.0,House,17.32,5.7,8.2,8.0,0.297,0.2,Q1,2024
Jurong East - West Hub,West,230.0,3,2,17724260.0,77062.0,Condo,17.91,5.0,8.2,8.0,0.095,0.2,Q1,2024
Jurong East - West Hub,West,70.0,3,2,4874310.0,69633.0,House,17.95,4.3,8.2,8.0,0.123,0.2,Q4,2025
Jurong East - West Hub,West,27.0,2,2,1699110.0,62930.0,Lot,17.56,4.6,8.2,8.0,0.125,0.1949,Q3,2025
Jurong East - West Hub,West,184.0,4,4,12418160.0,67490.0,Condo,17.73,6.0,8.2,8.0,0.296,0.1603,Q2,2024
Jurong East - West Hub,West,254.0,3,2,18512282.0,72883.0,Townhouse,17.82,5.6,8.2,8.0,0.159,0.16,Q3,2024
Jurong East - West Hub,West,109.0,3,2,7438378.0,68242.0,House,18.25,5.5,8.2,8.0,0.101,0.1674,Q2,2025
Jurong East - West Hub,West,117.0,3,2,7464015.0,63795.0,House,18.12,5.2,8.2,8.0,0.306,0.2,Q2,2025
Jurong East - West Hub,West,188.0,2,2,12855816.0,68382.0,House,17.63,5.3,8.2,8.0,0.226,0.2,Q1,2024
Jurong East - West Hub,West,270.0,2,1,21538170.0,79771.0,Condo,17.32,5.3,8.2,8.0,0.13,0.2,Q1,2025
Jurong East - West Hub,West,222.0,2,1,14464632.0,65156.0,House,18.57,4.8,8.2,8.0,0.412,0.2,Q3,2025
Jurong East - West Hub,West,240.0,2,2,15369360.0,64039.0,Townhouse,17.59,4.1,8.2,8.0,0.448,0.1877,Q1,2025
Jurong East - West Hub,West,60.0,2,1,4075920.0,67932.0,Townhouse,18.01,6.3,8.2,8.0,0.101,0.1892,Q3,2025
Jurong East - West Hub,West,96.0,3,3,6776736.0,70591.0,House,17.8,6.0,8.2,8.0,0.119,0.2,Q4,2025
Jurong East - West Hub,West,50.0,3,3,3025150.0,60503.0,Condo,17.09,7.5,8.2,8.0,0.279,0.2,Q3,2024
Jurong East - West Hub,West,103.0,2,1,7207322.0,69974.0,House,18.25,6.1,8.2,8.0,0.19,0.2,Q2,2024
Jurong East - West Hub,West,204.0,2,1,15783888.0,77372.0,Lot,18.05,4.8,8.2,8.0,0.062,0.2,Q3,2024
Jurong East - West Hub,West,45.0,2,2,2908845.0,64641.0,Condo,17.59,5.8,8.2,8.0,0.164,0.2,Q1,2024
Jurong East - West Hub,West,266.0,2,1,18300534.0,68799.0,Townhouse,18.14,5.9,8.2,8.0,0.408,0.168,Q2,2024
Jurong East - West Hub,West,188.0,3,3,13109428.0,69731.0,Condo,17.51,6.7,8.2,8.0,0.363,0.2,Q3,2024
Jurong East - West Hub,West,85.0,3,2,5269745.0,61997.0,Lot,18.32,5.2,8.2,8.0,0.308,0.2,Q1,2025
Jurong East - West Hub,West,241.0,2,2,18654364.0,77404.0,Townhouse,18.19,5.9,8.2,8.0,0.07,0.2,Q3,2025
Jurong East - West Hub,West,224.0,2,1,16166752.0,72173.0,Condo,18.1,5.4,8.2,8.0,0.235,0.2,Q4,2025
Jurong East - West Hub,West,265.0,2,2,21298845.0,80373.0,House,17.96,4.7,8.2,8.0,0.024,0.1609,Q1,2024
Jurong East - West Hub,West,114.0,3,3,7222584.0,63356.0,Condo,17.72,5.6,8.2,8.0,0.17,0.1378,Q4,2025
Jurong East - West Hub,West,75.0,5,5,4435800.0,59144.0,House,17.72,6.0,8.2,8.0,0.414,0.2,Q1,2025
Jurong East - West Hub,West,44.0,4,4,2966568.0,67422.0,Townhouse,18.15,6.1,8.2,8.0,0.138,0.2,Q4,2024
Jurong East - West Hub,West,257.0,1,1,18458254.0,71822.0,Townhouse,18.24,6.3,8.2,8.0,0.322,0.2,Q2,2025
Jurong East - West Hub,West,49.0,1,1,3234000.0,66000.0,Townhouse,18.39,5.7,8.2,8.0,0.102,0.2,Q2,2024
Jurong East - West Hub,West,136.0,3,3,10382920.0,76345.0,Lot,18.77,4.5,8.2,8.0,0.095,0.2,Q2,2024
Jurong East - West Hub,West,155.0,3,3,10217910.0,65922.0,Condo,17.72,6.6,8.2,8.0,0.32,0.1601,Q2,2025
Jurong East - West Hub,West,212.0,3,3,16105004.0,75967.0,House,18.11,5.2,8.2,8.0,0.059,0.149,Q4,2025
Jurong East - West Hub,West,129.0,2,1,7745934.0,60046.0,Townhouse,17.49,5.9,8.2,8.0,0.371,0.1528,Q2,2024
Jurong East - West Hub,West,29.0,2,2,1522500.0,52500.0,House,18.47,5.5,8.2,8.0,0.445,0.2,Q1,2024
Jurong East - West Hub,West,45.0,3,3,3074895.0,68331.0,Condo,18.14,4.7,8.2,8.0,0.066,0.2,Q2,2024
Jurong East - West Hub,West,129.0,4,4,8489232.0,65808.0,Lot,17.89,6.5,8.2,8.0,0.325,0.198,Q3,2024
Jurong East - West Hub,West,231.0,2,2,16870623.0,73033.0,Lot,17.2,4.9,8.2,8.0,0.176,0.1432,Q3,2024
Jurong East - West Hub,West,227.0,2,1,16064790.0,70770.0,Condo,17.53,5.1,8.2,8.0,0.306,0.2,Q3,2024
Jurong East - West Hub,West,63.0,1,1,3646188.0,57876.0,House,18.33,6.4,8.2,8.0,0.35,0.2,Q3,2025
Jurong East - West Hub,West,158.0,2,2,10393398.0,65781.0,House,17.47,5.8,8.2,8.0,0.213,0.14,Q1,2025
Jurong East - West Hub,West,151.0,2,2,9826929.0,65079.0,House,17.95,5.1,8.2,8.0,0.288,0.2,Q1,2024
Jurong East - West Hub,West,203.0,3,2,15321831.0,75477.0,Townhouse,18.91,6.0,8.2,8.0,0.089,0.1839,Q3,2024
Jurong East - West Hub,West,42.0,2,2,2522856.0,60068.0,Condo,18.28,5.7,8.2,8.0,0.368,0.2,Q4,2025
Jurong East - West Hub,West,131.0,2,2,9411826.0,71846.0,Condo,17.95,4.9,8.2,8.0,0.119,0.2,Q3,2025
Jurong East - West Hub,West,262.0,4,4,19183640.0,73220.0,Condo,18.39,5.9,8.2,8.0,0.265,0.1783,Q2,2024
Jurong East - West Hub,West,235.0,4,4,14889600.0,63360.0,Condo,17.72,5.1,8.2,8.0,0.343,0.1621,Q2,2025
Jurong East - West Hub,West,210.0,4,3,13611360.0,64816.0,Condo,17.86,4.6,8.2,8.0,0.394,0.2,Q2,2024
Jurong East - West Hub,West,178.0,3,3,11869218.0,66681.0,Condo,18.59,5.5,8.2,8.0,0.412,0.2,Q3,2024
Jurong East - West Hub,West,219.0,1,1,15169254.0,69266.0,Condo,17.57,4.1,8.2,8.0,0.259,0.1426,Q3,2025
Jurong East - West Hub,West,66.0,1,1,3979800.0,60300.0,House,18.21,5.8,8.2,8.0,0.266,0.2,Q2,2024
Jurong East - West Hub,West,251.0,2,2,17539378.0,69878.0,House,18.04,5.3,8.2,8.0,0.326,0.1688,Q4,2025
Jurong East - West Hub,West,104.0,3,2,6519448.0,62687.0,Townhouse,18.18,5.4,8.2,8.0,0.311,0.2,Q3,2024
Jurong East - West Hub,West,146.0,4,4,9854708.0,67498.0,Condo,17.85,5.5,8.2,8.0,0.183,0.2,Q4,2025
Jurong East - West Hub,West,189.0,3,3,12166686.0,64374.0,Condo,17.3,6.0,8.2,8.0,0.402,0.2,Q4,2025
Jurong East - West Hub,West,247.0,3,3,19126445.0,77435.0,Townhouse,18.18,4.4,8.2,8.0,0.131,0.2,Q1,2025
Jurong East - West Hub,West,168.0,2,2,10414320.0,61990.0,Condo,17.54,4.8,8.2,8.0,0.429,0.2,Q3,2025
Jurong East - West Hub,West,105.0,3,2,6342000.0,60400.0,Condo,18.36,5.0,8.2,8.0,0.359,0.2,Q1,2025
Jurong East - West Hub,West,207.0,1,1,14550237.0,70291.0,Lot,18.18,5.6,8.2,8.0,0.184,0.1432,Q3,2025
Jurong East - West Hub,West,199.0,2,2,14752268.0,74132.0,Lot,18.3,5.5,8.2,8.0,0.116,0.2,Q4,2025
Jurong East - West Hub,West,277.0,2,1,19725724.0,71212.0,Condo,18.72,5.5,8.2,8.0,0.345,0.2,Q4,2024
Jurong East - West Hub,West,71.0,1,1,5137631.0,72361.0,Condo,18.56,5.2,8.2,8.0,0.049,0.2,Q2,2024
Jurong East - West Hub,West,128.0,4,3,8301184.0,64853.0,Townhouse,18.08,5.9,8.2,8.0,0.335,0.2,Q1,2024
Jurong East - West Hub,West,92.0,2,2,5356700.0,58225.0,Condo,17.59,5.7,8.2,8.0,0.406,0.2,Q1,2024
Jurong East - West Hub,West,185.0,4,3,13381975.0,72335.0,Townhouse,17.04,5.4,8.2,8.0,0.202,0.2,Q2,2024
Jurong East - West Hub,West,94.0,1,1,5856106.0,62299.0,Lot,18.05,5.8,8.2,8.0,0.29,0.1593,Q3,2025
Jurong East - West Hub,West,49.0,3,3,2793049.0,57001.0,Townhouse,17.44,4.9,8.2,8.0,0.426,0.2,Q4,2024
Jurong East - West Hub,West,241.0,2,1,16994838.0,70518.0,Condo,17.92,6.5,8.2,8.0,0.263,0.2,Q2,2024
Jurong East - West Hub,West,155.0,4,4,12358460.0,79732.0,Condo,18.49,5.6,8.2,8.0,0.053,0.2,Q3,2024
Jurong East - West Hub,West,263.0,2,2,18630394.0,70838.0,House,17.43,5.6,8.2,8.0,0.254,0.1567,Q2,2025
Jurong East - West Hub,West,102.0,4,4,5968836.0,58518.0,Townhouse,17.82,5.2,8.2,8.0,0.282,0.1542,Q4,2024
Jurong East - West Hub,West,199.0,1,1,14034276.0,70524.0,House,17.24,5.6,8.2,8.0,0.241,0.2,Q2,2024
Jurong East - West Hub,West,100.0,2,2,6203500.0,62035.0,Condo,17.75,4.4,8.2,8.0,0.331,0.2,Q4,2024
Jurong East - West Hub,West,247.0,2,1,15789722.0,63926.0,House,17.71,5.6,8.2,8.0,0.44,0.1759,Q2,2024
Jurong East - West Hub,West,216.0,1,1,16166088.0,74843.0,House,18.28,7.3,8.2,8.0,0.274,0.2,Q2,2024
Jurong East - West Hub,West,206.0,3,3,14660814.0,71169.0,House,18.02,5.7,8.2,8.0,0.204,0.1507,Q2,2025
Jurong East - West Hub,West,162.0,1,1,12215610.0,75405.0,Condo,17.53,5.6,8.2,8.0,0.177,0.1977,Q1,2024
Jurong East - West Hub,West,144.0,2,2,9322992.0,64743.0,Condo,16.81,6.1,8.2,8.0,0.31,0.1478,Q3,2024
Jurong East - West Hub,West,160.0,4,3,10100960.0,63131.0,House,18.27,5.7,8.2,8.0,0.415,0.1447,Q4,2024
Jurong East - West Hub,West,278.0,2,1,19344352.0,69584.0,House,18.04,5.9,8.2,8.0,0.247,0.1615,Q3,2024
Jurong East - West Hub,West,221.0,2,2,13810511.0,62491.0,House,17.97,4.4,8.2,8.0,0.404,0.1607,Q2,2024
Jurong East - West Hub,West,99.0,2,1,5712498.0,57702.0,House,18.09,5.6,8.2,8.0,0.268,0.1429,Q1,2025
Jurong East - West Hub,West,142.0,4,4,9340050.0,65775.0,House,18.38,5.6,8.2,8.0,0.264,0.1797,Q2,2024
Jurong East - West Hub,West,217.0,3,2,16986109.0,78277.0,Lot,17.64,5.8,8.2,8.0,0.058,0.2,Q3,2024
Jurong East - West Hub,West,251.0,2,2,16414898.0,65398.0,Condo,17.87,5.8,8.2,8.0,0.372,0.1378,Q4,2024
Jurong East - West Hub,West,262.0,2,1,18292054.0,69817.0,Townhouse,18.04,5.2,8.2,8.0,0.37,0.2,Q1,2024
Jurong East - West Hub,West,25.0,2,1,1696850.0,67874.0,House,18.14,6.7,8.2,8.0,0.158,0.2,Q4,2024
Jurong East - West Hub,West,256.0,2,1,18131200.0,70825.0,Lot,18.19,5.9,8.2,8.0,0.396,0.2,Q3,2025
Jurong East - West Hub,West,154.0,3,2,10123344.0,65736.0,Townhouse,17.54,6.6,8.2,8.0,0.287,0.2,Q1,2024
Jurong East - West Hub,West,94.0,3,3,6114512.0,65048.0,House,18.5,4.8,8.2,8.0,0.19,0.2,Q1,2025
Jurong East - West Hub,West,39.0,2,2,2478840.0,63560.0,House,18.14,5.7,8.2,8.0,0.149,0.2,Q2,2025
Jurong East - West Hub,West,30.0,1,1,1670940.0,55698.0,Condo,17.69,6.3,8.2,8.0,0.355,0.1978,Q3,2025
Jurong East - West Hub,West,225.0,1,1,14401350.0,64006.0,Condo,18.05,6.5,8.2,8.0,0.37,0.1639,Q4,2024
Jurong East - West Hub,West,93.0,1,1,5413623.0,58211.0,Condo,18.08,5.5,8.2,8.0,0.43,0.1797,Q4,2025
Jurong East - West Hub,West,36.0,2,2,2156076.0,59891.0,Condo,17.81,5.3,8.2,8.0,0.41,0.2,Q4,2024
Jurong East - West Hub,West,72.0,2,2,3851280.0,53490.0,Condo,18.23,5.5,8.2,8.0,0.393,0.15,Q1,2024
Jurong East - West Hub,West,94.0,2,2,6022580.0,64070.0,House,17.64,5.9,8.2,8.0,0.249,0.2,Q4,2025
Jurong East - West Hub,West,139.0,4,3,7739798.0,55682.0,Condo,17.97,5.8,8.2,8.0,0.414,0.1418,Q3,2024
Jurong East - West Hub,West,36.0,3,3,1936800.0,53800.0,House,17.69,6.2,8.2,8.0,0.395,0.1749,Q1,2025
Jurong East - West Hub,West,42.0,3,3,2983554.0,71037.0,Condo,17.82,6.2,8.2,8.0,0.047,0.2,Q1,2024
Jurong East - West Hub,West,96.0,3,3,5724576.0,59631.0,House,18.65,4.6,8.2,8.0,0.384,0.2,Q2,2025
Jurong East - West Hub,West,42.0,4,3,2835756.0,67518.0,Condo,17.39,4.4,8.2,8.0,0.03,0.2,Q4,2024
Jurong East - West Hub,West,32.0,2,2,2173120.0,67910.0,House,17.75,5.6,8.2,8.0,0.069,0.2,Q2,2024
Jurong East - West Hub,West,30.0,3,2,1614330.0,53811.0,House,17.68,5.8,8.2,8.0,0.418,0.2,Q2,2024
Jurong East - West Hub,West,213.0,3,3,15143022.0,71094.0,House,18.34,5.5,8.2,8.0,0.142,0.2,Q4,2025
Jurong East - West Hub,West,160.0,1,1,10482880.0,65518.0,Condo,18.8,6.0,8.2,8.0,0.372,0.2,Q4,2024
Jurong East - West Hub,West,276.0,3,3,19011984.0,68884.0,Townhouse,18.14,5.0,8.2,8.0,0.343,0.2,Q4,2025
Jurong East - West Hub,West,271.0,2,1,18403881.0,67911.0,Townhouse,18.58,6.2,8.2,8.0,0.281,0.1384,Q4,2024
Jurong East - West Hub,West,109.0,4,3,6656848.0,61072.0,Condo,18.08,4.9,8.2,8.0,0.4,0.2,Q2,2025
Jurong East - West Hub,West,42.0,4,3,2958774.0,70447.0,Condo,17.97,6.5,8.2,8.0,0.026,0.2,Q3,2024
Jurong East - West Hub,West,250.0,1,1,16237000.0,64948.0,Lot,17.89,5.0,8.2,8.0,0.429,0.2,Q4,2025
Jurong East - West Hub,West,231.0,3,2,17006913.0,73623.0,Condo,18.11,6.0,8.2,8.0,0.252,0.2,Q4,2024
Jurong East - West Hub,West,180.0,4,3,13062960.0,72572.0,Condo,17.55,5.4,8.2,8.0,0.167,0.1878,Q2,2024
Jurong East - West Hub,West,111.0,3,3,7890990.0,71090.0,House,18.09,5.7,8.2,8.0,0.079,0.2,Q1,2025
Jurong East - West Hub,West,122.0,2,2,7849480.0,64340.0,House,18.2,5.9,8.2,8.0,0.34,0.2,Q2,2024
Jurong East - West Hub,West,121.0,3,3,7531645.0,62245.0,Condo,17.81,5.0,8.2,8.0,0.36,0.2,Q3,2024
Jurong East - West Hub,West,109.0,3,2,7030173.0,64497.0,House,18.51,6.0,8.2,8.0,0.062,0.147,Q4,2025
Jurong East - West Hub,West,122.0,3,2,8636990.0,70795.0,Condo,17.75,5.2,8.2,8.0,0.113,0.2,Q4,2025
Jurong East - West Hub,West,275.0,2,1,18330675.0,66657.0,Townhouse,17.51,5.9,8.2,8.0,0.439,0.168,Q4,2025
Jurong East - West Hub,West,95.0,1,1,6734740.0,70892.0,House,17.79,6.2,8.2,8.0,0.188,0.2,Q4,2024
Jurong East - West Hub,West,188.0,2,2,13895644.0,73913.0,House,18.33,5.4,8.2,8.0,0.143,0.2,Q4,2024
Jurong East - West Hub,West,221.0,5,5,14666665.0,66365.0,Condo,17.62,5.1,8.2,8.0,0.283,0.1438,Q2,2024
Jurong East - West Hub,West,26.0,2,1,1614184.0,62084.0,Townhouse,18.37,5.2,8.2,8.0,0.122,0.1471,Q4,2025
Jurong East - West Hub,West,151.0,1,1,9253582.0,61282.0,Condo,17.98,5.1,8.2,8.0,0.256,0.1514,Q3,2025
Jurong East - West Hub,West,230.0,3,2,15237960.0,66252.0,House,18.45,5.7,8.2,8.0,0.429,0.2,Q4,2024
Jurong East - West Hub,West,50.0,3,3,2788200.0,55764.0,Condo,17.82,4.9,8.2,8.0,0.409,0.2,Q4,2025
Jurong East - West Hub,West,214.0,2,2,15031788.0,70242.0,House,17.13,5.3,8.2,8.0,0.232,0.1544,Q1,2024
Jurong East - West Hub,West,61.0,4,4,4128358.0,67678.0,Condo,17.53,5.1,8.2,8.0,0.07,0.1718,Q4,2024
Jurong East - West Hub,West,146.0,3,3,10434766.0,71471.0,Condo,18.48,6.0,8.2,8.0,0.18,0.2,Q4,2024
Jurong East - West Hub,West,25.0,1,1,1701600.0,68064.0,Townhouse,18.05,6.0,8.2,8.0,0.029,0.2,Q4,2024
Jurong East - West Hub,West,154.0,3,2,11219670.0,72855.0,Condo,18.13,5.7,8.2,8.0,0.032,0.2,Q2,2025
Jurong East - West Hub,West,139.0,4,3,10502145.0,75555.0,Condo,17.62,5.6,8.2,8.0,0.059,0.1918,Q2,2025
Jurong East - West Hub,West,66.0,3,3,3773550.0,57175.0,House,18.24,5.7,8.2,8.0,0.43,0.2,Q2,2024
Jurong East - West Hub,West,198.0,4,3,14777532.0,74634.0,Lot,17.61,6.1,8.2,8.0,0.077,0.1787,Q3,2025
Jurong East - West Hub,West,153.0,3,3,9960759.0,65103.0,Lot,18.06,5.5,8.2,8.0,0.337,0.1942,Q2,2024
Jurong East - West Hub,West,139.0,1,1,9090878.0,65402.0,House,17.78,4.9,8.2,8.0,0.383,0.2,Q3,2024
Jurong East - West Hub,West,221.0,2,2,15768350.0,71350.0,Condo,18.32,5.4,8.2,8.0,0.141,0.1758,Q4,2024
Jurong East - West Hub,West,231.0,1,1,17205573.0,74483.0,Townhouse,17.74,4.8,8.2,8.0,0.036,0.1704,Q1,2024
Jurong East - West Hub,West,96.0,4,4,6422496.0,66901.0,Condo,17.72,5.2,8.2,8.0,0.266,0.2,Q3,2025
Jurong East - West Hub,West,114.0,2,1,7378878.0,64727.0,Condo,18.23,6.0,8.2,8.0,0.289,0.2,Q1,2024
Jurong East - West Hub,West,31.0,2,2,2151772.0,69412.0,Condo,18.22,6.1,8.2,8.0,0.037,0.2,Q3,2024
Jurong East - West Hub,West,106.0,3,2,7562782.0,71347.0,Condo,18.77,6.4,8.2,8.0,0.118,0.2,Q2,2024
Jurong East - West Hub,West,90.0,1,1,5862600.0,65140.0,Townhouse,17.69,5.3,8.2,8.0,0.223,0.2,Q4,2025
Jurong East - West Hub,West,90.0,2,1,5629230.0,62547.0,Condo,17.92,5.5,8.2,8.0,0.343,0.1896,Q2,2025
Jurong East - West Hub,West,226.0,2,2,16093008.0,71208.0,House,18.16,6.0,8.2,8.0,0.147,0.1865,Q1,2024
Jurong East - West Hub,West,85.0,3,2,6199645.0,72937.0,Condo,18.09,6.6,8.2,8.0,0.032,0.1991,Q1,2025
Jurong East - West Hub,West,168.0,2,2,12388656.0,73742.0,House,18.03,4.9,8.2,8.0,0.073,0.2,Q2,2025
Jurong East - West Hub,West,112.0,2,2,6515824.0,58177.0,House,18.36,6.8,8.2,8.0,0.4,0.1592,Q1,2024
Jurong East - West Hub,West,176.0,3,2,11187088.0,63563.0,House,17.97,6.0,8.2,8.0,0.398,0.2,Q4,2024
Jurong East - West Hub,West,86.0,2,1,5629302.0,65457.0,House,18.41,6.5,8.2,8.0,0.131,0.1547,Q4,2024
Jurong East - West Hub,West,237.0,3,3,16491645.0,69585.0,House,18.46,5.7,8.2,8.0,0.214,0.1446,Q4,2024
Jurong East - West Hub,West,213.0,4,4,15702573.0,73721.0,Condo,18.53,5.3,8.2,8.0,0.21,0.2,Q3,2024
Jurong East - West Hub,West,43.0,2,1,2835506.0,65942.0,Condo,18.34,5.8,8.2,8.0,0.147,0.2,Q1,2024
Jurong East - West Hub,West,172.0,2,2,11507832.0,66906.0,Condo,17.86,5.5,8.2,8.0,0.332,0.2,Q4,2025
Jurong East - West Hub,West,87.0,2,2,6363789.0,73147.0,Condo,18.4,5.0,8.2,8.0,0.111,0.2,Q3,2025
Jurong East - West Hub,West,265.0,3,3,17274025.0,65185.0,Townhouse,17.81,5.6,8.2,8.0,0.418,0.1512,Q2,2025
Jurong East - West Hub,West,203.0,1,1,14773528.0,72776.0,House,17.25,5.4,8.2,8.0,0.16,0.168,Q1,2024
Jurong East - West Hub,West,41.0,2,1,2515596.0,61356.0,House,17.6,5.6,8.2,8.0,0.145,0.1689,Q3,2024
Jurong East - West Hub,West,62.0,3,2,3935202.0,63471.0,House,18.56,6.8,8.2,8.0,0.32,0.1862,Q1,2024
Jurong East - West Hub,West,76.0,3,3,4583560.0,60310.0,Condo,18.41,6.0,8.2,8.0,0.431,0.189,Q1,2024
Jurong East - West Hub,West,183.0,1,1,13863165.0,75755.0,Townhouse,17.87,6.2,8.2,8.0,0.022,0.2,Q2,2024
Jurong East - West Hub,West,278.0,2,1,20547536.0,73912.0,Lot,18.46,5.9,8.2,8.0,0.307,0.2,Q4,2024
Jurong East - West Hub,West,206.0,4,4,13467662.0,65377.0,Condo,18.66,5.1,8.2,8.0,0.323,0.2,Q4,2025
Jurong East - West Hub,West,276.0,3,3,20536608.0,74408.0,Townhouse,17.57,5.9,8.2,8.0,0.276,0.1639,Q4,2025
Jurong East - West Hub,West,115.0,3,3,7926605.0,68927.0,Condo,17.71,5.2,8.2,8.0,0.135,0.2,Q4,2024
Jurong East - West Hub,West,40.0,4,3,2369920.0,59248.0,House,18.01,4.3,8.2,8.0,0.381,0.1952,Q3,2025
Jurong East - West Hub,West,91.0,3,3,6357806.0,69866.0,Condo,18.09,6.3,8.2,8.0,0.14,0.2,Q4,2025
Jurong East - West Hub,West,115.0,3,2,8384535.0,72909.0,House,17.38,5.1,8.2,8.0,0.076,0.2,Q3,2025
Jurong East - West Hub,West,26.0,1,1,1391650.0,53525.0,House,17.59,4.5,8.2,8.0,0.447,0.1646,Q4,2025
Jurong East - West Hub,West,216.0,1,1,15930648.0,73753.0,Condo,17.8,5.6,8.2,8.0,0.121,0.1545,Q4,2025
Jurong East - West Hub,West,92.0,2,1,5732980.0,62315.0,Lot,17.28,4.7,8.2,8.0,0.215,0.2,Q3,2024
Jurong East - West Hub,West,254.0,1,1,19051016.0,75004.0,Condo,17.88,6.1,8.2,8.0,0.164,0.2,Q2,2025
Jurong East - West Hub,West,239.0,2,1,17077267.0,71453.0,House,17.72,5.1,8.2,8.0,0.162,0.1983,Q3,2025
Jurong East - West Hub,West,253.0,4,3,16863968.0,66656.0,House,18.66,5.7,8.2,8.0,0.367,0.2,Q2,2024
Jurong East - West Hub,West,66.0,3,3,4208094.0,63759.0,Condo,17.8,5.3,8.2,8.0,0.267,0.2,Q2,2024
Jurong East - West Hub,West,76.0,3,3,5116776.0,67326.0,Condo,17.98,5.5,8.2,8.0,0.133,0.1764,Q2,2024
Jurong East - West Hub,West,278.0,5,4,21084076.0,75842.0,Townhouse,18.15,5.7,8.2,8.0,0.119,0.2,Q4,2024
Jurong East - West Hub,West,54.0,2,2,3701754.0,68551.0,Lot,18.72,6.2,8.2,8.0,0.111,0.2,Q3,2024
Jurong East - West Hub,West,89.0,5,5,5594629.0,62861.0,Townhouse,17.79,6.3,8.2,8.0,0.233,0.145,Q4,2024
Jurong East - West Hub,West,263.0,3,3,18115966.0,68882.0,House,17.62,6.1,8.2,8.0,0.406,0.2,Q3,2024
Jurong East - West Hub,West,267.0,4,3,19452018.0,72854.0,Condo,17.76,4.9,8.2,8.0,0.214,0.2,Q4,2024
Jurong East - West Hub,West,167.0,4,4,11920293.0,71379.0,Lot,17.44,5.3,8.2,8.0,0.102,0.2,Q3,2024
Jurong East - West Hub,West,229.0,4,4,15980765.0,69785.0,Condo,18.3,5.4,8.2,8.0,0.304,0.2,Q4,2025
Jurong East - West Hub,West,160.0,3,2,11162080.0,69763.0,Townhouse,17.48,6.3,8.2,8.0,0.126,0.1688,Q1,2024
Jurong East - West Hub,West,90.0,3,2,5617170.0,62413.0,House,17.95,4.9,8.2,8.0,0.223,0.2,Q4,2024
Jurong East - West Hub,West,118.0,1,1,8552286.0,72477.0,Condo,17.72,6.1,8.2,8.0,0.084,0.1711,Q2,2024
Jurong East - West Hub,West,227.0,2,1,17631771.0,77673.0,Condo,17.95,5.4,8.2,8.0,0.119,0.1936,Q1,2024
Jurong East - West Hub,West,199.0,2,2,14307105.0,71895.0,Condo,18.14,4.7,8.2,8.0,0.17,0.2,Q3,2025
Jurong East - West Hub,West,100.0,3,3,6089500.0,60895.0,Condo,18.3,5.5,8.2,8.0,0.314,0.1961,Q2,2025
Jurong East - West Hub,West,224.0,2,1,17574816.0,78459.0,House,17.95,5.1,8.2,8.0,0.043,0.2,Q2,2024
Jurong East - West Hub,West,224.0,1,1,16956352.0,75698.0,Condo,17.51,5.1,8.2,8.0,0.232,0.2,Q4,2025
Jurong East - West Hub,West,210.0,3,3,14807310.0,70511.0,Condo,19.54,5.4,8.2,8.0,0.269,0.1941,Q3,2024
Jurong East - West Hub,West,142.0,5,4,9418718.0,66329.0,Condo,17.97,5.3,8.2,8.0,0.217,0.2,Q1,2025
Jurong East - West Hub,West,87.0,5,4,6413031.0,73713.0,Condo,18.07,6.1,8.2,8.0,0.109,0.2,Q3,2024
Jurong East - West Hub,West,262.0,3,2,19197788.0,73274.0,Condo,18.14,6.0,8.2,8.0,0.288,0.1793,Q2,2025
Jurong East - West Hub,West,156.0,2,1,11474424.0,73554.0,House,18.12,5.1,8.2,8.0,0.026,0.2,Q4,2024
Jurong East - West Hub,West,190.0,3,3,12655900.0,66610.0,House,18.7,5.7,8.2,8.0,0.319,0.2,Q2,2025
Jurong East - West Hub,West,146.0,3,3,10576532.0,72442.0,Lot,17.98,6.0,8.2,8.0,0.186,0.2,Q3,2024
Jurong East - West Hub,West,196.0,2,1,13563788.0,69203.0,Condo,18.32,6.3,8.2,8.0,0.251,0.2,Q4,2025
Jurong East - West Hub,West,35.0,1,1,2151030.0,61458.0,House,17.31,5.2,8.2,8.0,0.193,0.2,Q4,2024
Jurong East - West Hub,West,202.0,2,2,13085560.0,64780.0,House,17.93,5.1,8.2,8.0,0.267,0.1438,Q1,2024
Jurong East - West Hub,West,118.0,1,1,8266254.0,70053.0,Townhouse,17.4,4.5,8.2,8.0,0.064,0.2,Q3,2024
Jurong East - West Hub,West,277.0,3,3,21601568.0,77984.0,Condo,18.22,5.8,8.2,8.0,0.131,0.1816,Q3,2024
Jurong East - West Hub,West,90.0,3,3,6246450.0,69405.0,Condo,17.99,5.4,8.2,8.0,0.197,0.2,Q4,2025
Jurong East - West Hub,West,227.0,2,1,17021141.0,74983.0,House,18.43,5.3,8.2,8.0,0.082,0.2,Q4,2024
Jurong East - West Hub,West,155.0,5,5,11291905.0,72851.0,House,17.4,4.4,8.2,8.0,0.15,0.2,Q1,2025
Jurong East - West Hub,West,97.0,3,3,6742373.0,69509.0,Lot,17.87,5.3,8.2,8.0,0.171,0.2,Q3,2025
Jurong East - West Hub,West,121.0,4,3,8667230.0,71630.0,House,18.61,6.1,8.2,8.0,0.109,0.2,Q1,2024
Jurong East - West Hub,West,114.0,2,1,6942942.0,60903.0,Lot,18.5,5.7,8.2,8.0,0.355,0.2,Q1,2025
Jurong East - West Hub,West,203.0,3,2,12859847.0,63349.0,Townhouse,18.31,5.0,8.2,8.0,0.301,0.1468,Q2,2025
Tampines - East District,East,64.0,2,2,3906752.0,61043.0,House,8.15,5.8,8.0,7.8,0.333,0.2,Q4,2024
Tampines - East District,East,216.0,5,5,15536448.0,71928.0,Townhouse,7.2,5.3,8.0,7.8,0.284,0.2,Q3,2024
Tampines - East District,East,141.0,2,2,10122672.0,71792.0,House,8.19,5.3,8.0,7.8,0.198,0.2,Q3,2024
Tampines - East District,East,206.0,3,2,14627030.0,71005.0,House,8.81,5.3,8.0,7.8,0.304,0.1768,Q1,2024
Tampines - East District,East,228.0,2,1,15630768.0,68556.0,Condo,7.79,5.4,8.0,7.8,0.385,0.1834,Q2,2025
Tampines - East District,East,168.0,3,2,12062736.0,71802.0,Condo,8.24,5.9,8.0,7.8,0.294,0.2,Q4,2025
Tampines - East District,East,235.0,3,2,17377545.0,73947.0,Condo,8.29,5.4,8.0,7.8,0.266,0.2,Q4,2024
Tampines - East District,East,197.0,4,4,16107508.0,81764.0,House,7.74,6.1,8.0,7.8,0.079,0.1994,Q4,2025
Tampines - East District,East,247.0,1,1,18041868.0,73044.0,Condo,8.35,5.3,8.0,7.8,0.173,0.161,Q1,2024
Tampines - East District,East,222.0,4,4,17548656.0,79048.0,House,8.49,4.9,8.0,7.8,0.105,0.2,Q4,2025
Tampines - East District,East,216.0,3,2,17351928.0,80333.0,Condo,7.94,6.1,8.0,7.8,0.036,0.2,Q1,2024
Tampines - East District,East,163.0,4,3,12820928.0,78656.0,Condo,8.2,6.3,8.0,7.8,0.103,0.166,Q2,2024
Tampines - East District,East,131.0,2,2,9267202.0,70742.0,House,8.0,5.2,8.0,7.8,0.214,0.2,Q4,2025
Tampines - East District,East,214.0,3,3,15700538.0,73367.0,Condo,8.46,6.4,8.0,7.8,0.262,0.2,Q1,2024
Tampines - East District,East,50.0,4,3,3436650.0,68733.0,Townhouse,7.89,6.3,8.0,7.8,0.242,0.2,Q4,2025
Tampines - East District,East,246.0,3,2,20754282.0,84367.0,House,8.0,5.8,8.0,7.8,0.118,0.2,Q1,2024
Tampines - East District,East,196.0,3,2,14181188.0,72353.0,House,7.26,5.9,8.0,7.8,0.289,0.2,Q3,2024
Tampines - East District,East,261.0,2,1,19942488.0,76408.0,Condo,7.17,5.9,8.0,7.8,0.353,0.2,Q4,2024
Tampines - East District,East,135.0,2,1,9863640.0,73064.0,Lot,7.88,6.3,8.0,7.8,0.189,0.2,Q2,2025
Tampines - East District,East,277.0,3,3,22127314.0,79882.0,House,7.69,6.3,8.0,7.8,0.248,0.2,Q2,2024
Tampines - East District,East,219.0,3,3,16507782.0,75378.0,House,7.9,5.4,8.0,7.8,0.253,0.187,Q1,2025
Tampines - East District,East,224.0,5,5,16367904.0,73071.0,House,7.87,5.5,8.0,7.8,0.419,0.2,Q4,2025
Tampines - East District,East,248.0,2,2,19924320.0,80340.0,House,7.97,5.5,8.0,7.8,0.108,0.1938,Q1,2024
Tampines - East District,East,233.0,4,3,18673552.0,80144.0,House,8.15,5.4,8.0,7.8,0.155,0.2,Q1,2024
Tampines - East District,East,58.0,4,4,4473714.0,77133.0,House,7.12,5.7,8.0,7.8,0.122,0.2,Q4,2024
Tampines - East District,East,48.0,1,1,3168096.0,66002.0,Lot,8.2,5.8,8.0,7.8,0.282,0.2,Q1,2024
Tampines - East District,East,29.0,1,1,1859538.0,64122.0,Lot,7.78,5.5,8.0,7.8,0.255,0.2,Q1,2024
Tampines - East District,East,158.0,3,2,11738768.0,74296.0,Condo,7.87,6.2,8.0,7.8,0.233,0.2,Q1,2024
Tampines - East District,East,264.0,3,2,20385024.0,77216.0,Condo,8.71,6.1,8.0,7.8,0.27,0.2,Q4,2025
Tampines - East District,East,146.0,2,2,10835974.0,74219.0,House,7.22,3.8,8.0,7.8,0.065,0.1621,Q2,2024
Tampines - East District,East,237.0,2,2,17146950.0,72350.0,House,7.74,5.5,8.0,7.8,0.246,0.1603,Q4,2024
Tampines - East District,East,249.0,3,2,18390144.0,73856.0,Condo,8.11,6.0,8.0,7.8,0.348,0.2,Q1,2024
Tampines - East District,East,239.0,3,2,18883390.0,79010.0,Condo,8.15,5.5,8.0,7.8,0.169,0.2,Q4,2025
Tampines - East District,East,176.0,2,2,13268816.0,75391.0,House,7.89,5.8,8.0,7.8,0.105,0.1615,Q3,2025
Tampines - East District,East,262.0,2,1,20363688.0,77724.0,Lot,8.36,6.4,8.0,7.8,0.062,0.1503,Q2,2025
Tampines - East District,East,221.0,3,3,15425137.0,69797.0,Lot,8.08,5.3,8.0,7.8,0.395,0.1542,Q1,2024
Tampines - East District,East,133.0,2,2,9473457.0,71229.0,Townhouse,7.97,4.7,8.0,7.8,0.22,0.2,Q3,2024
Tampines - East District,East,68.0,4,3,4519824.0,66468.0,Townhouse,8.0,4.3,8.0,7.8,0.219,0.2,Q1,2024
Tampines - East District,East,79.0,3,2,5384087.0,68153.0,House,8.36,5.9,8.0,7.8,0.242,0.2,Q2,2024
Tampines - East District,East,58.0,3,3,3903400.0,67300.0,Condo,7.25,5.1,8.0,7.8,0.232,0.1594,Q1,2024
Tampines - East District,East,72.0,2,1,4948848.0,68734.0,Townhouse,7.65,5.7,8.0,7.8,0.194,0.2,Q3,2024
Tampines - East District,East,222.0,4,3,16059036.0,72338.0,Condo,7.9,5.8,8.0,7.8,0.333,0.2,Q2,2024
Tampines - East District,East,153.0,2,1,10881207.0,71119.0,Lot,8.32,5.9,8.0,7.8,0.271,0.2,Q4,2024
Tampines - East District,East,215.0,1,1,15387120.0,71568.0,Lot,8.76,6.9,8.0,7.8,0.373,0.1841,Q2,2024
Tampines - East District,East,243.0,2,2,19137708.0,78756.0,House,7.63,5.5,8.0,7.8,0.176,0.2,Q2,2024
Tampines - East District,East,271.0,2,2,19612270.0,72370.0,Condo,8.63,5.8,8.0,7.8,0.394,0.1767,Q1,2024
Tampines - East District,East,61.0,1,1,3931755.0,64455.0,Condo,7.69,6.2,8.0,7.8,0.3,0.1527,Q1,2024
Tampines - East District,East,110.0,2,2,7427970.0,67527.0,House,7.84,6.1,8.0,7.8,0.371,0.2,Q3,2025
Tampines - East District,East,184.0,5,5,12756720.0,69330.0,House,7.63,5.5,8.0,7.8,0.336,0.2,Q1,2025
Tampines - East District,East,79.0,3,3,5072827.0,64213.0,Lot,7.21,5.2,8.0,7.8,0.404,0.2,Q4,2024
Tampines - East District,East,126.0,3,2,8269884.0,65634.0,House,8.31,5.7,8.0,7.8,0.312,0.1844,Q3,2025
Tampines - East District,East,153.0,4,3,12116070.0,79190.0,Lot,8.32,5.4,8.0,7.8,0.061,0.2,Q3,2024
Tampines - East District,East,208.0,5,5,17133168.0,82371.0,Condo,8.07,6.5,8.0,7.8,0.087,0.2,Q2,2025
Tampines - East District,East,277.0,3,3,20344819.0,73447.0,Condo,8.35,6.1,8.0,7.8,0.408,0.2,Q1,2025
Tampines - East District,East,92.0,2,1,6801284.0,73927.0,Condo,8.22,5.8,8.0,7.8,0.128,0.2,Q1,2024
Tampines - East District,East,158.0,2,1,10519640.0,66580.0,Condo,7.99,4.8,8.0,7.8,0.443,0.2,Q2,2025
Tampines - East District,East,107.0,5,5,8002423.0,74789.0,House,7.94,6.4,8.0,7.8,0.189,0.2,Q1,2025
Tampines - East District,East,62.0,1,1,4464186.0,72003.0,Townhouse,8.11,5.8,8.0,7.8,0.117,0.2,Q2,2024
Tampines - East District,East,32.0,1,1,2093760.0,65430.0,House,8.4,5.8,8.0,7.8,0.156,0.1418,Q4,2025
Tampines - East District,East,239.0,5,5,17911138.0,74942.0,Condo,8.07,5.3,8.0,7.8,0.383,0.2,Q1,2024
Tampines - East District,East,93.0,2,2,6796905.0,73085.0,Condo,7.96,5.2,8.0,7.8,0.067,0.2,Q3,2024
Tampines - East District,East,171.0,2,2,14321934.0,83754.0,Condo,7.67,6.8,8.0,7.8,0.024,0.1941,Q3,2024
Tampines - East District,East,260.0,2,1,19492980.0,74973.0,Lot,7.29,5.8,8.0,7.8,0.315,0.2,Q3,2025
Tampines - East District,East,125.0,3,2,9473625.0,75789.0,House,7.31,5.8,8.0,7.8,0.122,0.2,Q2,2025
Tampines - East District,East,239.0,2,2,16039529.0,67111.0,House,7.22,5.8,8.0,7.8,0.444,0.178,Q1,2024
Tampines - East District,East,126.0,1,1,8851500.0,70250.0,House,8.28,6.0,8.0,7.8,0.22,0.2,Q2,2024
Tampines - East District,East,208.0,3,2,14829776.0,71297.0,Condo,8.01,5.5,8.0,7.8,0.312,0.2,Q4,2025
Tampines - East District,East,59.0,2,1,3492210.0,59190.0,Condo,8.0,6.4,8.0,7.8,0.357,0.2,Q4,2025
Tampines - East District,East,274.0,3,2,21561060.0,78690.0,House,8.04,6.2,8.0,7.8,0.213,0.2,Q2,2024
Tampines - East District,East,260.0,5,5,20199400.0,77690.0,Lot,8.16,5.7,8.0,7.8,0.189,0.2,Q2,2025
Tampines - East District,East,85.0,2,2,6324085.0,74401.0,Condo,6.97,5.8,8.0,7.8,0.071,0.2,Q4,2025
Tampines - East District,East,44.0,3,3,2973344.0,67576.0,House,7.49,5.8,8.0,7.8,0.152,0.1737,Q4,2025
Tampines - East District,East,131.0,2,1,8940750.0,68250.0,House,8.75,6.1,8.0,7.8,0.275,0.2,Q1,2024
Tampines - East District,East,128.0,5,4,8659200.0,67650.0,Condo,7.96,6.9,8.0,7.8,0.402,0.1976,Q4,2025
Tampines - East District,East,139.0,2,1,8812183.0,63397.0,Condo,7.82,6.1,8.0,7.8,0.387,0.2,Q1,2025
Tampines - East District,East,117.0,5,5,8560539.0,73167.0,Condo,8.52,6.0,8.0,7.8,0.114,0.2,Q1,2024
Tampines - East District,East,64.0,1,1,4851968.0,75812.0,House,7.73,6.9,8.0,7.8,0.073,0.2,Q2,2025
Tampines - East District,East,73.0,3,3,4417230.0,60510.0,Condo,8.14,6.1,8.0,7.8,0.388,0.2,Q1,2025
Tampines - East District,East,238.0,2,2,18083954.0,75983.0,Condo,8.31,5.6,8.0,7.8,0.322,0.2,Q2,2024
Tampines - East District,East,163.0,1,1,11700466.0,71782.0,Townhouse,8.15,5.8,8.0,7.8,0.352,0.2,Q3,2024
Tampines - East District,East,151.0,2,2,10908995.0,72245.0,Condo,7.78,5.8,8.0,7.8,0.222,0.2,Q1,2024
Tampines - East District,East,86.0,2,2,6367354.0,74039.0,Lot,7.94,7.0,8.0,7.8,0.171,0.1613,Q2,2024
Tampines - East District,East,78.0,3,3,5811078.0,74501.0,Townhouse,7.93,5.6,8.0,7.8,0.118,0.2,Q2,2024
Tampines - East District,East,106.0,2,2,8041902.0,75867.0,House,7.79,6.3,8.0,7.8,0.115,0.1841,Q3,2024
Tampines - East District,East,97.0,2,2,6947334.0,71622.0,House,7.96,6.2,8.0,7.8,0.294,0.2,Q4,2025
Tampines - East District,East,270.0,2,1,20229480.0,74924.0,House,7.66,5.4,8.0,7.8,0.234,0.1591,Q4,2024
Tampines - East District,East,110.0,5,4,7654570.0,69587.0,House,7.8,5.3,8.0,7.8,0.263,0.2,Q2,2024
Tampines - East District,East,106.0,2,2,6611644.0,62374.0,Condo,7.94,5.6,8.0,7.8,0.42,0.1743,Q3,2024
Tampines - East District,East,72.0,1,1,4897728.0,68024.0,Lot,8.24,5.6,8.0,7.8,0.32,0.2,Q1,2025
Tampines - East District,East,185.0,2,1,13566975.0,73335.0,Lot,7.89,6.6,8.0,7.8,0.256,0.1413,Q2,2024
Tampines - East District,East,50.0,4,3,3870100.0,77402.0,House,7.69,6.3,8.0,7.8,0.075,0.2,Q3,2024
Tampines - East District,East,84.0,3,2,6300336.0,75004.0,Townhouse,7.65,6.1,8.0,7.8,0.128,0.2,Q3,2024
Tampines - East District,East,151.0,3,2,12168335.0,80585.0,Condo,7.5,6.5,8.0,7.8,0.055,0.2,Q1,2024
Tampines - East District,East,148.0,4,4,10085016.0,68142.0,House,8.27,4.5,8.0,7.8,0.33,0.2,Q1,2024
Tampines - East District,East,87.0,2,1,6161601.0,70823.0,Lot,7.8,4.4,8.0,7.8,0.253,0.2,Q2,2025
Tampines - East District,East,162.0,2,1,11772054.0,72667.0,House,8.67,6.2,8.0,7.8,0.264,0.2,Q3,2025
Tampines - East District,East,190.0,3,3,12485850.0,65715.0,House,8.22,6.4,8.0,7.8,0.45,0.1743,Q2,2025
Tampines - East District,East,264.0,4,4,19876032.0,75288.0,Condo,7.84,6.1,8.0,7.8,0.327,0.2,Q4,2025
Tampines - East District,East,151.0,2,1,10193104.0,67504.0,Condo,8.13,6.7,8.0,7.8,0.426,0.2,Q2,2024
Tampines - East District,East,105.0,2,2,7207095.0,68639.0,House,8.33,4.7,8.0,7.8,0.188,0.1511,Q4,2025
Tampines - East District,East,263.0,1,1,19252389.0,73203.0,Townhouse,7.84,5.6,8.0,7.8,0.394,0.2,Q4,2025
Tampines - East District,East,146.0,2,2,9716300.0,66550.0,Condo,7.98,5.5,8.0,7.8,0.325,0.1727,Q1,2024
Tampines - East District,East,161.0,2,1,11563181.0,71821.0,Condo,8.08,6.2,8.0,7.8,0.178,0.2,Q4,2025
Tampines - East District,East,211.0,2,2,17000481.0,80571.0,Townhouse,8.98,5.3,8.0,7.8,0.081,0.2,Q1,2024
Tampines - East District,East,94.0,2,2,6312946.0,67159.0,Townhouse,7.41,6.3,8.0,7.8,0.06,0.1468,Q1,2024
Tampines - East District,East,51.0,2,2,3755487.0,73637.0,Condo,8.71,5.7,8.0,7.8,0.033,0.2,Q4,2024
Tampines - East District,East,229.0,1,1,17804521.0,77749.0,Condo,8.44,5.7,8.0,7.8,0.157,0.2,Q4,2024
Tampines - East District,East,227.0,3,2,15596035.0,68705.0,Condo,8.16,5.8,8.0,7.8,0.405,0.2,Q4,2024
Tampines - East District,East,255.0,2,2,19435590.0,76218.0,Condo,6.92,5.3,8.0,7.8,0.308,0.1579,Q4,2025
Tampines - East District,East,248.0,3,3,18366632.0,74059.0,Townhouse,7.78,6.0,8.0,7.8,0.327,0.2,Q4,2024
Tampines - East District,East,217.0,3,3,15316945.0,70585.0,House,7.92,6.1,8.0,7.8,0.305,0.1471,Q4,2024
Tampines - East District,East,59.0,2,2,4083449.0,69211.0,House,7.91,6.1,8.0,7.8,0.286,0.2,Q4,2025
Tampines - East District,East,203.0,3,2,15499456.0,76352.0,House,7.68,5.2,8.0,7.8,0.163,0.1499,Q2,2024
Tampines - East District,East,238.0,4,3,19571692.0,82234.0,Townhouse,8.07,6.2,8.0,7.8,0.128,0.2,Q2,2024
Tampines - East District,East,252.0,2,2,18534852.0,73551.0,Townhouse,7.95,6.6,8.0,7.8,0.241,0.2,Q1,2025
Tampines - East District,East,170.0,4,4,12941760.0,76128.0,Condo,8.22,6.8,8.0,7.8,0.212,0.2,Q4,2025
Tampines - East District,East,200.0,4,3,16160000.0,80800.0,Townhouse,8.35,6.4,8.0,7.8,0.113,0.2,Q4,2024
Tampines - East District,East,93.0,2,2,6438762.0,69234.0,Condo,7.16,5.2,8.0,7.8,0.21,0.2,Q3,2024
Tampines - East District,East,188.0,3,3,14915920.0,79340.0,Lot,7.25,6.6,8.0,7.8,0.058,0.2,Q1,2024
Tampines - East District,East,272.0,1,1,20673088.0,76004.0,Townhouse,8.08,5.6,8.0,7.8,0.327,0.2,Q3,2024
Tampines - East District,East,48.0,1,1,3031920.0,63165.0,House,7.32,6.1,8.0,7.8,0.394,0.2,Q4,2024
Tampines - East District,East,238.0,4,3,19485298.0,81871.0,Condo,8.19,4.7,8.0,7.8,0.107,0.1518,Q4,2024
Tampines - East District,East,160.0,3,3,10881440.0,68009.0,Condo,7.41,4.8,8.0,7.8,0.332,0.2,Q4,2025
Tampines - East District,East,198.0,4,3,15105024.0,76288.0,House,8.75,6.1,8.0,7.8,0.096,0.1412,Q4,2024
Tampines - East District,East,33.0,1,1,2010360.0,60920.0,House,7.47,5.1,8.0,7.8,0.448,0.2,Q2,2024
Tampines - East District,East,138.0,2,2,9289470.0,67315.0,Condo,8.27,6.1,8.0,7.8,0.426,0.2,Q4,2025
Tampines - East District,East,114.0,2,2,8520588.0,74742.0,Condo,8.36,5.5,8.0,7.8,0.104,0.1684,Q2,2025
Tampines - East District,East,131.0,3,3,8965509.0,68439.0,Condo,7.27,6.8,8.0,7.8,0.373,0.2,Q1,2025
Tampines - East District,East,279.0,2,2,23172345.0,83055.0,Condo,7.77,6.2,8.0,7.8,0.116,0.2,Q3,2024
Tampines - East District,East,76.0,2,2,5287928.0,69578.0,Condo,7.07,5.6,8.0,7.8,0.196,0.1667,Q4,2024
Tampines - East District,East,261.0,4,4,20408634.0,78194.0,House,8.13,5.0,8.0,7.8,0.273,0.2,Q2,2024
Tampines - East District,East,205.0,2,1,15992460.0,78012.0,Townhouse,8.07,5.3,8.0,7.8,0.189,0.2,Q4,2024
Tampines - East District,East,82.0,1,1,4914670.0,59935.0,Condo,8.0,4.9,8.0,7.8,0.385,0.2,Q3,2024
Tampines - East District,East,153.0,2,2,11890395.0,77715.0,Condo,8.28,4.9,8.0,7.8,0.111,0.2,Q4,2024
Tampines - East District,East,125.0,4,3,9447375.0,75579.0,Townhouse,8.34,5.2,8.0,7.8,0.082,0.1612,Q4,2024
Tampines - East District,East,160.0,3,3,11079840.0,69249.0,Condo,8.56,5.7,8.0,7.8,0.403,0.2,Q4,2024
Tampines - East District,East,235.0,2,1,18772505.0,79883.0,Townhouse,8.35,6.7,8.0,7.8,0.118,0.1461,Q2,2024
Tampines - East District,East,91.0,2,2,6649279.0,73069.0,Townhouse,8.81,6.2,8.0,7.8,0.165,0.2,Q1,2024
Tampines - East District,East,117.0,3,2,8282313.0,70789.0,House,8.54,5.2,8.0,7.8,0.129,0.182,Q4,2025
Tampines - East District,East,144.0,3,3,9911376.0,68829.0,Condo,8.06,5.8,8.0,7.8,0.384,0.2,Q3,2024
Tampines - East District,East,245.0,3,2,17132605.0,69929.0,Condo,8.32,5.6,8.0,7.8,0.342,0.2,Q4,2025
Tampines - East District,East,195.0,4,4,14416740.0,73932.0,Condo,7.93,5.3,8.0,7.8,0.239,0.1888,Q4,2024
Tampines - East District,East,47.0,1,1,2865778.0,60974.0,House,8.17,5.2,8.0,7.8,0.398,0.2,Q1,2025
Tampines - East District,East,227.0,3,3,18233775.0,80325.0,Condo,7.61,5.4,8.0,7.8,0.215,0.2,Q3,2025
Tampines - East District,East,221.0,4,4,16595774.0,75094.0,Condo,6.66,5.0,8.0,7.8,0.244,0.1558,Q2,2024
Tampines - East District,East,83.0,3,3,6288578.0,75766.0,House,8.42,5.4,8.0,7.8,0.024,0.2,Q3,2024
Tampines - East District,East,32.0,1,1,1886592.0,58956.0,House,8.13,5.5,8.0,7.8,0.357,0.2,Q1,2024
Tampines - East District,East,41.0,3,3,2681400.0,65400.0,House,8.02,6.1,8.0,7.8,0.289,0.1702,Q2,2025
Tampines - East District,East,72.0,4,4,5236920.0,72735.0,Condo,7.76,5.7,8.0,7.8,0.026,0.1665,Q3,2024
Tampines - East District,East,67.0,4,3,4006600.0,59800.0,Townhouse,7.85,6.0,8.0,7.8,0.384,0.1413,Q2,2024
Tampines - East District,East,212.0,2,1,15256792.0,71966.0,Condo,7.84,5.3,8.0,7.8,0.41,0.2,Q4,2024
Tampines - East District,East,136.0,2,1,10138256.0,74546.0,Condo,7.47,6.2,8.0,7.8,0.084,0.1434,Q1,2025
Tampines - East District,East,203.0,1,1,13612571.0,67057.0,Townhouse,8.29,5.6,8.0,7.8,0.412,0.1598,Q2,2024
Tampines - East District,East,32.0,3,3,2301824.0,71932.0,Condo,8.2,6.3,8.0,7.8,0.164,0.2,Q1,2025
Tampines - East District,East,85.0,3,2,6136320.0,72192.0,Lot,8.06,6.4,8.0,7.8,0.17,0.1998,Q3,2025
Tampines - East District,East,56.0,2,2,4196920.0,74945.0,Townhouse,7.87,4.2,8.0,7.8,0.061,0.1508,Q4,2024
Tampines - East District,East,158.0,2,2,10797246.0,68337.0,Townhouse,7.85,6.3,8.0,7.8,0.348,0.1825,Q4,2024
Tampines - East District,East,62.0,2,2,3565310.0,57505.0,House,7.49,6.6,8.0,7.8,0.417,0.1581,Q1,2024
Tampines - East District,East,189.0,3,2,14684544.0,77696.0,Condo,8.24,4.9,8.0,7.8,0.126,0.2,Q3,2024
Tampines - East District,East,55.0,1,1,3845435.0,69917.0,House,7.57,6.7,8.0,7.8,0.261,0.2,Q4,2024
Tampines - East District,East,110.0,3,2,8542490.0,77659.0,Townhouse,7.89,6.5,8.0,7.8,0.04,0.2,Q4,2024
Tampines - East District,East,118.0,3,3,8427914.0,71423.0,Townhouse,7.47,5.5,8.0,7.8,0.125,0.1631,Q4,2025
Tampines - East District,East,28.0,1,1,1873676.0,66917.0,Condo,8.58,5.6,8.0,7.8,0.265,0.2,Q1,2025
Tampines - East District,East,77.0,1,1,5514355.0,71615.0,House,8.79,6.4,8.0,7.8,0.217,0.2,Q4,2024
Tampines - East District,East,159.0,2,1,11520981.0,72459.0,House,7.34,6.7,8.0,7.8,0.312,0.2,Q2,2025
Tampines - East District,East,93.0,5,5,6913806.0,74342.0,Condo,7.21,5.9,8.0,7.8,0.034,0.2,Q1,2024
Tampines - East District,East,228.0,3,2,17071500.0,74875.0,Condo,8.15,5.3,8.0,7.8,0.297,0.2,Q1,2024
Tampines - East District,East,49.0,2,2,3079552.0,62848.0,Townhouse,8.6,6.5,8.0,7.8,0.396,0.2,Q4,2024
Tampines - East District,East,81.0,3,3,6332823.0,78183.0,Condo,7.89,6.4,8.0,7.8,0.037,0.2,Q4,2024
Tampines - East District,East,147.0,3,3,9207786.0,62638.0,House,8.08,5.7,8.0,7.8,0.418,0.2,Q4,2024
Tampines - East District,East,56.0,4,3,3477264.0,62094.0,Lot,8.13,4.7,8.0,7.8,0.4,0.2,Q2,2024
Tampines - East District,East,262.0,1,1,21169600.0,80800.0,House,8.46,6.3,8.0,7.8,0.26,0.2,Q2,2024
Tampines - East District,East,267.0,1,1,23135817.0,86651.0,House,8.04,6.9,8.0,7.8,0.029,0.1832,Q4,2025
Tampines - East District,East,40.0,3,2,2605920.0,65148.0,Condo,7.8,7.0,8.0,7.8,0.377,0.2,Q4,2024
Tampines - East District,East,219.0,2,1,16975566.0,77514.0,Lot,7.13,5.6,8.0,7.8,0.195,0.2,Q1,2024
Tampines - East District,East,190.0,2,2,13892230.0,73117.0,House,7.24,6.0,8.0,7.8,0.216,0.1948,Q1,2024
Tampines - East District,East,117.0,1,1,7439094.0,63582.0,Condo,7.7,5.9,8.0,7.8,0.393,0.2,Q2,2024
Tampines - East District,East,196.0,2,2,14515760.0,74060.0,Lot,8.5,6.2,8.0,7.8,0.279,0.2,Q1,2024
Tampines - East District,East,154.0,5,5,11501644.0,74686.0,Lot,7.97,6.0,8.0,7.8,0.287,0.186,Q4,2024
Tampines - East District,East,173.0,4,4,11687880.0,67560.0,Lot,7.73,6.2,8.0,7.8,0.34,0.1911,Q3,2024
Tampines - East District,East,174.0,2,2,12340080.0,70920.0,Condo,8.04,5.6,8.0,7.8,0.143,0.1745,Q3,2025
Tampines - East District,East,204.0,3,3,14272452.0,69963.0,Condo,8.11,5.6,8.0,7.8,0.208,0.148,Q2,2024
Tampines - East District,East,194.0,2,2,13605996.0,70134.0,Condo,8.3,6.8,8.0,7.8,0.32,0.1782,Q4,2024
Tampines - East District,East,198.0,2,2,14506272.0,73264.0,Condo,8.12,6.7,8.0,7.8,0.242,0.1921,Q1,2025
Tampines - East District,East,44.0,2,2,3135660.0,71265.0,Condo,7.41,4.8,8.0,7.8,0.182,0.2,Q4,2025
Tampines - East District,East,74.0,2,2,5327334.0,71991.0,House,7.89,6.4,8.0,7.8,0.099,0.2,Q1,2024
Tampines - East District,East,198.0,3,3,13746150.0,69425.0,Condo,8.25,6.2,8.0,7.8,0.427,0.2,Q4,2025
Tampines - East District,East,68.0,3,3,4870568.0,71626.0,Lot,7.84,5.8,8.0,7.8,0.135,0.2,Q1,2024
Tampines - East District,East,270.0,1,1,22812840.0,84492.0,House,7.17,5.9,8.0,7.8,0.14,0.2,Q2,2024
Tampines - East District,East,252.0,2,2,19204164.0,76207.0,House,8.11,5.5,8.0,7.8,0.313,0.2,Q1,2024
Tampines - East District,East,164.0,3,2,11718456.0,71454.0,House,8.61,5.7,8.0,7.8,0.165,0.2,Q1,2024
Tampines - East District,East,51.0,2,1,3533637.0,69287.0,Condo,8.08,6.0,8.0,7.8,0.173,0.184,Q3,2025
Tampines - East District,East,103.0,3,2,8024318.0,77906.0,Condo,8.28,5.1,8.0,7.8,0.095,0.2,Q2,2024
Tampines - East District,East,30.0,3,3,1978320.0,65944.0,Condo,8.29,6.9,8.0,7.8,0.229,0.2,Q1,2024
Tampines - East District,East,75.0,2,1,5196450.0,69286.0,Condo,8.72,6.4,8.0,7.8,0.279,0.2,Q2,2024
Tampines - East District,East,229.0,3,3,19555455.0,85395.0,Lot,7.7,6.4,8.0,7.8,0.031,0.2,Q1,2025
Tampines - East District,East,275.0,3,2,23596925.0,85807.0,Condo,8.23,5.3,8.0,7.8,0.081,0.2,Q4,2024
Tampines - East District,East,263.0,3,3,19669244.0,74788.0,Townhouse,8.01,6.6,8.0,7.8,0.289,0.1612,Q4,2025
Tampines - East District,East,263.0,3,2,19716584.0,74968.0,Condo,8.0,4.7,8.0,7.8,0.259,0.2,Q4,2025
Tampines - East District,East,102.0,2,1,7698654.0,75477.0,Lot,8.08,4.9,8.0,7.8,0.082,0.2,Q3,2024
Tampines - East District,East,81.0,1,1,5322591.0,65711.0,Lot,7.74,6.3,8.0,7.8,0.427,0.2,Q2,2024
Tampines - East District,East,142.0,3,2,9853948.0,69394.0,Condo,7.41,5.4,8.0,7.8,0.274,0.1927,Q1,2025
Tampines - East District,East,238.0,3,2,19245156.0,80862.0,House,7.0,6.5,8.0,7.8,0.179,0.2,Q4,2024
Tampines - East District,East,42.0,2,2,3092376.0,73628.0,House,7.94,5.5,8.0,7.8,0.051,0.2,Q3,2025
Tampines - East District,East,101.0,2,1,6618429.0,65529.0,Lot,7.9,5.7,8.0,7.8,0.392,0.2,Q1,2024
Tampines - East District,East,273.0,2,2,20116005.0,73685.0,Lot,8.4,6.2,8.0,7.8,0.371,0.2,Q3,2025
Tampines - East District,East,76.0,1,1,5795456.0,76256.0,Condo,7.78,5.3,8.0,7.8,0.038,0.2,Q1,2024
Tampines - East District,East,119.0,3,3,8267287.0,69473.0,Condo,7.77,6.4,8.0,7.8,0.29,0.1673,Q4,2024
Tampines - East District,East,147.0,3,3,10931067.0,74361.0,Lot,7.96,6.0,8.0,7.8,0.141,0.2,Q4,2024
Tampines - East District,East,197.0,4,4,15206036.0,77188.0,Condo,7.62,6.2,8.0,7.8,0.3,0.2,Q3,2024
Tampines - East District,East,129.0,4,3,9706089.0,75241.0,House,7.4,5.1,8.0,7.8,0.023,0.1744,Q2,2025
Tampines - East District,East,227.0,1,1,16451144.0,72472.0,Condo,7.37,6.0,8.0,7.8,0.37,0.2,Q2,2024
Tampines - East District,East,134.0,1,1,10840734.0,80901.0,Lot,7.47,6.3,8.0,7.8,0.067,0.2,Q3,2024
Tampines - East District,East,29.0,2,2,1857218.0,64042.0,House,7.75,5.6,8.0,7.8,0.239,0.2,Q1,2024
Tampines - East District,East,265.0,4,4,20386185.0,76929.0,Lot,7.94,6.0,8.0,7.8,0.371,0.2,Q3,2025
Tampines - East District,East,118.0,2,2,8844572.0,74954.0,House,7.74,5.7,8.0,7.8,0.216,0.2,Q1,2024
Tampines - East District,East,131.0,3,3,10406902.0,79442.0,House,8.44,5.7,8.0,7.8,0.108,0.2,Q3,2024
Tampines - East District,East,28.0,3,2,1648780.0,58885.0,Condo,8.18,5.6,8.0,7.8,0.373,0.2,Q4,2024
Tampines - East District,East,66.0,3,3,4190010.0,63485.0,Townhouse,8.16,6.2,8.0,7.8,0.4,0.2,Q1,2024
Tampines - East District,East,115.0,2,2,7472240.0,64976.0,Condo,8.1,5.7,8.0,7.8,0.298,0.2,Q1,2025
Tampines - East District,East,219.0,5,4,17110032.0,78128.0,House,8.06,6.2,8.0,7.8,0.171,0.2,Q4,2024
Tampines - East District,East,198.0,2,1,13326192.0,67304.0,Condo,8.32,5.5,8.0,7.8,0.446,0.2,Q1,2025
Tampines - East District,East,223.0,3,3,17114135.0,76745.0,Lot,8.23,6.3,8.0,7.8,0.316,0.1872,Q3,2024
Tampines - East District,East,84.0,2,1,6402564.0,76221.0,Condo,8.5,6.6,8.0,7.8,0.06,0.2,Q2,2024
Tampines - East District,East,145.0,3,3,9732110.0,67118.0,Townhouse,8.13,6.6,8.0,7.8,0.348,0.1471,Q1,2024
Tampines - East District,East,185.0,2,2,14032620.0,75852.0,House,6.99,5.0,8.0,7.8,0.06,0.2,Q2,2025
Tampines - East District,East,55.0,3,3,4023415.0,73153.0,Lot,8.93,6.8,8.0,7.8,0.156,0.2,Q4,2024
Tampines - East District,East,257.0,4,4,20296832.0,78976.0,Condo,8.54,5.1,8.0,7.8,0.141,0.2,Q2,2024
Tampines - East District,East,161.0,3,3,12380095.0,76895.0,Condo,8.12,6.4,8.0,7.8,0.269,0.2,Q2,2024
Tampines - East District,East,48.0,1,1,3502704.0,72973.0,House,8.54,5.8,8.0,7.8,0.029,0.2,Q2,2025
Tampines - East District,East,270.0,2,2,19685160.0,72908.0,Condo,7.98,5.9,8.0,7.8,0.389,0.2,Q2,2024
Tampines - East District,East,221.0,4,4,16811028.0,76068.0,Lot,8.15,5.0,8.0,7.8,0.243,0.1565,Q2,2025
Tampines - East District,East,167.0,3,2,12624031.0,75593.0,House,8.13,6.1,8.0,7.8,0.196,0.2,Q4,2025
Tampines - East District,East,32.0,3,2,2281536.0,71298.0,House,8.2,5.7,8.0,7.8,0.081,0.1831,Q1,2025
Tampines - East District,East,94.0,3,3,6007164.0,63906.0,Townhouse,8.15,5.5,8.0,7.8,0.426,0.1589,Q4,2024
Tampines - East District,East,252.0,4,3,21298536.0,84518.0,Condo,8.02,6.2,8.0,7.8,0.194,0.2,Q1,2024
Tampines - East District,East,172.0,2,2,11627544.0,67602.0,Lot,7.89,5.7,8.0,7.8,0.314,0.1586,Q1,2025
Tampines - East District,East,251.0,4,4,21678619.0,86369.0,House,8.93,5.7,8.0,7.8,0.052,0.2,Q3,2025
Tampines - East District,East,127.0,3,2,8841105.0,69615.0,Condo,8.96,5.6,8.0,7.8,0.421,0.1758,Q4,2025
Tampines - East District,East,255.0,3,3,18320220.0,71844.0,Townhouse,8.35,6.8,8.0,7.8,0.434,0.1791,Q2,2024
Tampines - East District,East,128.0,4,4,9651456.0,75402.0,Condo,8.22,6.8,8.0,7.8,0.165,0.2,Q1,2024
Tampines - East District,East,64.0,2,1,4225024.0,66016.0,House,7.78,6.2,8.0,7.8,0.252,0.1719,Q4,2025
Tampines - East District,East,224.0,2,2,15242304.0,68046.0,Condo,7.83,5.8,8.0,7.8,0.433,0.1866,Q1,2024
Tampines - East District,East,78.0,2,1,5211336.0,66812.0,Condo,8.04,6.3,8.0,7.8,0.291,0.1465,Q3,2025
Tampines - East District,East,213.0,2,1,15721956.0,73812.0,Condo,7.84,5.3,8.0,7.8,0.286,0.2,Q1,2025
Tampines - East District,East,255.0,1,1,19673760.0,77152.0,House,8.18,6.6,8.0,7.8,0.314,0.1606,Q1,2024
Tampines - East District,East,25.0,4,4,1574700.0,62988.0,House,7.89,6.1,8.0,7.8,0.245,0.1482,Q4,2025
Tampines - East District,East,169.0,4,4,9976746.0,59034.0,Condo,8.28,5.5,8.0,7.8,0.448,0.2,Q2,2025
Tampines - East District,East,258.0,3,2,20925864.0,81108.0,House,8.5,5.9,8.0,7.8,0.203,0.2,Q2,2025
Tampines - East District,East,189.0,2,2,15579459.0,82431.0,Lot,8.23,6.1,8.0,7.8,0.029,0.2,Q2,2024
Tampines - East District,East,147.0,1,1,11653719.0,79277.0,House,7.34,4.9,8.0,7.8,0.097,0.2,Q2,2025
Tampines - East District,East,146.0,2,2,10738884.0,73554.0,Lot,7.6,6.4,8.0,7.8,0.156,0.1838,Q3,2025
Tampines - East District,East,171.0,1,1,12618603.0,73793.0,House,7.67,5.9,8.0,7.8,0.349,0.1991,Q1,2024
Tampines - East District,East,123.0,2,2,9726348.0,79076.0,Condo,8.41,5.5,8.0,7.8,0.083,0.2,Q1,2024
Tampines - East District,East,230.0,4,4,18265220.0,79414.0,Condo,8.17,5.0,8.0,7.8,0.029,0.1606,Q4,2025
Tampines - East District,East,80.0,2,1,5813840.0,72673.0,House,8.13,5.1,8.0,7.8,0.145,0.199,Q3,2024
Tampines - East District,East,193.0,3,3,15407383.0,79831.0,Condo,8.73,4.6,8.0,7.8,0.128,0.2,Q1,2024
Tampines - East District,East,123.0,4,3,9254151.0,75237.0,Condo,7.96,5.7,8.0,7.8,0.234,0.1985,Q2,2024
Tampines - East District,East,103.0,2,1,7267989.0,70563.0,Condo,8.0,5.8,8.0,7.8,0.215,0.2,Q2,2024
Tampines - East District,East,248.0,1,1,18298680.0,73785.0,Condo,8.18,6.1,8.0,7.8,0.239,0.1663,Q3,2024
Tampines - East District,East,231.0,1,1,16953090.0,73390.0,House,8.36,5.7,8.0,7.8,0.34,0.2,Q3,2024
Tampines - East District,East,66.0,2,2,4513146.0,68381.0,Townhouse,7.17,7.0,8.0,7.8,0.254,0.2,Q2,2024
Tampines - East District,East,80.0,3,3,5966880.0,74586.0,House,7.64,6.0,8.0,7.8,0.122,0.2,Q3,2025
Tampines - East District,East,196.0,3,2,15811124.0,80669.0,House,7.93,6.4,8.0,7.8,0.077,0.2,Q2,2024
Tampines - East District,East,137.0,4,3,9886879.0,72167.0,House,8.02,5.5,8.0,7.8,0.322,0.2,Q2,2024
Tampines - East District,East,71.0,3,3,4530936.0,63816.0,Condo,7.69,5.8,8.0,7.8,0.183,0.1529,Q1,2024
Tampines - East District,East,31.0,3,2,1954705.0,63055.0,Lot,7.74,5.7,8.0,7.8,0.324,0.1638,Q2,2025
Tampines - East District,East,172.0,4,4,12929928.0,75174.0,Condo,8.46,6.6,8.0,7.8,0.299,0.2,Q4,2025
Tampines - East District,East,96.0,3,3,6238272.0,64982.0,Lot,7.61,6.8,8.0,7.8,0.283,0.1552,Q1,2025
Tampines - East District,East,37.0,1,1,2660633.0,71909.0,Condo,7.89,6.3,8.0,7.8,0.106,0.2,Q4,2024
Tampines - East District,East,210.0,1,1,15287160.0,72796.0,Condo,8.11,4.6,8.0,7.8,0.322,0.1775,Q4,2024
Tampines - East District,East,200.0,2,1,14766800.0,73834.0,Townhouse,7.85,5.1,8.0,7.8,0.198,0.2,Q3,2024
Tampines - East District,East,85.0,2,2,6237640.0,73384.0,Condo,7.81,6.2,8.0,7.8,0.137,0.2,Q3,2024
Tampines - East District,East,208.0,2,1,14438320.0,69415.0,Condo,8.0,5.3,8.0,7.8,0.405,0.2,Q1,2024
Tampines - East District,East,166.0,2,2,13144544.0,79184.0,Condo,7.72,4.6,8.0,7.8,0.192,0.2,Q1,2025
Tampines - East District,East,54.0,2,1,4000374.0,74081.0,House,7.6,6.4,8.0,7.8,0.107,0.2,Q3,2025
Tampines - East District,East,150.0,4,4,12045750.0,80305.0,Condo,7.74,7.1,8.0,7.8,0.056,0.2,Q1,2024
Tampines - East District,East,41.0,4,3,2993779.0,73019.0,Townhouse,7.76,5.5,8.0,7.8,0.096,0.2,Q4,2025
Tampines - East District,East,26.0,2,1,1840670.0,70795.0,Townhouse,8.36,4.9,8.0,7.8,0.031,0.17,Q3,2024
Tampines - East District,East,153.0,2,2,11620503.0,75951.0,Condo,8.18,5.9,8.0,7.8,0.268,0.2,Q4,2024
Tampines - East District,East,27.0,4,4,1667736.0,61768.0,House,8.31,6.4,8.0,7.8,0.318,0.1881,Q2,2024
Tampines - East District,East,53.0,3,2,3684560.0,69520.0,Townhouse,8.02,6.6,8.0,7.8,0.197,0.2,Q4,2025
Tampines - East District,East,94.0,3,3,6546442.0,69643.0,Condo,8.28,7.5,8.0,7.8,0.29,0.2,Q2,2024
Tampines - East District,East,246.0,3,3,19535106.0,79411.0,Townhouse,8.24,6.0,8.0,7.8,0.249,0.2,Q4,2024
Tampines - East District,East,191.0,2,2,14018445.0,73395.0,Lot,7.9,6.8,8.0,7.8,0.31,0.2,Q1,2024
Tampines - East District,East,69.0,2,1,4455675.0,64575.0,House,7.73,5.7,8.0,7.8,0.434,0.2,Q2,2025
Tampines - East District,East,259.0,1,1,17903375.0,69125.0,Condo,8.61,5.7,8.0,7.8,0.296,0.1526,Q3,2024
Tampines - East District,East,156.0,2,2,12475164.0,79969.0,Condo,8.46,5.5,8.0,7.8,0.059,0.2,Q2,2024
Tampines - East District,East,201.0,2,2,15441222.0,76822.0,Condo,8.02,6.0,8.0,7.8,0.169,0.1729,Q1,2025
Tampines - East District,East,212.0,2,2,17151860.0,80905.0,Condo,7.34,7.3,8.0,7.8,0.179,0.1528,Q4,2024
Tampines - East District,East,207.0,2,2,14621031.0,70633.0,Condo,8.16,5.7,8.0,7.8,0.305,0.1497,Q2,2024
Tampines - East District,East,94.0,3,2,6228252.0,66258.0,Condo,7.39,4.9,8.0,7.8,0.289,0.2,Q3,2025
Tampines - East District,East,148.0,3,3,11239564.0,75943.0,House,7.84,6.8,8.0,7.8,0.046,0.2,Q1,2025
Tampines - East District,East,105.0,1,1,7366800.0,70160.0,Condo,8.29,5.6,8.0,7.8,0.206,0.1707,Q1,2025
Tampines - East District,East,235.0,5,5,18059515.0,76849.0,Condo,7.82,6.5,8.0,7.8,0.096,0.1413,Q2,2025
Tampines - East District,East,50.0,4,3,3406350.0,68127.0,Lot,8.59,6.1,8.0,7.8,0.317,0.2,Q3,2024
Tampines - East District,East,261.0,2,1,21002409.0,80469.0,Lot,7.48,6.4,8.0,7.8,0.181,0.2,Q3,2025
Tampines - East District,East,84.0,5,4,5724768.0,68152.0,Townhouse,8.16,6.3,8.0,7.8,0.26,0.149,Q2,2025
Tampines - East District,East,47.0,2,2,3305792.0,70336.0,House,7.86,5.4,8.0,7.8,0.167,0.2,Q1,2024
Tampines - East District,East,79.0,2,2,6089478.0,77082.0,Condo,8.19,5.7,8.0,7.8,0.096,0.2,Q3,2024
Tampines - East District,East,207.0,2,2,16306425.0,78775.0,Condo,8.0,5.8,8.0,7.8,0.14,0.2,Q4,2025
Tampines - East District,East,272.0,2,1,21855744.0,80352.0,Condo,8.12,6.7,8.0,7.8,0.051,0.1675,Q4,2025
Tampines - East District,East,149.0,2,2,10119037.0,67913.0,Lot,7.78,5.9,8.0,7.8,0.36,0.2,Q3,2025
Tampines - East District,East,149.0,1,1,11282429.0,75721.0,Condo,7.94,5.5,8.0,7.8,0.191,0.2,Q1,2025
Tampines - East District,East,193.0,1,1,12753440.0,66080.0,Condo,7.19,5.8,8.0,7.8,0.351,0.1495,Q2,2024
Tampines - East District,East,75.0,3,2,5481825.0,73091.0,Condo,8.28,5.3,8.0,7.8,0.022,0.154,Q3,2024
Tampines - East District,East,191.0,3,2,13518980.0,70780.0,House,7.74,5.2,8.0,7.8,0.273,0.2,Q3,2024
Tampines - East District,East,30.0,2,1,1826460.0,60882.0,Condo,8.34,5.5,8.0,7.8,0.383,0.2,Q4,2025
Tampines - East District,East,63.0,4,3,4745979.0,75333.0,Condo,7.74,4.4,8.0,7.8,0.033,0.2,Q4,2024
Tampines - East District,East,126.0,2,2,8364636.0,66386.0,Condo,7.68,4.9,8.0,7.8,0.448,0.2,Q2,2025
Tampines - East District,East,155.0,2,2,11505030.0,74226.0,Condo,8.54,5.8,8.0,7.8,0.263,0.2,Q4,2025
Tampines - East District,East,85.0,3,3,6418605.0,75513.0,House,9.23,5.5,8.0,7.8,0.074,0.2,Q1,2025
Tampines - East District,East,92.0,4,3,6873596.0,74713.0,House,7.89,4.7,8.0,7.8,0.071,0.2,Q4,2025
Tampines - East District,East,252.0,3,2,18072432.0,71716.0,Townhouse,8.54,5.9,8.0,7.8,0.312,0.1501,Q2,2025
Tampines - East District,East,190.0,3,2,14464700.0,76130.0,House,8.11,4.5,8.0,7.8,0.243,0.2,Q3,2024
Tampines - East District,East,140.0,2,2,10367140.0,74051.0,Lot,7.74,5.0,8.0,7.8,0.165,0.1672,Q3,2025
Tampines - East District,East,264.0,3,3,20742480.0,78570.0,House,8.05,5.3,8.0,7.8,0.241,0.2,Q1,2024
Tampines - East District,East,212.0,4,4,14939216.0,70468.0,House,8.0,5.6,8.0,7.8,0.416,0.1979,Q3,2024
Tampines - East District,East,139.0,3,3,11163924.0,80316.0,Condo,8.29,4.6,8.0,7.8,0.036,0.2,Q1,2024
Tampines - East District,East,192.0,2,1,14681472.0,76466.0,House,7.53,6.7,8.0,7.8,0.128,0.1491,Q3,2025
Tampines - East District,East,97.0,3,3,7274515.0,74995.0,Condo,8.19,5.8,8.0,7.8,0.072,0.195,Q1,2024
Tampines - East District,East,248.0,3,2,17976280.0,72485.0,House,8.2,5.2,8.0,7.8,0.406,0.2,Q4,2024
Tampines - East District,East,167.0,3,2,11213549.0,67147.0,Condo,7.82,6.6,8.0,7.8,0.422,0.2,Q2,2024
Tampines - East District,East,210.0,2,2,15619170.0,74377.0,Lot,9.31,7.1,8.0,7.8,0.352,0.1929,Q1,2025
Tampines - East District,East,63.0,2,1,3959235.0,62845.0,Condo,7.96,5.6,8.0,7.8,0.442,0.2,Q3,2025
Tampines - East District,East,109.0,3,3,7722432.0,70848.0,House,7.37,5.3,8.0,7.8,0.235,0.2,Q1,2025
Tampines - East District,East,177.0,2,1,14198763.0,80219.0,Townhouse,8.55,7.2,8.0,7.8,0.046,0.2,Q1,2024
Tampines - East District,East,204.0,3,3,14370576.0,70444.0,Condo,8.07,5.4,8.0,7.8,0.351,0.2,Q3,2024
Tampines - East District,East,56.0,3,3,3621632.0,64672.0,Townhouse,7.7,6.1,8.0,7.8,0.182,0.1592,Q4,2025
Tampines - East District,East,233.0,3,3,19103204.0,81988.0,Condo,9.02,5.2,8.0,7.8,0.105,0.2,Q2,2025
Tampines - East District,East,141.0,2,2,11353179.0,80519.0,Lot,8.15,5.8,8.0,7.8,0.055,0.2,Q2,2025
Tampines - East District,East,157.0,2,1,11382500.0,72500.0,House,8.24,5.5,8.0,7.8,0.267,0.2,Q1,2024
Tampines - East District,East,28.0,1,1,2075192.0,74114.0,House,8.16,6.2,8.0,7.8,0.073,0.2,Q4,2025
Tampines - East District,East,247.0,2,2,17581954.0,71182.0,Condo,6.69,6.1,8.0,7.8,0.401,0.2,Q2,2025
Tampines - East District,East,238.0,3,2,18880302.0,79329.0,Condo,8.0,6.3,8.0,7.8,0.175,0.2,Q4,2024
Tampines - East District,East,147.0,1,1,10010259.0,68097.0,Condo,7.9,5.5,8.0,7.8,0.385,0.2,Q3,2024
Tampines - East District,East,264.0,2,2,20064000.0,76000.0,Townhouse,8.39,5.6,8.0,7.8,0.338,0.2,Q1,2025
Tampines - East District,East,142.0,2,2,10080438.0,70989.0,Condo,7.19,4.6,8.0,7.8,0.341,0.2,Q3,2024
Tampines - East District,East,135.0,1,1,10292265.0,76239.0,House,8.31,5.1,8.0,7.8,0.073,0.2,Q1,2025
Tampines - East District,East,191.0,3,2,13693745.0,71695.0,Townhouse,7.85,5.6,8.0,7.8,0.326,0.2,Q2,2025
Tampines - East District,East,145.0,4,4,10286880.0,70944.0,Condo,8.19,5.1,8.0,7.8,0.116,0.1486,Q4,2024
Tampines - East District,East,111.0,3,3,7477071.0,67361.0,Lot,8.25,4.8,8.0,7.8,0.292,0.2,Q1,2024
Tampines - East District,East,97.0,4,4,6652939.0,68587.0,Condo,8.58,5.1,8.0,7.8,0.313,0.2,Q3,2025
Tampines - East District,East,273.0,4,3,23502024.0,86088.0,House,7.66,6.1,8.0,7.8,0.064,0.2,Q4,2025
Tampines - East District,East,64.0,4,4,4835072.0,75548.0,Townhouse,7.69,5.0,8.0,7.8,0.054,0.2,Q3,2024
Tampines - East District,East,250.0,4,3,20021750.0,80087.0,Condo,7.87,5.6,8.0,7.8,0.153,0.2,Q3,2025
Tampines - East District,East,71.0,3,3,4874860.0,68660.0,Condo,8.82,5.7,8.0,7.8,0.189,0.2,Q3,2024
Tampines - East District,East,277.0,2,1,21392710.0,77230.0,Condo,7.93,4.6,8.0,7.8,0.27,0.2,Q1,2024
Tampines - East District,East,242.0,2,2,17318730.0,71565.0,House,9.03,6.1,8.0,7.8,0.424,0.193,Q2,2024
Tampines - East District,East,33.0,1,1,2206644.0,66868.0,House,8.39,5.8,8.0,7.8,0.232,0.2,Q1,2025
Tampines - East District,East,42.0,2,2,2904846.0,69163.0,Townhouse,7.72,6.9,8.0,7.8,0.249,0.1999,Q2,2025
Tampines - East District,East,182.0,3,3,14376908.0,78994.0,House,8.17,5.8,8.0,7.8,0.087,0.2,Q1,2024
Tampines - East District,East,215.0,3,2,16154240.0,75136.0,Condo,8.22,6.4,8.0,7.8,0.291,0.2,Q3,2025
Tampines - East District,East,152.0,2,2,10893840.0,71670.0,Condo,7.97,5.0,8.0,7.8,0.253,0.1698,Q1,2025
Tampines - East District,East,248.0,3,2,17922464.0,72268.0,Condo,7.91,5.4,8.0,7.8,0.335,0.2,Q4,2024
Tampines - East District,East,42.0,5,5,2617230.0,62315.0,Condo,8.44,6.0,8.0,7.8,0.412,0.1622,Q1,2025
Tampines - East District,East,260.0,2,1,18328700.0,70495.0,House,8.55,5.7,8.0,7.8,0.319,0.1474,Q2,2025
Tampines - East District,East,278.0,4,3,22566094.0,81173.0,House,8.52,5.2,8.0,7.8,0.168,0.1812,Q3,2024
Tampines - East District,East,105.0,3,2,6716955.0,63971.0,Condo,7.71,6.1,8.0,7.8,0.431,0.2,Q3,2025
Tampines - East District,East,213.0,2,2,16729020.0,78540.0,Condo,8.15,5.6,8.0,7.8,0.251,0.2,Q1,2025
Tampines - East District,East,61.0,3,3,3571733.0,58553.0,House,7.54,5.2,8.0,7.8,0.445,0.2,Q2,2025
Tampines - East District,East,236.0,2,2,16831284.0,71319.0,Townhouse,7.66,5.9,8.0,7.8,0.432,0.2,Q3,2024
Tampines - East District,East,64.0,1,1,4272832.0,66763.0,Townhouse,8.36,5.4,8.0,7.8,0.267,0.2,Q4,2025
Tampines - East District,East,214.0,1,1,16316216.0,76244.0,Condo,7.44,5.2,8.0,7.8,0.09,0.1507,Q2,2025
Tampines - East District,East,56.0,1,1,3644536.0,65081.0,House,7.46,5.9,8.0,7.8,0.249,0.2,Q3,2024
Tampines - East District,East,53.0,2,1,3210740.0,60580.0,Condo,8.13,5.7,8.0,7.8,0.397,0.2,Q3,2024
Tampines - East District,East,195.0,2,2,13522470.0,69346.0,Condo,7.85,5.4,8.0,7.8,0.365,0.2,Q2,2024
Tampines - East District,East,199.0,2,2,12935796.0,65004.0,Condo,7.77,6.0,8.0,7.8,0.412,0.1546,Q1,2024
Tampines - East District,East,167.0,4,3,12258635.0,73405.0,House,8.38,4.6,8.0,7.8,0.15,0.2,Q4,2025
Tampines - East District,East,274.0,2,1,21190064.0,77336.0,Condo,7.6,6.1,8.0,7.8,0.425,0.2,Q1,2025
Tampines - East District,East,169.0,3,3,11324352.0,67008.0,House,8.03,6.1,8.0,7.8,0.394,0.2,Q2,2024
Tampines - East District,East,211.0,5,4,14118643.0,66913.0,Lot,7.72,5.7,8.0,7.8,0.434,0.168,Q1,2025
Tampines - East District,East,271.0,4,3,22614408.0,83448.0,Townhouse,7.75,5.2,8.0,7.8,0.05,0.2,Q3,2025
Tampines - East District,East,163.0,4,4,12326223.0,75621.0,Townhouse,7.87,6.4,8.0,7.8,0.173,0.2,Q1,2024
Tampines - East District,East,236.0,3,3,18016004.0,76339.0,Townhouse,7.29,6.2,8.0,7.8,0.233,0.2,Q3,2024
Tampines - East District,East,81.0,3,3,5153625.0,63625.0,Lot,7.63,5.6,8.0,7.8,0.337,0.2,Q3,2024
Tampines - East District,East,48.0,2,2,3068352.0,63924.0,Condo,7.83,6.1,8.0,7.8,0.442,0.1937,Q3,2024
Tampines - East District,East,247.0,1,1,17046952.0,69016.0,Condo,7.66,6.3,8.0,7.8,0.404,0.1703,Q1,2025
Tampines - East District,East,150.0,3,2,9958650.0,66391.0,Lot,7.66,6.1,8.0,7.8,0.34,0.2,Q2,2024
Tampines - East District,East,149.0,2,2,10691644.0,71756.0,Townhouse,7.62,5.9,8.0,7.8,0.353,0.2,Q2,2024
Tampines - East District,East,51.0,4,3,3690054.0,72354.0,House,7.49,5.5,8.0,7.8,0.179,0.2,Q3,2024
Tampines - East District,East,243.0,3,3,18292311.0,75277.0,House,7.96,6.1,8.0,7.8,0.301,0.2,Q4,2025
Tampines - East District,East,231.0,2,2,18275796.0,79116.0,Condo,7.57,6.5,8.0,7.8,0.282,0.2,Q3,2024
Tampines - East District,East,121.0,5,4,8765482.0,72442.0,Townhouse,8.26,5.6,8.0,7.8,0.214,0.2,Q4,2024
Tampines - East District,East,227.0,3,3,16425039.0,72357.0,Condo,7.61,5.7,8.0,7.8,0.318,0.1622,Q1,2024
Tampines - East District,East,269.0,3,3,22351748.0,83092.0,House,8.14,5.8,8.0,7.8,0.089,0.2,Q4,2025
Tampines - East District,East,155.0,3,3,10953230.0,70666.0,Condo,8.03,5.9,8.0,7.8,0.297,0.2,Q2,2024
Tampines - East District,East,274.0,4,4,18886820.0,68930.0,House,7.92,5.1,8.0,7.8,0.389,0.1562,Q4,2024
Tampines - East District,East,130.0,2,1,8461830.0,65091.0,House,7.78,5.5,8.0,7.8,0.374,0.1752,Q3,2024
Tampines - East District,East,272.0,1,1,21026960.0,77305.0,Condo,7.74,5.2,8.0,7.8,0.301,0.2,Q4,2024
Tampines - East District,East,262.0,2,2,23278700.0,88850.0,Condo,7.96,6.5,8.0,7.8,0.047,0.2,Q4,2024
Tampines - East District,East,116.0,3,2,8729580.0,75255.0,Townhouse,8.29,5.6,8.0,7.8,0.151,0.2,Q2,2024
Tampines - East District,East,197.0,2,1,13519913.0,68629.0,Townhouse,7.95,5.2,8.0,7.8,0.4,0.1794,Q3,2025
Tampines - East District,East,214.0,4,3,14261388.0,66642.0,House,8.61,6.1,8.0,7.8,0.393,0.1763,Q4,2025
Tampines - East District,East,28.0,3,3,2095996.0,74857.0,Townhouse,7.69,5.9,8.0,7.8,0.037,0.2,Q2,2024
Tampines - East District,East,250.0,2,2,21882750.0,87531.0,House,8.72,5.4,8.0,7.8,0.027,0.2,Q1,2025
Tampines - East District,East,267.0,3,3,20162772.0,75516.0,Townhouse,7.43,5.4,8.0,7.8,0.349,0.2,Q4,2025
Tampines - East District,East,90.0,2,1,6148350.0,68315.0,Condo,8.15,5.5,8.0,7.8,0.234,0.2,Q3,2025
Tampines - East District,East,37.0,3,3,2327300.0,62900.0,Condo,8.22,5.1,8.0,7.8,0.397,0.2,Q3,2025
Tampines - East District,East,107.0,4,4,7240583.0,67669.0,Townhouse,8.02,4.4,8.0,7.8,0.355,0.2,Q3,2024
Tampines - East District,East,197.0,4,4,14991503.0,76099.0,Townhouse,8.27,5.1,8.0,7.8,0.134,0.1755,Q3,2024
Tampines - East District,East,184.0,1,1,12862888.0,69907.0,Townhouse,6.99,6.5,8.0,7.8,0.399,0.2,Q4,2024
Tampines - East District,East,278.0,2,1,22164662.0,79729.0,Townhouse,8.11,5.7,8.0,7.8,0.275,0.2,Q4,2024
Tampines - East District,East,260.0,2,2,19782360.0,76086.0,Condo,8.78,6.3,8.0,7.8,0.129,0.146,Q4,2024
Tampines - East District,East,267.0,3,2,20380110.0,76330.0,House,8.47,7.0,8.0,7.8,0.167,0.1431,Q2,2024
Tampines - East District,East,201.0,2,2,15850257.0,78857.0,Townhouse,8.6,6.4,8.0,7.8,0.112,0.2,Q2,2024
Tampines - East District,East,170.0,2,2,13900220.0,81766.0,House,8.05,5.4,8.0,7.8,0.039,0.2,Q4,2024
Tampines - East District,East,216.0,2,2,16389432.0,75877.0,Condo,8.08,5.4,8.0,7.8,0.273,0.2,Q3,2024
Tampines - East District,East,193.0,2,2,15845686.0,82102.0,Condo,8.02,4.8,8.0,7.8,0.111,0.2,Q1,2025
Tampines - East District,East,256.0,4,4,18249216.0,71286.0,Condo,8.4,6.2,8.0,7.8,0.448,0.2,Q2,2024
Tampines - East District,East,26.0,3,3,1553500.0,59750.0,House,8.3,4.9,8.0,7.8,0.442,0.2,Q2,2024
Tampines - East District,East,244.0,4,3,16928964.0,69381.0,Condo,8.07,5.7,8.0,7.8,0.374,0.1548,Q3,2025
Tampines - East District,East,204.0,5,4,16174140.0,79285.0,Condo,8.08,5.1,8.0,7.8,0.08,0.1859,Q3,2024
Tampines - East District,East,91.0,2,2,6513143.0,71573.0,House,7.87,5.6,8.0,7.8,0.11,0.2,Q4,2024
Tampines - East District,East,232.0,3,3,16999568.0,73274.0,Townhouse,7.81,5.6,8.0,7.8,0.269,0.1676,Q2,2024
Tampines - East District,East,110.0,5,4,7751590.0,70469.0,Townhouse,8.51,6.2,8.0,7.8,0.229,0.1895,Q1,2025
Tampines - East District,East,100.0,3,3,7720300.0,77203.0,Condo,7.97,5.1,8.0,7.8,0.084,0.2,Q2,2025
Tampines - East District,East,236.0,3,2,20512884.0,86919.0,Lot,7.74,6.1,8.0,7.8,0.027,0.2,Q1,2024
Tampines - East District,East,271.0,3,2,21793007.0,80417.0,Condo,8.85,5.6,8.0,7.8,0.171,0.2,Q4,2025
Tampines - East District,East,72.0,2,2,4529160.0,62905.0,Condo,8.8,5.6,8.0,7.8,0.4,0.1715,Q3,2024
Tampines - East District,East,107.0,4,4,7426335.0,69405.0,Condo,7.79,4.6,8.0,7.8,0.276,0.2,Q4,2024
Tampines - East District,East,51.0,2,1,3839637.0,75287.0,Lot,8.02,5.7,8.0,7.8,0.042,0.2,Q2,2025
Tampines - East District,East,251.0,3,2,17947253.0,71503.0,Condo,8.99,4.8,8.0,7.8,0.31,0.189,Q2,2024
Tampines - East District,East,104.0,4,4,7037576.0,67669.0,Condo,8.29,6.0,8.0,7.8,0.348,0.2,Q2,2024
Tampines - East District,East,209.0,4,4,14028080.0,67120.0,Condo,7.43,5.4,8.0,7.8,0.346,0.1761,Q1,2024
Tampines - East District,East,147.0,2,2,10642653.0,72399.0,Condo,8.17,5.6,8.0,7.8,0.243,0.1969,Q4,2025
Tampines - East District,East,57.0,3,2,4050534.0,71062.0,Condo,8.18,6.8,8.0,7.8,0.193,0.2,Q2,2024
Tampines - East District,East,86.0,2,1,5668690.0,65915.0,Condo,7.71,6.3,8.0,7.8,0.391,0.1619,Q3,2025
Tampines - East District,East,31.0,3,3,2266658.0,73118.0,Lot,8.16,6.4,8.0,7.8,0.13,0.2,Q1,2025
Tampines - East District,East,242.0,2,1,17350190.0,71695.0,Condo,8.49,5.0,8.0,7.8,0.334,0.2,Q3,2024
Tampines - East District,East,229.0,3,3,19376148.0,84612.0,Condo,8.12,5.6,8.0,7.8,0.141,0.2,Q2,2025
Tampines - East District,East,92.0,4,3,6661076.0,72403.0,House,8.61,5.3,8.0,7.8,0.206,0.2,Q4,2025
Tampines - East District,East,205.0,2,2,15531620.0,75764.0,Lot,7.31,6.3,8.0,7.8,0.161,0.2,Q3,2025
Tampines - East District,East,248.0,2,1,19804288.0,79856.0,House,7.86,6.9,8.0,7.8,0.164,0.2,Q1,2025
Tampines - East District,East,208.0,1,1,16301376.0,78372.0,Condo,7.66,6.1,8.0,7.8,0.135,0.1522,Q3,2025
Tampines - East District,East,102.0,1,1,7455486.0,73093.0,Lot,7.38,6.7,8.0,7.8,0.234,0.2,Q2,2025
Tampines - East District,East,228.0,3,2,18640140.0,81755.0,Condo,7.79,5.8,8.0,7.8,0.041,0.2,Q4,2025
Tampines - East District,East,167.0,3,3,11407102.0,68306.0,Lot,8.16,6.4,8.0,7.8,0.419,0.1739,Q4,2025
Tampines - East District,East,136.0,4,4,8108728.0,59623.0,House,8.35,4.0,8.0,7.8,0.375,0.1501,Q4,2025
Tampines - East District,East,177.0,1,1,11611731.0,65603.0,Condo,7.62,6.3,8.0,7.8,0.422,0.171,Q4,2024
Tampines - East District,East,174.0,2,2,13483434.0,77491.0,House,8.43,4.9,8.0,7.8,0.103,0.2,Q2,2024
Tampines - East District,East,96.0,3,2,6620448.0,68963.0,Lot,7.16,5.2,8.0,7.8,0.159,0.1532,Q1,2024
Tampines - East District,East,117.0,2,1,7747740.0,66220.0,Condo,7.88,6.0,8.0,7.8,0.346,0.2,Q3,2025
Tampines - East District,East,250.0,2,2,19325500.0,77302.0,Townhouse,8.3,5.2,8.0,7.8,0.088,0.144,Q3,2024
Tampines - East District,East,174.0,4,4,12347736.0,70964.0,Lot,7.64,6.2,8.0,7.8,0.28,0.1921,Q4,2024
Tampines - East District,East,177.0,3,3,14287971.0,80723.0,Condo,7.8,5.3,8.0,7.8,0.053,0.2,Q1,2025
Tampines - East District,East,140.0,1,1,10379880.0,74142.0,Condo,7.96,6.0,8.0,7.8,0.233,0.2,Q4,2025
Tampines - East District,East,70.0,1,1,5223190.0,74617.0,Lot,8.54,6.1,8.0,7.8,0.141,0.2,Q2,2024
Tampines - East District,East,173.0,4,3,13007178.0,75186.0,House,7.79,6.2,8.0,7.8,0.038,0.1569,Q3,2024
Tampines - East District,East,267.0,3,3,20307219.0,76057.0,Condo,8.37,6.2,8.0,7.8,0.28,0.2,Q2,2024
Tampines - East District,East,150.0,3,2,9550350.0,63669.0,Townhouse,7.87,6.0,8.0,7.8,0.445,0.1633,Q2,2025
Tampines - East District,East,239.0,2,2,19709135.0,82465.0,Townhouse,8.92,5.6,8.0,7.8,0.074,0.2,Q1,2025
Tampines - East District,East,245.0,3,3,19850390.0,81022.0,Townhouse,7.59,5.2,8.0,7.8,0.02,0.1946,Q1,2024
Tampines - East District,East,241.0,3,2,16695275.0,69275.0,Lot,7.78,5.3,8.0,7.8,0.419,0.1487,Q2,2025
Tampines - East District,East,28.0,4,4,2011240.0,71830.0,Condo,8.31,5.9,8.0,7.8,0.08,0.1607,Q3,2025
Tampines - East District,East,142.0,4,4,9171780.0,64590.0,Lot,7.8,5.3,8.0,7.8,0.441,0.2,Q1,2024
Tampines - East District,East,223.0,1,1,16874856.0,75672.0,Condo,7.32,6.8,8.0,7.8,0.33,0.2,Q2,2025
Tampines - East District,East,106.0,1,1,7191570.0,67845.0,House,8.02,5.4,8.0,7.8,0.386,0.2,Q1,2024
Tampines - East District,East,64.0,5,5,4585024.0,71641.0,House,8.15,6.2,8.0,7.8,0.144,0.2,Q2,2024
Tampines - East District,East,235.0,3,2,17332895.0,73757.0,Condo,7.5,5.6,8.0,7.8,0.338,0.2,Q2,2025
Tampines - East District,East,173.0,3,2,12313102.0,71174.0,House,8.24,5.7,8.0,7.8,0.344,0.2,Q1,2024
Tampines - East District,East,190.0,1,1,14766040.0,77716.0,House,8.44,7.0,8.0,7.8,0.201,0.2,Q2,2025
Tampines - East District,East,190.0,5,5,13486200.0,70980.0,House,8.54,5.1,8.0,7.8,0.414,0.2,Q2,2024
Tampines - East District,East,257.0,2,1,21221518.0,82574.0,Condo,8.31,5.9,8.0,7.8,0.15,0.1846,Q2,2024
Tampines - East District,East,157.0,2,1,11255330.0,71690.0,Lot,7.98,5.8,8.0,7.8,0.186,0.1991,Q3,2024
Tampines - East District,East,119.0,4,3,8453641.0,71039.0,House,7.61,6.4,8.0,7.8,0.233,0.2,Q2,2024
Tampines - East District,East,232.0,3,3,16856888.0,72659.0,House,8.95,5.2,8.0,7.8,0.286,0.1724,Q2,2025
Tampines - East District,East,169.0,3,3,12844338.0,76002.0,House,8.01,5.1,8.0,7.8,0.208,0.2,Q2,2025
Tampines - East District,East,252.0,2,2,20473488.0,81244.0,Townhouse,8.45,5.6,8.0,7.8,0.08,0.2,Q2,2025
Tampines - East District,East,71.0,5,4,4400793.0,61983.0,Lot,8.58,5.3,8.0,7.8,0.415,0.2,Q2,2024
Tampines - East District,East,206.0,2,2,15256978.0,74063.0,House,7.93,6.2,8.0,7.8,0.302,0.1755,Q4,2024
Tampines - East District,East,160.0,5,4,12614560.0,78841.0,Condo,8.49,6.5,8.0,7.8,0.073,0.2,Q4,2025
Tampines - East District,East,57.0,1,1,4108389.0,72077.0,Lot,7.42,5.8,8.0,7.8,0.101,0.2,Q2,2024
Tampines - East District,East,219.0,4,4,17904564.0,81756.0,Lot,7.81,5.7,8.0,7.8,0.129,0.2,Q2,2024
Tampines - East District,East,181.0,3,3,13622241.0,75261.0,House,7.85,5.3,8.0,7.8,0.11,0.2,Q3,2024
Tampines - East District,East,204.0,2,2,13435848.0,65862.0,Condo,7.93,5.8,8.0,7.8,0.357,0.2,Q1,2025
Tampines - East District,East,192.0,3,3,13490304.0,70262.0,Condo,7.39,6.2,8.0,7.8,0.358,0.2,Q2,2024
Tampines - East District,East,251.0,1,1,20697711.0,82461.0,House,7.41,5.4,8.0,7.8,0.12,0.2,Q2,2024
Tampines - East District,East,45.0,4,4,2795670.0,62126.0,House,7.96,5.4,8.0,7.8,0.43,0.2,Q1,2024
Tampines - East District,East,163.0,3,3,12716608.0,78016.0,Condo,7.86,6.2,8.0,7.8,0.101,0.2,Q3,2024
Tampines - East District,East,37.0,3,3,2406110.0,65030.0,Lot,8.08,6.3,8.0,7.8,0.288,0.2,Q3,2025
Tampines - East District,East,35.0,2,1,2530290.0,72294.0,House,8.2,5.7,8.0,7.8,0.129,0.2,Q3,2024
Tampines - East District,East,122.0,1,1,8636990.0,70795.0,House,8.09,4.9,8.0,7.8,0.099,0.2,Q1,2025
Tampines - East District,East,115.0,2,2,8605795.0,74833.0,House,7.75,5.4,8.0,7.8,0.156,0.2,Q1,2025
Tampines - East District,East,275.0,2,2,20578800.0,74832.0,Townhouse,8.24,6.5,8.0,7.8,0.35,0.2,Q2,2024
Tampines - East District,East,83.0,4,4,5767089.0,69483.0,Condo,7.97,6.1,8.0,7.8,0.252,0.2,Q4,2024
Tampines - East District,East,165.0,2,2,12391995.0,75103.0,Townhouse,8.59,5.9,8.0,7.8,0.295,0.2,Q3,2025
Tampines - East District,East,98.0,5,5,7379204.0,75298.0,Condo,7.76,6.3,8.0,7.8,0.033,0.1597,Q4,2024
Tampines - East District,East,78.0,4,4,5687448.0,72916.0,Condo,7.86,4.7,8.0,7.8,0.039,0.2,Q4,2024
Tampines - East District,East,200.0,4,3,15247800.0,76239.0,Condo,7.59,5.6,8.0,7.8,0.145,0.2,Q1,2025
Tampines - East District,East,32.0,3,3,2230048.0,69689.0,House,8.51,5.6,8.0,7.8,0.198,0.2,Q2,2025
Tampines - East District,East,226.0,3,3,16317652.0,72202.0,Condo,8.1,5.3,8.0,7.8,0.372,0.2,Q2,2025
Tampines - East District,East,73.0,2,2,4708427.0,64499.0,House,8.12,7.1,8.0,7.8,0.387,0.2,Q4,2024
Tampines - East District,East,203.0,3,3,14229894.0,70098.0,Townhouse,8.03,6.0,8.0,7.8,0.355,0.2,Q2,2024
Tampines - East District,East,141.0,4,4,10298640.0,73040.0,Condo,7.93,5.7,8.0,7.8,0.19,0.1906,Q1,2025
Tampines - East District,East,149.0,1,1,11952929.0,80221.0,Lot,8.29,6.0,8.0,7.8,0.076,0.2,Q1,2024
Tampines - East District,East,257.0,4,3,19231567.0,74831.0,Condo,7.84,5.2,8.0,7.8,0.165,0.1776,Q4,2024
Tampines - East District,East,28.0,2,2,2041732.0,72919.0,Condo,8.17,6.1,8.0,7.8,0.109,0.1914,Q1,2024
Tampines - East District,East,214.0,2,2,17541366.0,81969.0,Lot,7.63,6.5,8.0,7.8,0.028,0.2,Q3,2024
Tampines - East District,East,237.0,3,2,18365841.0,77493.0,Condo,8.18,5.9,8.0,7.8,0.318,0.2,Q1,2025
Punggol - New Town,North East,255.0,3,3,16444695.0,64489.0,Condo,5.09,6.5,7.8,7.0,0.334,0.1322,Q1,2025
Punggol - New Town,North East,133.0,1,1,9122736.0,68592.0,Condo,4.9,5.6,7.8,7.0,0.178,0.2,Q3,2024
Punggol - New Town,North East,82.0,2,2,4952882.0,60401.0,House,5.18,4.9,7.8,7.0,0.197,0.2,Q2,2025
Punggol - New Town,North East,196.0,4,4,12765676.0,65131.0,Condo,5.15,5.6,7.8,7.0,0.402,0.2,Q1,2024
Punggol - New Town,North East,165.0,5,4,10049325.0,60905.0,Condo,4.78,4.6,7.8,7.0,0.342,0.2,Q3,2024
Punggol - New Town,North East,41.0,4,3,2374638.0,57918.0,Townhouse,4.64,5.3,7.8,7.0,0.263,0.1562,Q2,2025
Punggol - New Town,North East,239.0,3,2,15273295.0,63905.0,Condo,4.89,5.1,7.8,7.0,0.294,0.1272,Q1,2025
Punggol - New Town,North East,135.0,2,2,8772570.0,64982.0,House,4.91,4.3,7.8,7.0,0.143,0.2,Q3,2024
Punggol - New Town,North East,166.0,4,4,10326030.0,62205.0,House,5.61,5.1,7.8,7.0,0.298,0.1275,Q1,2025
Punggol - New Town,North East,162.0,2,1,11958840.0,73820.0,Condo,5.22,5.6,7.8,7.0,0.025,0.1578,Q1,2025
Punggol - New Town,North East,150.0,2,1,8706750.0,58045.0,Condo,4.42,4.7,7.8,7.0,0.407,0.2,Q4,2024
Punggol - New Town,North East,188.0,2,1,11698112.0,62224.0,Condo,4.41,5.3,7.8,7.0,0.299,0.136,Q3,2025
Punggol - New Town,North East,104.0,1,1,6447168.0,61992.0,Townhouse,4.21,4.9,7.8,7.0,0.212,0.1707,Q1,2024
Punggol - New Town,North East,87.0,4,3,5521890.0,63470.0,Condo,5.27,4.3,7.8,7.0,0.105,0.1605,Q3,2024
Punggol - New Town,North East,168.0,2,2,11664072.0,69429.0,Condo,4.42,5.8,7.8,7.0,0.096,0.2,Q3,2024
Punggol - New Town,North East,95.0,3,3,5113185.0,53823.0,House,5.11,6.0,7.8,7.0,0.414,0.1378,Q1,2025
Punggol - New Town,North East,263.0,3,2,16370698.0,62246.0,Condo,5.3,5.4,7.8,7.0,0.224,0.1298,Q2,2024
Punggol - New Town,North East,265.0,1,1,19946285.0,75269.0,Townhouse,5.17,5.8,7.8,7.0,0.162,0.1752,Q3,2024
Punggol - New Town,North East,114.0,3,3,7101744.0,62296.0,Townhouse,4.41,5.7,7.8,7.0,0.395,0.2,Q2,2025
Punggol - New Town,North East,181.0,2,2,11056747.0,61087.0,Lot,4.28,5.5,7.8,7.0,0.162,0.1339,Q2,2025
Punggol - New Town,North East,49.0,3,3,3116792.0,63608.0,Townhouse,4.91,6.0,7.8,7.0,0.232,0.2,Q3,2025
Punggol - New Town,North East,259.0,4,4,16808064.0,64896.0,House,4.92,5.0,7.8,7.0,0.225,0.1335,Q2,2024
Punggol - New Town,North East,73.0,4,4,4093986.0,56082.0,House,5.13,6.0,7.8,7.0,0.243,0.1649,Q4,2024
Punggol - New Town,North East,52.0,2,1,3117764.0,59957.0,Condo,4.37,4.5,7.8,7.0,0.119,0.1489,Q1,2025
Punggol - New Town,North East,257.0,1,1,18851721.0,73353.0,House,4.69,4.6,7.8,7.0,0.088,0.1841,Q4,2024
Punggol - New Town,North East,143.0,3,3,8136414.0,56898.0,Lot,5.27,4.8,7.8,7.0,0.427,0.2,Q1,2024
Punggol - New Town,North East,156.0,3,3,11151348.0,71483.0,Condo,5.01,6.2,7.8,7.0,0.16,0.1968,Q2,2025
Punggol - New Town,North East,114.0,2,2,7534944.0,66096.0,Condo,5.08,4.0,7.8,7.0,0.093,0.2,Q4,2024
Punggol - New Town,North East,67.0,2,1,3870858.0,57774.0,Townhouse,4.74,5.3,7.8,7.0,0.302,0.1649,Q1,2025
Punggol - New Town,North East,170.0,4,4,11343080.0,66724.0,Condo,5.24,5.7,7.8,7.0,0.209,0.2,Q1,2024
Punggol - New Town,North East,196.0,3,3,12141416.0,61946.0,House,5.14,4.8,7.8,7.0,0.259,0.1359,Q2,2024
Punggol - New Town,North East,194.0,2,2,12088916.0,62314.0,Condo,4.62,5.3,7.8,7.0,0.355,0.1663,Q1,2024
Punggol - New Town,North East,254.0,2,2,18785840.0,73960.0,House,4.48,5.5,7.8,7.0,0.043,0.176,Q3,2024
Punggol - New Town,North East,131.0,3,2,7476694.0,57074.0,House,4.7,4.6,7.8,7.0,0.356,0.1516,Q3,2025
Punggol - New Town,North East,57.0,4,4,3486519.0,61167.0,Condo,5.58,4.8,7.8,7.0,0.154,0.2,Q2,2024
Punggol - New Town,North East,152.0,4,4,9477808.0,62354.0,Condo,5.42,6.3,7.8,7.0,0.179,0.2,Q2,2024
Punggol - New Town,North East,271.0,3,3,18053478.0,66618.0,House,4.77,5.2,7.8,7.0,0.37,0.2,Q1,2024
Punggol - New Town,North East,113.0,4,3,7178777.0,63529.0,Condo,5.57,6.2,7.8,7.0,0.178,0.2,Q3,2025
Punggol - New Town,North East,161.0,3,3,10550008.0,65528.0,Townhouse,5.0,5.3,7.8,7.0,0.187,0.2,Q2,2025
Punggol - New Town,North East,65.0,3,3,4416750.0,67950.0,House,5.01,6.5,7.8,7.0,0.079,0.2,Q3,2024
Punggol - New Town,North East,85.0,1,1,5658535.0,66571.0,Lot,4.6,5.8,7.8,7.0,0.074,0.2,Q2,2024
Punggol - New Town,North East,234.0,4,4,14383044.0,61466.0,House,4.54,5.2,7.8,7.0,0.392,0.1894,Q4,2025
Punggol - New Town,North East,244.0,2,2,16258208.0,66632.0,Condo,4.09,4.4,7.8,7.0,0.27,0.1403,Q3,2025
Punggol - New Town,North East,92.0,2,2,6095644.0,66257.0,House,4.46,4.5,7.8,7.0,0.028,0.1555,Q3,2025
Punggol - New Town,North East,187.0,2,1,11978659.0,64057.0,Condo,4.82,4.7,7.8,7.0,0.419,0.2,Q4,2025
Punggol - New Town,North East,249.0,3,2,17592348.0,70652.0,House,4.77,4.9,7.8,7.0,0.155,0.2,Q2,2024
Punggol - New Town,North East,272.0,1,1,17709376.0,65108.0,Condo,5.54,4.6,7.8,7.0,0.305,0.1321,Q1,2024
Punggol - New Town,North East,258.0,2,2,19010472.0,73684.0,Condo,4.49,5.5,7.8,7.0,0.152,0.2,Q3,2024
Punggol - New Town,North East,108.0,2,2,7258788.0,67211.0,Condo,5.04,5.4,7.8,7.0,0.158,0.1828,Q3,2024
Punggol - New Town,North East,140.0,2,1,8893360.0,63524.0,House,4.87,4.7,7.8,7.0,0.134,0.127,Q2,2025
Punggol - New Town,North East,65.0,2,2,3484585.0,53609.0,Condo,4.78,5.2,7.8,7.0,0.309,0.1284,Q4,2024
Punggol - New Town,North East,272.0,4,4,19939504.0,73307.0,House,4.46,5.0,7.8,7.0,0.102,0.2,Q2,2025
Punggol - New Town,North East,171.0,3,2,11053782.0,64642.0,Condo,4.96,4.7,7.8,7.0,0.195,0.2,Q3,2025
Punggol - New Town,North East,152.0,2,2,9422632.0,61991.0,House,5.21,5.0,7.8,7.0,0.384,0.2,Q3,2025
Punggol - New Town,North East,47.0,2,2,2727222.0,58026.0,Condo,4.56,5.9,7.8,7.0,0.412,0.2,Q3,2024
Punggol - New Town,North East,150.0,4,4,9568800.0,63792.0,House,4.97,5.3,7.8,7.0,0.322,0.2,Q2,2025
Punggol - New Town,North East,107.0,3,2,7179486.0,67098.0,Condo,4.62,5.3,7.8,7.0,0.038,0.1857,Q2,2024
Punggol - New Town,North East,67.0,3,3,3738265.0,55795.0,Condo,5.62,4.7,7.8,7.0,0.4,0.199,Q1,2025
Punggol - New Town,North East,182.0,2,2,12183990.0,66945.0,House,5.27,7.0,7.8,7.0,0.155,0.137,Q2,2024
Punggol - New Town,North East,99.0,2,2,6171165.0,62335.0,Condo,4.67,5.2,7.8,7.0,0.271,0.2,Q4,2024
Punggol - New Town,North East,66.0,4,4,3726624.0,56464.0,Townhouse,4.89,5.3,7.8,7.0,0.332,0.1795,Q2,2024
Punggol - New Town,North East,30.0,1,1,1569210.0,52307.0,Lot,5.16,4.7,7.8,7.0,0.332,0.176,Q3,2024
Punggol - New Town,North East,219.0,3,3,15308757.0,69903.0,Condo,5.62,3.0,7.8,7.0,0.107,0.2,Q4,2024
Punggol - New Town,North East,66.0,2,2,3823380.0,57930.0,Condo,4.43,5.8,7.8,7.0,0.313,0.1937,Q1,2025
Punggol - New Town,North East,167.0,1,1,9817262.0,58786.0,Townhouse,5.16,5.1,7.8,7.0,0.296,0.1362,Q4,2024
Punggol - New Town,North East,127.0,1,1,8159496.0,64248.0,Lot,5.84,5.6,7.8,7.0,0.188,0.2,Q3,2025
Punggol - New Town,North East,122.0,1,1,6956928.0,57024.0,Condo,5.47,5.1,7.8,7.0,0.387,0.1403,Q4,2025
Punggol - New Town,North East,26.0,1,1,1359384.0,52284.0,Condo,5.65,4.6,7.8,7.0,0.424,0.1972,Q4,2025
Punggol - New Town,North East,158.0,1,1,9657750.0,61125.0,House,4.96,5.3,7.8,7.0,0.262,0.1624,Q3,2024
Punggol - New Town,North East,252.0,3,3,17100216.0,67858.0,House,5.18,4.4,7.8,7.0,0.374,0.1693,Q4,2025
Punggol - New Town,North East,82.0,2,2,5188960.0,63280.0,Condo,4.89,4.0,7.8,7.0,0.199,0.2,Q4,2025
Punggol - New Town,North East,82.0,3,2,4166256.0,50808.0,Condo,4.38,5.6,7.8,7.0,0.372,0.1295,Q4,2024
Punggol - New Town,North East,38.0,2,2,2429226.0,63927.0,Condo,5.63,4.8,7.8,7.0,0.029,0.2,Q1,2024
Punggol - New Town,North East,76.0,2,1,5256920.0,69170.0,Condo,5.13,6.3,7.8,7.0,0.085,0.2,Q4,2024
Punggol - New Town,North East,80.0,2,1,4452240.0,55653.0,Townhouse,4.63,5.0,7.8,7.0,0.372,0.1664,Q1,2024
Punggol - New Town,North East,169.0,2,1,11650691.0,68939.0,Condo,4.98,6.1,7.8,7.0,0.134,0.199,Q1,2024
Punggol - New Town,North East,45.0,2,2,2791665.0,62037.0,House,4.62,5.9,7.8,7.0,0.25,0.1984,Q1,2025
Punggol - New Town,North East,39.0,3,2,2075190.0,53210.0,Townhouse,5.41,4.4,7.8,7.0,0.387,0.1592,Q2,2024
Punggol - New Town,North East,173.0,2,1,11617988.0,67156.0,Townhouse,5.04,5.2,7.8,7.0,0.098,0.172,Q3,2025
Punggol - New Town,North East,134.0,3,2,7746674.0,57811.0,Condo,5.08,5.4,7.8,7.0,0.431,0.2,Q1,2024
Punggol - New Town,North East,267.0,3,3,17518671.0,65613.0,Condo,4.75,5.9,7.8,7.0,0.363,0.2,Q1,2025
Punggol - New Town,North East,152.0,3,2,9660056.0,63553.0,Condo,5.2,5.3,7.8,7.0,0.43,0.2,Q1,2024
Punggol - New Town,North East,107.0,2,1,6535988.0,61084.0,Lot,4.91,5.4,7.8,7.0,0.316,0.1797,Q4,2025
Punggol - New Town,North East,111.0,2,1,7537122.0,67902.0,House,5.16,5.5,7.8,7.0,0.098,0.1976,Q2,2024
Punggol - New Town,North East,142.0,3,3,8959774.0,63097.0,Condo,5.08,5.4,7.8,7.0,0.294,0.2,Q3,2025
Punggol - New Town,North East,210.0,2,1,15339240.0,73044.0,House,5.79,5.7,7.8,7.0,0.082,0.2,Q2,2024
Punggol - New Town,North East,261.0,3,3,18000909.0,68969.0,Townhouse,5.06,4.4,7.8,7.0,0.191,0.1959,Q1,2025
Punggol - New Town,North East,94.0,4,4,5825556.0,61974.0,House,5.18,5.1,7.8,7.0,0.158,0.2,Q2,2025
Punggol - New Town,North East,209.0,1,1,14562284.0,69676.0,Condo,5.02,5.2,7.8,7.0,0.182,0.1643,Q3,2025
Punggol - New Town,North East,27.0,2,2,1309986.0,48518.0,House,4.66,4.1,7.8,7.0,0.362,0.1317,Q4,2024
Punggol - New Town,North East,197.0,4,4,12656659.0,64247.0,Condo,4.99,5.6,7.8,7.0,0.336,0.154,Q4,2024
Punggol - New Town,North East,198.0,4,3,12819312.0,64744.0,Condo,5.6,5.5,7.8,7.0,0.332,0.2,Q3,2024
Punggol - New Town,North East,117.0,1,1,6313437.0,53961.0,Condo,4.7,4.2,7.8,7.0,0.443,0.2,Q3,2024
Punggol - New Town,North East,242.0,3,3,18677076.0,77178.0,Lot,4.29,4.8,7.8,7.0,0.025,0.2,Q1,2024
Punggol - New Town,North East,58.0,4,4,3698138.0,63761.0,Condo,4.96,5.3,7.8,7.0,0.155,0.2,Q2,2024
Punggol - New Town,North East,100.0,4,3,6743800.0,67438.0,Condo,5.41,4.9,7.8,7.0,0.108,0.2,Q4,2024
Punggol - New Town,North East,66.0,4,3,4293696.0,65056.0,House,4.84,6.6,7.8,7.0,0.035,0.2,Q4,2025
Punggol - New Town,North East,100.0,2,2,7086300.0,70863.0,House,4.95,4.4,7.8,7.0,0.04,0.2,Q2,2025
Punggol - New Town,North East,173.0,3,2,10463559.0,60483.0,Condo,4.89,5.0,7.8,7.0,0.318,0.1562,Q2,2024
Punggol - New Town,North East,173.0,4,4,11220088.0,64856.0,Townhouse,4.75,4.4,7.8,7.0,0.179,0.2,Q3,2025
Punggol - New Town,North East,106.0,3,3,6239372.0,58862.0,Townhouse,5.38,5.0,7.8,7.0,0.287,0.2,Q4,2025
Punggol - New Town,North East,160.0,3,3,10246400.0,64040.0,House,4.58,5.3,7.8,7.0,0.277,0.187,Q3,2025
Punggol - New Town,North East,179.0,3,3,12589607.0,70333.0,Townhouse,5.07,4.7,7.8,7.0,0.044,0.2,Q1,2024
Punggol - New Town,North East,165.0,2,2,10066155.0,61007.0,Lot,4.85,4.9,7.8,7.0,0.449,0.2,Q2,2025
Punggol - New Town,North East,263.0,1,1,18481273.0,70271.0,House,4.11,5.6,7.8,7.0,0.288,0.2,Q4,2024
Punggol - New Town,North East,88.0,3,3,4902128.0,55706.0,Townhouse,5.42,4.7,7.8,7.0,0.36,0.1541,Q3,2025
Punggol - New Town,North East,141.0,2,2,8502159.0,60299.0,Townhouse,5.14,5.4,7.8,7.0,0.347,0.1766,Q1,2025
Punggol - New Town,North East,74.0,2,2,4663036.0,63014.0,House,4.9,5.6,7.8,7.0,0.228,0.2,Q3,2024
Punggol - New Town,North East,237.0,4,4,14877912.0,62776.0,Condo,5.41,4.7,7.8,7.0,0.39,0.2,Q3,2024
Punggol - New Town,North East,175.0,1,1,11479475.0,65597.0,House,4.92,5.3,7.8,7.0,0.184,0.2,Q1,2024
Punggol - New Town,North East,186.0,2,1,11396406.0,61271.0,House,4.78,5.8,7.8,7.0,0.436,0.2,Q1,2024
Punggol - New Town,North East,209.0,2,2,13869240.0,66360.0,Lot,5.19,4.8,7.8,7.0,0.256,0.2,Q1,2025
Punggol - New Town,North East,60.0,3,3,3835500.0,63925.0,House,5.38,5.1,7.8,7.0,0.051,0.2,Q4,2024
Punggol - New Town,North East,49.0,1,1,2595775.0,52975.0,Condo,5.28,5.7,7.8,7.0,0.394,0.193,Q1,2024
Punggol - New Town,North East,225.0,2,2,13842450.0,61522.0,House,5.07,5.5,7.8,7.0,0.392,0.1644,Q2,2025
Punggol - New Town,North East,260.0,4,4,18748860.0,72111.0,Condo,4.59,5.2,7.8,7.0,0.357,0.2,Q1,2025
Punggol - New Town,North East,234.0,3,2,16058484.0,68626.0,House,5.19,5.9,7.8,7.0,0.305,0.1989,Q2,2024
Punggol - New Town,North East,226.0,2,1,14955098.0,66173.0,House,5.05,6.2,7.8,7.0,0.391,0.1943,Q1,2025
Punggol - New Town,North East,164.0,4,4,10864672.0,66248.0,Condo,4.76,5.2,7.8,7.0,0.175,0.2,Q4,2024
Punggol - New Town,North East,247.0,2,2,19170658.0,77614.0,House,4.69,5.1,7.8,7.0,0.059,0.2,Q4,2025
Punggol - New Town,North East,179.0,4,3,12001950.0,67050.0,Condo,4.99,6.2,7.8,7.0,0.222,0.159,Q2,2024
Punggol - New Town,North East,276.0,3,2,21209220.0,76845.0,Lot,5.44,4.8,7.8,7.0,0.059,0.2,Q4,2024
Punggol - New Town,North East,226.0,1,1,15502922.0,68597.0,Townhouse,5.22,5.0,7.8,7.0,0.146,0.1757,Q2,2025
Punggol - New Town,North East,118.0,2,2,8327496.0,70572.0,Townhouse,5.12,5.4,7.8,7.0,0.027,0.2,Q4,2025
Punggol - New Town,North East,82.0,2,1,4862354.0,59297.0,House,6.0,5.2,7.8,7.0,0.22,0.185,Q1,2025
Punggol - New Town,North East,242.0,3,3,16345648.0,67544.0,House,5.66,5.2,7.8,7.0,0.153,0.2,Q2,2025
Punggol - New Town,North East,207.0,5,5,13712301.0,66243.0,Condo,5.55,4.0,7.8,7.0,0.179,0.2,Q3,2025
Punggol - New Town,North East,157.0,5,4,10011576.0,63768.0,Condo,5.08,5.5,7.8,7.0,0.189,0.1387,Q1,2025
Punggol - New Town,North East,133.0,3,3,7875728.0,59216.0,House,5.43,5.6,7.8,7.0,0.345,0.2,Q4,2025
Punggol - New Town,North East,196.0,5,4,13469512.0,68722.0,House,5.23,4.3,7.8,7.0,0.132,0.2,Q4,2025
Punggol - New Town,North East,156.0,2,2,9235980.0,59205.0,Condo,4.25,5.2,7.8,7.0,0.42,0.2,Q3,2024
Punggol - New Town,North East,62.0,1,1,3733826.0,60223.0,Townhouse,5.28,5.2,7.8,7.0,0.118,0.1452,Q4,2024
Punggol - New Town,North East,243.0,4,3,15601329.0,64203.0,House,4.4,6.2,7.8,7.0,0.419,0.2,Q3,2024
Punggol - New Town,North East,42.0,2,1,2595516.0,61798.0,Condo,4.63,4.9,7.8,7.0,0.085,0.1582,Q1,2024
Punggol - New Town,North East,131.0,3,3,7962311.0,60781.0,Townhouse,4.26,5.1,7.8,7.0,0.304,0.2,Q2,2025
Punggol - New Town,North East,79.0,1,1,5068008.0,64152.0,Condo,4.37,5.5,7.8,7.0,0.223,0.2,Q4,2024
Punggol - New Town,North East,119.0,3,3,6988394.0,58726.0,Lot,6.01,5.2,7.8,7.0,0.322,0.1692,Q4,2025
Punggol - New Town,North East,200.0,2,2,12435000.0,62175.0,House,4.73,5.5,7.8,7.0,0.326,0.1787,Q1,2024
Punggol - New Town,North East,55.0,3,3,2954710.0,53722.0,House,5.5,4.7,7.8,7.0,0.332,0.2,Q3,2024
Punggol - New Town,North East,240.0,3,3,16128960.0,67204.0,Condo,4.82,4.7,7.8,7.0,0.162,0.2,Q1,2024
Punggol - New Town,North East,205.0,3,2,13711425.0,66885.0,House,4.71,5.3,7.8,7.0,0.179,0.1482,Q4,2025
Punggol - New Town,North East,237.0,3,2,17029635.0,71855.0,House,3.6,5.0,7.8,7.0,0.141,0.2,Q3,2025
Punggol - New Town,North East,253.0,2,1,17673568.0,69856.0,Lot,5.34,5.0,7.8,7.0,0.124,0.2,Q2,2025
Punggol - New Town,North East,101.0,2,2,5698016.0,56416.0,House,4.66,6.1,7.8,7.0,0.358,0.1661,Q2,2024
Punggol - New Town,North East,273.0,2,1,17348058.0,63546.0,House,4.72,6.0,7.8,7.0,0.403,0.1318,Q3,2024
Punggol - New Town,North East,147.0,2,1,9634086.0,65538.0,Lot,4.62,5.1,7.8,7.0,0.264,0.2,Q2,2024
Punggol - New Town,North East,196.0,4,4,13218044.0,67439.0,Condo,5.87,5.2,7.8,7.0,0.182,0.1594,Q4,2024
Punggol - New Town,North East,160.0,4,4,9330720.0,58317.0,Condo,5.09,5.4,7.8,7.0,0.315,0.2,Q3,2024
Punggol - New Town,North East,210.0,3,3,13118490.0,62469.0,Condo,4.77,5.1,7.8,7.0,0.255,0.1518,Q2,2024
Punggol - New Town,North East,88.0,1,1,5178008.0,58841.0,Condo,4.83,4.3,7.8,7.0,0.238,0.1636,Q3,2024
Punggol - New Town,North East,260.0,4,3,18477680.0,71068.0,Lot,5.24,5.4,7.8,7.0,0.27,0.1846,Q4,2025
Punggol - New Town,North East,44.0,4,4,2512972.0,57113.0,Townhouse,5.15,5.0,7.8,7.0,0.338,0.1902,Q2,2024
Punggol - New Town,North East,198.0,3,3,12079188.0,61006.0,Condo,5.23,4.3,7.8,7.0,0.236,0.1429,Q1,2025
Punggol - New Town,North East,216.0,3,3,15356736.0,71096.0,Townhouse,4.87,5.3,7.8,7.0,0.299,0.2,Q2,2025
Punggol - New Town,North East,240.0,2,1,17753760.0,73974.0,House,4.95,5.5,7.8,7.0,0.096,0.1773,Q3,2025
Punggol - New Town,North East,235.0,2,2,16270225.0,69235.0,Lot,4.83,5.8,7.8,7.0,0.146,0.2,Q4,2024
Punggol - New Town,North East,75.0,2,2,4263375.0,56845.0,Condo,4.79,5.0,7.8,7.0,0.123,0.1251,Q1,2025
Punggol - New Town,North East,43.0,3,3,2508061.0,58327.0,House,4.7,4.5,7.8,7.0,0.221,0.2,Q4,2024
Punggol - New Town,North East,268.0,2,1,18012816.0,67212.0,Condo,5.21,4.6,7.8,7.0,0.413,0.2,Q3,2024
Punggol - New Town,North East,55.0,2,2,3129115.0,56893.0,House,4.74,5.2,7.8,7.0,0.345,0.2,Q4,2024
Punggol - New Town,North East,129.0,3,2,7860873.0,60937.0,Condo,5.23,4.9,7.8,7.0,0.153,0.1711,Q2,2024
Punggol - New Town,North East,175.0,1,1,12305825.0,70319.0,House,4.92,6.1,7.8,7.0,0.134,0.2,Q4,2024
Punggol - New Town,North East,137.0,3,2,7999704.0,58392.0,Townhouse,5.02,4.7,7.8,7.0,0.348,0.1391,Q1,2024
Punggol - New Town,North East,93.0,2,2,5269473.0,56661.0,House,5.32,5.9,7.8,7.0,0.356,0.1732,Q4,2024
Punggol - New Town,North East,94.0,3,2,5653536.0,60144.0,House,5.61,4.9,7.8,7.0,0.219,0.2,Q2,2024
Punggol - New Town,North East,224.0,4,4,13791232.0,61568.0,House,4.7,4.8,7.8,7.0,0.405,0.2,Q3,2024
Punggol - New Town,North East,196.0,4,3,14161196.0,72251.0,Lot,4.58,5.2,7.8,7.0,0.062,0.2,Q2,2024
Punggol - New Town,North East,249.0,2,1,16243266.0,65234.0,House,4.98,5.2,7.8,7.0,0.414,0.2,Q4,2025
Punggol - New Town,North East,245.0,3,2,17829385.0,72773.0,Townhouse,4.0,5.7,7.8,7.0,0.2,0.2,Q3,2024
Punggol - New Town,North East,93.0,5,5,6216213.0,66841.0,Townhouse,4.9,6.0,7.8,7.0,0.184,0.2,Q2,2024
Punggol - New Town,North East,148.0,4,4,10571048.0,71426.0,Condo,4.64,4.9,7.8,7.0,0.042,0.2,Q3,2025
Punggol - New Town,North East,67.0,1,1,3964591.0,59173.0,Condo,5.38,4.5,7.8,7.0,0.22,0.1901,Q3,2024
Punggol - New Town,North East,175.0,2,2,12776225.0,73007.0,Lot,4.96,5.2,7.8,7.0,0.028,0.2,Q1,2025
Punggol - New Town,North East,133.0,3,2,8017772.0,60284.0,Lot,5.28,4.6,7.8,7.0,0.281,0.174,Q4,2025
Punggol - New Town,North East,197.0,3,2,13200773.0,67009.0,House,4.92,4.5,7.8,7.0,0.194,0.1926,Q2,2024
Punggol - New Town,North East,203.0,2,1,14278005.0,70335.0,House,4.43,5.6,7.8,7.0,0.202,0.2,Q4,2024
Punggol - New Town,North East,182.0,3,3,11901162.0,65391.0,Townhouse,5.0,5.9,7.8,7.0,0.193,0.2,Q2,2024
Punggol - New Town,North East,266.0,2,2,18275530.0,68705.0,Condo,4.64,5.5,7.8,7.0,0.279,0.2,Q2,2024
Punggol - New Town,North East,274.0,3,3,18293884.0,66766.0,House,4.75,5.5,7.8,7.0,0.331,0.2,Q3,2025
Punggol - New Town,North East,179.0,3,2,11415367.0,63773.0,Lot,5.66,4.7,7.8,7.0,0.292,0.1819,Q4,2024
Punggol - New Town,North East,259.0,4,3,18860380.0,72820.0,Condo,4.6,5.2,7.8,7.0,0.108,0.1721,Q1,2025
Punggol - New Town,North East,62.0,3,2,3590358.0,57909.0,Townhouse,4.97,4.9,7.8,7.0,0.274,0.2,Q2,2025
Punggol - New Town,North East,95.0,3,3,5612315.0,59077.0,Condo,5.57,5.5,7.8,7.0,0.251,0.1501,Q3,2025
Punggol - New Town,North East,259.0,3,3,16733990.0,64610.0,Condo,5.26,4.4,7.8,7.0,0.295,0.2,Q2,2024
Punggol - New Town,North East,91.0,2,2,5351255.0,58805.0,House,5.03,5.2,7.8,7.0,0.272,0.1597,Q3,2025
Punggol - New Town,North East,149.0,4,4,9704817.0,65133.0,Condo,5.32,5.1,7.8,7.0,0.108,0.1545,Q3,2024
Punggol - New Town,North East,219.0,5,5,14950254.0,68266.0,House,5.11,6.3,7.8,7.0,0.058,0.1259,Q4,2024
Punggol - New Town,North East,106.0,4,3,7242874.0,68329.0,House,4.69,5.2,7.8,7.0,0.054,0.2,Q3,2025
Punggol - New Town,North East,252.0,2,2,16016364.0,63557.0,Condo,5.23,4.8,7.8,7.0,0.347,0.2,Q1,2025
Punggol - New Town,North East,229.0,4,3,14989424.0,65456.0,Condo,4.68,5.7,7.8,7.0,0.327,0.2,Q3,2024
Punggol - New Town,North East,152.0,2,2,9237648.0,60774.0,Lot,5.06,4.2,7.8,7.0,0.354,0.2,Q1,2024
Punggol - New Town,North East,218.0,2,2,15175416.0,69612.0,Condo,4.86,4.9,7.8,7.0,0.137,0.1757,Q4,2024
Punggol - New Town,North East,184.0,4,3,12398104.0,67381.0,Condo,4.37,6.2,7.8,7.0,0.178,0.2,Q2,2024
Punggol - New Town,North East,142.0,2,1,10162514.0,71567.0,Townhouse,4.85,5.3,7.8,7.0,0.062,0.2,Q3,2024
Punggol - New Town,North East,196.0,3,3,12506760.0,63810.0,Lot,5.13,5.0,7.8,7.0,0.361,0.2,Q4,2024
Punggol - New Town,North East,144.0,2,2,9236160.0,64140.0,House,5.14,4.3,7.8,7.0,0.182,0.1491,Q3,2025
Punggol - New Town,North East,50.0,2,1,2635500.0,52710.0,Condo,5.37,6.0,7.8,7.0,0.333,0.1613,Q3,2025
Punggol - New Town,North East,174.0,2,2,11630682.0,66843.0,House,4.8,5.8,7.8,7.0,0.095,0.1966,Q1,2024
Punggol - New Town,North East,155.0,2,2,10637650.0,68630.0,Condo,5.45,5.7,7.8,7.0,0.172,0.1743,Q1,2025
Punggol - New Town,North East,155.0,4,4,9156780.0,59076.0,Condo,5.36,5.4,7.8,7.0,0.37,0.2,Q1,2024
Punggol - New Town,North East,258.0,3,2,16423764.0,63658.0,House,4.65,5.4,7.8,7.0,0.443,0.2,Q1,2024
Punggol - New Town,North East,166.0,4,3,11645232.0,70152.0,Condo,4.61,5.5,7.8,7.0,0.149,0.2,Q2,2024
Punggol - New Town,North East,144.0,2,2,7867728.0,54637.0,Condo,5.35,5.7,7.8,7.0,0.407,0.1311,Q1,2024
Punggol - New Town,North East,91.0,2,2,5438069.0,59759.0,House,5.43,4.7,7.8,7.0,0.25,0.2,Q1,2025
Punggol - New Town,North East,217.0,3,3,15314124.0,70572.0,Condo,4.82,5.0,7.8,7.0,0.15,0.2,Q3,2024
Punggol - New Town,North East,214.0,2,2,14284500.0,66750.0,Lot,5.19,5.5,7.8,7.0,0.3,0.176,Q3,2025
Punggol - New Town,North East,163.0,4,3,10257590.0,62930.0,House,5.16,5.1,7.8,7.0,0.324,0.2,Q1,2025
Punggol - New Town,North East,171.0,2,1,9871659.0,57729.0,Condo,5.04,5.9,7.8,7.0,0.35,0.1278,Q4,2025
Punggol - New Town,North East,244.0,4,3,14158344.0,58026.0,Lot,3.99,4.4,7.8,7.0,0.433,0.1344,Q2,2025
Punggol - New Town,North East,132.0,3,3,9098496.0,68928.0,Condo,5.47,5.1,7.8,7.0,0.146,0.2,Q3,2024
Punggol - New Town,North East,277.0,3,3,18955664.0,68432.0,Condo,4.6,4.1,7.8,7.0,0.272,0.2,Q3,2024
Punggol - New Town,North East,192.0,3,2,13631040.0,70995.0,Townhouse,4.78,5.1,7.8,7.0,0.132,0.2,Q3,2024
Punggol - New Town,North East,104.0,4,3,5800496.0,55774.0,Townhouse,4.9,5.1,7.8,7.0,0.448,0.2,Q3,2025
Punggol - New Town,North East,106.0,2,2,6377278.0,60163.0,Lot,4.86,5.2,7.8,7.0,0.303,0.1523,Q4,2024
Punggol - New Town,North East,119.0,2,2,6995653.0,58787.0,Townhouse,4.98,6.0,7.8,7.0,0.287,0.1581,Q2,2024
Punggol - New Town,North East,104.0,2,2,7286864.0,70066.0,House,5.3,6.4,7.8,7.0,0.032,0.2,Q1,2025
Punggol - New Town,North East,278.0,2,1,18571790.0,66805.0,House,4.86,4.5,7.8,7.0,0.244,0.1314,Q1,2025
Punggol - New Town,North East,30.0,5,4,1838640.0,61288.0,Condo,4.36,5.9,7.8,7.0,0.064,0.2,Q1,2024
Punggol - New Town,North East,56.0,3,2,3213504.0,57384.0,Townhouse,4.83,5.7,7.8,7.0,0.313,0.177,Q1,2024
Punggol - New Town,North East,83.0,2,2,4929536.0,59392.0,House,4.08,4.1,7.8,7.0,0.354,0.2,Q1,2024
Punggol - New Town,North East,80.0,2,2,5327600.0,66595.0,House,5.82,6.3,7.8,7.0,0.153,0.2,Q4,2025
Punggol - New Town,North East,163.0,4,4,9531914.0,58478.0,House,5.37,5.9,7.8,7.0,0.444,0.2,Q1,2024
Punggol - New Town,North East,278.0,5,5,18104472.0,65124.0,Townhouse,4.93,4.4,7.8,7.0,0.416,0.2,Q3,2024
Punggol - New Town,North East,158.0,3,3,9011688.0,57036.0,Condo,4.97,5.7,7.8,7.0,0.446,0.1798,Q1,2024
Punggol - New Town,North East,221.0,3,3,13495586.0,61066.0,Condo,4.42,5.4,7.8,7.0,0.374,0.153,Q3,2025
Punggol - New Town,North East,62.0,4,4,3447758.0,55609.0,Condo,4.49,5.1,7.8,7.0,0.45,0.2,Q2,2024
Punggol - New Town,North East,47.0,4,4,2603283.0,55389.0,Lot,4.33,4.7,7.8,7.0,0.297,0.1919,Q4,2025
Punggol - New Town,North East,256.0,4,3,17812736.0,69581.0,Condo,4.67,4.4,7.8,7.0,0.257,0.2,Q2,2024
Punggol - New Town,North East,249.0,2,2,17498973.0,70277.0,Condo,5.57,4.7,7.8,7.0,0.157,0.2,Q2,2025
Punggol - New Town,North East,161.0,1,1,9218538.0,57258.0,Condo,4.97,4.5,7.8,7.0,0.326,0.1453,Q1,2024
Punggol - New Town,North East,53.0,1,1,3362161.0,63437.0,Condo,4.91,5.8,7.8,7.0,0.225,0.2,Q2,2025
Punggol - New Town,North East,110.0,2,1,7141750.0,64925.0,Condo,5.38,4.2,7.8,7.0,0.135,0.1833,Q2,2024
Punggol - New Town,North East,201.0,3,2,13065804.0,65004.0,Lot,5.29,5.5,7.8,7.0,0.104,0.1269,Q4,2024
Punggol - New Town,North East,78.0,2,1,4957992.0,63564.0,Townhouse,4.8,5.1,7.8,7.0,0.089,0.2,Q2,2024
Punggol - New Town,North East,147.0,2,2,8759583.0,59589.0,Condo,5.12,5.7,7.8,7.0,0.326,0.1325,Q1,2025
Punggol - New Town,North East,50.0,3,3,2734200.0,54684.0,Townhouse,4.6,5.1,7.8,7.0,0.427,0.2,Q4,2024
Punggol - New Town,North East,191.0,2,2,13401706.0,70166.0,Condo,5.16,5.0,7.8,7.0,0.088,0.1809,Q2,2025
Punggol - New Town,North East,85.0,3,3,5159330.0,60698.0,Condo,5.02,5.6,7.8,7.0,0.216,0.2,Q1,2024
Punggol - New Town,North East,79.0,2,1,5073459.0,64221.0,Lot,4.79,4.2,7.8,7.0,0.098,0.1805,Q1,2024
Punggol - New Town,North East,180.0,3,3,12798540.0,71103.0,Townhouse,5.44,4.8,7.8,7.0,0.095,0.2,Q1,2024
Punggol - New Town,North East,191.0,1,1,12330196.0,64556.0,Townhouse,5.57,3.8,7.8,7.0,0.196,0.1685,Q3,2024
Punggol - New Town,North East,177.0,2,2,13060476.0,73788.0,House,4.52,5.5,7.8,7.0,0.07,0.2,Q1,2024
Punggol - New Town,North East,50.0,2,1,3038750.0,60775.0,House,4.82,4.9,7.8,7.0,0.165,0.2,Q3,2025
Punggol - New Town,North East,203.0,4,4,15441804.0,76068.0,Condo,5.07,5.0,7.8,7.0,0.027,0.1896,Q2,2024
Punggol - New Town,North East,214.0,3,2,15317906.0,71579.0,Condo,5.36,5.2,7.8,7.0,0.088,0.1915,Q3,2024
Punggol - New Town,North East,173.0,4,4,11537370.0,66690.0,Townhouse,4.4,5.4,7.8,7.0,0.106,0.2,Q1,2025
Punggol - New Town,North East,177.0,2,2,11832981.0,66853.0,House,5.0,4.9,7.8,7.0,0.141,0.2,Q3,2024
Punggol - New Town,North East,244.0,3,3,17278128.0,70812.0,Lot,5.25,5.7,7.8,7.0,0.266,0.2,Q3,2024
Punggol - New Town,North East,244.0,3,2,17483332.0,71653.0,Townhouse,4.62,5.6,7.8,7.0,0.178,0.2,Q3,2024
Punggol - New Town,North East,154.0,1,1,11342100.0,73650.0,Condo,5.05,7.6,7.8,7.0,0.026,0.2,Q1,2024
Punggol - New Town,North East,86.0,4,4,4722002.0,54907.0,Townhouse,5.13,4.8,7.8,7.0,0.314,0.2,Q2,2025
Punggol - New Town,North East,183.0,4,4,12370251.0,67597.0,Condo,4.33,5.1,7.8,7.0,0.156,0.2,Q2,2024
Punggol - New Town,North East,81.0,2,2,5183757.0,63997.0,Condo,4.86,6.1,7.8,7.0,0.065,0.1345,Q2,2024
Punggol - New Town,North East,78.0,2,2,4650126.0,59617.0,Lot,4.27,6.1,7.8,7.0,0.095,0.1358,Q3,2024
Punggol - New Town,North East,143.0,2,1,9139416.0,63912.0,House,5.28,4.6,7.8,7.0,0.249,0.1998,Q3,2024
Punggol - New Town,North East,251.0,2,2,15991210.0,63710.0,House,5.12,5.6,7.8,7.0,0.308,0.1417,Q2,2024
Punggol - New Town,North East,253.0,2,2,18244842.0,72114.0,Townhouse,5.24,4.2,7.8,7.0,0.179,0.2,Q3,2025
Punggol - New Town,North East,41.0,2,1,2104571.0,51331.0,Condo,5.3,5.2,7.8,7.0,0.407,0.2,Q4,2025
Punggol - New Town,North East,221.0,4,4,15357511.0,69491.0,Condo,4.94,5.7,7.8,7.0,0.205,0.2,Q3,2025
Punggol - New Town,North East,275.0,2,2,19429300.0,70652.0,Condo,4.61,3.8,7.8,7.0,0.192,0.1875,Q4,2025
Punggol - New Town,North East,189.0,2,2,12212991.0,64619.0,Townhouse,5.57,5.3,7.8,7.0,0.108,0.136,Q2,2024
Punggol - New Town,North East,151.0,2,1,10198993.0,67543.0,Condo,5.61,4.8,7.8,7.0,0.088,0.2,Q1,2025
Punggol - New Town,North East,69.0,3,2,3805626.0,55154.0,House,4.27,5.3,7.8,7.0,0.431,0.2,Q2,2025
Punggol - New Town,North East,69.0,2,2,3992064.0,57856.0,Condo,4.79,5.0,7.8,7.0,0.21,0.1301,Q1,2025
Punggol - New Town,North East,185.0,2,1,12483245.0,67477.0,Condo,5.27,4.9,7.8,7.0,0.14,0.1831,Q3,2025
Punggol - New Town,North East,237.0,3,2,15598392.0,65816.0,Condo,4.77,4.8,7.8,7.0,0.172,0.1648,Q1,2024
Punggol - New Town,North East,211.0,1,1,13002875.0,61625.0,Townhouse,4.72,4.8,7.8,7.0,0.388,0.1733,Q4,2025
Punggol - New Town,North East,278.0,2,1,20189472.0,72624.0,Lot,5.66,5.6,7.8,7.0,0.076,0.2,Q1,2024
Punggol - New Town,North East,131.0,3,3,9315934.0,71114.0,Condo,4.89,5.2,7.8,7.0,0.057,0.2,Q3,2025
Punggol - New Town,North East,132.0,4,3,7836312.0,59366.0,Condo,4.91,4.6,7.8,7.0,0.289,0.1609,Q4,2024
Punggol - New Town,North East,133.0,4,3,7716660.0,58020.0,Townhouse,5.05,5.6,7.8,7.0,0.369,0.2,Q1,2025
Punggol - New Town,North East,178.0,2,2,12666302.0,71159.0,Condo,4.53,5.7,7.8,7.0,0.121,0.2,Q2,2024
Punggol - New Town,North East,217.0,4,4,14450247.0,66591.0,Condo,5.22,4.3,7.8,7.0,0.271,0.2,Q3,2024
Punggol - New Town,North East,129.0,4,4,8630358.0,66902.0,House,5.38,6.2,7.8,7.0,0.179,0.2,Q1,2025
Punggol - New Town,North East,95.0,2,2,5135130.0,54054.0,House,5.22,5.4,7.8,7.0,0.306,0.1318,Q1,2025
Punggol - New Town,North East,41.0,3,2,2375540.0,57940.0,House,5.14,6.3,7.8,7.0,0.212,0.1625,Q4,2025
Punggol - New Town,North East,145.0,4,4,9546655.0,65839.0,Condo,4.88,5.2,7.8,7.0,0.151,0.1793,Q4,2025
Punggol - New Town,North East,138.0,2,2,9151884.0,66318.0,House,5.15,5.0,7.8,7.0,0.03,0.1568,Q2,2025
Punggol - New Town,North East,189.0,3,3,13985244.0,73996.0,Condo,5.26,6.2,7.8,7.0,0.072,0.2,Q4,2025
Punggol - New Town,North East,106.0,3,3,6787922.0,64037.0,Townhouse,5.34,5.0,7.8,7.0,0.103,0.1624,Q2,2025
Punggol - New Town,North East,150.0,1,1,10605000.0,70700.0,Condo,5.46,5.0,7.8,7.0,0.097,0.2,Q4,2024
Punggol - New Town,North East,77.0,4,4,4694690.0,60970.0,House,4.3,4.9,7.8,7.0,0.26,0.2,Q2,2025
Punggol - New Town,North East,34.0,2,2,2053804.0,60406.0,Townhouse,4.59,5.8,7.8,7.0,0.253,0.2,Q3,2024
Punggol - New Town,North East,177.0,2,2,11958297.0,67561.0,Condo,4.94,4.8,7.8,7.0,0.12,0.2,Q4,2024
Punggol - New Town,North East,272.0,2,1,19836688.0,72929.0,Condo,5.66,6.2,7.8,7.0,0.241,0.2,Q2,2024
Punggol - New Town,North East,258.0,2,2,17945448.0,69556.0,Condo,5.58,5.5,7.8,7.0,0.136,0.1306,Q3,2024
Punggol - New Town,North East,102.0,1,1,6591036.0,64618.0,Condo,4.34,5.6,7.8,7.0,0.079,0.1452,Q2,2024
Punggol - New Town,North East,78.0,3,3,5002296.0,64132.0,Condo,4.57,5.6,7.8,7.0,0.259,0.2,Q4,2024
Punggol - New Town,North East,96.0,1,1,6543264.0,68159.0,Condo,4.64,5.4,7.8,7.0,0.034,0.2,Q3,2024
Punggol - New Town,North East,173.0,3,2,11309529.0,65373.0,Condo,5.14,5.8,7.8,7.0,0.184,0.1996,Q3,2024
Punggol - New Town,North East,241.0,3,3,16011317.0,66437.0,Condo,4.54,5.1,7.8,7.0,0.304,0.2,Q4,2024
Punggol - New Town,North East,182.0,3,3,11807796.0,64878.0,House,4.79,5.4,7.8,7.0,0.3,0.2,Q4,2024
Punggol - New Town,North East,236.0,3,3,17094660.0,72435.0,House,5.4,4.4,7.8,7.0,0.127,0.2,Q3,2025
Punggol - New Town,North East,155.0,3,3,10816520.0,69784.0,House,5.09,5.3,7.8,7.0,0.038,0.2,Q4,2025
Punggol - New Town,North East,264.0,1,1,17556792.0,66503.0,Lot,5.6,5.0,7.8,7.0,0.348,0.2,Q3,2025
Punggol - New Town,North East,204.0,4,4,13306308.0,65227.0,House,4.85,4.5,7.8,7.0,0.282,0.2,Q3,2024
Punggol - New Town,North East,53.0,3,3,2883518.0,54406.0,Condo,4.91,6.3,7.8,7.0,0.295,0.1714,Q2,2024
Punggol - New Town,North East,81.0,5,5,4883328.0,60288.0,House,4.85,4.5,7.8,7.0,0.184,0.1551,Q2,2024
Punggol - New Town,North East,96.0,4,3,5103552.0,53162.0,House,5.23,5.7,7.8,7.0,0.444,0.1511,Q1,2025
Punggol - New Town,North East,257.0,2,2,17124938.0,66634.0,Condo,4.71,5.6,7.8,7.0,0.263,0.2,Q4,2024
Punggol - New Town,North East,267.0,4,4,19575906.0,73318.0,House,4.77,5.6,7.8,7.0,0.241,0.1708,Q4,2024
Punggol - New Town,North East,89.0,3,2,5230619.0,58771.0,Townhouse,5.3,4.8,7.8,7.0,0.317,0.2,Q3,2024
Punggol - New Town,North East,122.0,1,1,8014302.0,65691.0,House,5.3,5.0,7.8,7.0,0.195,0.2,Q3,2024
Punggol - New Town,North East,74.0,3,3,5014684.0,67766.0,Condo,4.94,5.4,7.8,7.0,0.022,0.2,Q3,2024
Punggol - New Town,North East,62.0,1,1,3400390.0,54845.0,House,4.76,4.8,7.8,7.0,0.348,0.2,Q4,2024
Punggol - New Town,North East,140.0,2,1,9040500.0,64575.0,Lot,5.16,4.6,7.8,7.0,0.226,0.2,Q4,2024
Punggol - New Town,North East,173.0,3,2,12075746.0,69802.0,House,5.1,5.7,7.8,7.0,0.086,0.2,Q4,2024
Punggol - New Town,North East,94.0,4,3,5939296.0,63184.0,House,5.05,5.3,7.8,7.0,0.092,0.1871,Q4,2024
Punggol - New Town,North East,77.0,2,1,5201581.0,67553.0,Townhouse,5.63,5.4,7.8,7.0,0.031,0.2,Q2,2024
Punggol - New Town,North East,65.0,1,1,4150120.0,63848.0,Townhouse,4.65,5.2,7.8,7.0,0.19,0.2,Q3,2025
Punggol - New Town,North East,110.0,2,2,5718900.0,51990.0,Townhouse,4.73,5.5,7.8,7.0,0.432,0.1572,Q3,2025
Punggol - New Town,North East,68.0,2,2,3596384.0,52888.0,House,4.38,6.4,7.8,7.0,0.399,0.1581,Q2,2024
Punggol - New Town,North East,177.0,2,1,12407877.0,70101.0,House,4.93,5.7,7.8,7.0,0.095,0.1509,Q4,2024
Punggol - New Town,North East,239.0,1,1,14408832.0,60288.0,Lot,5.44,5.3,7.8,7.0,0.444,0.2,Q3,2024
Punggol - New Town,North East,250.0,1,1,16723000.0,66892.0,Condo,5.34,6.2,7.8,7.0,0.335,0.2,Q4,2025
Punggol - New Town,North East,159.0,3,2,11138904.0,70056.0,Condo,4.43,4.6,7.8,7.0,0.125,0.2,Q3,2024
Punggol - New Town,North East,114.0,3,2,6759972.0,59298.0,House,5.03,5.6,7.8,7.0,0.33,0.1852,Q1,2025
Punggol - New Town,North East,170.0,5,5,11786440.0,69332.0,Condo,5.06,5.3,7.8,7.0,0.099,0.1749,Q2,2024
Punggol - New Town,North East,278.0,3,3,19926762.0,71679.0,Townhouse,4.43,4.8,7.8,7.0,0.088,0.1831,Q2,2024
Punggol - New Town,North East,119.0,2,2,6911877.0,58083.0,House,5.37,4.3,7.8,7.0,0.367,0.1837,Q2,2025
Punggol - New Town,North East,145.0,3,3,8797150.0,60670.0,Condo,4.94,4.8,7.8,7.0,0.343,0.2,Q2,2025
Punggol - New Town,North East,128.0,3,2,7606272.0,59424.0,Condo,5.17,4.1,7.8,7.0,0.353,0.2,Q4,2025
Punggol - New Town,North East,279.0,1,1,21560562.0,77278.0,Condo,4.79,4.9,7.8,7.0,0.052,0.2,Q1,2025
Punggol - New Town,North East,255.0,4,3,16932000.0,66400.0,Condo,4.41,4.9,7.8,7.0,0.213,0.1479,Q3,2024
Punggol - New Town,North East,62.0,2,2,3405846.0,54933.0,House,5.53,4.8,7.8,7.0,0.296,0.2,Q2,2024
Punggol - New Town,North East,226.0,2,2,16777562.0,74237.0,Condo,5.47,4.7,7.8,7.0,0.131,0.2,Q2,2024
Punggol - New Town,North East,76.0,3,3,4568512.0,60112.0,House,5.07,4.5,7.8,7.0,0.312,0.2,Q1,2024
Punggol - New Town,North East,235.0,3,3,16432140.0,69924.0,House,4.92,6.2,7.8,7.0,0.308,0.1961,Q1,2024
Punggol - New Town,North East,179.0,3,2,11766386.0,65734.0,Townhouse,3.94,5.3,7.8,7.0,0.257,0.2,Q4,2024
Punggol - New Town,North East,176.0,3,3,12563936.0,71386.0,Condo,5.24,5.2,7.8,7.0,0.046,0.2,Q1,2024
Punggol - New Town,North East,128.0,2,1,8242176.0,64392.0,Condo,4.89,5.1,7.8,7.0,0.261,0.2,Q2,2025
Punggol - New Town,North East,253.0,4,4,18337946.0,72482.0,Condo,5.05,5.1,7.8,7.0,0.141,0.2,Q3,2024
Punggol - New Town,North East,208.0,3,2,15096432.0,72579.0,House,4.5,5.7,7.8,7.0,0.059,0.1766,Q4,2025
Punggol - New Town,North East,130.0,2,1,7923760.0,60952.0,Condo,4.59,4.9,7.8,7.0,0.346,0.1787,Q2,2025
Punggol - New Town,North East,87.0,1,1,6027360.0,69280.0,House,4.99,5.1,7.8,7.0,0.071,0.2,Q4,2024
Punggol - New Town,North East,188.0,5,5,11253680.0,59860.0,Condo,5.24,5.7,7.8,7.0,0.403,0.2,Q4,2025
Punggol - New Town,North East,74.0,1,1,4589036.0,62014.0,Condo,4.88,4.8,7.8,7.0,0.147,0.1666,Q4,2025
Punggol - New Town,North East,243.0,2,2,17770347.0,73129.0,Condo,4.32,5.2,7.8,7.0,0.139,0.2,Q2,2024
Punggol - New Town,North East,140.0,3,3,9040920.0,64578.0,Townhouse,5.3,6.3,7.8,7.0,0.179,0.1809,Q4,2024
Punggol - New Town,North East,38.0,4,4,1947234.0,51243.0,Townhouse,4.78,5.5,7.8,7.0,0.279,0.1273,Q1,2024
Punggol - New Town,North East,141.0,4,4,9565722.0,67842.0,Condo,5.43,6.2,7.8,7.0,0.059,0.2,Q2,2025
Punggol - New Town,North East,62.0,2,2,3854664.0,62172.0,Condo,5.08,5.3,7.8,7.0,0.238,0.1884,Q4,2024
Punggol - New Town,North East,188.0,1,1,12833444.0,68263.0,Townhouse,4.94,5.6,7.8,7.0,0.188,0.2,Q3,2025
Punggol - New Town,North East,158.0,2,2,10434004.0,66038.0,Lot,5.11,4.5,7.8,7.0,0.1,0.2,Q2,2024
Punggol - New Town,North East,259.0,4,4,18579883.0,71737.0,House,5.09,5.5,7.8,7.0,0.192,0.1479,Q4,2024
Punggol - New Town,North East,170.0,2,1,11087910.0,65223.0,Lot,5.85,4.7,7.8,7.0,0.051,0.1407,Q4,2025
Punggol - New Town,North East,134.0,1,1,7079488.0,52832.0,Condo,5.01,4.8,7.8,7.0,0.351,0.1291,Q2,2024
Punggol - New Town,North East,224.0,2,2,14278656.0,63744.0,Condo,5.91,5.3,7.8,7.0,0.39,0.1812,Q2,2024
Punggol - New Town,North East,229.0,2,2,15818175.0,69075.0,House,4.88,4.4,7.8,7.0,0.261,0.2,Q1,2024
Punggol - New Town,North East,256.0,3,2,15612672.0,60987.0,Townhouse,5.35,5.3,7.8,7.0,0.431,0.1607,Q2,2024
Punggol - New Town,North East,67.0,4,3,3792669.0,56607.0,Townhouse,4.41,5.8,7.8,7.0,0.392,0.1812,Q3,2025
Punggol - New Town,North East,153.0,4,4,8092935.0,52895.0,House,4.39,6.1,7.8,7.0,0.438,0.1346,Q3,2025
Punggol - New Town,North East,151.0,3,2,10483024.0,69424.0,House,4.96,5.4,7.8,7.0,0.099,0.2,Q3,2025
Punggol - New Town,North East,93.0,2,2,5782368.0,62176.0,House,4.91,5.3,7.8,7.0,0.096,0.2,Q1,2024
Punggol - New Town,North East,183.0,3,2,12362565.0,67555.0,House,5.42,5.3,7.8,7.0,0.222,0.2,Q2,2024
Punggol - New Town,North East,178.0,2,2,11360494.0,63823.0,Condo,4.14,4.8,7.8,7.0,0.265,0.2,Q4,2025
Punggol - New Town,North East,265.0,4,3,17410235.0,65699.0,Townhouse,5.04,5.8,7.8,7.0,0.404,0.1983,Q4,2024
Punggol - New Town,North East,235.0,3,2,15372760.0,65416.0,Townhouse,5.35,5.0,7.8,7.0,0.27,0.1993,Q3,2025
Punggol - New Town,North East,81.0,2,1,4617567.0,57007.0,Condo,5.14,4.8,7.8,7.0,0.289,0.1476,Q2,2025
Punggol - New Town,North East,239.0,2,2,16525655.0,69145.0,House,5.01,4.9,7.8,7.0,0.254,0.2,Q1,2025
Punggol - New Town,North East,46.0,1,1,2765980.0,60130.0,Condo,4.85,5.2,7.8,7.0,0.236,0.1759,Q3,2025
Punggol - New Town,North East,50.0,4,4,3130350.0,62607.0,Townhouse,5.54,5.0,7.8,7.0,0.084,0.1659,Q2,2025
Punggol - New Town,North East,73.0,1,1,4123989.0,56493.0,Lot,5.03,4.9,7.8,7.0,0.42,0.2,Q3,2024
Punggol - New Town,North East,171.0,1,1,11385351.0,66581.0,Townhouse,5.47,5.7,7.8,7.0,0.305,0.2,Q3,2025
Punggol - New Town,North East,272.0,3,3,17709376.0,65108.0,Condo,5.13,5.1,7.8,7.0,0.389,0.174,Q3,2024
Punggol - New Town,North East,29.0,3,3,1861626.0,64194.0,House,5.49,4.4,7.8,7.0,0.057,0.2,Q3,2024
Punggol - New Town,North East,198.0,2,2,11961774.0,60413.0,House,5.42,4.8,7.8,7.0,0.382,0.2,Q1,2025
Punggol - New Town,North East,276.0,2,2,18198612.0,65937.0,Condo,5.45,5.3,7.8,7.0,0.422,0.2,Q2,2024
Punggol - New Town,North East,100.0,2,1,5127600.0,51276.0,Condo,4.3,6.1,7.8,7.0,0.424,0.1324,Q1,2024
Punggol - New Town,North East,60.0,2,2,3690300.0,61505.0,House,4.13,6.5,7.8,7.0,0.171,0.1757,Q1,2024
Punggol - New Town,North East,78.0,2,2,4817202.0,61759.0,Lot,5.3,4.3,7.8,7.0,0.185,0.2,Q2,2025
Punggol - New Town,North East,45.0,2,1,2861055.0,63579.0,Condo,5.17,6.2,7.8,7.0,0.098,0.15,Q3,2024
Punggol - New Town,North East,277.0,2,2,19544566.0,70558.0,Condo,5.35,5.3,7.8,7.0,0.288,0.2,Q3,2024
Punggol - New Town,North East,167.0,2,2,11568591.0,69273.0,Condo,5.31,5.6,7.8,7.0,0.051,0.1291,Q2,2024
Punggol - New Town,North East,50.0,1,1,2673700.0,53474.0,Condo,5.56,6.0,7.8,7.0,0.398,0.1772,Q1,2024
Punggol - New Town,North East,89.0,4,4,5162801.0,58009.0,House,5.03,5.2,7.8,7.0,0.233,0.132,Q1,2024
Punggol - New Town,North East,78.0,4,4,4841070.0,62065.0,House,4.7,5.8,7.8,7.0,0.123,0.1563,Q2,2024
Punggol - New Town,North East,238.0,3,2,16096892.0,67634.0,House,5.04,5.9,7.8,7.0,0.324,0.2,Q3,2024
Punggol - New Town,North East,75.0,2,2,4442700.0,59236.0,House,5.25,6.1,7.8,7.0,0.282,0.2,Q4,2025
Punggol - New Town,North East,49.0,5,5,2459163.0,50187.0,Condo,5.78,4.7,7.8,7.0,0.424,0.1484,Q2,2024
Punggol - New Town,North East,83.0,4,4,5166667.0,62249.0,House,5.15,6.5,7.8,7.0,0.07,0.1437,Q1,2024
Punggol - New Town,North East,238.0,1,1,17944486.0,75397.0,House,4.97,5.0,7.8,7.0,0.041,0.2,Q2,2025
Punggol - New Town,North East,135.0,4,4,9438255.0,69913.0,Lot,5.43,5.0,7.8,7.0,0.052,0.2,Q4,2024
Punggol - New Town,North East,240.0,2,2,16759200.0,69830.0,Condo,5.41,6.4,7.8,7.0,0.274,0.2,Q4,2025
Punggol - New Town,North East,137.0,3,3,7760502.0,56646.0,House,5.16,4.7,7.8,7.0,0.432,0.2,Q4,2024
Punggol - New Town,North East,45.0,4,4,2644920.0,58776.0,House,5.52,5.4,7.8,7.0,0.307,0.2,Q4,2024
Punggol - New Town,North East,60.0,1,1,3076380.0,51273.0,Condo,5.73,5.6,7.8,7.0,0.418,0.2,Q1,2024
Punggol - New Town,North East,47.0,3,3,2645207.0,56281.0,House,4.98,4.6,7.8,7.0,0.377,0.2,Q3,2024
Punggol - New Town,North East,105.0,1,1,6507795.0,61979.0,Condo,5.91,5.7,7.8,7.0,0.353,0.2,Q3,2024
Punggol - New Town,North East,252.0,1,1,17201016.0,68258.0,Lot,5.49,5.4,7.8,7.0,0.167,0.1322,Q1,2025
Punggol - New Town,North East,214.0,3,2,14799812.0,69158.0,House,5.1,4.4,7.8,7.0,0.146,0.2,Q4,2024
Punggol - New Town,North East,259.0,2,1,18663540.0,72060.0,Condo,5.19,5.6,7.8,7.0,0.046,0.1594,Q1,2024
Punggol - New Town,North East,229.0,2,2,15644135.0,68315.0,House,5.26,5.4,7.8,7.0,0.273,0.2,Q1,2025
Punggol - New Town,North East,169.0,3,3,11829831.0,69999.0,Condo,4.46,6.5,7.8,7.0,0.067,0.2,Q4,2024
Punggol - New Town,North East,57.0,2,1,3004755.0,52715.0,Condo,4.94,6.6,7.8,7.0,0.406,0.2,Q3,2024
Punggol - New Town,North East,196.0,1,1,12846036.0,65541.0,House,5.05,5.6,7.8,7.0,0.217,0.1342,Q4,2024
Punggol - New Town,North East,243.0,3,2,18003384.0,74088.0,Condo,4.67,6.2,7.8,7.0,0.094,0.2,Q3,2025
Punggol - New Town,North East,260.0,3,3,18736120.0,72062.0,Condo,4.74,5.4,7.8,7.0,0.149,0.1991,Q2,2025
Punggol - New Town,North East,246.0,3,3,14832570.0,60295.0,Lot,5.09,4.7,7.8,7.0,0.398,0.1375,Q2,2024
Punggol - New Town,North East,213.0,2,1,14412432.0,67664.0,Townhouse,4.55,6.1,7.8,7.0,0.346,0.2,Q4,2024
Punggol - New Town,North East,127.0,1,1,8398129.0,66127.0,House,5.06,5.0,7.8,7.0,0.03,0.1562,Q4,2024
Punggol - New Town,North East,153.0,2,1,10352439.0,67663.0,House,4.59,4.7,7.8,7.0,0.157,0.2,Q3,2025
Punggol - New Town,North East,174.0,2,2,12046020.0,69230.0,Condo,4.12,4.7,7.8,7.0,0.027,0.2,Q2,2025
Punggol - New Town,North East,220.0,3,3,14601620.0,66371.0,Condo,5.68,5.3,7.8,7.0,0.331,0.1532,Q3,2024
Punggol - New Town,North East,48.0,3,3,2755392.0,57404.0,Condo,4.28,5.8,7.8,7.0,0.355,0.1977,Q4,2025
Punggol - New Town,North East,148.0,3,3,9504856.0,64222.0,Townhouse,5.14,5.1,7.8,7.0,0.26,0.2,Q3,2025
Punggol - New Town,North East,178.0,3,2,12352844.0,69398.0,Condo,5.3,5.4,7.8,7.0,0.14,0.2,Q3,2025
Punggol - New Town,North East,148.0,2,1,8285632.0,55984.0,Condo,4.85,5.7,7.8,7.0,0.445,0.2,Q1,2024
Punggol - New Town,North East,37.0,5,4,2104597.0,56881.0,House,5.23,5.6,7.8,7.0,0.229,0.1393,Q4,2024
Punggol - New Town,North East,152.0,3,2,9632088.0,63369.0,Condo,4.78,3.9,7.8,7.0,0.207,0.2,Q4,2025
Punggol - New Town,North East,91.0,5,5,5761574.0,63314.0,Condo,4.93,5.7,7.8,7.0,0.262,0.2,Q1,2024
Punggol - New Town,North East,211.0,2,2,13537127.0,64157.0,Condo,5.13,5.1,7.8,7.0,0.41,0.2,Q1,2025
Punggol - New Town,North East,206.0,3,3,13703120.0,66520.0,House,4.95,5.9,7.8,7.0,0.349,0.2,Q3,2025
Punggol - New Town,North East,84.0,3,2,4771284.0,56801.0,Condo,4.86,4.1,7.8,7.0,0.358,0.2,Q3,2024
Punggol - New Town,North East,36.0,2,1,1883412.0,52317.0,Lot,4.43,5.8,7.8,7.0,0.443,0.2,Q1,2024
Punggol - New Town,North East,195.0,5,5,12873705.0,66019.0,Condo,4.34,5.9,7.8,7.0,0.216,0.2,Q1,2024
Punggol - New Town,North East,198.0,3,2,12806838.0,64681.0,Lot,5.59,5.1,7.8,7.0,0.242,0.2,Q3,2024
Punggol - New Town,North East,74.0,2,2,4322192.0,58408.0,Condo,4.92,4.6,7.8,7.0,0.281,0.1776,Q4,2024
Punggol - New Town,North East,185.0,2,1,11349195.0,61347.0,House,4.74,5.4,7.8,7.0,0.375,0.2,Q2,2025
Punggol - New Town,North East,154.0,1,1,10500182.0,68183.0,House,4.68,4.6,7.8,7.0,0.051,0.2,Q1,2024
Punggol - New Town,North East,33.0,1,1,2047188.0,62036.0,Condo,3.95,4.6,7.8,7.0,0.105,0.1514,Q3,2024
Punggol - New Town,North East,53.0,2,2,2915689.0,55013.0,House,5.84,4.6,7.8,7.0,0.287,0.2,Q1,2024
Punggol - New Town,North East,170.0,3,2,10768650.0,63345.0,Condo,4.62,5.8,7.8,7.0,0.295,0.2,Q2,2025
Punggol - New Town,North East,112.0,4,3,6127296.0,54708.0,Lot,5.26,4.7,7.8,7.0,0.411,0.1912,Q4,2024
Punggol - New Town,North East,273.0,1,1,18129930.0,66410.0,Townhouse,4.84,5.4,7.8,7.0,0.313,0.1429,Q2,2025
Punggol - New Town,North East,189.0,3,3,12640698.0,66882.0,Condo,5.16,5.1,7.8,7.0,0.151,0.1437,Q1,2024
Punggol - New Town,North East,241.0,1,1,16187488.0,67168.0,House,5.17,5.7,7.8,7.0,0.232,0.1518,Q4,2025
Punggol - New Town,North East,279.0,2,1,20450979.0,73301.0,Condo,4.96,5.8,7.8,7.0,0.134,0.1692,Q2,2025
Punggol - New Town,North East,62.0,2,2,3513664.0,56672.0,Townhouse,5.61,5.8,7.8,7.0,0.306,0.1301,Q2,2024
Punggol - New Town,North East,215.0,2,2,15109555.0,70277.0,Condo,5.4,5.6,7.8,7.0,0.156,0.2,Q3,2024
Punggol - New Town,North East,231.0,4,4,15749349.0,68179.0,House,4.63,6.0,7.8,7.0,0.296,0.2,Q2,2024
Punggol - New Town,North East,67.0,2,1,3708986.0,55358.0,House,4.89,5.2,7.8,7.0,0.237,0.1512,Q3,2025
Punggol - New Town,North East,74.0,2,2,4205864.0,56836.0,Condo,4.12,5.2,7.8,7.0,0.385,0.1922,Q4,2024
Punggol - New Town,North East,126.0,3,3,7174692.0,56942.0,Condo,4.64,5.0,7.8,7.0,0.304,0.1281,Q4,2025
Punggol - New Town,North East,223.0,2,1,14473592.0,64904.0,House,5.1,4.1,7.8,7.0,0.259,0.2,Q3,2025
Punggol - New Town,North East,46.0,1,1,2620758.0,56973.0,House,5.35,3.8,7.8,7.0,0.353,0.1887,Q1,2025
Punggol - New Town,North East,94.0,3,2,5208070.0,55405.0,Condo,5.14,4.6,7.8,7.0,0.406,0.2,Q2,2025
Punggol - New Town,North East,50.0,3,2,2669550.0,53391.0,Townhouse,5.28,4.6,7.8,7.0,0.402,0.2,Q3,2024
Punggol - New Town,North East,200.0,3,2,14003400.0,70017.0,Condo,5.1,5.4,7.8,7.0,0.087,0.162,Q1,2025
Punggol - New Town,North East,57.0,2,1,3262965.0,57245.0,House,5.37,5.5,7.8,7.0,0.279,0.1338,Q2,2024
Punggol - New Town,North East,140.0,3,3,10256680.0,73262.0,Condo,5.26,6.0,7.8,7.0,0.039,0.2,Q2,2025
Punggol - New Town,North East,255.0,4,4,17710005.0,69451.0,House,4.58,5.5,7.8,7.0,0.314,0.192,Q4,2024
Punggol - New Town,North East,210.0,2,2,12915000.0,61500.0,House,4.36,4.2,7.8,7.0,0.376,0.153,Q2,2025
Punggol - New Town,North East,105.0,3,3,6958560.0,66272.0,House,5.05,4.8,7.8,7.0,0.062,0.1702,Q3,2024
Punggol - New Town,North East,164.0,2,1,10603748.0,64657.0,Lot,4.52,4.2,7.8,7.0,0.287,0.2,Q4,2025
Punggol - New Town,North East,266.0,1,1,19056506.0,71641.0,House,5.86,6.1,7.8,7.0,0.145,0.1717,Q2,2025
Punggol - New Town,North East,263.0,2,2,16367016.0,62232.0,Condo,5.0,6.5,7.8,7.0,0.438,0.19,Q3,2025
Punggol - New Town,North East,46.0,1,1,2454054.0,53349.0,Lot,4.43,6.2,7.8,7.0,0.429,0.1501,Q4,2024
Punggol - New Town,North East,30.0,2,2,1535820.0,51194.0,Condo,4.48,4.5,7.8,7.0,0.399,0.1589,Q1,2025
Punggol - New Town,North East,131.0,3,2,7742100.0,59100.0,Condo,5.21,4.9,7.8,7.0,0.346,0.2,Q4,2024
Punggol - New Town,North East,188.0,2,2,11921832.0,63414.0,House,5.83,4.1,7.8,7.0,0.268,0.1998,Q2,2024
Punggol - New Town,North East,117.0,4,4,7482618.0,63954.0,House,5.14,6.0,7.8,7.0,0.248,0.2,Q3,2024
Punggol - New Town,North East,73.0,2,2,4593014.0,62918.0,Lot,5.31,4.7,7.8,7.0,0.247,0.1953,Q2,2024
Punggol - New Town,North East,234.0,2,1,16570710.0,70815.0,House,4.84,5.2,7.8,7.0,0.204,0.2,Q1,2025
Punggol - New Town,North East,217.0,3,3,14665294.0,67582.0,House,4.43,6.0,7.8,7.0,0.289,0.186,Q3,2024
Punggol - New Town,North East,138.0,4,3,8223834.0,59593.0,Condo,4.48,5.8,7.8,7.0,0.283,0.1419,Q2,2024
Punggol - New Town,North East,219.0,1,1,13932123.0,63617.0,Townhouse,4.76,4.7,7.8,7.0,0.366,0.175,Q4,2024
Punggol - New Town,North East,134.0,2,2,8318720.0,62080.0,Townhouse,4.64,5.7,7.8,7.0,0.378,0.2,Q4,2024
Punggol - New Town,North East,241.0,4,4,17190289.0,71329.0,Condo,5.07,5.2,7.8,7.0,0.17,0.2,Q1,2025
Punggol - New Town,North East,64.0,2,2,4082432.0,63788.0,Condo,5.23,5.1,7.8,7.0,0.033,0.1579,Q3,2025
Punggol - New Town,North East,70.0,2,1,4568270.0,65261.0,Lot,4.82,4.8,7.8,7.0,0.036,0.1514,Q3,2024
Punggol - New Town,North East,71.0,2,2,4462918.0,62858.0,Condo,4.44,5.5,7.8,7.0,0.167,0.2,Q2,2025
Punggol - New Town,North East,91.0,4,3,5300568.0,58248.0,Townhouse,4.89,4.2,7.8,7.0,0.264,0.1544,Q4,2024
Punggol - New Town,North East,267.0,2,1,18077769.0,67707.0,House,5.58,4.8,7.8,7.0,0.311,0.2,Q2,2024
Punggol - New Town,North East,88.0,2,2,5549544.0,63063.0,House,5.29,4.5,7.8,7.0,0.202,0.2,Q1,2025
Punggol - New Town,North East,64.0,2,2,3462080.0,54095.0,Lot,4.56,5.1,7.8,7.0,0.382,0.2,Q4,2024
Punggol - New Town,North East,152.0,3,3,9863432.0,64891.0,House,5.49,4.5,7.8,7.0,0.046,0.1427,Q2,2024
Punggol - New Town,North East,79.0,4,4,4664950.0,59050.0,Townhouse,5.25,5.6,7.8,7.0,0.352,0.2,Q3,2024
Punggol - New Town,North East,265.0,4,4,16163145.0,60993.0,House,5.07,5.2,7.8,7.0,0.443,0.1391,Q3,2024
Punggol - New Town,North East,240.0,5,5,17638320.0,73493.0,Townhouse,5.46,5.0,7.8,7.0,0.206,0.2,Q1,2025
Punggol - New Town,North East,76.0,2,2,4737460.0,62335.0,Condo,5.1,5.5,7.8,7.0,0.201,0.1682,Q3,2024
Punggol - New Town,North East,214.0,2,1,14600364.0,68226.0,Townhouse,5.05,4.8,7.8,7.0,0.26,0.2,Q2,2025
Punggol - New Town,North East,156.0,2,2,10179156.0,65251.0,Condo,5.43,7.0,7.8,7.0,0.322,0.2,Q3,2024
Punggol - New Town,North East,163.0,5,5,10809182.0,66314.0,Townhouse,5.41,4.7,7.8,7.0,0.12,0.1735,Q1,2025
Punggol - New Town,North East,40.0,4,4,2375040.0,59376.0,Condo,5.29,4.9,7.8,7.0,0.214,0.2,Q4,2025
Punggol - New Town,North East,175.0,2,2,12694850.0,72542.0,Condo,4.72,6.2,7.8,7.0,0.074,0.2,Q4,2024
Punggol - New Town,North East,92.0,3,2,5738316.0,62373.0,Townhouse,4.93,5.4,7.8,7.0,0.159,0.1675,Q3,2025
Punggol - New Town,North East,156.0,3,2,10415964.0,66769.0,Townhouse,5.25,4.3,7.8,7.0,0.089,0.2,Q4,2025
Punggol - New Town,North East,95.0,1,1,6435585.0,67743.0,Condo,4.83,4.7,7.8,7.0,0.107,0.2,Q4,2025
Punggol - New Town,North East,245.0,2,1,17898720.0,73056.0,House,6.12,5.1,7.8,7.0,0.104,0.1993,Q3,2024
Punggol - New Town,North East,92.0,2,1,6105948.0,66369.0,Lot,4.02,5.8,7.8,7.0,0.057,0.2,Q1,2024
Punggol - New Town,North East,104.0,4,4,5895448.0,56687.0,Condo,5.37,4.1,7.8,7.0,0.333,0.1588,Q3,2025
Punggol - New Town,North East,75.0,2,1,5102325.0,68031.0,House,5.43,5.2,7.8,7.0,0.026,0.1494,Q4,2025
Punggol - New Town,North East,222.0,4,4,16409352.0,73916.0,Condo,4.82,6.0,7.8,7.0,0.028,0.2,Q2,2025
Punggol - New Town,North East,59.0,3,3,3607378.0,61142.0,Townhouse,5.55,5.6,7.8,7.0,0.114,0.2,Q2,2025
Punggol - New Town,North East,141.0,5,4,8624547.0,61167.0,Condo,5.46,5.8,7.8,7.0,0.214,0.1391,Q2,2024
Punggol - New Town,North East,159.0,1,1,10194762.0,64118.0,House,5.29,5.5,7.8,7.0,0.182,0.2,Q4,2024
Punggol - New Town,North East,218.0,3,3,17014246.0,78047.0,Lot,5.09,4.7,7.8,7.0,0.054,0.1916,Q3,2025
Punggol - New Town,North East,30.0,4,3,1814340.0,60478.0,Townhouse,5.47,6.0,7.8,7.0,0.136,0.1641,Q2,2024
Punggol - New Town,North East,45.0,1,1,2469375.0,54875.0,Condo,5.26,5.6,7.8,7.0,0.431,0.2,Q4,2025
Punggol - New Town,North East,126.0,4,4,7395570.0,58695.0,Condo,4.7,5.3,7.8,7.0,0.317,0.2,Q2,2025
Punggol - New Town,North East,129.0,2,1,7500576.0,58144.0,Townhouse,5.37,5.4,7.8,7.0,0.445,0.2,Q4,2024
Punggol - New Town,North East,110.0,2,2,6828580.0,62078.0,Condo,5.47,5.2,7.8,7.0,0.233,0.1583,Q4,2025
Punggol - New Town,North East,116.0,3,3,6874856.0,59266.0,Condo,4.08,5.6,7.8,7.0,0.313,0.1738,Q2,2024
Punggol - New Town,North East,158.0,3,2,10216912.0,64664.0,House,4.93,5.9,7.8,7.0,0.252,0.1889,Q3,2024
Punggol - New Town,North East,115.0,1,1,7849785.0,68259.0,Lot,5.39,5.2,7.8,7.0,0.048,0.2,Q2,2025
Punggol - New Town,North East,159.0,1,1,9927960.0,62440.0,Townhouse,5.0,4.8,7.8,7.0,0.278,0.2,Q1,2024
Punggol - New Town,North East,127.0,4,4,7157339.0,56357.0,Condo,5.29,5.3,7.8,7.0,0.363,0.1486,Q2,2024
Punggol - New Town,North East,277.0,1,1,18272305.0,65965.0,Condo,5.64,5.5,7.8,7.0,0.256,0.1328,Q4,2025
Punggol - New Town,North East,111.0,2,1,7319562.0,65942.0,House,5.53,5.5,7.8,7.0,0.167,0.2,Q3,2024
Woodlands - North Gateway,North,27.0,2,2,1346031.0,49853.0,House,11.8,5.1,7.5,6.5,0.195,0.2,Q3,2025
Woodlands - North Gateway,North,207.0,2,1,11901879.0,57497.0,Condo,11.97,4.9,7.5,6.5,0.308,0.2,Q4,2024
Woodlands - North Gateway,North,236.0,3,3,13499200.0,57200.0,Condo,11.95,4.1,7.5,6.5,0.263,0.2,Q4,2024
Woodlands - North Gateway,North,47.0,1,1,1969300.0,41900.0,Lot,11.89,4.4,7.5,6.5,0.28,0.1228,Q1,2025
Woodlands - North Gateway,North,176.0,4,4,8639488.0,49088.0,House,12.07,4.3,7.5,6.5,0.441,0.1943,Q2,2025
Woodlands - North Gateway,North,222.0,3,2,14231532.0,64106.0,House,11.02,4.7,7.5,6.5,0.163,0.2,Q3,2024
Woodlands - North Gateway,North,113.0,3,2,5943913.0,52601.0,House,12.39,4.3,7.5,6.5,0.183,0.2,Q2,2024
Woodlands - North Gateway,North,143.0,3,3,7194044.0,50308.0,Condo,12.12,5.0,7.5,6.5,0.3,0.1294,Q3,2024
Woodlands - North Gateway,North,169.0,5,5,9743019.0,57651.0,Condo,12.35,4.3,7.5,6.5,0.257,0.2,Q3,2024
Woodlands - North Gateway,North,176.0,4,4,9422688.0,53538.0,Townhouse,11.66,3.9,7.5,6.5,0.284,0.2,Q4,2024
Woodlands - North Gateway,North,82.0,2,2,4148626.0,50593.0,Townhouse,11.33,4.7,7.5,6.5,0.138,0.1492,Q4,2025
Woodlands - North Gateway,North,56.0,1,1,2633064.0,47019.0,House,12.01,5.5,7.5,6.5,0.203,0.1737,Q2,2024
Woodlands - North Gateway,North,264.0,2,2,16699320.0,63255.0,Condo,12.15,3.9,7.5,6.5,0.078,0.2,Q3,2024
Woodlands - North Gateway,North,236.0,1,1,12150460.0,51485.0,Condo,12.83,4.3,7.5,6.5,0.374,0.1168,Q4,2025
Woodlands - North Gateway,North,213.0,3,3,11007627.0,51679.0,Townhouse,12.03,5.6,7.5,6.5,0.315,0.1176,Q3,2025
Woodlands - North Gateway,North,32.0,3,3,1715264.0,53602.0,Lot,12.35,4.5,7.5,6.5,0.138,0.2,Q2,2024
Woodlands - North Gateway,North,29.0,3,2,1357055.0,46795.0,Condo,11.9,4.8,7.5,6.5,0.301,0.2,Q2,2024
Woodlands - North Gateway,North,153.0,2,2,8505270.0,55590.0,House,12.33,4.2,7.5,6.5,0.162,0.2,Q1,2024
Woodlands - North Gateway,North,262.0,2,2,15589262.0,59501.0,Condo,12.61,4.9,7.5,6.5,0.298,0.2,Q1,2024
Woodlands - North Gateway,North,41.0,2,1,2094813.0,51093.0,Condo,11.06,4.0,7.5,6.5,0.243,0.1912,Q1,2025
Woodlands - North Gateway,North,90.0,3,2,4734000.0,52600.0,House,11.62,4.0,7.5,6.5,0.264,0.2,Q3,2025
Woodlands - North Gateway,North,94.0,2,2,4521776.0,48104.0,Townhouse,12.17,5.5,7.5,6.5,0.269,0.1606,Q1,2025
Woodlands - North Gateway,North,136.0,3,3,7775256.0,57171.0,House,12.05,4.9,7.5,6.5,0.127,0.2,Q1,2025
Woodlands - North Gateway,North,245.0,5,5,15064560.0,61488.0,House,12.02,4.2,7.5,6.5,0.223,0.2,Q3,2025
Woodlands - North Gateway,North,129.0,1,1,6500568.0,50392.0,Townhouse,12.39,5.2,7.5,6.5,0.418,0.1799,Q1,2024
Woodlands - North Gateway,North,144.0,4,4,8575632.0,59553.0,Condo,12.66,4.3,7.5,6.5,0.141,0.1898,Q1,2025
Woodlands - North Gateway,North,199.0,2,2,11000919.0,55281.0,Townhouse,12.41,4.5,7.5,6.5,0.376,0.2,Q2,2025
Woodlands - North Gateway,North,63.0,4,4,2918853.0,46331.0,Condo,12.1,4.3,7.5,6.5,0.235,0.1628,Q4,2024
Woodlands - North Gateway,North,110.0,3,2,4861340.0,44194.0,Condo,11.95,5.8,7.5,6.5,0.371,0.1124,Q3,2025
Woodlands - North Gateway,North,253.0,2,1,14016706.0,55402.0,House,11.76,5.2,7.5,6.5,0.355,0.141,Q2,2025
Woodlands - North Gateway,North,129.0,2,2,7760253.0,60157.0,Condo,11.84,4.5,7.5,6.5,0.037,0.1792,Q4,2024
Woodlands - North Gateway,North,193.0,3,3,10968962.0,56834.0,Townhouse,12.14,4.2,7.5,6.5,0.046,0.1207,Q1,2024
Woodlands - North Gateway,North,269.0,3,3,15691846.0,58334.0,Condo,11.54,4.4,7.5,6.5,0.165,0.1348,Q4,2024
Woodlands - North Gateway,North,278.0,1,1,15788176.0,56792.0,Condo,12.26,4.8,7.5,6.5,0.306,0.1212,Q2,2024
Woodlands - North Gateway,North,64.0,3,3,3507328.0,54802.0,Condo,11.47,4.2,7.5,6.5,0.096,0.2,Q1,2024
Woodlands - North Gateway,North,52.0,3,3,2280148.0,43849.0,Lot,12.38,4.7,7.5,6.5,0.26,0.1655,Q1,2025
Woodlands - North Gateway,North,113.0,2,1,6346532.0,56164.0,Lot,11.81,4.0,7.5,6.5,0.191,0.2,Q1,2024
Woodlands - North Gateway,North,141.0,4,4,7085109.0,50249.0,House,12.4,3.5,7.5,6.5,0.323,0.2,Q2,2024
Woodlands - North Gateway,North,202.0,2,2,12214940.0,60470.0,Condo,12.26,4.7,7.5,6.5,0.114,0.2,Q1,2024
Woodlands - North Gateway,North,269.0,3,3,17129113.0,63677.0,House,12.08,5.2,7.5,6.5,0.128,0.2,Q2,2025
Woodlands - North Gateway,North,40.0,1,1,1939520.0,48488.0,Townhouse,11.94,4.1,7.5,6.5,0.04,0.1193,Q4,2024
Woodlands - North Gateway,North,104.0,3,3,5079776.0,48844.0,Condo,12.57,5.8,7.5,6.5,0.402,0.2,Q2,2025
Woodlands - North Gateway,North,42.0,4,3,2112306.0,50293.0,Condo,11.62,4.7,7.5,6.5,0.234,0.1993,Q2,2024
Woodlands - North Gateway,North,223.0,2,1,12248052.0,54924.0,Condo,12.24,4.5,7.5,6.5,0.291,0.1929,Q1,2024
Woodlands - North Gateway,North,141.0,4,4,7199460.0,51060.0,Condo,11.84,3.9,7.5,6.5,0.287,0.1749,Q2,2024
Woodlands - North Gateway,North,44.0,3,2,2159036.0,49069.0,Townhouse,12.36,4.1,7.5,6.5,0.211,0.2,Q1,2024
Woodlands - North Gateway,North,121.0,2,2,5592499.0,46219.0,Townhouse,11.83,4.3,7.5,6.5,0.312,0.1302,Q4,2024
Woodlands - North Gateway,North,101.0,2,1,5579038.0,55238.0,House,12.78,5.3,7.5,6.5,0.045,0.1177,Q1,2025
Woodlands - North Gateway,North,148.0,3,2,8539008.0,57696.0,House,11.81,3.5,7.5,6.5,0.082,0.1684,Q4,2024
Woodlands - North Gateway,North,91.0,2,2,4917276.0,54036.0,Lot,12.86,4.5,7.5,6.5,0.121,0.1662,Q1,2025
Woodlands - North Gateway,North,29.0,3,2,1406645.0,48505.0,Townhouse,12.67,6.1,7.5,6.5,0.256,0.2,Q1,2024
Woodlands - North Gateway,North,167.0,3,3,9883895.0,59185.0,Townhouse,11.09,4.5,7.5,6.5,0.119,0.1619,Q1,2024
Woodlands - North Gateway,North,181.0,2,2,8598586.0,47506.0,Condo,12.94,4.8,7.5,6.5,0.414,0.1281,Q1,2024
Woodlands - North Gateway,North,223.0,1,1,12214379.0,54773.0,Condo,11.72,3.6,7.5,6.5,0.432,0.1786,Q3,2025
Woodlands - North Gateway,North,230.0,2,2,12969930.0,56391.0,Condo,12.04,3.5,7.5,6.5,0.275,0.2,Q4,2025
Woodlands - North Gateway,North,67.0,2,2,3606677.0,53831.0,Townhouse,12.01,4.6,7.5,6.5,0.213,0.2,Q1,2024
Woodlands - North Gateway,North,169.0,2,2,10467184.0,61936.0,House,12.05,5.0,7.5,6.5,0.042,0.1816,Q1,2025
Woodlands - North Gateway,North,239.0,2,1,13575439.0,56801.0,House,11.93,4.5,7.5,6.5,0.147,0.1212,Q4,2024
Woodlands - North Gateway,North,224.0,4,3,12270944.0,54781.0,Condo,11.55,4.6,7.5,6.5,0.301,0.2,Q3,2024
Woodlands - North Gateway,North,219.0,4,4,13999356.0,63924.0,Condo,12.58,4.5,7.5,6.5,0.047,0.2,Q1,2024
Woodlands - North Gateway,North,237.0,5,5,14336367.0,60491.0,House,13.28,4.2,7.5,6.5,0.115,0.1569,Q2,2025
Woodlands - North Gateway,North,203.0,2,1,10779909.0,53103.0,Townhouse,11.62,5.5,7.5,6.5,0.418,0.1294,Q3,2025
Woodlands - North Gateway,North,192.0,3,3,10787520.0,56185.0,Lot,12.11,5.3,7.5,6.5,0.158,0.1414,Q1,2024
Woodlands - North Gateway,North,207.0,3,2,11831499.0,57157.0,Lot,11.81,4.1,7.5,6.5,0.145,0.1718,Q3,2024
Woodlands - North Gateway,North,78.0,4,4,4092582.0,52469.0,House,11.58,4.8,7.5,6.5,0.12,0.1445,Q2,2025
Woodlands - North Gateway,North,187.0,4,4,9554391.0,51093.0,House,11.9,4.1,7.5,6.5,0.389,0.1166,Q2,2025
Woodlands - North Gateway,North,232.0,2,2,12493664.0,53852.0,Condo,12.42,4.4,7.5,6.5,0.347,0.2,Q2,2025
Woodlands - North Gateway,North,28.0,5,4,1491560.0,53270.0,House,11.69,5.2,7.5,6.5,0.085,0.2,Q1,2025
Woodlands - North Gateway,North,60.0,3,3,2840880.0,47348.0,Condo,12.08,5.0,7.5,6.5,0.387,0.2,Q3,2024
Woodlands - North Gateway,North,194.0,2,2,10777282.0,55553.0,House,11.78,4.6,7.5,6.5,0.343,0.1663,Q4,2024
Woodlands - North Gateway,North,86.0,3,2,4083710.0,47485.0,House,12.4,5.0,7.5,6.5,0.389,0.1853,Q1,2024
Woodlands - North Gateway,North,275.0,5,4,17428400.0,63376.0,Condo,11.52,5.4,7.5,6.5,0.145,0.2,Q3,2024
Woodlands - North Gateway,North,250.0,3,2,14596750.0,58387.0,Condo,12.36,4.2,7.5,6.5,0.182,0.118,Q1,2024
Woodlands - North Gateway,North,173.0,3,2,9780555.0,56535.0,Townhouse,12.04,4.6,7.5,6.5,0.165,0.1414,Q4,2024
Woodlands - North Gateway,North,231.0,4,3,13752816.0,59536.0,House,12.47,4.1,7.5,6.5,0.294,0.2,Q3,2024
Woodlands - North Gateway,North,243.0,2,1,13552353.0,55771.0,Condo,12.24,4.0,7.5,6.5,0.357,0.2,Q2,2024
Woodlands - North Gateway,North,194.0,3,2,10555540.0,54410.0,Condo,11.65,4.2,7.5,6.5,0.275,0.1515,Q2,2025
Woodlands - North Gateway,North,50.0,2,2,2379050.0,47581.0,Condo,11.77,4.4,7.5,6.5,0.201,0.1107,Q1,2024
Woodlands - North Gateway,North,188.0,1,1,9298104.0,49458.0,Condo,12.05,4.1,7.5,6.5,0.445,0.1608,Q2,2024
Woodlands - North Gateway,North,177.0,5,5,9710397.0,54861.0,Condo,11.99,5.0,7.5,6.5,0.399,0.1972,Q1,2024
Woodlands - North Gateway,North,266.0,3,3,13635692.0,51262.0,House,12.25,4.2,7.5,6.5,0.382,0.1159,Q2,2024
Woodlands - North Gateway,North,203.0,4,4,11198901.0,55167.0,Condo,11.83,5.3,7.5,6.5,0.307,0.1525,Q2,2024
Woodlands - North Gateway,North,113.0,2,1,5995667.0,53059.0,Condo,12.13,4.9,7.5,6.5,0.231,0.2,Q2,2024
Woodlands - North Gateway,North,278.0,2,2,17833700.0,64150.0,Lot,12.16,5.0,7.5,6.5,0.213,0.1548,Q1,2025
Woodlands - North Gateway,North,59.0,3,3,3430614.0,58146.0,Condo,12.18,4.4,7.5,6.5,0.041,0.1932,Q4,2024
Woodlands - North Gateway,North,131.0,2,1,7167927.0,54717.0,House,11.77,5.6,7.5,6.5,0.171,0.119,Q1,2024
Woodlands - North Gateway,North,167.0,4,4,9395754.0,56262.0,Condo,12.36,4.6,7.5,6.5,0.201,0.1368,Q1,2025
Woodlands - North Gateway,North,226.0,4,4,14120028.0,62478.0,House,12.49,4.7,7.5,6.5,0.127,0.2,Q1,2024
Woodlands - North Gateway,North,157.0,3,2,8696858.0,55394.0,Condo,11.58,4.8,7.5,6.5,0.269,0.1997,Q1,2025
Woodlands - North Gateway,North,217.0,2,2,12368349.0,56997.0,Condo,12.02,3.9,7.5,6.5,0.208,0.2,Q4,2024
Woodlands - North Gateway,North,198.0,3,3,10623492.0,53654.0,Condo,11.91,4.7,7.5,6.5,0.28,0.1384,Q1,2025
Woodlands - North Gateway,North,183.0,3,2,10766805.0,58835.0,Condo,12.32,5.1,7.5,6.5,0.173,0.1758,Q2,2024
Woodlands - North Gateway,North,116.0,2,1,5609992.0,48362.0,Condo,12.36,4.0,7.5,6.5,0.436,0.2,Q2,2025
Woodlands - North Gateway,North,83.0,2,1,4199302.0,50594.0,Townhouse,12.02,5.1,7.5,6.5,0.252,0.1604,Q4,2025
Woodlands - North Gateway,North,135.0,1,1,6983955.0,51733.0,Condo,12.15,5.1,7.5,6.5,0.392,0.1765,Q1,2025
Woodlands - North Gateway,North,39.0,4,3,2202798.0,56482.0,House,12.7,4.3,7.5,6.5,0.113,0.1989,Q2,2024
Woodlands - North Gateway,North,126.0,2,2,6886152.0,54652.0,Townhouse,11.74,4.4,7.5,6.5,0.161,0.2,Q1,2024
Woodlands - North Gateway,North,267.0,3,2,14028447.0,52541.0,House,11.71,4.9,7.5,6.5,0.431,0.1338,Q1,2025
Woodlands - North Gateway,North,253.0,1,1,14406073.0,56941.0,House,12.26,4.6,7.5,6.5,0.395,0.2,Q1,2024
Woodlands - North Gateway,North,95.0,4,4,4487325.0,47235.0,House,12.42,3.4,7.5,6.5,0.376,0.2,Q2,2024
Woodlands - North Gateway,North,246.0,3,3,15193698.0,61763.0,Lot,12.16,3.4,7.5,6.5,0.095,0.2,Q3,2025
Woodlands - North Gateway,North,146.0,1,1,7909112.0,54172.0,Townhouse,12.34,4.4,7.5,6.5,0.038,0.1233,Q1,2025
Woodlands - North Gateway,North,249.0,2,2,12571014.0,50486.0,Condo,11.99,3.9,7.5,6.5,0.404,0.153,Q4,2024
Woodlands - North Gateway,North,248.0,2,2,13871136.0,55932.0,House,11.95,5.1,7.5,6.5,0.424,0.2,Q4,2024
Woodlands - North Gateway,North,277.0,4,4,16949630.0,61190.0,Townhouse,12.47,4.7,7.5,6.5,0.271,0.1606,Q2,2024
Woodlands - North Gateway,North,212.0,1,1,14035460.0,66205.0,Townhouse,11.57,5.6,7.5,6.5,0.05,0.2,Q3,2024
Woodlands - North Gateway,North,211.0,2,2,10761633.0,51003.0,Condo,12.23,5.2,7.5,6.5,0.281,0.1187,Q2,2024
Woodlands - North Gateway,North,249.0,3,3,15201699.0,61051.0,Condo,11.3,3.5,7.5,6.5,0.217,0.2,Q1,2024
Woodlands - North Gateway,North,275.0,2,2,17601375.0,64005.0,Condo,12.33,5.3,7.5,6.5,0.025,0.2,Q4,2024
Woodlands - North Gateway,North,235.0,1,1,12639005.0,53783.0,Condo,11.82,4.3,7.5,6.5,0.395,0.1847,Q1,2025
Woodlands - North Gateway,North,272.0,2,1,15631568.0,57469.0,Condo,12.18,3.8,7.5,6.5,0.174,0.1391,Q3,2024
Woodlands - North Gateway,North,97.0,2,1,5588946.0,57618.0,Condo,12.24,4.3,7.5,6.5,0.037,0.2,Q3,2024
Woodlands - North Gateway,North,63.0,1,1,3140361.0,49847.0,House,12.1,4.6,7.5,6.5,0.14,0.2,Q3,2024
Woodlands - North Gateway,North,56.0,2,2,2396520.0,42795.0,Condo,11.67,6.0,7.5,6.5,0.442,0.1735,Q4,2024
Woodlands - North Gateway,North,245.0,1,1,12421990.0,50702.0,House,12.35,4.8,7.5,6.5,0.45,0.1187,Q1,2025
Woodlands - North Gateway,North,121.0,1,1,5706844.0,47164.0,Lot,11.63,5.3,7.5,6.5,0.413,0.1296,Q4,2025
Woodlands - North Gateway,North,267.0,1,1,16423170.0,61510.0,House,11.41,4.9,7.5,6.5,0.091,0.1205,Q3,2025
Woodlands - North Gateway,North,207.0,1,1,11860272.0,57296.0,House,12.6,4.7,7.5,6.5,0.261,0.1739,Q2,2025
Woodlands - North Gateway,North,33.0,2,2,1466190.0,44430.0,House,12.5,4.4,7.5,6.5,0.342,0.2,Q3,2025
Woodlands - North Gateway,North,275.0,2,2,15051575.0,54733.0,Lot,11.82,4.9,7.5,6.5,0.339,0.1775,Q4,2024
Woodlands - North Gateway,North,213.0,2,1,12892464.0,60528.0,House,12.85,4.3,7.5,6.5,0.107,0.1879,Q3,2025
Woodlands - North Gateway,North,112.0,4,4,6387136.0,57028.0,Condo,11.61,5.1,7.5,6.5,0.114,0.1844,Q1,2024
Woodlands - North Gateway,North,152.0,5,5,8572040.0,56395.0,Condo,12.04,4.6,7.5,6.5,0.234,0.2,Q2,2024
Woodlands - North Gateway,North,249.0,4,4,13334448.0,53552.0,Townhouse,11.55,5.3,7.5,6.5,0.391,0.1518,Q2,2024
Woodlands - North Gateway,North,133.0,2,2,7405174.0,55678.0,Condo,12.41,4.0,7.5,6.5,0.056,0.2,Q4,2024
Woodlands - North Gateway,North,102.0,1,1,5430276.0,53238.0,Townhouse,12.58,4.5,7.5,6.5,0.288,0.1936,Q4,2025
Woodlands - North Gateway,North,115.0,2,2,5916290.0,51446.0,Condo,11.13,4.8,7.5,6.5,0.316,0.2,Q3,2024
Woodlands - North Gateway,North,134.0,2,1,7822250.0,58375.0,Condo,11.9,4.7,7.5,6.5,0.075,0.2,Q1,2024
Woodlands - North Gateway,North,175.0,3,2,8810025.0,50343.0,Condo,11.97,6.4,7.5,6.5,0.421,0.1187,Q4,2024
Woodlands - North Gateway,North,93.0,2,2,5271705.0,56685.0,House,11.66,4.9,7.5,6.5,0.151,0.1971,Q3,2025
Woodlands - North Gateway,North,218.0,4,4,12267732.0,56274.0,House,11.54,4.9,7.5,6.5,0.313,0.1973,Q3,2025
Woodlands - North Gateway,North,240.0,3,3,13476960.0,56154.0,Condo,11.81,4.9,7.5,6.5,0.423,0.2,Q2,2025
Woodlands - North Gateway,North,38.0,2,2,1802606.0,47437.0,Condo,11.95,5.7,7.5,6.5,0.321,0.1807,Q2,2025
Woodlands - North Gateway,North,149.0,4,3,6899892.0,46308.0,Condo,11.42,4.3,7.5,6.5,0.417,0.1491,Q4,2024
Woodlands - North Gateway,North,216.0,4,4,12991536.0,60146.0,Condo,12.65,4.0,7.5,6.5,0.266,0.2,Q2,2025
Woodlands - North Gateway,North,244.0,2,2,14199580.0,58195.0,Condo,12.19,4.4,7.5,6.5,0.261,0.2,Q3,2025
Woodlands - North Gateway,North,44.0,3,2,2361172.0,53663.0,Townhouse,11.9,3.9,7.5,6.5,0.128,0.2,Q3,2025
Woodlands - North Gateway,North,118.0,3,3,6443272.0,54604.0,Condo,11.79,4.9,7.5,6.5,0.162,0.1907,Q4,2025
Woodlands - North Gateway,North,132.0,5,5,7430412.0,56291.0,Lot,12.28,4.0,7.5,6.5,0.16,0.1918,Q1,2025
Woodlands - North Gateway,North,217.0,2,1,12668026.0,58378.0,Townhouse,12.04,4.1,7.5,6.5,0.245,0.1653,Q2,2025
Woodlands - North Gateway,North,110.0,2,1,6030200.0,54820.0,Condo,11.71,4.7,7.5,6.5,0.101,0.1416,Q2,2025
Woodlands - North Gateway,North,149.0,3,3,7396807.0,49643.0,Condo,11.82,3.7,7.5,6.5,0.369,0.1344,Q4,2025
Woodlands - North Gateway,North,63.0,2,2,3016566.0,47882.0,Townhouse,12.23,3.8,7.5,6.5,0.29,0.2,Q2,2025
Woodlands - North Gateway,North,134.0,1,1,7577298.0,56547.0,Condo,12.07,4.3,7.5,6.5,0.087,0.1572,Q1,2024
Woodlands - North Gateway,North,175.0,5,4,8374625.0,47855.0,Lot,11.39,4.4,7.5,6.5,0.373,0.1103,Q1,2024
Woodlands - North Gateway,North,118.0,2,2,6216830.0,52685.0,Condo,12.09,4.9,7.5,6.5,0.246,0.2,Q4,2024
Woodlands - North Gateway,North,179.0,3,3,9321604.0,52076.0,Condo,11.79,5.3,7.5,6.5,0.448,0.1939,Q2,2024
Woodlands - North Gateway,North,155.0,2,2,7779140.0,50188.0,Condo,12.39,5.3,7.5,6.5,0.419,0.2,Q4,2025
Woodlands - North Gateway,North,219.0,3,3,12024852.0,54908.0,House,12.79,4.0,7.5,6.5,0.136,0.1373,Q3,2024
Woodlands - North Gateway,North,93.0,1,1,4851345.0,52165.0,Condo,11.75,4.7,7.5,6.5,0.102,0.2,Q2,2024
Woodlands - North Gateway,North,28.0,3,3,1202012.0,42929.0,House,11.53,5.2,7.5,6.5,0.351,0.1202,Q4,2025
Woodlands - North Gateway,North,278.0,3,3,18695500.0,67250.0,House,11.66,5.3,7.5,6.5,0.032,0.2,Q4,2025
Woodlands - North Gateway,North,40.0,5,5,1982960.0,49574.0,House,12.06,4.4,7.5,6.5,0.147,0.1301,Q3,2024
Woodlands - North Gateway,North,252.0,3,3,15331680.0,60840.0,Condo,12.5,5.0,7.5,6.5,0.214,0.2,Q2,2025
Woodlands - North Gateway,North,267.0,3,2,15425925.0,57775.0,House,12.61,4.8,7.5,6.5,0.287,0.2,Q1,2025
Woodlands - North Gateway,North,58.0,2,1,2988914.0,51533.0,Condo,12.5,4.6,7.5,6.5,0.181,0.2,Q3,2025
Woodlands - North Gateway,North,114.0,4,4,5448174.0,47791.0,Townhouse,11.63,4.4,7.5,6.5,0.246,0.1116,Q4,2025
Woodlands - North Gateway,North,53.0,1,1,2305553.0,43501.0,Lot,12.25,4.2,7.5,6.5,0.359,0.1554,Q1,2024
Woodlands - North Gateway,North,97.0,4,4,5158169.0,53177.0,Condo,11.6,4.4,7.5,6.5,0.232,0.2,Q4,2024
Woodlands - North Gateway,North,86.0,2,2,4723120.0,54920.0,House,12.28,4.5,7.5,6.5,0.032,0.1325,Q2,2024
Woodlands - North Gateway,North,94.0,2,1,5096680.0,54220.0,House,11.6,4.5,7.5,6.5,0.235,0.2,Q3,2024
Woodlands - North Gateway,North,239.0,2,1,14239620.0,59580.0,Condo,12.16,4.6,7.5,6.5,0.106,0.1379,Q2,2024
Woodlands - North Gateway,North,267.0,1,1,15131157.0,56671.0,Condo,12.26,5.5,7.5,6.5,0.311,0.1511,Q4,2024
Woodlands - North Gateway,North,50.0,2,2,2502250.0,50045.0,Lot,12.29,4.3,7.5,6.5,0.104,0.1162,Q3,2024
Woodlands - North Gateway,North,109.0,1,1,5630831.0,51659.0,House,11.76,5.2,7.5,6.5,0.176,0.1446,Q4,2024
Woodlands - North Gateway,North,137.0,2,2,7550070.0,55110.0,Condo,12.14,4.2,7.5,6.5,0.312,0.181,Q2,2025
Woodlands - North Gateway,North,197.0,2,2,12254582.0,62206.0,House,11.96,5.0,7.5,6.5,0.087,0.2,Q1,2025
Woodlands - North Gateway,North,135.0,2,2,6689250.0,49550.0,Townhouse,12.03,4.7,7.5,6.5,0.357,0.1115,Q2,2024
Woodlands - North Gateway,North,184.0,3,3,11205048.0,60897.0,Condo,11.7,4.1,7.5,6.5,0.09,0.2,Q4,2024
Woodlands - North Gateway,North,87.0,4,4,4415511.0,50753.0,Lot,11.47,4.1,7.5,6.5,0.244,0.1935,Q1,2024
Woodlands - North Gateway,North,157.0,2,2,8406879.0,53547.0,Lot,12.45,3.8,7.5,6.5,0.211,0.1999,Q1,2024
Woodlands - North Gateway,North,105.0,1,1,5571930.0,53066.0,Lot,11.63,4.4,7.5,6.5,0.251,0.2,Q2,2024
Woodlands - North Gateway,North,135.0,4,4,6485940.0,48044.0,Condo,11.9,5.2,7.5,6.5,0.349,0.1275,Q2,2024
Woodlands - North Gateway,North,114.0,1,1,5607204.0,49186.0,House,11.87,3.9,7.5,6.5,0.302,0.1768,Q4,2024
Woodlands - North Gateway,North,237.0,1,1,15751257.0,66461.0,Townhouse,12.09,4.5,7.5,6.5,0.028,0.2,Q2,2025
Woodlands - North Gateway,North,140.0,2,1,7566440.0,54046.0,Condo,10.94,4.0,7.5,6.5,0.252,0.2,Q1,2024
Woodlands - North Gateway,North,265.0,2,2,16047340.0,60556.0,House,12.07,5.3,7.5,6.5,0.301,0.2,Q1,2024
Woodlands - North Gateway,North,132.0,2,2,6512484.0,49337.0,House,12.16,4.6,7.5,6.5,0.22,0.1176,Q3,2025
Woodlands - North Gateway,North,62.0,2,1,3045502.0,49121.0,Condo,11.75,4.6,7.5,6.5,0.139,0.14,Q2,2024
Woodlands - North Gateway,North,60.0,2,2,2895900.0,48265.0,Condo,11.29,4.5,7.5,6.5,0.2,0.1206,Q4,2024
Woodlands - North Gateway,North,75.0,3,3,4003725.0,53383.0,Condo,12.1,4.8,7.5,6.5,0.22,0.2,Q2,2024
Woodlands - North Gateway,North,113.0,4,3,5337781.0,47237.0,House,11.57,4.7,7.5,6.5,0.282,0.1102,Q1,2025
Woodlands - North Gateway,North,268.0,3,3,15492276.0,57807.0,House,11.34,5.1,7.5,6.5,0.24,0.1332,Q2,2025
Woodlands - North Gateway,North,32.0,2,2,1395424.0,43607.0,House,11.9,5.1,7.5,6.5,0.289,0.1342,Q3,2024
Woodlands - North Gateway,North,265.0,1,1,14569170.0,54978.0,House,12.36,5.6,7.5,6.5,0.366,0.1349,Q3,2024
Woodlands - North Gateway,North,156.0,2,2,8068008.0,51718.0,House,12.76,4.9,7.5,6.5,0.28,0.2,Q3,2024
Woodlands - North Gateway,North,208.0,2,2,11871808.0,57076.0,Townhouse,11.09,4.2,7.5,6.5,0.152,0.154,Q3,2024
Woodlands - North Gateway,North,131.0,4,4,5999407.0,45797.0,Townhouse,12.41,4.2,7.5,6.5,0.41,0.1256,Q2,2024
Woodlands - North Gateway,North,77.0,5,5,3959340.0,51420.0,Lot,11.53,4.4,7.5,6.5,0.187,0.2,Q4,2024
Woodlands - North Gateway,North,161.0,1,1,8127602.0,50482.0,Condo,12.19,4.4,7.5,6.5,0.314,0.1134,Q4,2024
Woodlands - North Gateway,North,81.0,3,2,3656178.0,45138.0,Townhouse,12.49,4.1,7.5,6.5,0.355,0.2,Q1,2024
Woodlands - North Gateway,North,225.0,3,2,13987125.0,62165.0,House,12.63,5.4,7.5,6.5,0.095,0.183,Q3,2025
Woodlands - North Gateway,North,114.0,4,4,6148932.0,53938.0,Condo,11.95,5.8,7.5,6.5,0.296,0.2,Q1,2024
Woodlands - North Gateway,North,247.0,3,2,15591134.0,63122.0,Townhouse,12.16,4.0,7.5,6.5,0.073,0.2,Q4,2025
Woodlands - North Gateway,North,193.0,2,2,9450438.0,48966.0,Condo,11.99,4.4,7.5,6.5,0.365,0.1096,Q1,2024
Woodlands - North Gateway,North,86.0,2,1,4167302.0,48457.0,Lot,11.68,4.7,7.5,6.5,0.421,0.1844,Q4,2025
Woodlands - North Gateway,North,26.0,2,2,1381692.0,53142.0,House,12.09,5.3,7.5,6.5,0.097,0.2,Q2,2024
Woodlands - North Gateway,North,66.0,2,2,3539118.0,53623.0,House,12.17,4.7,7.5,6.5,0.121,0.2,Q4,2025
Woodlands - North Gateway,North,98.0,5,4,4737810.0,48345.0,House,12.16,4.7,7.5,6.5,0.393,0.2,Q3,2024
Woodlands - North Gateway,North,96.0,4,4,4645248.0,48388.0,Condo,11.9,3.7,7.5,6.5,0.305,0.1738,Q1,2025
Woodlands - North Gateway,North,171.0,5,4,8184744.0,47864.0,Lot,12.23,4.5,7.5,6.5,0.393,0.1484,Q1,2025
Woodlands - North Gateway,North,62.0,3,3,2947356.0,47538.0,House,11.8,4.7,7.5,6.5,0.281,0.2,Q3,2024
Woodlands - North Gateway,North,221.0,2,2,13101764.0,59284.0,Condo,11.8,5.1,7.5,6.5,0.22,0.1562,Q4,2025
Woodlands - North Gateway,North,249.0,3,3,13013736.0,52264.0,Condo,12.26,3.7,7.5,6.5,0.425,0.175,Q3,2024
Woodlands - North Gateway,North,69.0,3,3,3295026.0,47754.0,Condo,12.03,5.2,7.5,6.5,0.346,0.1633,Q1,2025
Woodlands - North Gateway,North,177.0,3,3,8754774.0,49462.0,House,12.25,4.9,7.5,6.5,0.409,0.1761,Q1,2025
Woodlands - North Gateway,North,268.0,1,1,16799580.0,62685.0,Townhouse,12.26,3.5,7.5,6.5,0.207,0.2,Q3,2025
Woodlands - North Gateway,North,46.0,3,2,1988626.0,43231.0,Lot,12.64,4.1,7.5,6.5,0.4,0.2,Q4,2024
Woodlands - North Gateway,North,234.0,4,4,14390766.0,61499.0,Townhouse,12.51,5.8,7.5,6.5,0.09,0.1387,Q3,2025
Woodlands - North Gateway,North,163.0,3,2,8496864.0,52128.0,House,11.68,3.8,7.5,6.5,0.345,0.2,Q2,2025
Woodlands - North Gateway,North,52.0,2,1,2616172.0,50311.0,Condo,11.49,4.4,7.5,6.5,0.326,0.2,Q2,2025
Woodlands - North Gateway,North,255.0,3,3,15018225.0,58895.0,Lot,12.25,4.6,7.5,6.5,0.274,0.2,Q4,2025
Woodlands - North Gateway,North,31.0,3,2,1501640.0,48440.0,House,12.09,3.8,7.5,6.5,0.265,0.1934,Q1,2024
Woodlands - North Gateway,North,88.0,3,3,4526192.0,51434.0,Lot,12.33,4.2,7.5,6.5,0.217,0.2,Q1,2024
Woodlands - North Gateway,North,55.0,4,4,2804230.0,50986.0,Lot,11.17,4.0,7.5,6.5,0.034,0.1163,Q1,2025
Woodlands - North Gateway,North,249.0,4,4,13550082.0,54418.0,Lot,11.71,5.5,7.5,6.5,0.276,0.141,Q1,2024
Woodlands - North Gateway,North,173.0,2,1,9337848.0,53976.0,House,11.65,4.3,7.5,6.5,0.166,0.1255,Q3,2024
Woodlands - North Gateway,North,223.0,2,1,11743849.0,52663.0,House,11.55,4.3,7.5,6.5,0.449,0.2,Q4,2025
Woodlands - North Gateway,North,122.0,3,3,5326520.0,43660.0,House,11.74,5.0,7.5,6.5,0.408,0.1138,Q4,2024
Woodlands - North Gateway,North,203.0,3,2,11294108.0,55636.0,Condo,11.54,4.1,7.5,6.5,0.318,0.1815,Q1,2025
Woodlands - North Gateway,North,210.0,2,2,11997510.0,57131.0,House,12.39,4.1,7.5,6.5,0.088,0.1421,Q1,2024
Woodlands - North Gateway,North,92.0,3,3,5075088.0,55164.0,Condo,12.13,5.3,7.5,6.5,0.092,0.2,Q2,2024
Woodlands - North Gateway,North,116.0,3,2,6292884.0,54249.0,Lot,12.46,5.2,7.5,6.5,0.067,0.15,Q4,2024
Woodlands - North Gateway,North,117.0,2,1,5338242.0,45626.0,House,11.25,3.8,7.5,6.5,0.442,0.1444,Q3,2024
Woodlands - North Gateway,North,145.0,1,1,7614095.0,52511.0,Condo,11.48,5.2,7.5,6.5,0.35,0.1547,Q2,2024
Woodlands - North Gateway,North,102.0,1,1,5284008.0,51804.0,House,12.21,4.6,7.5,6.5,0.161,0.125,Q2,2024
Woodlands - North Gateway,North,145.0,1,1,7416460.0,51148.0,Condo,11.09,4.1,7.5,6.5,0.297,0.1803,Q1,2024
Woodlands - North Gateway,North,103.0,3,3,5799312.0,56304.0,Condo,11.77,5.3,7.5,6.5,0.147,0.2,Q2,2024
Woodlands - North Gateway,North,73.0,1,1,3463631.0,47447.0,House,11.86,4.7,7.5,6.5,0.427,0.1706,Q2,2025
Woodlands - North Gateway,North,97.0,2,2,5288731.0,54523.0,House,12.41,5.3,7.5,6.5,0.213,0.1551,Q4,2024
Woodlands - North Gateway,North,219.0,4,3,11822058.0,53982.0,House,12.05,3.9,7.5,6.5,0.294,0.1438,Q1,2024
Woodlands - North Gateway,North,195.0,4,4,11231610.0,57598.0,Townhouse,12.6,4.0,7.5,6.5,0.159,0.1539,Q1,2024
Woodlands - North Gateway,North,92.0,2,2,4736436.0,51483.0,Townhouse,11.87,3.6,7.5,6.5,0.179,0.1178,Q3,2024
Woodlands - North Gateway,North,239.0,3,3,15720703.0,65777.0,House,12.19,4.9,7.5,6.5,0.063,0.2,Q2,2024
Woodlands - North Gateway,North,91.0,3,3,4089358.0,44938.0,House,11.98,5.0,7.5,6.5,0.25,0.1286,Q1,2024
Woodlands - North Gateway,North,231.0,1,1,12805947.0,55437.0,Condo,11.59,3.5,7.5,6.5,0.243,0.1801,Q2,2024
Woodlands - North Gateway,North,200.0,4,3,10867800.0,54339.0,Townhouse,11.54,4.8,7.5,6.5,0.359,0.2,Q1,2024
Woodlands - North Gateway,North,249.0,2,1,13578468.0,54532.0,Condo,11.92,4.1,7.5,6.5,0.296,0.1486,Q1,2025
Woodlands - North Gateway,North,250.0,2,2,13112750.0,52451.0,Condo,11.99,4.3,7.5,6.5,0.335,0.153,Q1,2024
Woodlands - North Gateway,North,153.0,5,4,9149247.0,59799.0,House,11.66,5.0,7.5,6.5,0.035,0.1734,Q3,2025
Woodlands - North Gateway,North,126.0,1,1,7048566.0,55941.0,Condo,11.35,4.5,7.5,6.5,0.049,0.1658,Q2,2024
Woodlands - North Gateway,North,29.0,2,1,1317354.0,45426.0,House,11.86,3.7,7.5,6.5,0.261,0.2,Q2,2024
Woodlands - North Gateway,North,231.0,4,4,12899502.0,55842.0,Condo,12.49,5.1,7.5,6.5,0.308,0.1416,Q4,2024
Woodlands - North Gateway,North,191.0,5,5,10638891.0,55701.0,Condo,12.5,5.0,7.5,6.5,0.268,0.1796,Q3,2024
Woodlands - North Gateway,North,216.0,4,4,13006008.0,60213.0,Condo,11.99,4.6,7.5,6.5,0.174,0.2,Q4,2025
Woodlands - North Gateway,North,255.0,3,3,16719330.0,65566.0,Condo,12.34,5.5,7.5,6.5,0.101,0.2,Q1,2025
Woodlands - North Gateway,North,164.0,3,3,7603040.0,46360.0,House,12.02,4.5,7.5,6.5,0.448,0.1394,Q1,2024
Woodlands - North Gateway,North,126.0,3,2,5942916.0,47166.0,Condo,12.79,4.0,7.5,6.5,0.407,0.1879,Q4,2024
Woodlands - North Gateway,North,138.0,2,1,7467042.0,54109.0,House,11.91,5.6,7.5,6.5,0.258,0.2,Q4,2024
Woodlands - North Gateway,North,120.0,1,1,5872560.0,48938.0,Condo,11.53,4.5,7.5,6.5,0.373,0.1289,Q2,2024
Woodlands - North Gateway,North,126.0,3,2,6326964.0,50214.0,House,12.02,4.1,7.5,6.5,0.161,0.1304,Q1,2024
Woodlands - North Gateway,North,149.0,1,1,9294173.0,62377.0,Lot,11.52,4.4,7.5,6.5,0.085,0.2,Q1,2024
Woodlands - North Gateway,North,242.0,3,2,13116884.0,54202.0,Lot,11.91,4.4,7.5,6.5,0.333,0.1717,Q1,2024
Woodlands - North Gateway,North,32.0,1,1,1585344.0,49542.0,Condo,11.62,4.8,7.5,6.5,0.252,0.2,Q1,2024
Woodlands - North Gateway,North,182.0,3,3,9945390.0,54645.0,House,11.82,4.6,7.5,6.5,0.375,0.2,Q1,2025
Woodlands - North Gateway,North,52.0,1,1,2900300.0,55775.0,Condo,11.94,6.1,7.5,6.5,0.034,0.1832,Q2,2025
Woodlands - North Gateway,North,238.0,1,1,13068580.0,54910.0,Townhouse,12.32,4.8,7.5,6.5,0.398,0.2,Q3,2024
Woodlands - North Gateway,North,73.0,2,2,3376615.0,46255.0,Condo,11.62,4.3,7.5,6.5,0.398,0.2,Q1,2024
Woodlands - North Gateway,North,195.0,3,2,11551410.0,59238.0,Condo,11.94,4.9,7.5,6.5,0.218,0.1981,Q4,2024
Woodlands - North Gateway,North,227.0,3,2,12926969.0,56947.0,Townhouse,11.69,4.5,7.5,6.5,0.199,0.1681,Q3,2025
Woodlands - North Gateway,North,269.0,1,1,16646527.0,61883.0,House,12.23,3.4,7.5,6.5,0.233,0.2,Q2,2024
Woodlands - North Gateway,North,103.0,4,3,5240434.0,50878.0,Condo,11.62,4.4,7.5,6.5,0.335,0.2,Q2,2024
Woodlands - North Gateway,North,64.0,1,1,3067072.0,47923.0,House,11.71,4.6,7.5,6.5,0.273,0.1553,Q2,2025
Woodlands - North Gateway,North,162.0,5,5,9684522.0,59781.0,Condo,12.81,5.6,7.5,6.5,0.136,0.2,Q4,2024
Woodlands - North Gateway,North,57.0,1,1,3184362.0,55866.0,Townhouse,12.18,5.8,7.5,6.5,0.09,0.1873,Q4,2024
Woodlands - North Gateway,North,170.0,5,4,8716580.0,51274.0,House,12.28,4.0,7.5,6.5,0.378,0.1831,Q3,2024
Woodlands - North Gateway,North,120.0,4,4,6126000.0,51050.0,House,12.26,3.8,7.5,6.5,0.293,0.2,Q3,2024
Woodlands - North Gateway,North,190.0,1,1,9681260.0,50954.0,Condo,11.99,4.6,7.5,6.5,0.36,0.1285,Q1,2024
Woodlands - North Gateway,North,103.0,2,2,4979947.0,48349.0,Condo,12.06,4.5,7.5,6.5,0.41,0.1414,Q4,2025
Woodlands - North Gateway,North,164.0,5,5,8631484.0,52631.0,Condo,11.42,4.1,7.5,6.5,0.161,0.1357,Q2,2024
Woodlands - North Gateway,North,116.0,2,2,4986028.0,42983.0,House,12.13,4.8,7.5,6.5,0.439,0.1217,Q3,2025
Woodlands - North Gateway,North,268.0,3,2,16881856.0,62992.0,Condo,12.37,2.7,7.5,6.5,0.027,0.1599,Q4,2025
Woodlands - North Gateway,North,141.0,3,2,7273767.0,51587.0,House,12.13,5.1,7.5,6.5,0.298,0.2,Q3,2024
Woodlands - North Gateway,North,44.0,3,3,2334640.0,53060.0,Condo,11.88,4.6,7.5,6.5,0.201,0.2,Q4,2024
Woodlands - North Gateway,North,195.0,2,2,10497045.0,53831.0,Townhouse,12.4,5.7,7.5,6.5,0.351,0.2,Q4,2024
Woodlands - North Gateway,North,268.0,4,3,17743476.0,66207.0,Condo,12.45,3.6,7.5,6.5,0.09,0.2,Q4,2025
Woodlands - North Gateway,North,166.0,1,1,9503998.0,57253.0,House,12.09,3.5,7.5,6.5,0.09,0.2,Q1,2025
Woodlands - North Gateway,North,244.0,1,1,13913124.0,57021.0,Condo,11.46,4.4,7.5,6.5,0.263,0.1783,Q3,2024
Woodlands - North Gateway,North,190.0,2,1,11223490.0,59071.0,House,12.9,4.1,7.5,6.5,0.125,0.1941,Q2,2024
Woodlands - North Gateway,North,252.0,2,1,13924764.0,55257.0,Condo,11.54,4.0,7.5,6.5,0.444,0.1741,Q2,2024
Woodlands - North Gateway,North,75.0,3,3,3295575.0,43941.0,House,12.71,4.0,7.5,6.5,0.286,0.1165,Q1,2024
Woodlands - North Gateway,North,161.0,2,2,9382919.0,58279.0,Condo,11.56,5.1,7.5,6.5,0.216,0.2,Q2,2024
Woodlands - North Gateway,North,201.0,4,4,11892969.0,59169.0,House,12.35,4.3,7.5,6.5,0.127,0.2,Q2,2025
Woodlands - North Gateway,North,199.0,2,2,10400735.0,52265.0,House,12.16,4.3,7.5,6.5,0.364,0.1649,Q2,2025
Woodlands - North Gateway,North,204.0,1,1,11383608.0,55802.0,Lot,11.81,4.7,7.5,6.5,0.21,0.2,Q1,2024
Woodlands - North Gateway,North,44.0,4,4,2080452.0,47283.0,House,11.72,5.8,7.5,6.5,0.186,0.1569,Q4,2025
Woodlands - North Gateway,North,153.0,3,3,8846001.0,57817.0,House,12.06,4.7,7.5,6.5,0.11,0.1411,Q3,2024
Woodlands - North Gateway,North,238.0,3,2,13432720.0,56440.0,Condo,12.72,5.1,7.5,6.5,0.295,0.1536,Q2,2024
Woodlands - North Gateway,North,244.0,2,2,14344760.0,58790.0,House,12.08,4.9,7.5,6.5,0.285,0.2,Q2,2024
Woodlands - North Gateway,North,112.0,2,2,6406848.0,57204.0,Lot,12.42,3.7,7.5,6.5,0.06,0.2,Q4,2025
Woodlands - North Gateway,North,246.0,2,1,14478822.0,58857.0,Condo,11.99,4.9,7.5,6.5,0.119,0.148,Q4,2025
Woodlands - North Gateway,North,96.0,3,2,4751904.0,49499.0,Condo,12.09,4.0,7.5,6.5,0.245,0.1559,Q1,2025
Woodlands - North Gateway,North,231.0,1,1,13237224.0,57304.0,Condo,12.08,4.4,7.5,6.5,0.43,0.2,Q1,2025
Woodlands - North Gateway,North,47.0,3,3,2434976.0,51808.0,House,12.32,5.4,7.5,6.5,0.067,0.1523,Q4,2024
Woodlands - North Gateway,North,100.0,4,3,5071200.0,50712.0,House,11.27,5.4,7.5,6.5,0.332,0.2,Q4,2024
Woodlands - North Gateway,North,66.0,4,4,3251490.0,49265.0,Condo,12.2,4.9,7.5,6.5,0.175,0.186,Q1,2025
Woodlands - North Gateway,North,82.0,3,2,4562152.0,55636.0,House,12.13,5.2,7.5,6.5,0.044,0.1775,Q2,2024
Woodlands - North Gateway,North,253.0,2,2,15458300.0,61100.0,House,12.53,4.1,7.5,6.5,0.076,0.1112,Q1,2024
Woodlands - North Gateway,North,210.0,4,4,12096000.0,57600.0,House,11.45,4.1,7.5,6.5,0.267,0.2,Q2,2024
Woodlands - North Gateway,North,167.0,3,2,8315264.0,49792.0,Condo,12.27,4.3,7.5,6.5,0.45,0.2,Q3,2024
Woodlands - North Gateway,North,136.0,3,3,6256408.0,46003.0,Condo,12.19,5.3,7.5,6.5,0.424,0.141,Q1,2024
Woodlands - North Gateway,North,159.0,4,4,7930284.0,49876.0,Condo,11.61,4.8,7.5,6.5,0.323,0.1447,Q4,2024
Woodlands - North Gateway,North,215.0,4,4,11304055.0,52577.0,Condo,12.25,4.1,7.5,6.5,0.394,0.1511,Q4,2024
Woodlands - North Gateway,North,247.0,3,2,14172860.0,57380.0,Townhouse,12.07,5.4,7.5,6.5,0.348,0.2,Q2,2024
Woodlands - North Gateway,North,62.0,4,3,3101488.0,50024.0,House,11.66,4.9,7.5,6.5,0.195,0.1552,Q3,2024
Woodlands - North Gateway,North,218.0,1,1,12050604.0,55278.0,House,11.67,4.3,7.5,6.5,0.354,0.1423,Q2,2025
Woodlands - North Gateway,North,246.0,2,2,13877352.0,56412.0,House,11.88,5.8,7.5,6.5,0.238,0.138,Q2,2024
Woodlands - North Gateway,North,195.0,1,1,11011065.0,56467.0,Lot,12.25,4.3,7.5,6.5,0.21,0.1819,Q4,2024
Woodlands - North Gateway,North,188.0,3,3,10885388.0,57901.0,Condo,12.25,4.1,7.5,6.5,0.07,0.2,Q4,2025
Woodlands - North Gateway,North,175.0,3,2,9798425.0,55991.0,Townhouse,12.47,4.6,7.5,6.5,0.198,0.1768,Q4,2024
Woodlands - North Gateway,North,198.0,1,1,12142152.0,61324.0,Condo,12.22,4.1,7.5,6.5,0.212,0.2,Q4,2024
Woodlands - North Gateway,North,244.0,1,1,15133368.0,62022.0,Townhouse,11.24,4.4,7.5,6.5,0.151,0.2,Q1,2024
Woodlands - North Gateway,North,97.0,4,4,4605657.0,47481.0,House,11.67,4.2,7.5,6.5,0.282,0.1101,Q2,2025
Woodlands - North Gateway,North,229.0,2,2,12607137.0,55053.0,House,11.66,4.3,7.5,6.5,0.362,0.1801,Q1,2024
Woodlands - North Gateway,North,43.0,2,2,2212006.0,51442.0,Lot,11.43,5.5,7.5,6.5,0.119,0.1631,Q2,2024
Woodlands - North Gateway,North,132.0,1,1,7566768.0,57324.0,Condo,12.08,5.3,7.5,6.5,0.146,0.2,Q4,2024
Woodlands - North Gateway,North,65.0,2,1,3379935.0,51999.0,House,11.9,4.8,7.5,6.5,0.16,0.2,Q2,2025
Woodlands - North Gateway,North,57.0,4,3,2225166.0,39038.0,House,11.8,4.8,7.5,6.5,0.371,0.1263,Q2,2024
Woodlands - North Gateway,North,78.0,1,1,3515382.0,45069.0,Condo,11.92,4.4,7.5,6.5,0.199,0.1184,Q3,2025
Woodlands - North Gateway,North,101.0,2,1,4774674.0,47274.0,Condo,12.65,4.3,7.5,6.5,0.419,0.1852,Q1,2024
Woodlands - North Gateway,North,74.0,4,3,3710508.0,50142.0,Condo,12.15,5.5,7.5,6.5,0.111,0.1411,Q2,2025
Woodlands - North Gateway,North,55.0,2,2,2833545.0,51519.0,House,12.11,4.9,7.5,6.5,0.171,0.1718,Q3,2025
Woodlands - North Gateway,North,112.0,2,2,5890192.0,52591.0,Condo,11.87,3.5,7.5,6.5,0.17,0.1702,Q4,2024
Woodlands - North Gateway,North,256.0,2,1,16863232.0,65872.0,Townhouse,12.44,5.3,7.5,6.5,0.084,0.2,Q2,2024
Woodlands - North Gateway,North,89.0,4,4,5168141.0,58069.0,House,12.04,5.9,7.5,6.5,0.042,0.2,Q3,2024
Woodlands - North Gateway,North,119.0,2,2,6845237.0,57523.0,Townhouse,12.32,5.6,7.5,6.5,0.045,0.2,Q2,2024
Woodlands - North Gateway,North,279.0,3,2,16535493.0,59267.0,House,11.99,5.0,7.5,6.5,0.299,0.1381,Q3,2025
Woodlands - North Gateway,North,62.0,2,2,3168758.0,51109.0,House,11.82,4.8,7.5,6.5,0.306,0.2,Q1,2025
Woodlands - North Gateway,North,275.0,1,1,18546825.0,67443.0,Townhouse,12.71,4.9,7.5,6.5,0.065,0.2,Q2,2024
Woodlands - North Gateway,North,241.0,3,2,14900066.0,61826.0,Condo,12.29,3.4,7.5,6.5,0.08,0.2,Q4,2025
Woodlands - North Gateway,North,53.0,2,2,2795856.0,52752.0,Lot,12.19,5.7,7.5,6.5,0.126,0.1798,Q2,2024
Woodlands - North Gateway,North,199.0,1,1,10543816.0,52984.0,Condo,12.34,3.4,7.5,6.5,0.361,0.1955,Q3,2024
Woodlands - North Gateway,North,239.0,3,2,13827345.0,57855.0,Condo,11.79,4.7,7.5,6.5,0.279,0.1516,Q1,2024
Woodlands - North Gateway,North,66.0,2,1,3145758.0,47663.0,Condo,12.31,4.4,7.5,6.5,0.128,0.1092,Q2,2025
Woodlands - North Gateway,North,171.0,1,1,9010332.0,52692.0,House,12.41,5.1,7.5,6.5,0.318,0.1385,Q1,2025
Woodlands - North Gateway,North,257.0,3,3,15646417.0,60881.0,House,12.43,5.5,7.5,6.5,0.076,0.1575,Q3,2024
Woodlands - North Gateway,North,272.0,2,1,15545344.0,57152.0,Townhouse,12.61,4.5,7.5,6.5,0.227,0.1143,Q2,2025
Woodlands - North Gateway,North,242.0,2,2,14798542.0,61151.0,Condo,11.17,4.2,7.5,6.5,0.182,0.2,Q3,2025
Woodlands - North Gateway,North,223.0,2,2,14034728.0,62936.0,Condo,11.29,4.4,7.5,6.5,0.054,0.2,Q4,2024
Woodlands - North Gateway,North,270.0,3,2,15142140.0,56082.0,Condo,12.05,5.0,7.5,6.5,0.307,0.1591,Q2,2025
Woodlands - North Gateway,North,80.0,2,2,3787680.0,47346.0,House,12.47,4.3,7.5,6.5,0.297,0.1424,Q1,2024
Woodlands - North Gateway,North,212.0,2,2,12361296.0,58308.0,Condo,12.62,3.4,7.5,6.5,0.192,0.1997,Q2,2024
Woodlands - North Gateway,North,41.0,2,1,2148605.0,52405.0,Condo,12.89,4.3,7.5,6.5,0.139,0.1682,Q2,2024
Woodlands - North Gateway,North,166.0,3,3,9713490.0,58515.0,Condo,11.47,4.8,7.5,6.5,0.17,0.1975,Q3,2025
Woodlands - North Gateway,North,27.0,2,1,1522881.0,56403.0,House,12.71,4.8,7.5,6.5,0.059,0.2,Q4,2024
Woodlands - North Gateway,North,92.0,4,3,5054480.0,54940.0,Condo,12.1,4.3,7.5,6.5,0.17,0.1948,Q4,2024
Woodlands - North Gateway,North,198.0,1,1,10002960.0,50520.0,House,12.28,5.0,7.5,6.5,0.259,0.1586,Q4,2024
Woodlands - North Gateway,North,171.0,2,2,10267866.0,60046.0,House,11.61,5.0,7.5,6.5,0.103,0.2,Q1,2024
Woodlands - North Gateway,North,179.0,3,2,9700905.0,54195.0,Lot,12.19,3.6,7.5,6.5,0.206,0.1149,Q4,2025
Woodlands - North Gateway,North,257.0,2,1,14708881.0,57233.0,Lot,11.41,3.9,7.5,6.5,0.17,0.1175,Q4,2024
Woodlands - North Gateway,North,220.0,1,1,14304620.0,65021.0,Lot,12.16,4.0,7.5,6.5,0.088,0.2,Q1,2024
Woodlands - North Gateway,North,70.0,2,2,3259410.0,46563.0,Condo,12.16,5.0,7.5,6.5,0.45,0.2,Q3,2024
Woodlands - North Gateway,North,60.0,1,1,2837460.0,47291.0,Townhouse,11.53,4.7,7.5,6.5,0.253,0.1199,Q4,2024
Woodlands - North Gateway,North,43.0,1,1,1991330.0,46310.0,Lot,12.44,4.8,7.5,6.5,0.236,0.1298,Q1,2025
Woodlands - North Gateway,North,240.0,3,3,14664000.0,61100.0,Townhouse,11.98,3.8,7.5,6.5,0.031,0.1282,Q2,2024
Woodlands - North Gateway,North,204.0,2,2,12806916.0,62779.0,Condo,12.25,4.9,7.5,6.5,0.056,0.1787,Q2,2024
Woodlands - North Gateway,North,129.0,5,5,7155243.0,55467.0,House,12.03,3.9,7.5,6.5,0.168,0.2,Q4,2025
Woodlands - North Gateway,North,38.0,2,1,1947500.0,51250.0,Condo,12.23,4.9,7.5,6.5,0.106,0.1316,Q2,2024
Woodlands - North Gateway,North,109.0,3,3,6281779.0,57631.0,Condo,12.09,4.4,7.5,6.5,0.091,0.1834,Q3,2025
Woodlands - North Gateway,North,55.0,3,3,2509265.0,45623.0,Condo,11.56,3.2,7.5,6.5,0.425,0.1881,Q2,2024
Woodlands - North Gateway,North,114.0,2,2,6367128.0,55852.0,Condo,12.39,4.8,7.5,6.5,0.039,0.1572,Q4,2024
Woodlands - North Gateway,North,138.0,2,2,8008002.0,58029.0,Condo,12.42,3.9,7.5,6.5,0.172,0.2,Q1,2024
Woodlands - North Gateway,North,187.0,1,1,11136598.0,59554.0,House,12.51,4.4,7.5,6.5,0.218,0.2,Q1,2024
Woodlands - North Gateway,North,170.0,2,2,9289820.0,54646.0,House,12.91,4.2,7.5,6.5,0.128,0.1377,Q1,2024
Woodlands - North Gateway,North,177.0,2,2,10338924.0,58412.0,Condo,12.41,4.0,7.5,6.5,0.103,0.1841,Q4,2024
Woodlands - North Gateway,North,147.0,3,2,8111901.0,55183.0,Condo,11.62,3.9,7.5,6.5,0.101,0.1554,Q1,2025
Woodlands - North Gateway,North,127.0,2,2,7103618.0,55934.0,Condo,12.23,4.2,7.5,6.5,0.123,0.2,Q2,2025
Woodlands - North Gateway,North,242.0,2,1,14618252.0,60406.0,Condo,12.09,5.1,7.5,6.5,0.271,0.1953,Q2,2025
Woodlands - North Gateway,North,157.0,3,2,7876062.0,50166.0,Condo,12.32,5.0,7.5,6.5,0.361,0.1426,Q3,2025
Woodlands - North Gateway,North,56.0,2,2,2622984.0,46839.0,Condo,12.09,5.2,7.5,6.5,0.16,0.1109,Q3,2025
Woodlands - North Gateway,North,145.0,2,2,7069910.0,48758.0,Condo,12.23,4.9,7.5,6.5,0.391,0.1787,Q1,2025
Woodlands - North Gateway,North,121.0,3,3,6213108.0,51348.0,Condo,11.42,4.3,7.5,6.5,0.231,0.2,Q2,2025
Woodlands - North Gateway,North,173.0,2,1,8964341.0,51817.0,Townhouse,11.48,4.6,7.5,6.5,0.176,0.1145,Q1,2024
Woodlands - North Gateway,North,263.0,3,3,14561258.0,55366.0,Condo,11.93,3.9,7.5,6.5,0.412,0.1748,Q2,2025
Woodlands - North Gateway,North,189.0,2,2,9577008.0,50672.0,Lot,12.1,4.4,7.5,6.5,0.413,0.1453,Q4,2024
Woodlands - North Gateway,North,190.0,3,2,11313740.0,59546.0,Condo,11.95,5.3,7.5,6.5,0.161,0.2,Q4,2025
Woodlands - North Gateway,North,209.0,2,1,13478201.0,64489.0,Condo,12.54,4.7,7.5,6.5,0.075,0.2,Q4,2024
Woodlands - North Gateway,North,276.0,2,2,15897324.0,57599.0,House,12.03,3.4,7.5,6.5,0.367,0.1959,Q1,2024
Woodlands - North Gateway,North,101.0,2,2,5150596.0,50996.0,Condo,12.05,3.8,7.5,6.5,0.296,0.2,Q2,2024
Woodlands - North Gateway,North,93.0,1,1,4072935.0,43795.0,House,12.17,3.7,7.5,6.5,0.44,0.2,Q2,2025
Woodlands - North Gateway,North,139.0,3,3,5866217.0,42203.0,Lot,11.6,3.6,7.5,6.5,0.432,0.1132,Q4,2024
Woodlands - North Gateway,North,250.0,2,2,16494250.0,65977.0,Condo,11.21,3.9,7.5,6.5,0.061,0.2,Q2,2024
Woodlands - North Gateway,North,42.0,4,4,1866312.0,44436.0,Condo,12.33,5.4,7.5,6.5,0.387,0.1766,Q1,2025
Woodlands - North Gateway,North,148.0,2,2,7978384.0,53908.0,Condo,11.04,4.5,7.5,6.5,0.293,0.2,Q1,2025
Woodlands - North Gateway,North,267.0,1,1,14377416.0,53848.0,Condo,12.14,5.4,7.5,6.5,0.346,0.121,Q3,2024
Woodlands - North Gateway,North,115.0,4,3,6357660.0,55284.0,Townhouse,12.18,4.9,7.5,6.5,0.064,0.1394,Q3,2024
Woodlands - North Gateway,North,110.0,2,1,6345130.0,57683.0,Condo,12.65,4.3,7.5,6.5,0.112,0.2,Q1,2024
Woodlands - North Gateway,North,107.0,2,2,5612899.0,52457.0,Condo,11.88,3.7,7.5,6.5,0.279,0.2,Q4,2024
Woodlands - North Gateway,North,124.0,5,4,7319472.0,59028.0,Condo,12.72,4.3,7.5,6.5,0.077,0.1582,Q2,2024
Woodlands - North Gateway,North,198.0,2,1,11546172.0,58314.0,House,12.02,4.1,7.5,6.5,0.233,0.2,Q1,2024
Woodlands - North Gateway,North,198.0,3,3,10544094.0,53253.0,Condo,12.09,4.7,7.5,6.5,0.424,0.2,Q4,2024
Woodlands - North Gateway,North,256.0,2,1,13070848.0,51058.0,Townhouse,12.12,4.4,7.5,6.5,0.426,0.1486,Q1,2025
Woodlands - North Gateway,North,200.0,4,3,11863400.0,59317.0,Condo,11.82,3.9,7.5,6.5,0.059,0.2,Q1,2024
Woodlands - North Gateway,North,238.0,3,2,12668978.0,53231.0,Condo,11.83,5.4,7.5,6.5,0.306,0.1167,Q3,2024
Woodlands - North Gateway,North,27.0,1,1,1161513.0,43019.0,House,12.03,5.1,7.5,6.5,0.375,0.13,Q2,2024
Woodlands - North Gateway,North,251.0,4,3,16086841.0,64091.0,Lot,11.15,4.5,7.5,6.5,0.082,0.2,Q1,2024
Woodlands - North Gateway,North,231.0,2,2,13897653.0,60163.0,House,11.72,4.2,7.5,6.5,0.08,0.1407,Q4,2025
Woodlands - North Gateway,North,97.0,3,3,4841270.0,49910.0,Townhouse,11.59,4.4,7.5,6.5,0.378,0.2,Q4,2024
Woodlands - North Gateway,North,229.0,3,3,13000101.0,56769.0,House,11.57,4.9,7.5,6.5,0.289,0.192,Q1,2024
Woodlands - North Gateway,North,39.0,3,3,1830972.0,46948.0,Condo,11.7,4.2,7.5,6.5,0.338,0.1835,Q3,2025
Woodlands - North Gateway,North,201.0,2,2,11990856.0,59656.0,Condo,11.33,4.1,7.5,6.5,0.049,0.1717,Q2,2024
Woodlands - North Gateway,North,90.0,4,4,4459860.0,49554.0,Townhouse,11.62,4.4,7.5,6.5,0.289,0.2,Q2,2025
Woodlands - North Gateway,North,163.0,3,3,9098823.0,55821.0,House,11.88,5.7,7.5,6.5,0.285,0.1871,Q1,2024
Woodlands - North Gateway,North,65.0,2,2,3585790.0,55166.0,Townhouse,12.28,4.9,7.5,6.5,0.079,0.1861,Q2,2025
Woodlands - North Gateway,North,278.0,1,1,16850136.0,60612.0,House,12.04,4.0,7.5,6.5,0.13,0.1514,Q1,2024
Woodlands - North Gateway,North,168.0,2,2,9221352.0,54889.0,Condo,12.02,4.4,7.5,6.5,0.314,0.2,Q2,2024
Woodlands - North Gateway,North,234.0,2,2,13374972.0,57158.0,Lot,12.12,4.9,7.5,6.5,0.144,0.1215,Q3,2024
Woodlands - North Gateway,North,65.0,4,4,2750280.0,42312.0,House,11.91,4.9,7.5,6.5,0.437,0.129,Q1,2024
Woodlands - North Gateway,North,169.0,4,3,8243989.0,48781.0,Condo,12.51,4.4,7.5,6.5,0.306,0.138,Q1,2025
Woodlands - North Gateway,North,60.0,2,2,2641800.0,44030.0,Condo,11.59,3.9,7.5,6.5,0.265,0.1105,Q3,2024
Woodlands - North Gateway,North,214.0,5,5,11773638.0,55017.0,House,11.64,4.1,7.5,6.5,0.297,0.2,Q2,2025
Woodlands - North Gateway,North,46.0,1,1,2116828.0,46018.0,Condo,12.7,4.1,7.5,6.5,0.392,0.2,Q1,2024
Woodlands - North Gateway,North,228.0,3,2,11239716.0,49297.0,Condo,12.29,4.0,7.5,6.5,0.411,0.1375,Q4,2025
Woodlands - North Gateway,North,111.0,4,4,5731041.0,51631.0,House,11.97,4.0,7.5,6.5,0.284,0.1874,Q2,2025
Woodlands - North Gateway,North,225.0,5,4,12394575.0,55087.0,Townhouse,12.55,4.9,7.5,6.5,0.222,0.1142,Q2,2025
Woodlands - North Gateway,North,239.0,5,4,12861546.0,53814.0,Condo,12.49,5.5,7.5,6.5,0.419,0.1482,Q2,2024
Woodlands - North Gateway,North,39.0,2,1,2219022.0,56898.0,House,11.4,5.8,7.5,6.5,0.021,0.2,Q3,2024
Woodlands - North Gateway,North,246.0,3,2,13072686.0,53141.0,Condo,11.61,4.1,7.5,6.5,0.347,0.2,Q2,2024
Woodlands - North Gateway,North,234.0,2,1,12607686.0,53879.0,Lot,12.41,4.7,7.5,6.5,0.416,0.1804,Q2,2024
Woodlands - North Gateway,North,64.0,4,3,3042688.0,47542.0,Lot,12.06,4.9,7.5,6.5,0.37,0.2,Q3,2024
Woodlands - North Gateway,North,91.0,3,2,5341427.0,58697.0,Condo,11.8,4.3,7.5,6.5,0.062,0.2,Q1,2024
Woodlands - North Gateway,North,199.0,5,4,13106737.0,65863.0,House,11.74,3.9,7.5,6.5,0.041,0.1908,Q3,2025
Woodlands - North Gateway,North,200.0,4,4,11967000.0,59835.0,Townhouse,12.8,5.2,7.5,6.5,0.049,0.1677,Q1,2024
Woodlands - North Gateway,North,192.0,3,2,11176128.0,58209.0,Condo,12.23,4.2,7.5,6.5,0.141,0.2,Q2,2025
Woodlands - North Gateway,North,111.0,4,4,6239532.0,56212.0,Townhouse,11.54,4.4,7.5,6.5,0.12,0.2,Q4,2025
Woodlands - North Gateway,North,179.0,2,2,8985621.0,50199.0,Condo,11.67,4.1,7.5,6.5,0.449,0.1532,Q3,2025
Woodlands - North Gateway,North,115.0,3,3,5804165.0,50471.0,House,12.31,4.1,7.5,6.5,0.26,0.1348,Q3,2024
Woodlands - North Gateway,North,114.0,2,2,6050208.0,53072.0,Condo,12.1,5.4,7.5,6.5,0.202,0.1747,Q1,2025
Woodlands - North Gateway,North,272.0,3,2,16324896.0,60018.0,Condo,11.83,5.4,7.5,6.5,0.195,0.1561,Q4,2024
Woodlands - North Gateway,North,57.0,3,3,2700660.0,47380.0,Condo,12.08,4.4,7.5,6.5,0.36,0.2,Q4,2024
Woodlands - North Gateway,North,65.0,2,1,2816775.0,43335.0,Townhouse,12.1,4.8,7.5,6.5,0.443,0.193,Q3,2024
Woodlands - North Gateway,North,229.0,3,3,12135626.0,52994.0,Condo,11.47,4.9,7.5,6.5,0.436,0.2,Q1,2024
Woodlands - North Gateway,North,25.0,4,3,1011925.0,40477.0,Condo,12.18,4.0,7.5,6.5,0.448,0.1218,Q4,2024
Woodlands - North Gateway,North,33.0,2,1,1469589.0,44533.0,Townhouse,11.93,4.7,7.5,6.5,0.351,0.2,Q4,2024
Woodlands - North Gateway,North,211.0,2,2,11253263.0,53333.0,House,12.5,4.9,7.5,6.5,0.312,0.1317,Q4,2025
Woodlands - North Gateway,North,187.0,3,2,9708853.0,51919.0,Townhouse,11.83,3.8,7.5,6.5,0.402,0.1891,Q2,2025
Woodlands - North Gateway,North,244.0,2,1,13492468.0,55297.0,Townhouse,11.51,3.7,7.5,6.5,0.391,0.1894,Q1,2024
Woodlands - North Gateway,North,31.0,2,2,1442678.0,46538.0,Condo,11.02,3.6,7.5,6.5,0.308,0.1853,Q4,2025
Woodlands - North Gateway,North,69.0,3,3,3682392.0,53368.0,Condo,12.22,3.9,7.5,6.5,0.036,0.1598,Q1,2024
Woodlands - North Gateway,North,199.0,3,3,10836346.0,54454.0,Lot,12.96,4.2,7.5,6.5,0.241,0.1668,Q4,2024
Woodlands - North Gateway,North,272.0,2,1,13950336.0,51288.0,Condo,11.4,3.7,7.5,6.5,0.416,0.11,Q4,2024
Woodlands - North Gateway,North,88.0,3,2,4617272.0,52469.0,Condo,11.44,4.7,7.5,6.5,0.03,0.1373,Q2,2025
Woodlands - North Gateway,North,194.0,3,2,10591042.0,54593.0,House,12.08,4.1,7.5,6.5,0.347,0.1806,Q3,2024
Woodlands - North Gateway,North,125.0,4,4,6522125.0,52177.0,Condo,11.98,4.2,7.5,6.5,0.263,0.2,Q3,2024
Woodlands - North Gateway,North,246.0,2,2,15367866.0,62471.0,House,11.89,4.8,7.5,6.5,0.17,0.2,Q2,2025
Woodlands - North Gateway,North,132.0,2,1,7209840.0,54620.0,House,12.08,4.3,7.5,6.5,0.279,0.1688,Q2,2024
Woodlands - North Gateway,North,65.0,2,2,3639610.0,55994.0,Condo,11.82,4.5,7.5,6.5,0.089,0.1964,Q3,2024
Woodlands - North Gateway,North,105.0,3,3,5678295.0,54079.0,Condo,11.44,3.8,7.5,6.5,0.23,0.1948,Q3,2024
Woodlands - North Gateway,North,268.0,1,1,16033904.0,59828.0,Condo,12.21,4.6,7.5,6.5,0.112,0.16,Q3,2024
Woodlands - North Gateway,North,113.0,5,5,6159291.0,54507.0,Condo,12.01,4.9,7.5,6.5,0.293,0.2,Q1,2025
Woodlands - North Gateway,North,176.0,3,2,9802144.0,55694.0,Condo,12.0,4.3,7.5,6.5,0.282,0.2,Q2,2024
Woodlands - North Gateway,North,160.0,2,2,9285440.0,58034.0,Lot,12.2,4.0,7.5,6.5,0.084,0.1547,Q3,2025
Woodlands - North Gateway,North,123.0,2,2,6218265.0,50555.0,Lot,12.41,4.5,7.5,6.5,0.408,0.2,Q3,2025
Woodlands - North Gateway,North,270.0,2,2,15388650.0,56995.0,House,12.09,3.5,7.5,6.5,0.3,0.2,Q2,2024
Woodlands - North Gateway,North,65.0,1,1,3302260.0,50804.0,Condo,12.87,4.4,7.5,6.5,0.121,0.14,Q1,2024
Woodlands - North Gateway,North,113.0,2,2,5302638.0,46926.0,Condo,12.57,4.5,7.5,6.5,0.269,0.1857,Q3,2024
Woodlands - North Gateway,North,146.0,1,1,7602950.0,52075.0,Condo,12.76,3.6,7.5,6.5,0.209,0.2,Q1,2025
Woodlands - North Gateway,North,189.0,2,2,10972962.0,58058.0,Condo,11.65,2.9,7.5,6.5,0.069,0.171,Q4,2024
Woodlands - North Gateway,North,163.0,2,2,8646661.0,53047.0,Lot,12.17,4.7,7.5,6.5,0.32,0.2,Q3,2025
Woodlands - North Gateway,North,234.0,4,3,14036022.0,59983.0,Condo,11.62,5.4,7.5,6.5,0.226,0.2,Q2,2024
Woodlands - North Gateway,North,50.0,4,3,2537900.0,50758.0,Lot,12.07,3.9,7.5,6.5,0.259,0.2,Q1,2024
Woodlands - North Gateway,North,157.0,4,4,8915559.0,56787.0,Condo,11.88,4.9,7.5,6.5,0.069,0.1589,Q1,2025
Woodlands - North Gateway,North,222.0,2,1,12926616.0,58228.0,House,12.57,5.4,7.5,6.5,0.198,0.1416,Q3,2024
Woodlands - North Gateway,North,60.0,3,3,2554740.0,42579.0,Lot,11.96,5.4,7.5,6.5,0.383,0.1321,Q3,2024
Woodlands - North Gateway,North,60.0,2,1,3046080.0,50768.0,Townhouse,12.35,4.5,7.5,6.5,0.02,0.1098,Q4,2025
Woodlands - North Gateway,North,72.0,2,2,3737088.0,51904.0,Condo,12.52,5.5,7.5,6.5,0.191,0.1875,Q3,2025
Woodlands - North Gateway,North,73.0,2,2,3571014.0,48918.0,Condo,12.1,4.3,7.5,6.5,0.247,0.2,Q1,2025
Woodlands - North Gateway,North,114.0,1,1,5229864.0,45876.0,Condo,12.23,5.3,7.5,6.5,0.414,0.1385,Q4,2025
Woodlands - North Gateway,North,65.0,2,2,3272425.0,50345.0,Condo,12.62,3.8,7.5,6.5,0.358,0.2,Q1,2024
Woodlands - North Gateway,North,236.0,4,4,13169272.0,55802.0,Lot,11.74,5.1,7.5,6.5,0.362,0.2,Q4,2025
Woodlands - North Gateway,North,227.0,2,2,13973666.0,61558.0,Condo,12.04,3.7,7.5,6.5,0.138,0.2,Q3,2025
Woodlands - North Gateway,North,126.0,2,1,7297794.0,57919.0,Condo,11.9,4.5,7.5,6.5,0.094,0.2,Q1,2024
Woodlands - North Gateway,North,126.0,1,1,5868702.0,46577.0,Condo,11.44,4.4,7.5,6.5,0.379,0.1103,Q2,2024
Woodlands - North Gateway,North,36.0,2,1,1795788.0,49883.0,Condo,12.09,5.1,7.5,6.5,0.033,0.1585,Q3,2025
Woodlands - North Gateway,North,162.0,4,3,8201250.0,50625.0,House,11.43,5.8,7.5,6.5,0.44,0.1791,Q2,2024
Woodlands - North Gateway,North,52.0,3,3,2733380.0,52565.0,Condo,11.74,5.2,7.5,6.5,0.035,0.154,Q1,2024
Woodlands - North Gateway,North,103.0,3,3,5541812.0,53804.0,Townhouse,12.52,3.7,7.5,6.5,0.161,0.2,Q1,2024
Woodlands - North Gateway,North,39.0,2,2,1691235.0,43365.0,Condo,11.61,3.9,7.5,6.5,0.37,0.1614,Q4,2025
Woodlands - North Gateway,North,258.0,2,2,15054300.0,58350.0,Condo,11.91,4.6,7.5,6.5,0.266,0.2,Q4,2025
Woodlands - North Gateway,North,30.0,2,2,1484250.0,49475.0,House,12.34,4.6,7.5,6.5,0.309,0.2,Q4,2024
Woodlands - North Gateway,North,147.0,3,2,8063391.0,54853.0,Townhouse,12.24,4.4,7.5,6.5,0.11,0.1485,Q2,2025
Woodlands - North Gateway,North,169.0,2,2,9266946.0,54834.0,Condo,12.56,3.9,7.5,6.5,0.252,0.2,Q2,2025
Woodlands - North Gateway,North,270.0,1,1,15195330.0,56279.0,Condo,11.49,4.0,7.5,6.5,0.35,0.1767,Q3,2024
Woodlands - North Gateway,North,246.0,3,3,15560484.0,63254.0,Townhouse,11.54,4.7,7.5,6.5,0.161,0.194,Q1,2024
Woodlands - North Gateway,North,202.0,1,1,12205244.0,60422.0,House,12.19,5.3,7.5,6.5,0.141,0.1633,Q3,2024
Woodlands - North Gateway,North,174.0,3,2,9545988.0,54862.0,House,12.1,3.6,7.5,6.5,0.051,0.1494,Q2,2025
Woodlands - North Gateway,North,262.0,2,2,16614730.0,63415.0,Condo,11.89,4.0,7.5,6.5,0.127,0.2,Q3,2024
Woodlands - North Gateway,North,213.0,5,5,12338664.0,57928.0,House,12.0,3.5,7.5,6.5,0.168,0.2,Q4,2024
Woodlands - North Gateway,North,119.0,3,2,6646864.0,55856.0,Townhouse,11.94,4.8,7.5,6.5,0.063,0.1506,Q1,2025
Woodlands - North Gateway,North,173.0,4,4,8476481.0,48997.0,House,11.64,4.3,7.5,6.5,0.302,0.1413,Q1,2024
Woodlands - North Gateway,North,186.0,3,3,10195776.0,54816.0,House,12.6,4.3,7.5,6.5,0.336,0.2,Q4,2025
Woodlands - North Gateway,North,160.0,4,4,9074240.0,56714.0,House,11.84,4.8,7.5,6.5,0.179,0.175,Q3,2024
Woodlands - North Gateway,North,33.0,1,1,1501764.0,45508.0,House,11.76,5.2,7.5,6.5,0.432,0.1444,Q2,2024
Woodlands - North Gateway,North,251.0,2,1,13672974.0,54474.0,Condo,11.74,3.9,7.5,6.5,0.449,0.1834,Q3,2025
Woodlands - North Gateway,North,273.0,2,2,16765203.0,61411.0,Condo,11.46,4.6,7.5,6.5,0.066,0.1243,Q4,2025
Woodlands - North Gateway,North,187.0,3,3,10219550.0,54650.0,Condo,12.39,4.8,7.5,6.5,0.225,0.1513,Q4,2024
Woodlands - North Gateway,North,242.0,3,2,15558906.0,64293.0,Condo,12.17,5.0,7.5,6.5,0.027,0.2,Q1,2024
Woodlands - North Gateway,North,151.0,5,5,8845429.0,58579.0,House,12.22,4.3,7.5,6.5,0.107,0.2,Q2,2024
Woodlands - North Gateway,North,196.0,1,1,10879568.0,55508.0,Condo,11.12,4.9,7.5,6.5,0.325,0.2,Q2,2025
Woodlands - North Gateway,North,25.0,3,2,1155800.0,46232.0,Condo,12.01,4.7,7.5,6.5,0.192,0.1127,Q3,2025
Queenstown - Heritage Zone,Central,210.0,4,3,14295750.0,68075.0,Condo,9.85,4.5,8.3,7.2,0.369,0.2,Q4,2025
Queenstown - Heritage Zone,Central,137.0,3,2,10047032.0,73336.0,Condo,9.82,6.6,8.3,7.2,0.32,0.2,Q1,2024
Queenstown - Heritage Zone,Central,91.0,3,3,7153783.0,78613.0,House,10.55,6.4,8.3,7.2,0.03,0.2,Q1,2025
Queenstown - Heritage Zone,Central,50.0,1,1,3540900.0,70818.0,Condo,9.71,5.5,8.3,7.2,0.233,0.2,Q4,2024
Queenstown - Heritage Zone,Central,200.0,3,3,16478000.0,82390.0,Lot,10.19,5.5,8.3,7.2,0.178,0.2,Q3,2024
Queenstown - Heritage Zone,Central,176.0,2,2,12459216.0,70791.0,Condo,10.07,6.9,8.3,7.2,0.418,0.2,Q1,2024
Queenstown - Heritage Zone,Central,123.0,2,1,9236439.0,75093.0,House,10.48,6.5,8.3,7.2,0.19,0.2,Q1,2024
Queenstown - Heritage Zone,Central,119.0,4,4,9144674.0,76846.0,Townhouse,10.04,6.4,8.3,7.2,0.172,0.2,Q3,2025
Queenstown - Heritage Zone,Central,273.0,5,4,21599214.0,79118.0,Condo,10.0,5.9,8.3,7.2,0.22,0.1571,Q4,2025
Queenstown - Heritage Zone,Central,148.0,3,3,12147100.0,82075.0,Townhouse,10.09,6.8,8.3,7.2,0.067,0.2,Q2,2025
Queenstown - Heritage Zone,Central,273.0,3,3,20861022.0,76414.0,House,9.34,5.4,8.3,7.2,0.407,0.2,Q3,2025
Queenstown - Heritage Zone,Central,93.0,2,2,6826479.0,73403.0,Condo,10.04,7.1,8.3,7.2,0.246,0.1646,Q3,2024
Queenstown - Heritage Zone,Central,75.0,2,1,5472975.0,72973.0,Townhouse,9.96,7.6,8.3,7.2,0.404,0.2,Q4,2025
Queenstown - Heritage Zone,Central,136.0,2,2,9283088.0,68258.0,Condo,9.07,5.5,8.3,7.2,0.389,0.2,Q3,2024
Queenstown - Heritage Zone,Central,80.0,3,2,6075200.0,75940.0,Condo,9.73,6.6,8.3,7.2,0.105,0.2,Q4,2024
Queenstown - Heritage Zone,Central,132.0,3,3,10026456.0,75958.0,Townhouse,10.1,7.1,8.3,7.2,0.268,0.2,Q3,2024
Queenstown - Heritage Zone,Central,162.0,3,2,11913804.0,73542.0,Condo,9.99,6.0,8.3,7.2,0.371,0.2,Q1,2025
Queenstown - Heritage Zone,Central,40.0,2,2,2791640.0,69791.0,Lot,10.8,5.8,8.3,7.2,0.313,0.2,Q2,2025
Queenstown - Heritage Zone,Central,205.0,4,3,14610555.0,71271.0,Condo,10.45,6.6,8.3,7.2,0.441,0.2,Q1,2024
Queenstown - Heritage Zone,Central,150.0,3,3,10944900.0,72966.0,Townhouse,10.28,6.2,8.3,7.2,0.304,0.1883,Q1,2024
Queenstown - Heritage Zone,Central,97.0,1,1,6507827.0,67091.0,Lot,10.41,6.9,8.3,7.2,0.358,0.1634,Q1,2024
Queenstown - Heritage Zone,Central,73.0,3,3,5791017.0,79329.0,Townhouse,10.38,6.7,8.3,7.2,0.074,0.2,Q2,2025
Queenstown - Heritage Zone,Central,75.0,1,1,6218475.0,82913.0,Condo,9.65,5.9,8.3,7.2,0.104,0.2,Q4,2024
Queenstown - Heritage Zone,Central,128.0,2,1,10290560.0,80395.0,House,9.49,6.2,8.3,7.2,0.152,0.2,Q3,2024
Queenstown - Heritage Zone,Central,251.0,2,1,20503186.0,81686.0,House,9.34,6.5,8.3,7.2,0.354,0.2,Q1,2024
Queenstown - Heritage Zone,Central,227.0,1,1,18091219.0,79697.0,House,10.08,6.5,8.3,7.2,0.225,0.2,Q1,2025
Queenstown - Heritage Zone,Central,142.0,5,5,11296668.0,79554.0,House,10.74,7.0,8.3,7.2,0.185,0.1996,Q3,2025
Queenstown - Heritage Zone,Central,238.0,5,5,20490848.0,86096.0,Condo,9.51,6.7,8.3,7.2,0.101,0.2,Q1,2025
Queenstown - Heritage Zone,Central,107.0,1,1,8575301.0,80143.0,Condo,9.94,5.9,8.3,7.2,0.114,0.2,Q3,2024
Queenstown - Heritage Zone,Central,202.0,3,3,17809532.0,88166.0,House,9.86,7.0,8.3,7.2,0.081,0.2,Q3,2025
Queenstown - Heritage Zone,Central,90.0,3,3,7007040.0,77856.0,House,9.58,6.6,8.3,7.2,0.181,0.2,Q2,2025
Queenstown - Heritage Zone,Central,109.0,3,2,8482380.0,77820.0,Condo,10.22,5.1,8.3,7.2,0.095,0.2,Q1,2024
Queenstown - Heritage Zone,Central,169.0,1,1,13115076.0,77604.0,House,9.89,6.1,8.3,7.2,0.21,0.2,Q3,2024
Queenstown - Heritage Zone,Central,80.0,2,2,6018720.0,75234.0,House,9.46,6.9,8.3,7.2,0.204,0.2,Q2,2025
Queenstown - Heritage Zone,Central,226.0,2,2,18605224.0,82324.0,Condo,9.46,6.4,8.3,7.2,0.117,0.1811,Q3,2025
Queenstown - Heritage Zone,Central,241.0,4,4,20320879.0,84319.0,Lot,11.13,6.6,8.3,7.2,0.23,0.2,Q4,2024
Queenstown - Heritage Zone,Central,255.0,3,3,21442695.0,84089.0,Condo,9.83,7.2,8.3,7.2,0.118,0.2,Q1,2025
Queenstown - Heritage Zone,Central,241.0,1,1,20088073.0,83353.0,House,10.01,7.3,8.3,7.2,0.244,0.2,Q4,2024
Queenstown - Heritage Zone,Central,38.0,3,3,2889406.0,76037.0,Townhouse,9.57,6.7,8.3,7.2,0.121,0.2,Q4,2024
Queenstown - Heritage Zone,Central,243.0,3,2,19445346.0,80022.0,House,9.65,6.2,8.3,7.2,0.275,0.1662,Q4,2024
Queenstown - Heritage Zone,Central,234.0,4,3,19893042.0,85013.0,Condo,10.24,6.6,8.3,7.2,0.155,0.2,Q4,2025
Queenstown - Heritage Zone,Central,39.0,2,2,2987127.0,76593.0,Townhouse,10.13,6.3,8.3,7.2,0.084,0.2,Q4,2025
Queenstown - Heritage Zone,Central,191.0,1,1,14373705.0,75255.0,House,9.96,6.3,8.3,7.2,0.43,0.1989,Q4,2024
Queenstown - Heritage Zone,Central,77.0,1,1,5700849.0,74037.0,Condo,10.22,7.4,8.3,7.2,0.209,0.2,Q4,2025
Queenstown - Heritage Zone,Central,109.0,2,1,9008087.0,82643.0,Condo,9.74,6.4,8.3,7.2,0.034,0.2,Q4,2024
Queenstown - Heritage Zone,Central,187.0,1,1,16445902.0,87946.0,Condo,9.65,6.9,8.3,7.2,0.067,0.2,Q3,2024
Queenstown - Heritage Zone,Central,188.0,4,3,16017412.0,85199.0,House,9.79,6.7,8.3,7.2,0.088,0.2,Q1,2024
Queenstown - Heritage Zone,Central,57.0,4,3,4107876.0,72068.0,Lot,10.18,6.0,8.3,7.2,0.174,0.2,Q2,2025
Queenstown - Heritage Zone,Central,125.0,2,1,8917000.0,71336.0,Condo,9.69,6.5,8.3,7.2,0.416,0.2,Q3,2024
Queenstown - Heritage Zone,Central,121.0,2,1,7968334.0,65854.0,Townhouse,9.89,6.3,8.3,7.2,0.422,0.172,Q2,2025
Queenstown - Heritage Zone,Central,274.0,1,1,22799540.0,83210.0,Condo,9.88,7.7,8.3,7.2,0.187,0.1692,Q2,2025
Queenstown - Heritage Zone,Central,265.0,2,1,22985570.0,86738.0,Townhouse,9.74,6.6,8.3,7.2,0.111,0.2,Q3,2025
Queenstown - Heritage Zone,Central,172.0,3,2,14355120.0,83460.0,Condo,9.55,6.9,8.3,7.2,0.183,0.2,Q3,2024
Queenstown - Heritage Zone,Central,196.0,2,1,15370908.0,78423.0,Condo,10.32,7.7,8.3,7.2,0.304,0.1925,Q1,2024
Queenstown - Heritage Zone,Central,39.0,2,2,2976285.0,76315.0,House,10.09,6.2,8.3,7.2,0.13,0.2,Q1,2024
Queenstown - Heritage Zone,Central,124.0,2,2,8759856.0,70644.0,Condo,9.28,7.3,8.3,7.2,0.358,0.2,Q4,2024
Queenstown - Heritage Zone,Central,162.0,2,2,12744864.0,78672.0,Condo,9.85,7.0,8.3,7.2,0.171,0.1741,Q1,2024
Queenstown - Heritage Zone,Central,33.0,1,1,2742201.0,83097.0,Condo,8.95,6.5,8.3,7.2,0.068,0.2,Q3,2024
Queenstown - Heritage Zone,Central,30.0,4,4,2290410.0,76347.0,Condo,10.23,6.7,8.3,7.2,0.246,0.2,Q4,2024
Queenstown - Heritage Zone,Central,80.0,3,3,6229280.0,77866.0,House,10.33,7.3,8.3,7.2,0.091,0.2,Q2,2024
Queenstown - Heritage Zone,Central,239.0,1,1,20393392.0,85328.0,Condo,10.21,6.5,8.3,7.2,0.09,0.1599,Q3,2025
Queenstown - Heritage Zone,Central,155.0,3,2,12643040.0,81568.0,Condo,10.08,7.2,8.3,7.2,0.054,0.1624,Q1,2024
Queenstown - Heritage Zone,Central,32.0,3,2,2154048.0,67314.0,House,10.31,6.6,8.3,7.2,0.302,0.1736,Q1,2025
Queenstown - Heritage Zone,Central,269.0,3,2,22973407.0,85403.0,Condo,10.27,7.2,8.3,7.2,0.258,0.2,Q3,2024
Queenstown - Heritage Zone,Central,161.0,3,3,11691981.0,72621.0,Townhouse,9.67,5.8,8.3,7.2,0.404,0.2,Q4,2024
Queenstown - Heritage Zone,Central,99.0,2,1,7368867.0,74433.0,Condo,9.98,6.8,8.3,7.2,0.24,0.2,Q1,2024
Queenstown - Heritage Zone,Central,98.0,2,1,6959862.0,71019.0,Condo,9.5,7.0,8.3,7.2,0.315,0.1971,Q1,2024
Queenstown - Heritage Zone,Central,155.0,4,4,12812455.0,82661.0,Condo,10.51,6.5,8.3,7.2,0.06,0.2,Q2,2024
Queenstown - Heritage Zone,Central,227.0,3,3,18218112.0,80256.0,Condo,9.82,6.2,8.3,7.2,0.313,0.2,Q4,2025
Queenstown - Heritage Zone,Central,139.0,2,2,10599306.0,76254.0,House,10.35,6.8,8.3,7.2,0.309,0.2,Q4,2024
Queenstown - Heritage Zone,Central,89.0,1,1,6498068.0,73012.0,Lot,10.56,6.1,8.3,7.2,0.232,0.1574,Q4,2024
Queenstown - Heritage Zone,Central,54.0,4,3,3808026.0,70519.0,House,10.36,6.3,8.3,7.2,0.232,0.2,Q2,2024
Queenstown - Heritage Zone,Central,116.0,4,4,9793068.0,84423.0,House,10.1,5.8,8.3,7.2,0.044,0.2,Q4,2025
Queenstown - Heritage Zone,Central,211.0,5,5,18140514.0,85974.0,Condo,9.41,7.6,8.3,7.2,0.087,0.1671,Q1,2024
Queenstown - Heritage Zone,Central,177.0,4,3,14899329.0,84177.0,Condo,10.27,6.9,8.3,7.2,0.105,0.2,Q4,2025
Queenstown - Heritage Zone,Central,213.0,1,1,18470508.0,86716.0,Townhouse,9.57,7.0,8.3,7.2,0.1,0.2,Q3,2025
Queenstown - Heritage Zone,Central,169.0,4,3,11339224.0,67096.0,House,10.69,6.4,8.3,7.2,0.447,0.2,Q2,2025
Queenstown - Heritage Zone,Central,137.0,4,3,10683260.0,77980.0,Condo,10.25,6.7,8.3,7.2,0.326,0.2,Q1,2025
Queenstown - Heritage Zone,Central,243.0,1,1,17846649.0,73443.0,Condo,9.99,6.6,8.3,7.2,0.367,0.2,Q4,2025
Queenstown - Heritage Zone,Central,169.0,3,3,12328212.0,72948.0,Townhouse,10.08,7.0,8.3,7.2,0.384,0.1601,Q4,2024
Queenstown - Heritage Zone,Central,260.0,3,2,22761440.0,87544.0,Condo,9.09,6.6,8.3,7.2,0.074,0.2,Q4,2025
Queenstown - Heritage Zone,Central,34.0,4,4,2498966.0,73499.0,House,9.57,6.7,8.3,7.2,0.246,0.2,Q3,2025
Queenstown - Heritage Zone,Central,186.0,3,2,15786564.0,84874.0,House,9.88,6.3,8.3,7.2,0.105,0.1913,Q2,2025
Queenstown - Heritage Zone,Central,183.0,1,1,14658849.0,80103.0,Condo,9.83,7.1,8.3,7.2,0.228,0.2,Q4,2024
Queenstown - Heritage Zone,Central,116.0,3,3,9536940.0,82215.0,Condo,9.67,7.3,8.3,7.2,0.138,0.2,Q4,2024
Queenstown - Heritage Zone,Central,73.0,4,4,5811457.0,79609.0,House,10.55,6.9,8.3,7.2,0.045,0.2,Q4,2025
Queenstown - Heritage Zone,Central,93.0,3,2,7275111.0,78227.0,Lot,10.0,6.6,8.3,7.2,0.086,0.1769,Q4,2024
Queenstown - Heritage Zone,Central,56.0,2,2,3949848.0,70533.0,Lot,10.02,5.9,8.3,7.2,0.28,0.2,Q1,2024
Queenstown - Heritage Zone,Central,213.0,2,2,15923241.0,74757.0,House,10.12,5.1,8.3,7.2,0.362,0.2,Q3,2024
Queenstown - Heritage Zone,Central,185.0,3,3,15747570.0,85122.0,Townhouse,9.7,6.6,8.3,7.2,0.077,0.1974,Q4,2024
Queenstown - Heritage Zone,Central,84.0,1,1,5877396.0,69969.0,House,9.81,6.1,8.3,7.2,0.35,0.2,Q2,2024
Queenstown - Heritage Zone,Central,85.0,2,1,6472835.0,76151.0,House,10.0,6.5,8.3,7.2,0.154,0.2,Q4,2024
Queenstown - Heritage Zone,Central,152.0,4,4,11292080.0,74290.0,House,9.95,6.1,8.3,7.2,0.325,0.2,Q2,2024
Queenstown - Heritage Zone,Central,184.0,3,3,12976416.0,70524.0,Condo,10.01,6.2,8.3,7.2,0.312,0.1926,Q3,2025
Queenstown - Heritage Zone,Central,242.0,4,4,19257392.0,79576.0,House,9.8,6.2,8.3,7.2,0.291,0.2,Q2,2024
Queenstown - Heritage Zone,Central,209.0,3,3,18406630.0,88070.0,Condo,9.98,6.7,8.3,7.2,0.047,0.2,Q4,2024
Queenstown - Heritage Zone,Central,27.0,2,2,1789614.0,66282.0,Townhouse,9.72,5.6,8.3,7.2,0.301,0.2,Q2,2024
Queenstown - Heritage Zone,Central,180.0,2,2,13676940.0,75983.0,House,10.34,7.1,8.3,7.2,0.198,0.154,Q2,2025
Queenstown - Heritage Zone,Central,275.0,3,3,24238775.0,88141.0,Condo,9.66,6.4,8.3,7.2,0.056,0.2,Q3,2024
Queenstown - Heritage Zone,Central,149.0,3,2,10435364.0,70036.0,Townhouse,10.7,6.7,8.3,7.2,0.41,0.2,Q1,2024
Queenstown - Heritage Zone,Central,274.0,2,2,23934448.0,87352.0,Condo,10.08,7.8,8.3,7.2,0.087,0.2,Q1,2024
Queenstown - Heritage Zone,Central,171.0,3,2,13949838.0,81578.0,Townhouse,10.34,6.9,8.3,7.2,0.184,0.2,Q1,2024
Queenstown - Heritage Zone,Central,73.0,2,1,5349586.0,73282.0,Townhouse,9.74,5.4,8.3,7.2,0.116,0.1707,Q3,2025
Queenstown - Heritage Zone,Central,88.0,4,4,6022192.0,68434.0,Condo,10.12,5.0,8.3,7.2,0.359,0.2,Q3,2024
Queenstown - Heritage Zone,Central,95.0,4,4,6398725.0,67355.0,House,10.13,6.4,8.3,7.2,0.386,0.1526,Q3,2025
Queenstown - Heritage Zone,Central,93.0,1,1,7601727.0,81739.0,Condo,10.17,6.8,8.3,7.2,0.093,0.2,Q3,2024
Queenstown - Heritage Zone,Central,215.0,2,1,15617600.0,72640.0,House,9.56,6.8,8.3,7.2,0.347,0.2,Q2,2025
Queenstown - Heritage Zone,Central,236.0,2,2,20692244.0,87679.0,Condo,10.49,6.4,8.3,7.2,0.06,0.1855,Q4,2025
Queenstown - Heritage Zone,Central,141.0,5,5,10255776.0,72736.0,House,10.31,5.9,8.3,7.2,0.363,0.2,Q3,2025
Queenstown - Heritage Zone,Central,175.0,2,1,13848800.0,79136.0,House,10.48,7.5,8.3,7.2,0.231,0.2,Q4,2024
Queenstown - Heritage Zone,Central,145.0,2,1,11871730.0,81874.0,Condo,9.89,5.2,8.3,7.2,0.041,0.2,Q4,2025
Queenstown - Heritage Zone,Central,150.0,3,3,12121350.0,80809.0,House,10.99,7.2,8.3,7.2,0.131,0.2,Q4,2024
Queenstown - Heritage Zone,Central,133.0,2,1,9251613.0,69561.0,Condo,9.7,5.9,8.3,7.2,0.293,0.1609,Q4,2025
Queenstown - Heritage Zone,Central,38.0,2,2,2883554.0,75883.0,Lot,10.36,7.1,8.3,7.2,0.15,0.2,Q3,2025
Queenstown - Heritage Zone,Central,72.0,3,3,5655096.0,78543.0,Condo,9.82,6.5,8.3,7.2,0.164,0.1918,Q1,2024
Queenstown - Heritage Zone,Central,144.0,1,1,10272528.0,71337.0,House,10.27,6.0,8.3,7.2,0.322,0.2,Q2,2024
Queenstown - Heritage Zone,Central,249.0,1,1,22130871.0,88879.0,Condo,10.27,6.8,8.3,7.2,0.147,0.2,Q4,2025
Queenstown - Heritage Zone,Central,205.0,1,1,14010110.0,68342.0,Condo,10.1,6.3,8.3,7.2,0.414,0.1777,Q1,2024
Queenstown - Heritage Zone,Central,202.0,5,4,15224538.0,75369.0,Condo,9.96,5.4,8.3,7.2,0.416,0.2,Q4,2024
Queenstown - Heritage Zone,Central,28.0,3,2,1938804.0,69243.0,Condo,9.75,6.8,8.3,7.2,0.364,0.2,Q3,2024
Queenstown - Heritage Zone,Central,230.0,2,2,19791500.0,86050.0,Condo,10.65,6.6,8.3,7.2,0.051,0.1657,Q2,2024
Queenstown - Heritage Zone,Central,187.0,2,1,15118202.0,80846.0,Lot,9.97,5.8,8.3,7.2,0.122,0.2,Q3,2025
Queenstown - Heritage Zone,Central,213.0,2,1,18594474.0,87298.0,Townhouse,10.61,6.9,8.3,7.2,0.106,0.2,Q1,2024
Queenstown - Heritage Zone,Central,196.0,3,3,14607096.0,74526.0,Condo,9.21,7.3,8.3,7.2,0.366,0.2,Q3,2024
Queenstown - Heritage Zone,Central,109.0,3,2,8881647.0,81483.0,Condo,9.58,6.4,8.3,7.2,0.036,0.2,Q3,2025
Queenstown - Heritage Zone,Central,194.0,2,1,15775886.0,81319.0,Condo,10.18,6.2,8.3,7.2,0.195,0.2,Q4,2024
Queenstown - Heritage Zone,Central,147.0,4,3,11011329.0,74907.0,Condo,9.61,5.8,8.3,7.2,0.322,0.2,Q3,2025
Queenstown - Heritage Zone,Central,263.0,3,2,21653842.0,82334.0,Townhouse,9.6,6.5,8.3,7.2,0.171,0.1551,Q2,2025
Queenstown - Heritage Zone,Central,269.0,2,2,21683014.0,80606.0,Condo,9.59,6.1,8.3,7.2,0.247,0.1897,Q3,2024
Queenstown - Heritage Zone,Central,41.0,3,3,2805343.0,68423.0,Condo,9.66,6.5,8.3,7.2,0.299,0.1581,Q3,2024
Queenstown - Heritage Zone,Central,276.0,5,5,24680748.0,89423.0,Condo,10.14,7.1,8.3,7.2,0.076,0.2,Q2,2024
Queenstown - Heritage Zone,Central,242.0,1,1,19381538.0,80089.0,Condo,9.78,6.4,8.3,7.2,0.392,0.2,Q4,2024
Queenstown - Heritage Zone,Central,258.0,2,2,21072666.0,81677.0,Condo,8.98,5.8,8.3,7.2,0.241,0.2,Q4,2024
Queenstown - Heritage Zone,Central,190.0,1,1,14743620.0,77598.0,House,10.33,6.1,8.3,7.2,0.145,0.1528,Q1,2025
Queenstown - Heritage Zone,Central,124.0,2,2,9567964.0,77161.0,Lot,9.96,6.3,8.3,7.2,0.214,0.2,Q2,2025
Queenstown - Heritage Zone,Central,51.0,1,1,3304137.0,64787.0,Townhouse,9.82,6.3,8.3,7.2,0.368,0.2,Q3,2024
Queenstown - Heritage Zone,Central,51.0,4,4,3173169.0,62219.0,Lot,10.48,7.3,8.3,7.2,0.435,0.1652,Q4,2024
Queenstown - Heritage Zone,Central,101.0,3,3,6647517.0,65817.0,House,10.22,5.7,8.3,7.2,0.418,0.2,Q2,2024
Queenstown - Heritage Zone,Central,68.0,2,2,5349356.0,78667.0,Condo,10.5,6.6,8.3,7.2,0.123,0.2,Q4,2024
Queenstown - Heritage Zone,Central,268.0,1,1,22256864.0,83048.0,Condo,9.48,6.3,8.3,7.2,0.189,0.1598,Q3,2024
Queenstown - Heritage Zone,Central,264.0,4,3,21599688.0,81817.0,Condo,10.29,7.1,8.3,7.2,0.341,0.2,Q3,2024
Queenstown - Heritage Zone,Central,140.0,2,1,10703560.0,76454.0,Lot,10.5,6.8,8.3,7.2,0.24,0.2,Q1,2024
Queenstown - Heritage Zone,Central,212.0,3,3,16921628.0,79819.0,House,10.31,6.4,8.3,7.2,0.225,0.1943,Q2,2025
Queenstown - Heritage Zone,Central,243.0,3,2,19400148.0,79836.0,Condo,9.77,6.1,8.3,7.2,0.24,0.2,Q1,2024
Queenstown - Heritage Zone,Central,150.0,3,3,10885050.0,72567.0,Condo,10.53,6.4,8.3,7.2,0.37,0.1979,Q2,2024
Queenstown - Heritage Zone,Central,45.0,3,3,3035025.0,67445.0,Lot,9.33,5.9,8.3,7.2,0.378,0.2,Q2,2024
Queenstown - Heritage Zone,Central,129.0,3,3,10660689.0,82641.0,Condo,9.76,5.4,8.3,7.2,0.126,0.2,Q3,2024
Queenstown - Heritage Zone,Central,123.0,1,1,8630787.0,70169.0,Condo,9.85,7.1,8.3,7.2,0.413,0.1964,Q4,2024
Queenstown - Heritage Zone,Central,97.0,3,3,6558364.0,67612.0,House,9.62,7.0,8.3,7.2,0.414,0.2,Q2,2024
Queenstown - Heritage Zone,Central,114.0,2,1,8893938.0,78017.0,House,10.31,7.6,8.3,7.2,0.072,0.1578,Q2,2024
Queenstown - Heritage Zone,Central,65.0,3,2,4343495.0,66823.0,House,10.39,5.9,8.3,7.2,0.348,0.1552,Q4,2025
Queenstown - Heritage Zone,Central,195.0,4,3,16185000.0,83000.0,House,9.92,6.1,8.3,7.2,0.115,0.2,Q3,2025
Queenstown - Heritage Zone,Central,223.0,3,3,17949270.0,80490.0,Condo,9.8,6.2,8.3,7.2,0.222,0.2,Q3,2024
Queenstown - Heritage Zone,Central,249.0,3,2,21139353.0,84897.0,Condo,10.41,7.6,8.3,7.2,0.148,0.2,Q1,2024
Queenstown - Heritage Zone,Central,271.0,1,1,20313618.0,74958.0,House,10.0,7.0,8.3,7.2,0.432,0.2,Q3,2024
Queenstown - Heritage Zone,Central,176.0,1,1,14699168.0,83518.0,Condo,9.95,6.3,8.3,7.2,0.18,0.2,Q2,2024
Queenstown - Heritage Zone,Central,37.0,1,1,2725420.0,73660.0,Townhouse,10.42,6.6,8.3,7.2,0.212,0.2,Q4,2025
Queenstown - Heritage Zone,Central,199.0,2,2,16861469.0,84731.0,Condo,8.9,7.9,8.3,7.2,0.063,0.2,Q3,2024
Queenstown - Heritage Zone,Central,62.0,3,3,4123310.0,66505.0,House,10.19,6.3,8.3,7.2,0.364,0.177,Q3,2024
Queenstown - Heritage Zone,Central,53.0,2,2,3509978.0,66226.0,Condo,10.68,6.4,8.3,7.2,0.263,0.2,Q2,2025
Queenstown - Heritage Zone,Central,269.0,3,3,20952948.0,77892.0,House,10.69,7.1,8.3,7.2,0.406,0.2,Q2,2024
Queenstown - Heritage Zone,Central,273.0,5,4,23130471.0,84727.0,Townhouse,10.03,6.9,8.3,7.2,0.176,0.1822,Q4,2024
Queenstown - Heritage Zone,Central,145.0,2,2,10897475.0,75155.0,Townhouse,9.96,5.6,8.3,7.2,0.266,0.2,Q2,2024
Queenstown - Heritage Zone,Central,167.0,2,1,11820761.0,70783.0,Townhouse,10.34,6.5,8.3,7.2,0.318,0.1738,Q4,2024
Queenstown - Heritage Zone,Central,62.0,3,3,4417376.0,71248.0,Townhouse,10.61,6.6,8.3,7.2,0.334,0.2,Q3,2025
Queenstown - Heritage Zone,Central,80.0,3,3,6422800.0,80285.0,Condo,10.25,6.3,8.3,7.2,0.073,0.2,Q1,2025
Queenstown - Heritage Zone,Central,185.0,2,1,13445245.0,72677.0,Condo,9.84,6.4,8.3,7.2,0.396,0.1815,Q2,2024
Queenstown - Heritage Zone,Central,203.0,4,4,16995363.0,83721.0,Townhouse,10.13,6.8,8.3,7.2,0.196,0.2,Q2,2024
Queenstown - Heritage Zone,Central,128.0,2,1,9498752.0,74209.0,House,9.85,7.0,8.3,7.2,0.271,0.1854,Q4,2024
Queenstown - Heritage Zone,Central,181.0,3,3,14956754.0,82634.0,Lot,10.68,4.9,8.3,7.2,0.087,0.2,Q4,2025
Queenstown - Heritage Zone,Central,41.0,3,3,3217065.0,78465.0,House,10.12,6.1,8.3,7.2,0.029,0.2,Q1,2024
Queenstown - Heritage Zone,Central,184.0,2,1,13650040.0,74185.0,Condo,10.41,6.7,8.3,7.2,0.366,0.2,Q1,2024
Queenstown - Heritage Zone,Central,67.0,4,4,5494737.0,82011.0,Lot,10.49,5.8,8.3,7.2,0.03,0.2,Q4,2025
Queenstown - Heritage Zone,Central,148.0,2,2,11386528.0,76936.0,Condo,9.93,6.9,8.3,7.2,0.275,0.2,Q3,2024
Queenstown - Heritage Zone,Central,144.0,2,1,11026800.0,76575.0,Condo,10.0,6.4,8.3,7.2,0.269,0.2,Q4,2024
Queenstown - Heritage Zone,Central,193.0,3,2,16401333.0,84981.0,Condo,10.54,6.5,8.3,7.2,0.058,0.2,Q1,2024
Queenstown - Heritage Zone,Central,241.0,1,1,18249002.0,75722.0,Condo,9.74,6.1,8.3,7.2,0.396,0.2,Q3,2024
Queenstown - Heritage Zone,Central,50.0,2,2,3743950.0,74879.0,House,9.38,6.2,8.3,7.2,0.107,0.2,Q1,2024
Queenstown - Heritage Zone,Central,186.0,3,3,14611602.0,78557.0,Townhouse,10.59,6.0,8.3,7.2,0.225,0.2,Q3,2024
Queenstown - Heritage Zone,Central,237.0,3,3,18270804.0,77092.0,Condo,9.94,6.4,8.3,7.2,0.357,0.2,Q2,2025
Queenstown - Heritage Zone,Central,205.0,3,2,14792800.0,72160.0,Lot,9.99,6.8,8.3,7.2,0.363,0.1532,Q4,2024
Queenstown - Heritage Zone,Central,138.0,2,2,10980936.0,79572.0,House,10.29,6.5,8.3,7.2,0.181,0.2,Q1,2024
Queenstown - Heritage Zone,Central,29.0,2,2,2114825.0,72925.0,Condo,10.27,6.4,8.3,7.2,0.161,0.2,Q1,2025
Queenstown - Heritage Zone,Central,100.0,3,3,7866900.0,78669.0,Townhouse,9.99,6.7,8.3,7.2,0.109,0.2,Q4,2025
Queenstown - Heritage Zone,Central,230.0,3,2,17137760.0,74512.0,Townhouse,10.03,6.3,8.3,7.2,0.429,0.1654,Q4,2025
Queenstown - Heritage Zone,Central,191.0,3,2,14318124.0,74964.0,Condo,10.28,7.5,8.3,7.2,0.416,0.2,Q2,2024
Queenstown - Heritage Zone,Central,154.0,1,1,11088000.0,72000.0,Condo,10.11,7.0,8.3,7.2,0.343,0.2,Q3,2024
Queenstown - Heritage Zone,Central,142.0,2,2,10689902.0,75281.0,Condo,9.85,6.4,8.3,7.2,0.222,0.1743,Q1,2024
Queenstown - Heritage Zone,Central,50.0,2,2,3574950.0,71499.0,Condo,10.73,6.1,8.3,7.2,0.271,0.2,Q1,2025
Queenstown - Heritage Zone,Central,200.0,4,4,14817200.0,74086.0,House,10.42,5.4,8.3,7.2,0.302,0.2,Q4,2025
Queenstown - Heritage Zone,Central,75.0,3,3,5539725.0,73863.0,House,9.86,7.0,8.3,7.2,0.178,0.2,Q1,2024
Queenstown - Heritage Zone,Central,260.0,3,2,21657220.0,83297.0,Condo,10.47,6.7,8.3,7.2,0.12,0.1551,Q3,2025
Queenstown - Heritage Zone,Central,240.0,4,4,19909200.0,82955.0,Townhouse,9.92,6.6,8.3,7.2,0.183,0.1837,Q2,2024
Queenstown - Heritage Zone,Central,107.0,1,1,7101911.0,66373.0,Lot,9.85,6.2,8.3,7.2,0.431,0.2,Q2,2024
Queenstown - Heritage Zone,Central,212.0,2,1,16242380.0,76615.0,Condo,10.16,7.6,8.3,7.2,0.395,0.2,Q4,2025
Queenstown - Heritage Zone,Central,50.0,2,2,4027700.0,80554.0,Townhouse,10.43,6.4,8.3,7.2,0.021,0.2,Q2,2024
Queenstown - Heritage Zone,Central,227.0,1,1,18105066.0,79758.0,Condo,9.46,5.1,8.3,7.2,0.233,0.2,Q4,2025
Queenstown - Heritage Zone,Central,65.0,2,1,5261360.0,80944.0,House,9.69,6.4,8.3,7.2,0.123,0.2,Q1,2024
Queenstown - Heritage Zone,Central,158.0,3,2,12605714.0,79783.0,House,9.88,5.8,8.3,7.2,0.067,0.2,Q1,2024
Queenstown - Heritage Zone,Central,194.0,5,5,13512876.0,69654.0,Townhouse,9.8,6.3,8.3,7.2,0.447,0.1925,Q4,2024
Queenstown - Heritage Zone,Central,128.0,3,3,9962240.0,77830.0,Condo,10.46,5.9,8.3,7.2,0.239,0.2,Q1,2025
Queenstown - Heritage Zone,Central,241.0,2,1,18876325.0,78325.0,Townhouse,10.29,6.6,8.3,7.2,0.419,0.2,Q2,2025
Queenstown - Heritage Zone,Central,105.0,4,4,8505315.0,81003.0,Condo,9.87,5.7,8.3,7.2,0.022,0.2,Q3,2025
Queenstown - Heritage Zone,Central,176.0,3,3,13427392.0,76292.0,Townhouse,9.79,6.6,8.3,7.2,0.383,0.2,Q1,2025
Queenstown - Heritage Zone,Central,38.0,3,3,2803298.0,73771.0,Townhouse,9.62,6.5,8.3,7.2,0.19,0.2,Q2,2025
Queenstown - Heritage Zone,Central,208.0,4,3,16573440.0,79680.0,House,9.69,6.8,8.3,7.2,0.301,0.2,Q4,2025
Queenstown - Heritage Zone,Central,179.0,2,2,14879017.0,83123.0,Condo,9.96,7.1,8.3,7.2,0.133,0.2,Q1,2024
Queenstown - Heritage Zone,Central,203.0,2,2,14998046.0,73882.0,House,9.99,7.3,8.3,7.2,0.284,0.2,Q1,2024
Queenstown - Heritage Zone,Central,188.0,2,1,14640312.0,77874.0,House,9.59,5.9,8.3,7.2,0.233,0.1956,Q1,2024
Queenstown - Heritage Zone,Central,66.0,2,1,5033028.0,76258.0,House,9.94,7.8,8.3,7.2,0.196,0.2,Q3,2024
Queenstown - Heritage Zone,Central,136.0,4,3,10760320.0,79120.0,Condo,9.99,5.3,8.3,7.2,0.079,0.1911,Q2,2025
Queenstown - Heritage Zone,Central,236.0,2,1,19377724.0,82109.0,House,10.42,6.5,8.3,7.2,0.213,0.2,Q1,2025
Queenstown - Heritage Zone,Central,275.0,3,2,24798675.0,90177.0,House,9.9,5.7,8.3,7.2,0.039,0.2,Q3,2025
Queenstown - Heritage Zone,Central,103.0,2,1,7075482.0,68694.0,House,9.34,6.6,8.3,7.2,0.412,0.2,Q3,2024
Queenstown - Heritage Zone,Central,75.0,2,1,5838825.0,77851.0,Condo,10.23,6.0,8.3,7.2,0.219,0.2,Q2,2024
Queenstown - Heritage Zone,Central,103.0,3,2,7766818.0,75406.0,Condo,10.17,5.2,8.3,7.2,0.233,0.2,Q3,2024
Queenstown - Heritage Zone,Central,219.0,1,1,16799271.0,76709.0,Lot,10.33,6.9,8.3,7.2,0.379,0.2,Q2,2024
Queenstown - Heritage Zone,Central,80.0,5,4,5571120.0,69639.0,Condo,10.03,6.6,8.3,7.2,0.353,0.2,Q4,2024
Queenstown - Heritage Zone,Central,231.0,3,2,18707535.0,80985.0,House,9.67,6.7,8.3,7.2,0.284,0.1724,Q3,2024
Queenstown - Heritage Zone,Central,122.0,3,3,9105348.0,74634.0,Condo,9.39,7.8,8.3,7.2,0.166,0.2,Q4,2024
Queenstown - Heritage Zone,Central,264.0,1,1,21673344.0,82096.0,Condo,9.88,7.1,8.3,7.2,0.327,0.2,Q1,2025
Queenstown - Heritage Zone,Central,141.0,3,3,11544657.0,81877.0,House,9.65,6.1,8.3,7.2,0.088,0.2,Q1,2024
Queenstown - Heritage Zone,Central,240.0,3,3,17604240.0,73351.0,House,10.04,6.1,8.3,7.2,0.417,0.2,Q1,2024
Queenstown - Heritage Zone,Central,274.0,1,1,23732784.0,86616.0,Condo,9.97,7.8,8.3,7.2,0.168,0.2,Q4,2024
Queenstown - Heritage Zone,Central,81.0,5,4,5793768.0,71528.0,House,9.95,5.8,8.3,7.2,0.409,0.2,Q4,2024
Queenstown - Heritage Zone,Central,257.0,2,2,20532501.0,79893.0,Condo,9.74,7.0,8.3,7.2,0.199,0.2,Q1,2024
Queenstown - Heritage Zone,Central,212.0,3,3,16317004.0,76967.0,Townhouse,10.36,6.2,8.3,7.2,0.356,0.1897,Q3,2025
Queenstown - Heritage Zone,Central,200.0,1,1,14687400.0,73437.0,House,9.9,6.9,8.3,7.2,0.408,0.2,Q1,2024
Queenstown - Heritage Zone,Central,39.0,2,1,2777112.0,71208.0,Condo,10.27,7.2,8.3,7.2,0.311,0.2,Q4,2025
Queenstown - Heritage Zone,Central,47.0,1,1,2978578.0,63374.0,Condo,9.78,6.5,8.3,7.2,0.416,0.2,Q4,2025
Queenstown - Heritage Zone,Central,251.0,4,4,20028043.0,79793.0,Condo,9.4,7.2,8.3,7.2,0.349,0.2,Q4,2024
Queenstown - Heritage Zone,Central,151.0,4,3,11763202.0,77902.0,Lot,10.51,6.4,8.3,7.2,0.099,0.2,Q1,2025
Queenstown - Heritage Zone,Central,248.0,2,2,18314056.0,73847.0,Lot,10.27,7.3,8.3,7.2,0.422,0.2,Q3,2024
Queenstown - Heritage Zone,Central,182.0,2,1,14945112.0,82116.0,Townhouse,10.39,7.1,8.3,7.2,0.281,0.2,Q2,2024
Queenstown - Heritage Zone,Central,62.0,2,2,4735064.0,76372.0,Condo,10.13,7.7,8.3,7.2,0.226,0.2,Q1,2025
Queenstown - Heritage Zone,Central,151.0,3,2,11236665.0,74415.0,Lot,9.26,6.6,8.3,7.2,0.338,0.2,Q2,2025
Queenstown - Heritage Zone,Central,191.0,4,4,15116695.0,79145.0,Condo,10.91,6.2,8.3,7.2,0.238,0.1561,Q2,2024
Queenstown - Heritage Zone,Central,28.0,3,2,1689996.0,60357.0,Condo,10.61,7.2,8.3,7.2,0.379,0.1522,Q3,2024
Queenstown - Heritage Zone,Central,193.0,3,2,15102636.0,78252.0,Condo,10.1,6.6,8.3,7.2,0.342,0.2,Q2,2025
Queenstown - Heritage Zone,Central,272.0,2,1,23616944.0,86827.0,House,9.87,5.9,8.3,7.2,0.067,0.2,Q3,2024
Queenstown - Heritage Zone,Central,173.0,2,2,12989705.0,75085.0,Townhouse,9.8,6.8,8.3,7.2,0.313,0.2,Q1,2024
Queenstown - Heritage Zone,Central,189.0,3,3,16320717.0,86353.0,House,10.34,6.6,8.3,7.2,0.05,0.1934,Q4,2024
Queenstown - Heritage Zone,Central,109.0,3,3,9148479.0,83931.0,Townhouse,9.91,5.9,8.3,7.2,0.06,0.2,Q3,2024
Queenstown - Heritage Zone,Central,30.0,3,3,2199600.0,73320.0,Townhouse,9.56,7.0,8.3,7.2,0.231,0.2,Q1,2024
Queenstown - Heritage Zone,Central,57.0,4,4,3820653.0,67029.0,House,10.05,7.0,8.3,7.2,0.382,0.2,Q2,2025
Queenstown - Heritage Zone,Central,52.0,3,3,3468348.0,66699.0,Condo,9.53,6.6,8.3,7.2,0.379,0.2,Q1,2024
Queenstown - Heritage Zone,Central,233.0,3,2,19365329.0,83113.0,Townhouse,10.39,7.3,8.3,7.2,0.28,0.1883,Q3,2025
Queenstown - Heritage Zone,Central,146.0,2,1,11373108.0,77898.0,House,9.78,6.4,8.3,7.2,0.326,0.1871,Q2,2024
Queenstown - Heritage Zone,Central,92.0,3,3,6735136.0,73208.0,Lot,9.81,6.1,8.3,7.2,0.313,0.2,Q4,2025
Queenstown - Heritage Zone,Central,48.0,3,3,3143328.0,65486.0,Lot,10.08,7.3,8.3,7.2,0.379,0.1602,Q1,2025
Queenstown - Heritage Zone,Central,207.0,4,3,17657100.0,85300.0,Lot,9.59,6.3,8.3,7.2,0.03,0.2,Q2,2024
Queenstown - Heritage Zone,Central,59.0,2,1,4705604.0,79756.0,Condo,9.96,6.3,8.3,7.2,0.06,0.2,Q4,2025
Queenstown - Heritage Zone,Central,136.0,1,1,8827216.0,64906.0,House,10.01,6.4,8.3,7.2,0.435,0.1529,Q1,2025
Queenstown - Heritage Zone,Central,140.0,5,5,10311700.0,73655.0,Condo,9.9,7.4,8.3,7.2,0.311,0.1692,Q2,2025
Queenstown - Heritage Zone,Central,182.0,2,2,13672204.0,75122.0,House,9.32,6.8,8.3,7.2,0.333,0.2,Q4,2024
Queenstown - Heritage Zone,Central,202.0,2,2,18007290.0,89145.0,Townhouse,10.57,6.2,8.3,7.2,0.04,0.2,Q4,2024
Queenstown - Heritage Zone,Central,91.0,2,1,6982612.0,76732.0,Condo,10.07,6.8,8.3,7.2,0.233,0.2,Q3,2024
Queenstown - Heritage Zone,Central,204.0,2,2,16213308.0,79477.0,Lot,10.16,5.9,8.3,7.2,0.199,0.1777,Q4,2024
Queenstown - Heritage Zone,Central,136.0,2,1,11264200.0,82825.0,House,9.28,6.6,8.3,7.2,0.09,0.1859,Q2,2025
Queenstown - Heritage Zone,Central,238.0,2,2,18207952.0,76504.0,House,9.4,6.9,8.3,7.2,0.271,0.1653,Q3,2024
Queenstown - Heritage Zone,Central,94.0,2,2,6920844.0,73626.0,House,9.94,7.0,8.3,7.2,0.16,0.1543,Q1,2025
Queenstown - Heritage Zone,Central,114.0,1,1,9413094.0,82571.0,House,9.47,6.5,8.3,7.2,0.105,0.2,Q1,2024
Queenstown - Heritage Zone,Central,46.0,1,1,3442686.0,74841.0,Townhouse,9.91,6.5,8.3,7.2,0.227,0.2,Q2,2024
Queenstown - Heritage Zone,Central,139.0,3,3,10834494.0,77946.0,House,9.97,7.2,8.3,7.2,0.153,0.192,Q1,2025
Queenstown - Heritage Zone,Central,142.0,1,1,10206534.0,71877.0,Condo,9.62,6.2,8.3,7.2,0.44,0.2,Q3,2024
Queenstown - Heritage Zone,Central,210.0,3,3,18651360.0,88816.0,House,9.54,6.6,8.3,7.2,0.117,0.2,Q2,2025
Queenstown - Heritage Zone,Central,198.0,1,1,15563592.0,78604.0,Condo,9.05,6.9,8.3,7.2,0.285,0.2,Q4,2024
Queenstown - Heritage Zone,Central,186.0,3,3,14381892.0,77322.0,Townhouse,9.8,7.2,8.3,7.2,0.262,0.2,Q4,2024
Queenstown - Heritage Zone,Central,199.0,4,3,15029873.0,75527.0,Condo,10.62,6.1,8.3,7.2,0.239,0.2,Q1,2025
Queenstown - Heritage Zone,Central,219.0,4,4,19001754.0,86766.0,Condo,9.51,5.6,8.3,7.2,0.155,0.2,Q2,2025
Queenstown - Heritage Zone,Central,124.0,3,3,9326040.0,75210.0,House,9.65,5.5,8.3,7.2,0.167,0.2,Q4,2025
Queenstown - Heritage Zone,Central,42.0,3,2,3046764.0,72542.0,House,10.15,5.6,8.3,7.2,0.237,0.2,Q3,2024
Queenstown - Heritage Zone,Central,147.0,2,2,11289159.0,76797.0,Condo,9.96,6.1,8.3,7.2,0.182,0.2,Q4,2025
Queenstown - Heritage Zone,Central,66.0,4,3,4657752.0,70572.0,Condo,9.23,7.6,8.3,7.2,0.205,0.1553,Q3,2024
Queenstown - Heritage Zone,Central,48.0,2,2,3434832.0,71559.0,House,9.45,5.7,8.3,7.2,0.255,0.2,Q2,2024
Queenstown - Heritage Zone,Central,156.0,3,3,12231336.0,78406.0,House,9.31,6.4,8.3,7.2,0.283,0.2,Q1,2024
Queenstown - Heritage Zone,Central,237.0,4,3,18183825.0,76725.0,Lot,10.47,6.9,8.3,7.2,0.265,0.2,Q2,2025
Queenstown - Heritage Zone,Central,257.0,1,1,21053440.0,81920.0,House,10.61,6.3,8.3,7.2,0.229,0.2,Q4,2024
Queenstown - Heritage Zone,Central,196.0,4,4,14750568.0,75258.0,House,10.11,4.4,8.3,7.2,0.248,0.2,Q2,2024
Queenstown - Heritage Zone,Central,212.0,2,1,16107760.0,75980.0,Condo,9.74,7.0,8.3,7.2,0.354,0.193,Q3,2024
Queenstown - Heritage Zone,Central,36.0,1,1,2475540.0,68765.0,House,10.22,5.8,8.3,7.2,0.315,0.2,Q2,2024
Queenstown - Heritage Zone,Central,149.0,4,4,11484175.0,77075.0,Lot,9.97,6.3,8.3,7.2,0.225,0.2,Q1,2024
Queenstown - Heritage Zone,Central,58.0,3,3,3879910.0,66895.0,Condo,9.67,6.0,8.3,7.2,0.355,0.1967,Q2,2025
Queenstown - Heritage Zone,Central,220.0,2,1,17535760.0,79708.0,Condo,10.2,7.5,8.3,7.2,0.338,0.2,Q4,2024
Queenstown - Heritage Zone,Central,177.0,3,2,12817809.0,72417.0,House,9.68,6.8,8.3,7.2,0.407,0.2,Q4,2025
Queenstown - Heritage Zone,Central,150.0,3,3,12153900.0,81026.0,House,9.41,6.6,8.3,7.2,0.194,0.2,Q4,2025
Queenstown - Heritage Zone,Central,127.0,3,2,8775700.0,69100.0,Lot,9.54,6.1,8.3,7.2,0.433,0.1743,Q2,2025
Queenstown - Heritage Zone,Central,136.0,1,1,11909656.0,87571.0,House,10.92,6.5,8.3,7.2,0.051,0.2,Q1,2025
Queenstown - Heritage Zone,Central,90.0,3,3,6931260.0,77014.0,House,10.32,6.8,8.3,7.2,0.191,0.2,Q4,2025
Queenstown - Heritage Zone,Central,37.0,2,2,2471822.0,66806.0,House,10.16,6.1,8.3,7.2,0.394,0.2,Q4,2025
Queenstown - Heritage Zone,Central,191.0,2,1,14830577.0,77647.0,Townhouse,9.45,6.2,8.3,7.2,0.316,0.2,Q1,2024
Queenstown - Heritage Zone,Central,56.0,4,3,4305952.0,76892.0,House,9.8,6.4,8.3,7.2,0.219,0.2,Q3,2024
Queenstown - Heritage Zone,Central,218.0,3,3,18127136.0,83152.0,House,9.91,6.0,8.3,7.2,0.067,0.2,Q2,2024
Queenstown - Heritage Zone,Central,54.0,1,1,3888054.0,72001.0,Condo,10.47,7.3,8.3,7.2,0.21,0.2,Q2,2025
Queenstown - Heritage Zone,Central,82.0,2,1,5793874.0,70657.0,Condo,10.26,6.5,8.3,7.2,0.219,0.2,Q4,2024
Queenstown - Heritage Zone,Central,55.0,2,2,3671195.0,66749.0,House,9.85,6.7,8.3,7.2,0.446,0.2,Q2,2024
Queenstown - Heritage Zone,Central,185.0,1,1,13204560.0,71376.0,Condo,10.1,6.3,8.3,7.2,0.368,0.1735,Q2,2024
Queenstown - Heritage Zone,Central,131.0,3,3,10865533.0,82943.0,Townhouse,10.02,5.5,8.3,7.2,0.061,0.2,Q1,2024
Queenstown - Heritage Zone,Central,154.0,5,5,11091080.0,72020.0,Townhouse,10.55,6.7,8.3,7.2,0.378,0.1989,Q1,2024
Queenstown - Heritage Zone,Central,250.0,2,2,22407500.0,89630.0,Lot,10.77,6.9,8.3,7.2,0.022,0.1801,Q1,2024
Queenstown - Heritage Zone,Central,32.0,2,2,2389472.0,74671.0,Condo,9.81,6.8,8.3,7.2,0.107,0.2,Q2,2025
Queenstown - Heritage Zone,Central,83.0,3,3,6691377.0,80619.0,Lot,9.75,6.8,8.3,7.2,0.052,0.2,Q1,2025
Queenstown - Heritage Zone,Central,44.0,3,2,2803020.0,63705.0,Townhouse,10.4,7.4,8.3,7.2,0.392,0.2,Q2,2024
Queenstown - Heritage Zone,Central,253.0,2,1,21566479.0,85243.0,Lot,9.67,6.3,8.3,7.2,0.173,0.2,Q4,2025
Queenstown - Heritage Zone,Central,239.0,4,4,18433592.0,77128.0,Condo,10.22,7.4,8.3,7.2,0.327,0.2,Q3,2025
Queenstown - Heritage Zone,Central,43.0,4,3,2838000.0,66000.0,Condo,9.47,5.9,8.3,7.2,0.396,0.2,Q4,2024
Queenstown - Heritage Zone,Central,276.0,2,2,25257588.0,91513.0,Townhouse,9.99,5.8,8.3,7.2,0.027,0.1718,Q4,2024
Queenstown - Heritage Zone,Central,67.0,5,5,4522969.0,67507.0,Condo,10.4,7.1,8.3,7.2,0.367,0.1524,Q1,2024
Queenstown - Heritage Zone,Central,183.0,3,3,13558287.0,74089.0,Condo,10.4,6.0,8.3,7.2,0.361,0.1707,Q1,2025
Queenstown - Heritage Zone,Central,93.0,2,1,6901623.0,74211.0,Condo,9.71,6.7,8.3,7.2,0.083,0.1606,Q4,2024
Queenstown - Heritage Zone,Central,188.0,5,5,14927952.0,79404.0,House,9.75,7.9,8.3,7.2,0.281,0.2,Q2,2024
Queenstown - Heritage Zone,Central,177.0,4,3,14088315.0,79595.0,Condo,9.65,7.4,8.3,7.2,0.127,0.1607,Q4,2025
Queenstown - Heritage Zone,Central,193.0,4,4,15988892.0,82844.0,Condo,9.67,4.7,8.3,7.2,0.097,0.2,Q2,2025
Queenstown - Heritage Zone,Central,41.0,3,3,2788820.0,68020.0,Condo,8.97,6.2,8.3,7.2,0.282,0.2,Q2,2024
Queenstown - Heritage Zone,Central,129.0,1,1,9618240.0,74560.0,Lot,10.65,6.9,8.3,7.2,0.218,0.1877,Q1,2025
Queenstown - Heritage Zone,Central,214.0,5,4,17262524.0,80666.0,House,10.22,6.1,8.3,7.2,0.227,0.2,Q3,2024
Queenstown - Heritage Zone,Central,251.0,3,3,22082729.0,87979.0,Lot,10.4,6.4,8.3,7.2,0.098,0.2,Q2,2024
Queenstown - Heritage Zone,Central,198.0,2,2,13991868.0,70666.0,Condo,9.51,6.4,8.3,7.2,0.442,0.2,Q4,2025
Queenstown - Heritage Zone,Central,223.0,2,2,17786926.0,79762.0,House,9.3,6.1,8.3,7.2,0.258,0.2,Q2,2025
Queenstown - Heritage Zone,Central,110.0,3,2,7502000.0,68200.0,Condo,10.12,6.4,8.3,7.2,0.443,0.2,Q4,2024
Queenstown - Heritage Zone,Central,79.0,2,2,5685156.0,71964.0,Townhouse,10.35,6.7,8.3,7.2,0.287,0.1795,Q1,2025
Queenstown - Heritage Zone,Central,39.0,3,2,2949648.0,75632.0,Condo,10.43,6.8,8.3,7.2,0.093,0.2,Q2,2025
Queenstown - Heritage Zone,Central,72.0,3,2,5275656.0,73273.0,Lot,10.54,6.9,8.3,7.2,0.241,0.2,Q2,2024
Queenstown - Heritage Zone,Central,82.0,3,3,6656268.0,81174.0,Condo,10.42,5.9,8.3,7.2,0.052,0.2,Q1,2024
Queenstown - Heritage Zone,Central,50.0,3,2,3850550.0,77011.0,Condo,9.52,7.5,8.3,7.2,0.147,0.2,Q2,2025
Queenstown - Heritage Zone,Central,194.0,2,2,14912392.0,76868.0,Condo,9.6,6.2,8.3,7.2,0.22,0.2,Q4,2024
Queenstown - Heritage Zone,Central,143.0,2,1,11124685.0,77795.0,Condo,10.45,7.2,8.3,7.2,0.156,0.1575,Q1,2024
Queenstown - Heritage Zone,Central,35.0,3,3,2382380.0,68068.0,Townhouse,9.71,6.5,8.3,7.2,0.338,0.2,Q1,2024
Queenstown - Heritage Zone,Central,215.0,1,1,16972100.0,78940.0,Condo,9.7,6.8,8.3,7.2,0.369,0.2,Q3,2024
Queenstown - Heritage Zone,Central,207.0,2,2,15066288.0,72784.0,Condo,9.59,6.0,8.3,7.2,0.449,0.2,Q3,2024
Queenstown - Heritage Zone,Central,78.0,3,2,5893212.0,75554.0,Condo,9.92,5.9,8.3,7.2,0.123,0.1738,Q4,2025
Queenstown - Heritage Zone,Central,232.0,2,2,17857968.0,76974.0,Condo,9.75,6.7,8.3,7.2,0.433,0.2,Q4,2025
Queenstown - Heritage Zone,Central,63.0,3,3,4802301.0,76227.0,House,8.81,6.3,8.3,7.2,0.101,0.2,Q4,2025
Queenstown - Heritage Zone,Central,133.0,2,1,10204957.0,76729.0,Condo,10.04,6.3,8.3,7.2,0.305,0.2,Q4,2025
Queenstown - Heritage Zone,Central,118.0,3,2,8146248.0,69036.0,Condo,10.1,6.6,8.3,7.2,0.382,0.2,Q1,2025
Queenstown - Heritage Zone,Central,136.0,2,1,9499192.0,69847.0,Condo,10.02,5.2,8.3,7.2,0.37,0.2,Q3,2024
Queenstown - Heritage Zone,Central,115.0,2,2,8504480.0,73952.0,Townhouse,9.79,6.3,8.3,7.2,0.099,0.1573,Q2,2024
Queenstown - Heritage Zone,Central,168.0,3,2,13398336.0,79752.0,Lot,9.96,6.8,8.3,7.2,0.102,0.2,Q1,2024
Queenstown - Heritage Zone,Central,252.0,1,1,20809908.0,82579.0,Condo,9.54,6.8,8.3,7.2,0.248,0.2,Q4,2025
Queenstown - Heritage Zone,Central,30.0,3,3,2264250.0,75475.0,Townhouse,10.11,6.6,8.3,7.2,0.215,0.2,Q2,2024
Queenstown - Heritage Zone,Central,140.0,2,1,10383660.0,74169.0,House,10.51,6.0,8.3,7.2,0.237,0.1651,Q3,2025
Queenstown - Heritage Zone,Central,43.0,3,2,3009742.0,69994.0,Condo,10.8,6.3,8.3,7.2,0.253,0.2,Q2,2024
Queenstown - Heritage Zone,Central,144.0,2,2,10888848.0,75617.0,Condo,9.88,6.0,8.3,7.2,0.333,0.2,Q4,2024
Queenstown - Heritage Zone,Central,135.0,2,1,11016675.0,81605.0,Lot,9.6,6.6,8.3,7.2,0.034,0.1561,Q4,2024
Queenstown - Heritage Zone,Central,46.0,3,2,3136970.0,68195.0,Condo,9.78,6.0,8.3,7.2,0.357,0.2,Q2,2024
Queenstown - Heritage Zone,Central,172.0,3,2,14244524.0,82817.0,House,10.39,6.8,8.3,7.2,0.039,0.2,Q2,2024
Queenstown - Heritage Zone,Central,89.0,2,1,7071584.0,79456.0,Condo,10.13,6.7,8.3,7.2,0.084,0.2,Q1,2024
Queenstown - Heritage Zone,Central,97.0,2,2,6976434.0,71922.0,Lot,10.04,6.2,8.3,7.2,0.308,0.2,Q2,2024
Queenstown - Heritage Zone,Central,128.0,4,4,10643840.0,83155.0,Townhouse,10.33,5.6,8.3,7.2,0.043,0.2,Q2,2024
Queenstown - Heritage Zone,Central,172.0,1,1,13365948.0,77709.0,Condo,10.16,6.4,8.3,7.2,0.25,0.2,Q4,2025
Queenstown - Heritage Zone,Central,47.0,3,2,3361675.0,71525.0,Lot,9.68,5.3,8.3,7.2,0.048,0.191,Q3,2024
Queenstown - Heritage Zone,Central,173.0,3,2,15695252.0,90724.0,Condo,10.21,6.2,8.3,7.2,0.039,0.2,Q4,2025
Queenstown - Heritage Zone,Central,55.0,5,5,4126650.0,75030.0,Townhouse,10.07,6.9,8.3,7.2,0.071,0.2,Q2,2024
Queenstown - Heritage Zone,Central,273.0,4,4,21910980.0,80260.0,Condo,9.55,7.4,8.3,7.2,0.376,0.2,Q3,2025
Queenstown - Heritage Zone,Central,80.0,3,3,5863520.0,73294.0,Condo,10.09,6.5,8.3,7.2,0.186,0.1595,Q1,2025
Queenstown - Heritage Zone,Central,73.0,3,3,4947794.0,67778.0,House,9.88,6.2,8.3,7.2,0.363,0.2,Q3,2025
Queenstown - Heritage Zone,Central,124.0,3,2,10178292.0,82083.0,Condo,9.85,6.5,8.3,7.2,0.089,0.1959,Q3,2024
Queenstown - Heritage Zone,Central,188.0,3,2,14993752.0,79754.0,Condo,9.42,7.0,8.3,7.2,0.229,0.2,Q4,2024
Queenstown - Heritage Zone,Central,85.0,3,3,6638245.0,78097.0,House,10.35,6.0,8.3,7.2,0.187,0.2,Q2,2025
Queenstown - Heritage Zone,Central,113.0,2,1,8759760.0,77520.0,House,9.51,6.8,8.3,7.2,0.151,0.1764,Q2,2025
Queenstown - Heritage Zone,Central,181.0,3,3,14336829.0,79209.0,Condo,9.22,6.4,8.3,7.2,0.098,0.1761,Q4,2024
Queenstown - Heritage Zone,Central,182.0,2,2,15529514.0,85327.0,House,10.81,6.4,8.3,7.2,0.101,0.2,Q2,2024
Queenstown - Heritage Zone,Central,266.0,2,2,23328200.0,87700.0,Condo,9.95,7.0,8.3,7.2,0.044,0.2,Q1,2025
Queenstown - Heritage Zone,Central,100.0,3,2,7786200.0,77862.0,House,10.09,6.9,8.3,7.2,0.186,0.2,Q4,2024
Queenstown - Heritage Zone,Central,67.0,2,1,5305663.0,79189.0,House,10.09,6.3,8.3,7.2,0.077,0.2,Q2,2024
Queenstown - Heritage Zone,Central,25.0,3,3,1730850.0,69234.0,Condo,9.57,5.8,8.3,7.2,0.312,0.2,Q3,2024
Queenstown - Heritage Zone,Central,170.0,3,2,13707100.0,80630.0,House,9.73,7.5,8.3,7.2,0.257,0.2,Q3,2024
Queenstown - Heritage Zone,Central,225.0,3,2,18773550.0,83438.0,House,10.34,7.3,8.3,7.2,0.131,0.2,Q3,2024
Queenstown - Heritage Zone,Central,152.0,1,1,11941120.0,78560.0,Condo,10.38,6.8,8.3,7.2,0.169,0.2,Q2,2025
Queenstown - Heritage Zone,Central,60.0,4,3,4735140.0,78919.0,House,10.26,7.5,8.3,7.2,0.074,0.2,Q1,2025
Queenstown - Heritage Zone,Central,201.0,3,3,15183741.0,75541.0,House,9.94,6.1,8.3,7.2,0.285,0.2,Q4,2024
Queenstown - Heritage Zone,Central,105.0,2,2,7388955.0,70371.0,Townhouse,9.87,7.0,8.3,7.2,0.416,0.2,Q1,2024
Queenstown - Heritage Zone,Central,247.0,5,5,20671924.0,83692.0,Condo,9.32,5.5,8.3,7.2,0.13,0.2,Q1,2025
Queenstown - Heritage Zone,Central,209.0,3,3,17249397.0,82533.0,Lot,10.26,6.9,8.3,7.2,0.186,0.1597,Q3,2025
Queenstown - Heritage Zone,Central,199.0,3,3,14447201.0,72599.0,House,10.43,6.2,8.3,7.2,0.444,0.2,Q2,2024
Queenstown - Heritage Zone,Central,252.0,1,1,19439532.0,77141.0,House,10.03,7.6,8.3,7.2,0.303,0.1717,Q1,2024
Queenstown - Heritage Zone,Central,243.0,1,1,17417268.0,71676.0,Townhouse,9.66,6.7,8.3,7.2,0.428,0.2,Q4,2025
Queenstown - Heritage Zone,Central,120.0,2,1,8935080.0,74459.0,Townhouse,9.89,7.6,8.3,7.2,0.313,0.2,Q1,2024
Queenstown - Heritage Zone,Central,46.0,3,3,3425068.0,74458.0,Condo,10.26,6.5,8.3,7.2,0.142,0.2,Q1,2024
Queenstown - Heritage Zone,Central,43.0,1,1,3121284.0,72588.0,Lot,10.29,6.6,8.3,7.2,0.19,0.2,Q3,2025
Queenstown - Heritage Zone,Central,260.0,3,2,22469720.0,86422.0,Townhouse,10.35,6.5,8.3,7.2,0.138,0.2,Q1,2025
Queenstown - Heritage Zone,Central,257.0,4,4,18881276.0,73468.0,Condo,9.62,5.9,8.3,7.2,0.404,0.2,Q1,2025
Queenstown - Heritage Zone,Central,265.0,3,3,23622100.0,89140.0,Townhouse,10.28,6.3,8.3,7.2,0.076,0.2,Q4,2024
Queenstown - Heritage Zone,Central,150.0,2,2,11599800.0,77332.0,House,10.28,6.6,8.3,7.2,0.24,0.2,Q4,2024
Queenstown - Heritage Zone,Central,275.0,4,3,21155750.0,76930.0,House,10.06,6.4,8.3,7.2,0.399,0.2,Q4,2025
Queenstown - Heritage Zone,Central,260.0,2,2,21150740.0,81349.0,House,9.25,6.9,8.3,7.2,0.419,0.2,Q2,2024
Queenstown - Heritage Zone,Central,227.0,3,2,18311863.0,80669.0,Condo,10.21,7.6,8.3,7.2,0.241,0.2,Q2,2025
Queenstown - Heritage Zone,Central,141.0,2,2,9784836.0,69396.0,Condo,9.55,6.4,8.3,7.2,0.436,0.2,Q3,2024
Queenstown - Heritage Zone,Central,236.0,2,1,18455436.0,78201.0,House,10.22,6.6,8.3,7.2,0.405,0.1877,Q3,2025
Queenstown - Heritage Zone,Central,54.0,3,3,4014306.0,74339.0,House,10.04,5.5,8.3,7.2,0.085,0.1879,Q3,2024
Queenstown - Heritage Zone,Central,206.0,2,2,16156580.0,78430.0,Lot,9.4,6.3,8.3,7.2,0.268,0.2,Q1,2025
Queenstown - Heritage Zone,Central,197.0,2,2,16930771.0,85943.0,Lot,9.26,6.4,8.3,7.2,0.049,0.2,Q2,2025
Queenstown - Heritage Zone,Central,78.0,1,1,5735418.0,73531.0,House,9.23,5.7,8.3,7.2,0.251,0.2,Q1,2025
Queenstown - Heritage Zone,Central,184.0,3,3,13962104.0,75881.0,Lot,10.26,6.2,8.3,7.2,0.288,0.2,Q4,2024
Queenstown - Heritage Zone,Central,199.0,5,5,16708239.0,83961.0,House,9.63,7.0,8.3,7.2,0.108,0.2,Q3,2025
Queenstown - Heritage Zone,Central,201.0,3,2,17394339.0,86539.0,Condo,9.85,7.2,8.3,7.2,0.16,0.2,Q3,2024
Queenstown - Heritage Zone,Central,92.0,2,1,7320072.0,79566.0,House,9.78,6.7,8.3,7.2,0.107,0.2,Q2,2025
Queenstown - Heritage Zone,Central,267.0,4,4,19431726.0,72778.0,House,11.07,6.2,8.3,7.2,0.42,0.2,Q4,2024
Queenstown - Heritage Zone,Central,275.0,1,1,24003100.0,87284.0,Condo,10.02,6.0,8.3,7.2,0.193,0.2,Q4,2025
Queenstown - Heritage Zone,Central,167.0,3,3,12913943.0,77329.0,Condo,9.97,7.6,8.3,7.2,0.332,0.2,Q4,2025
Queenstown - Heritage Zone,Central,106.0,3,2,7705670.0,72695.0,House,9.82,7.3,8.3,7.2,0.275,0.1685,Q3,2024
Queenstown - Heritage Zone,Central,278.0,2,2,24559354.0,88343.0,Condo,10.48,4.9,8.3,7.2,0.141,0.2,Q2,2025
Queenstown - Heritage Zone,Central,133.0,4,3,10525886.0,79142.0,Condo,9.34,6.5,8.3,7.2,0.262,0.175,Q4,2024
Queenstown - Heritage Zone,Central,262.0,2,2,19884228.0,75894.0,Condo,10.71,7.0,8.3,7.2,0.426,0.1986,Q3,2024
Queenstown - Heritage Zone,Central,69.0,2,1,4552206.0,65974.0,Condo,10.67,6.5,8.3,7.2,0.416,0.1886,Q4,2024
Queenstown - Heritage Zone,Central,80.0,2,1,6040960.0,75512.0,Condo,10.34,5.5,8.3,7.2,0.087,0.2,Q1,2024
Queenstown - Heritage Zone,Central,46.0,2,2,3028226.0,65831.0,Condo,10.14,6.9,8.3,7.2,0.357,0.2,Q4,2024
Queenstown - Heritage Zone,Central,203.0,4,3,15407903.0,75901.0,Lot,10.25,6.8,8.3,7.2,0.286,0.2,Q1,2025
Queenstown - Heritage Zone,Central,137.0,4,4,10673533.0,77909.0,House,9.96,5.9,8.3,7.2,0.146,0.2,Q3,2024
Queenstown - Heritage Zone,Central,233.0,1,1,17510416.0,75152.0,Condo,9.63,6.4,8.3,7.2,0.444,0.1865,Q1,2025
Queenstown - Heritage Zone,Central,98.0,4,3,7821674.0,79813.0,Lot,9.87,7.4,8.3,7.2,0.164,0.183,Q2,2024
Queenstown - Heritage Zone,Central,127.0,2,2,9452102.0,74426.0,Condo,10.36,6.7,8.3,7.2,0.289,0.2,Q4,2024
Queenstown - Heritage Zone,Central,245.0,3,2,21556080.0,87984.0,Condo,9.98,6.5,8.3,7.2,0.107,0.2,Q3,2024
Queenstown - Heritage Zone,Central,121.0,3,3,8340046.0,68926.0,Lot,10.35,7.0,8.3,7.2,0.326,0.1749,Q1,2024
Queenstown - Heritage Zone,Central,162.0,4,4,12545280.0,77440.0,House,10.78,7.1,8.3,7.2,0.311,0.2,Q3,2025
Queenstown - Heritage Zone,Central,54.0,3,3,3571290.0,66135.0,Townhouse,10.72,7.3,8.3,7.2,0.382,0.1563,Q1,2024
Queenstown - Heritage Zone,Central,167.0,3,3,13527334.0,81002.0,House,10.05,5.4,8.3,7.2,0.049,0.1711,Q3,2025
Queenstown - Heritage Zone,Central,227.0,3,3,20076107.0,88441.0,House,10.64,7.2,8.3,7.2,0.132,0.2,Q1,2024
Queenstown - Heritage Zone,Central,193.0,2,2,16478533.0,85381.0,Lot,9.96,5.6,8.3,7.2,0.076,0.1917,Q1,2025
Queenstown - Heritage Zone,Central,65.0,2,2,5134610.0,78994.0,Townhouse,9.84,7.4,8.3,7.2,0.079,0.2,Q1,2024
Queenstown - Heritage Zone,Central,77.0,4,4,5236770.0,68010.0,Condo,10.29,7.9,8.3,7.2,0.379,0.2,Q2,2024
Queenstown - Heritage Zone,Central,29.0,2,2,2250748.0,77612.0,Condo,9.38,6.2,8.3,7.2,0.065,0.1758,Q1,2024
Queenstown - Heritage Zone,Central,159.0,3,3,10190946.0,64094.0,Condo,10.2,6.9,8.3,7.2,0.441,0.1937,Q2,2025
Queenstown - Heritage Zone,Central,172.0,3,3,12612588.0,73329.0,Lot,10.06,5.6,8.3,7.2,0.304,0.2,Q2,2025
Queenstown - Heritage Zone,Central,44.0,2,2,2828584.0,64286.0,House,9.84,6.3,8.3,7.2,0.387,0.2,Q3,2024
Queenstown - Heritage Zone,Central,83.0,2,2,5999074.0,72278.0,Townhouse,9.72,5.8,8.3,7.2,0.248,0.2,Q2,2024
Queenstown - Heritage Zone,Central,240.0,2,2,21691440.0,90381.0,House,10.29,6.6,8.3,7.2,0.031,0.1906,Q4,2025
Queenstown - Heritage Zone,Central,255.0,1,1,22388745.0,87799.0,Townhouse,9.57,6.7,8.3,7.2,0.159,0.2,Q2,2025
Queenstown - Heritage Zone,Central,202.0,3,2,17499664.0,86632.0,Condo,9.73,6.5,8.3,7.2,0.043,0.2,Q4,2024
Queenstown - Heritage Zone,Central,123.0,1,1,8864487.0,72069.0,Lot,10.27,6.0,8.3,7.2,0.329,0.19,Q3,2024
Queenstown - Heritage Zone,Central,278.0,2,1,24837076.0,89342.0,House,10.8,6.2,8.3,7.2,0.191,0.2,Q1,2024
Queenstown - Heritage Zone,Central,206.0,2,2,17801490.0,86415.0,Lot,9.26,6.4,8.3,7.2,0.078,0.2,Q2,2025
Queenstown - Heritage Zone,Central,128.0,3,3,9860096.0,77032.0,Lot,10.24,6.0,8.3,7.2,0.21,0.2,Q1,2025
Queenstown - Heritage Zone,Central,67.0,3,2,5135617.0,76651.0,Condo,9.83,6.0,8.3,7.2,0.206,0.2,Q4,2025
Queenstown - Heritage Zone,Central,137.0,4,4,10977947.0,80131.0,Condo,9.56,6.8,8.3,7.2,0.196,0.2,Q2,2025
Queenstown - Heritage Zone,Central,178.0,3,3,13076770.0,73465.0,Condo,9.94,6.1,8.3,7.2,0.348,0.2,Q3,2024
Queenstown - Heritage Zone,Central,245.0,4,4,18345110.0,74878.0,Lot,10.1,6.6,8.3,7.2,0.416,0.1858,Q2,2025
Queenstown - Heritage Zone,Central,166.0,2,2,12290972.0,74042.0,Condo,10.73,5.8,8.3,7.2,0.324,0.2,Q4,2025
Queenstown - Heritage Zone,Central,180.0,2,2,12803760.0,71132.0,Townhouse,10.17,6.0,8.3,7.2,0.343,0.2,Q2,2025
Queenstown - Heritage Zone,Central,196.0,2,1,15632764.0,79759.0,Townhouse,9.32,7.1,8.3,7.2,0.201,0.1635,Q3,2024
Queenstown - Heritage Zone,Central,155.0,4,3,11654760.0,75192.0,Condo,10.66,7.0,8.3,7.2,0.176,0.2,Q1,2024
Queenstown - Heritage Zone,Central,273.0,3,2,23297820.0,85340.0,Condo,10.46,5.5,8.3,7.2,0.14,0.2,Q1,2024
Queenstown - Heritage Zone,Central,91.0,1,1,7308028.0,80308.0,Condo,10.22,7.1,8.3,7.2,0.113,0.2,Q1,2025
Queenstown - Heritage Zone,Central,204.0,2,1,16075404.0,78801.0,Condo,9.52,7.5,8.3,7.2,0.268,0.1773,Q2,2025
Queenstown - Heritage Zone,Central,207.0,2,2,17090127.0,82561.0,Condo,10.15,7.4,8.3,7.2,0.218,0.2,Q4,2024
Queenstown - Heritage Zone,Central,62.0,5,5,4853298.0,78279.0,House,10.38,6.6,8.3,7.2,0.106,0.2,Q2,2024
Queenstown - Heritage Zone,Central,245.0,5,5,20845580.0,85084.0,Lot,9.97,6.5,8.3,7.2,0.144,0.2,Q3,2024
Queenstown - Heritage Zone,Central,149.0,3,2,10560375.0,70875.0,Townhouse,9.59,5.8,8.3,7.2,0.425,0.1868,Q4,2024
Queenstown - Heritage Zone,Central,121.0,3,2,8673764.0,71684.0,Condo,10.07,5.7,8.3,7.2,0.357,0.2,Q2,2024
Queenstown - Heritage Zone,Central,266.0,2,1,22934254.0,86219.0,House,10.49,5.5,8.3,7.2,0.125,0.1697,Q4,2024
Queenstown - Heritage Zone,Central,272.0,1,1,24018416.0,88303.0,House,10.11,6.8,8.3,7.2,0.157,0.2,Q3,2024
Queenstown - Heritage Zone,Central,212.0,3,3,15371696.0,72508.0,Condo,9.54,5.2,8.3,7.2,0.352,0.2,Q1,2024
Queenstown - Heritage Zone,Central,158.0,5,5,12617090.0,79855.0,House,9.97,6.4,8.3,7.2,0.211,0.2,Q1,2024
Queenstown - Heritage Zone,Central,200.0,4,4,15925600.0,79628.0,Townhouse,9.61,7.4,8.3,7.2,0.21,0.2,Q4,2025
Queenstown - Heritage Zone,Central,37.0,2,1,2454099.0,66327.0,Condo,10.97,6.6,8.3,7.2,0.351,0.1749,Q1,2025
Queenstown - Heritage Zone,Central,94.0,1,1,6818854.0,72541.0,House,11.52,6.6,8.3,7.2,0.167,0.1591,Q4,2024
Queenstown - Heritage Zone,Central,149.0,4,3,11151011.0,74839.0,Condo,9.95,6.7,8.3,7.2,0.283,0.1712,Q3,2024
Queenstown - Heritage Zone,Central,131.0,2,1,9680900.0,73900.0,Condo,10.07,5.9,8.3,7.2,0.311,0.1821,Q4,2024
Queenstown - Heritage Zone,Central,266.0,2,2,21611436.0,81246.0,Condo,10.15,5.9,8.3,7.2,0.183,0.2,Q3,2024
Queenstown - Heritage Zone,Central,238.0,3,2,19432938.0,81651.0,Condo,10.29,5.7,8.3,7.2,0.189,0.2,Q4,2024
Queenstown - Heritage Zone,Central,176.0,3,2,13952400.0,79275.0,House,10.12,6.4,8.3,7.2,0.284,0.2,Q4,2024
Queenstown - Heritage Zone,Central,139.0,3,3,11416487.0,82133.0,House,10.37,6.8,8.3,7.2,0.148,0.2,Q4,2024
Queenstown - Heritage Zone,Central,134.0,2,2,10512836.0,78454.0,House,10.09,5.6,8.3,7.2,0.222,0.2,Q4,2024
Queenstown - Heritage Zone,Central,190.0,3,2,15303170.0,80543.0,Condo,10.04,6.6,8.3,7.2,0.182,0.2,Q3,2024
Queenstown - Heritage Zone,Central,258.0,2,1,21384846.0,82887.0,Townhouse,10.19,6.6,8.3,7.2,0.056,0.1906,Q1,2025
Queenstown - Heritage Zone,Central,146.0,2,1,12189978.0,83493.0,Condo,10.48,6.9,8.3,7.2,0.101,0.1787,Q4,2024
Queenstown - Heritage Zone,Central,69.0,3,2,5305755.0,76895.0,Lot,10.59,6.4,8.3,7.2,0.122,0.2,Q3,2024
Queenstown - Heritage Zone,Central,231.0,1,1,18339321.0,79391.0,Condo,9.83,6.0,8.3,7.2,0.355,0.1951,Q4,2024
Queenstown - Heritage Zone,Central,104.0,5,4,7017608.0,67477.0,Condo,10.66,7.1,8.3,7.2,0.445,0.2,Q4,2024
Queenstown - Heritage Zone,Central,172.0,2,2,12274608.0,71364.0,Condo,10.34,7.2,8.3,7.2,0.429,0.1627,Q2,2025
Queenstown - Heritage Zone,Central,119.0,2,2,8187438.0,68802.0,Townhouse,9.63,6.4,8.3,7.2,0.444,0.2,Q2,2024
Queenstown - Heritage Zone,Central,228.0,1,1,18799056.0,82452.0,Condo,9.16,6.4,8.3,7.2,0.22,0.2,Q1,2024
Queenstown - Heritage Zone,Central,43.0,3,2,2657830.0,61810.0,Condo,9.64,6.0,8.3,7.2,0.429,0.2,Q2,2025
Queenstown - Heritage Zone,Central,244.0,2,2,22026612.0,90273.0,House,8.95,6.0,8.3,7.2,0.109,0.2,Q1,2024
Queenstown - Heritage Zone,Central,273.0,2,2,23452884.0,85908.0,Condo,9.61,6.3,8.3,7.2,0.219,0.2,Q3,2025
Queenstown - Heritage Zone,Central,92.0,3,3,6569260.0,71405.0,Townhouse,9.26,7.2,8.3,7.2,0.297,0.2,Q2,2024
Queenstown - Heritage Zone,Central,235.0,3,2,20340895.0,86557.0,Condo,10.16,6.6,8.3,7.2,0.222,0.2,Q1,2025
Queenstown - Heritage Zone,Central,264.0,1,1,22442112.0,85008.0,Condo,9.33,6.5,8.3,7.2,0.182,0.2,Q2,2025
Queenstown - Heritage Zone,Central,274.0,1,1,21592570.0,78805.0,Condo,10.26,6.0,8.3,7.2,0.263,0.2,Q1,2024
Queenstown - Heritage Zone,Central,125.0,2,1,10179250.0,81434.0,House,9.77,6.1,8.3,7.2,0.121,0.2,Q3,2025
Queenstown - Heritage Zone,Central,92.0,2,1,7300660.0,79355.0,Condo,10.61,6.2,8.3,7.2,0.027,0.2,Q3,2024
Queenstown - Heritage Zone,Central,230.0,2,2,19017320.0,82684.0,House,10.28,6.8,8.3,7.2,0.155,0.2,Q4,2024
Queenstown - Heritage Zone,Central,166.0,4,4,15015364.0,90454.0,Condo,10.19,6.9,8.3,7.2,0.033,0.2,Q3,2024
Queenstown - Heritage Zone,Central,172.0,3,2,13361132.0,77681.0,House,10.12,5.5,8.3,7.2,0.246,0.2,Q1,2024
Queenstown - Heritage Zone,Central,63.0,1,1,4903542.0,77834.0,Condo,9.92,6.5,8.3,7.2,0.182,0.2,Q3,2024
Queenstown - Heritage Zone,Central,206.0,5,4,14144166.0,68661.0,Condo,10.24,6.9,8.3,7.2,0.443,0.2,Q4,2024
Queenstown - Heritage Zone,Central,274.0,3,3,22515676.0,82174.0,Condo,9.86,6.4,8.3,7.2,0.163,0.2,Q1,2024
Queenstown - Heritage Zone,Central,267.0,3,3,23600664.0,88392.0,Lot,9.87,7.0,8.3,7.2,0.107,0.2,Q3,2025
Queenstown - Heritage Zone,Central,239.0,1,1,22173703.0,92777.0,Condo,9.73,7.3,8.3,7.2,0.129,0.2,Q4,2024
Queenstown - Heritage Zone,Central,33.0,2,1,2241888.0,67936.0,House,9.81,6.0,8.3,7.2,0.212,0.2,Q4,2024
Queenstown - Heritage Zone,Central,64.0,2,2,4153920.0,64905.0,Condo,10.58,5.6,8.3,7.2,0.445,0.1904,Q1,2024
Queenstown - Heritage Zone,Central,271.0,1,1,24346640.0,89840.0,House,9.61,6.5,8.3,7.2,0.177,0.2,Q3,2024
Queenstown - Heritage Zone,Central,202.0,4,4,16387452.0,81126.0,Condo,9.66,7.1,8.3,7.2,0.09,0.1885,Q3,2024
Queenstown - Heritage Zone,Central,57.0,2,2,4090719.0,71767.0,Townhouse,9.91,6.7,8.3,7.2,0.311,0.2,Q2,2025
Queenstown - Heritage Zone,Central,176.0,3,2,14726976.0,83676.0,Condo,9.81,5.7,8.3,7.2,0.06,0.2,Q2,2025
Queenstown - Heritage Zone,Central,134.0,2,1,9825282.0,73323.0,House,10.65,6.6,8.3,7.2,0.325,0.2,Q3,2024
Queenstown - Heritage Zone,Central,207.0,2,1,15907950.0,76850.0,House,9.8,6.2,8.3,7.2,0.258,0.1735,Q2,2024
Queenstown - Heritage Zone,Central,175.0,2,1,13295100.0,75972.0,Condo,9.55,6.5,8.3,7.2,0.199,0.2,Q3,2024
Queenstown - Heritage Zone,Central,77.0,3,2,5420030.0,70390.0,Townhouse,9.55,7.1,8.3,7.2,0.355,0.1989,Q1,2025
Queenstown - Heritage Zone,Central,136.0,3,2,10986080.0,80780.0,Condo,10.41,6.9,8.3,7.2,0.063,0.1777,Q4,2024
Sentosa - Beachfront,South,238.0,2,2,30940000.0,130000.0,Condo,0.27,10.0,9.0,6.0,0.039,0.2,Q4,2024
Sentosa - Beachfront,South,145.0,3,2,18429645.0,127101.0,Lot,0.05,8.9,9.0,6.0,0.021,0.2,Q4,2025
Sentosa - Beachfront,South,238.0,2,1,28996254.0,121833.0,Condo,0.73,10.0,9.0,6.0,0.237,0.2,Q1,2024
Sentosa - Beachfront,South,258.0,2,2,30883890.0,119705.0,Condo,0.18,9.6,9.0,6.0,0.267,0.2,Q1,2025
Sentosa - Beachfront,South,263.0,2,2,32674331.0,124237.0,House,0.52,10.0,9.0,6.0,0.186,0.2,Q1,2025
Sentosa - Beachfront,South,83.0,2,2,9578781.0,115407.0,Townhouse,0.05,10.0,9.0,6.0,0.157,0.2,Q2,2025
Sentosa - Beachfront,South,277.0,2,1,34691757.0,125241.0,House,0.05,9.6,9.0,6.0,0.044,0.2,Q1,2024
Sentosa - Beachfront,South,179.0,4,4,18878772.0,105468.0,Lot,0.05,10.0,9.0,6.0,0.322,0.2,Q3,2024
Sentosa - Beachfront,South,149.0,3,3,16794982.0,112718.0,Condo,0.97,10.0,9.0,6.0,0.306,0.2,Q1,2024
Sentosa - Beachfront,South,245.0,3,3,27936860.0,114028.0,Condo,0.68,8.8,9.0,6.0,0.286,0.2,Q4,2024
Sentosa - Beachfront,South,239.0,4,3,28361652.0,118668.0,House,0.65,9.1,9.0,6.0,0.179,0.2,Q4,2024
Sentosa - Beachfront,South,59.0,4,3,5905133.0,100087.0,Townhouse,0.62,9.8,9.0,6.0,0.346,0.2,Q3,2024
Sentosa - Beachfront,South,85.0,1,1,9483450.0,111570.0,Townhouse,0.34,10.0,9.0,6.0,0.238,0.2,Q1,2024
Sentosa - Beachfront,South,265.0,3,3,31864925.0,120245.0,Lot,0.12,10.0,9.0,6.0,0.098,0.2,Q2,2025
Sentosa - Beachfront,South,225.0,4,3,24466275.0,108739.0,House,0.21,9.5,9.0,6.0,0.423,0.2,Q2,2025
Sentosa - Beachfront,South,271.0,1,1,33824865.0,124815.0,Condo,0.57,9.7,9.0,6.0,0.181,0.2,Q3,2024
Sentosa - Beachfront,South,64.0,2,1,7219968.0,112812.0,Townhouse,0.05,9.6,9.0,6.0,0.141,0.2,Q2,2025
Sentosa - Beachfront,South,251.0,4,4,29816792.0,118792.0,Condo,0.1,9.6,9.0,6.0,0.157,0.2,Q1,2024
Sentosa - Beachfront,South,103.0,2,2,12170480.0,118160.0,House,0.48,9.8,9.0,6.0,0.117,0.2,Q1,2024
Sentosa - Beachfront,South,89.0,3,3,10871706.0,122154.0,Condo,0.05,9.5,9.0,6.0,0.025,0.2,Q2,2024
Sentosa - Beachfront,South,185.0,2,1,23069685.0,124701.0,Townhouse,0.44,8.7,9.0,6.0,0.038,0.2,Q2,2025
Sentosa - Beachfront,South,102.0,3,2,11724594.0,114947.0,Townhouse,0.73,10.0,9.0,6.0,0.116,0.2,Q1,2024
Sentosa - Beachfront,South,239.0,3,3,28333928.0,118552.0,Lot,0.05,9.9,9.0,6.0,0.361,0.2,Q4,2024
Sentosa - Beachfront,South,276.0,4,4,35880000.0,130000.0,House,0.05,9.8,9.0,6.0,0.021,0.2,Q2,2024
Sentosa - Beachfront,South,39.0,3,2,4416633.0,113247.0,House,0.66,9.7,9.0,6.0,0.193,0.2,Q2,2024
Sentosa - Beachfront,South,192.0,2,2,23725632.0,123571.0,House,0.33,9.7,9.0,6.0,0.164,0.2,Q2,2024
Sentosa - Beachfront,South,144.0,4,4,15009408.0,104232.0,Condo,0.28,9.8,9.0,6.0,0.34,0.2,Q2,2025
Sentosa - Beachfront,South,84.0,2,2,9997260.0,119015.0,House,0.05,9.7,9.0,6.0,0.126,0.2,Q1,2024
Sentosa - Beachfront,South,154.0,4,4,18372046.0,119299.0,House,0.05,10.0,9.0,6.0,0.139,0.2,Q1,2024
Sentosa - Beachfront,South,79.0,4,3,8659743.0,109617.0,Lot,0.37,10.0,9.0,6.0,0.266,0.2,Q1,2025
Sentosa - Beachfront,South,179.0,1,1,20290724.0,113356.0,Townhouse,0.34,10.0,9.0,6.0,0.295,0.2,Q3,2024
Sentosa - Beachfront,South,117.0,4,3,13155831.0,112443.0,House,0.41,9.4,9.0,6.0,0.232,0.2,Q4,2024
Sentosa - Beachfront,South,233.0,2,1,26266090.0,112730.0,Condo,0.05,9.4,9.0,6.0,0.345,0.2,Q1,2024
Sentosa - Beachfront,South,214.0,2,2,25834294.0,120721.0,Townhouse,0.05,9.2,9.0,6.0,0.112,0.2,Q2,2024
Sentosa - Beachfront,South,182.0,2,2,21923174.0,120457.0,House,0.05,9.6,9.0,6.0,0.166,0.2,Q1,2025
Sentosa - Beachfront,South,29.0,1,1,2975110.0,102590.0,Condo,0.47,9.2,9.0,6.0,0.203,0.2,Q1,2024
Sentosa - Beachfront,South,212.0,3,3,27222708.0,128409.0,Townhouse,0.05,9.9,9.0,6.0,0.148,0.2,Q4,2024
Sentosa - Beachfront,South,32.0,4,4,3576512.0,111766.0,Condo,0.05,9.5,9.0,6.0,0.174,0.2,Q1,2024
Sentosa - Beachfront,South,134.0,3,3,16254468.0,121302.0,House,0.12,10.0,9.0,6.0,0.118,0.2,Q1,2024
Sentosa - Beachfront,South,229.0,5,4,24448040.0,106760.0,Townhouse,0.47,9.4,9.0,6.0,0.429,0.2,Q1,2025
Sentosa - Beachfront,South,245.0,3,3,30029895.0,122571.0,Condo,0.33,10.0,9.0,6.0,0.068,0.2,Q1,2025
Sentosa - Beachfront,South,197.0,2,2,24428788.0,124004.0,House,0.07,9.2,9.0,6.0,0.073,0.2,Q1,2025
Sentosa - Beachfront,South,54.0,1,1,5658066.0,104779.0,Lot,0.6,10.0,9.0,6.0,0.33,0.2,Q2,2024
Sentosa - Beachfront,South,164.0,2,2,17882068.0,109037.0,Townhouse,0.05,10.0,9.0,6.0,0.305,0.2,Q2,2024
Sentosa - Beachfront,South,167.0,2,2,16887040.0,101120.0,Lot,0.59,9.4,9.0,6.0,0.437,0.2,Q1,2024
Sentosa - Beachfront,South,146.0,2,1,15805376.0,108256.0,House,0.05,9.8,9.0,6.0,0.178,0.2,Q4,2024
Sentosa - Beachfront,South,153.0,2,2,16135839.0,105463.0,Condo,0.06,10.0,9.0,6.0,0.395,0.2,Q1,2024
Sentosa - Beachfront,South,113.0,1,1,12522208.0,110816.0,Condo,0.05,10.0,9.0,6.0,0.261,0.2,Q2,2024
Sentosa - Beachfront,South,178.0,2,1,18800538.0,105621.0,House,0.05,10.0,9.0,6.0,0.415,0.2,Q2,2025
Sentosa - Beachfront,South,97.0,3,2,11147628.0,114924.0,Condo,0.3,9.9,9.0,6.0,0.142,0.2,Q2,2025
Sentosa - Beachfront,South,254.0,2,1,28998164.0,114166.0,Townhouse,0.05,10.0,9.0,6.0,0.424,0.2,Q3,2024
Sentosa - Beachfront,South,47.0,3,3,5378163.0,114429.0,Condo,0.86,10.0,9.0,6.0,0.191,0.2,Q1,2024
Sentosa - Beachfront,South,92.0,3,2,9799380.0,106515.0,Condo,0.34,10.0,9.0,6.0,0.401,0.2,Q2,2024
Sentosa - Beachfront,South,144.0,1,1,15393600.0,106900.0,House,0.09,8.9,9.0,6.0,0.311,0.2,Q3,2024
Sentosa - Beachfront,South,219.0,4,4,23508117.0,107343.0,House,0.05,9.4,9.0,6.0,0.338,0.2,Q1,2025
Sentosa - Beachfront,South,131.0,3,3,16045011.0,122481.0,House,0.05,10.0,9.0,6.0,0.066,0.2,Q1,2024
Sentosa - Beachfront,South,152.0,3,3,17543992.0,115421.0,Lot,0.11,10.0,9.0,6.0,0.269,0.2,Q2,2024
Sentosa - Beachfront,South,62.0,2,1,7437024.0,119952.0,Townhouse,0.05,10.0,9.0,6.0,0.126,0.2,Q1,2024
Sentosa - Beachfront,South,199.0,1,1,22656747.0,113853.0,House,0.08,8.8,9.0,6.0,0.286,0.2,Q3,2024
Sentosa - Beachfront,South,56.0,2,2,6114024.0,109179.0,Lot,0.13,10.0,9.0,6.0,0.245,0.2,Q2,2025
Sentosa - Beachfront,South,275.0,2,1,31934925.0,116127.0,House,0.08,10.0,9.0,6.0,0.385,0.2,Q1,2024
Sentosa - Beachfront,South,160.0,1,1,19873760.0,124211.0,Townhouse,0.05,9.2,9.0,6.0,0.029,0.2,Q4,2025
Sentosa - Beachfront,South,96.0,4,4,10393152.0,108262.0,Townhouse,0.32,10.0,9.0,6.0,0.292,0.2,Q4,2024
Sentosa - Beachfront,South,209.0,2,2,24533465.0,117385.0,Condo,0.17,10.0,9.0,6.0,0.145,0.2,Q3,2024
Sentosa - Beachfront,South,227.0,5,5,26144952.0,115176.0,Condo,0.05,8.7,9.0,6.0,0.195,0.2,Q4,2024
Sentosa - Beachfront,South,217.0,3,2,24493224.0,112872.0,House,0.05,10.0,9.0,6.0,0.27,0.2,Q3,2024
Sentosa - Beachfront,South,214.0,2,1,22786506.0,106479.0,Condo,0.35,9.9,9.0,6.0,0.407,0.2,Q3,2025
Sentosa - Beachfront,South,60.0,2,1,6377520.0,106292.0,House,0.75,10.0,9.0,6.0,0.285,0.2,Q1,2024
Sentosa - Beachfront,South,265.0,3,3,30040400.0,113360.0,Condo,0.05,9.4,9.0,6.0,0.322,0.2,Q1,2024
Sentosa - Beachfront,South,247.0,2,1,30275531.0,122573.0,Lot,0.05,8.9,9.0,6.0,0.171,0.2,Q4,2024
Sentosa - Beachfront,South,72.0,3,3,6643152.0,92266.0,Condo,0.8,9.2,9.0,6.0,0.443,0.2,Q2,2025
Sentosa - Beachfront,South,76.0,4,4,8380520.0,110270.0,Townhouse,0.05,10.0,9.0,6.0,0.212,0.2,Q4,2025
Sentosa - Beachfront,South,144.0,3,2,17249328.0,119787.0,House,0.75,10.0,9.0,6.0,0.161,0.2,Q4,2024
Sentosa - Beachfront,South,246.0,3,2,28510416.0,115896.0,Townhouse,0.05,10.0,9.0,6.0,0.322,0.2,Q4,2025
Sentosa - Beachfront,South,209.0,2,2,24144307.0,115523.0,Townhouse,0.05,10.0,9.0,6.0,0.164,0.2,Q1,2025
Sentosa - Beachfront,South,207.0,3,3,24110946.0,116478.0,Lot,0.09,9.9,9.0,6.0,0.289,0.2,Q4,2025
Sentosa - Beachfront,South,241.0,3,2,24906145.0,103345.0,House,0.27,8.8,9.0,6.0,0.444,0.2,Q3,2024
Sentosa - Beachfront,South,153.0,3,2,15748443.0,102931.0,Townhouse,0.05,9.1,9.0,6.0,0.448,0.2,Q3,2025
Sentosa - Beachfront,South,201.0,4,4,22856313.0,113713.0,Condo,0.05,9.6,9.0,6.0,0.316,0.2,Q1,2025
Sentosa - Beachfront,South,211.0,4,4,23456659.0,111169.0,Condo,0.78,10.0,9.0,6.0,0.266,0.2,Q4,2024
Sentosa - Beachfront,South,26.0,4,4,3100214.0,119239.0,Condo,0.05,10.0,9.0,6.0,0.043,0.2,Q4,2024
Sentosa - Beachfront,South,51.0,2,1,5200113.0,101963.0,Condo,0.25,9.1,9.0,6.0,0.432,0.2,Q1,2025
Sentosa - Beachfront,South,93.0,1,1,9577233.0,102981.0,Condo,0.05,10.0,9.0,6.0,0.369,0.2,Q2,2024
Sentosa - Beachfront,South,105.0,3,3,12422130.0,118306.0,Lot,0.28,9.4,9.0,6.0,0.085,0.2,Q4,2024
Sentosa - Beachfront,South,137.0,4,3,16122708.0,117684.0,House,0.05,9.3,9.0,6.0,0.169,0.2,Q1,2025
Sentosa - Beachfront,South,237.0,3,2,26395401.0,111373.0,Condo,0.52,9.5,9.0,6.0,0.31,0.2,Q4,2025
Sentosa - Beachfront,South,190.0,1,1,24040890.0,126531.0,Condo,0.05,9.4,9.0,6.0,0.04,0.2,Q1,2024
Sentosa - Beachfront,South,51.0,1,1,5994132.0,117532.0,Townhouse,0.19,9.7,9.0,6.0,0.19,0.2,Q2,2024
Sentosa - Beachfront,South,259.0,3,2,30302223.0,116997.0,Condo,0.05,9.4,9.0,6.0,0.307,0.2,Q1,2024
Sentosa - Beachfront,South,254.0,4,3,29393388.0,115722.0,Condo,0.3,9.8,9.0,6.0,0.29,0.2,Q4,2025
Sentosa - Beachfront,South,68.0,3,3,6640472.0,97654.0,Condo,0.05,10.0,9.0,6.0,0.412,0.2,Q2,2024
Sentosa - Beachfront,South,167.0,4,4,18227382.0,109146.0,Condo,0.05,9.3,9.0,6.0,0.343,0.2,Q3,2024
Sentosa - Beachfront,South,149.0,2,2,17678254.0,118646.0,Condo,0.11,10.0,9.0,6.0,0.066,0.2,Q4,2024
Sentosa - Beachfront,South,137.0,1,1,16306425.0,119025.0,Condo,0.11,9.2,9.0,6.0,0.104,0.2,Q3,2024
Sentosa - Beachfront,South,63.0,1,1,6730857.0,106839.0,Townhouse,0.41,10.0,9.0,6.0,0.264,0.2,Q4,2025
Sentosa - Beachfront,South,90.0,3,3,8926200.0,99180.0,House,0.84,10.0,9.0,6.0,0.429,0.2,Q2,2024
Sentosa - Beachfront,South,125.0,2,2,15037000.0,120296.0,Condo,0.05,9.4,9.0,6.0,0.173,0.2,Q3,2024
Sentosa - Beachfront,South,25.0,3,2,2551600.0,102064.0,Townhouse,0.53,9.5,9.0,6.0,0.408,0.2,Q3,2025
Sentosa - Beachfront,South,25.0,2,2,2568475.0,102739.0,House,0.25,10.0,9.0,6.0,0.349,0.2,Q1,2024
Sentosa - Beachfront,South,273.0,3,2,31118178.0,113986.0,House,0.16,9.4,9.0,6.0,0.348,0.2,Q1,2024
Sentosa - Beachfront,South,210.0,5,5,22092420.0,105202.0,Lot,0.05,9.9,9.0,6.0,0.338,0.2,Q2,2024
Sentosa - Beachfront,South,173.0,4,4,21196825.0,122525.0,Townhouse,0.31,9.8,9.0,6.0,0.114,0.2,Q4,2024
Sentosa - Beachfront,South,167.0,3,2,17833262.0,106786.0,House,0.16,10.0,9.0,6.0,0.411,0.2,Q4,2024
Sentosa - Beachfront,South,248.0,5,4,30767624.0,124063.0,House,0.61,10.0,9.0,6.0,0.152,0.2,Q2,2025
Sentosa - Beachfront,South,241.0,1,1,28698521.0,119081.0,Condo,0.28,10.0,9.0,6.0,0.193,0.2,Q1,2025
Sentosa - Beachfront,South,186.0,2,2,19825554.0,106589.0,House,0.44,9.0,9.0,6.0,0.388,0.2,Q1,2025
Sentosa - Beachfront,South,227.0,3,3,26587375.0,117125.0,Condo,0.05,9.6,9.0,6.0,0.229,0.2,Q4,2025
Sentosa - Beachfront,South,101.0,3,2,11901638.0,117838.0,Condo,0.78,10.0,9.0,6.0,0.071,0.2,Q4,2025
Sentosa - Beachfront,South,258.0,3,3,28261062.0,109539.0,House,0.46,9.3,9.0,6.0,0.376,0.2,Q4,2024
Sentosa - Beachfront,South,123.0,3,3,13254357.0,107759.0,Townhouse,0.05,10.0,9.0,6.0,0.319,0.2,Q2,2025
Sentosa - Beachfront,South,76.0,5,4,8933344.0,117544.0,House,0.24,10.0,9.0,6.0,0.098,0.2,Q1,2025
Sentosa - Beachfront,South,92.0,2,2,10736124.0,116697.0,Townhouse,0.49,9.9,9.0,6.0,0.123,0.2,Q2,2024
Sentosa - Beachfront,South,239.0,3,3,27393702.0,114618.0,Townhouse,0.32,10.0,9.0,6.0,0.227,0.2,Q3,2025
Sentosa - Beachfront,South,208.0,1,1,25450880.0,122360.0,Condo,0.05,9.7,9.0,6.0,0.232,0.2,Q2,2025
Sentosa - Beachfront,South,168.0,2,1,17710392.0,105419.0,Condo,0.6,10.0,9.0,6.0,0.35,0.2,Q2,2024
Sentosa - Beachfront,South,119.0,4,4,13645849.0,114671.0,House,0.05,8.8,9.0,6.0,0.259,0.2,Q3,2025
Sentosa - Beachfront,South,143.0,1,1,15912897.0,111279.0,Condo,0.05,9.6,9.0,6.0,0.14,0.2,Q3,2025
Sentosa - Beachfront,South,111.0,1,1,12857241.0,115831.0,Lot,0.58,9.5,9.0,6.0,0.092,0.2,Q2,2024
Sentosa - Beachfront,South,132.0,2,2,13998732.0,106051.0,House,0.05,8.7,9.0,6.0,0.381,0.2,Q4,2025
Sentosa - Beachfront,South,105.0,3,3,10979535.0,104567.0,Condo,0.52,10.0,9.0,6.0,0.342,0.2,Q4,2024
Sentosa - Beachfront,South,143.0,1,1,15820376.0,110632.0,House,0.35,9.6,9.0,6.0,0.383,0.2,Q4,2024
Sentosa - Beachfront,South,173.0,3,2,18577605.0,107385.0,Townhouse,0.09,9.6,9.0,6.0,0.39,0.2,Q1,2024
Sentosa - Beachfront,South,178.0,3,2,19048492.0,107014.0,Condo,0.05,10.0,9.0,6.0,0.357,0.2,Q3,2024
Sentosa - Beachfront,South,275.0,2,2,31034575.0,112853.0,Townhouse,0.05,10.0,9.0,6.0,0.332,0.2,Q1,2024
Sentosa - Beachfront,South,64.0,3,2,7147904.0,111686.0,House,0.18,10.0,9.0,6.0,0.103,0.2,Q3,2025
Sentosa - Beachfront,South,68.0,4,3,7078392.0,104094.0,Condo,0.05,10.0,9.0,6.0,0.295,0.2,Q2,2025
Sentosa - Beachfront,South,140.0,2,2,16626540.0,118761.0,Condo,0.05,10.0,9.0,6.0,0.165,0.2,Q1,2025
Sentosa - Beachfront,South,173.0,2,2,18999206.0,109822.0,Condo,0.05,8.8,9.0,6.0,0.254,0.2,Q2,2024
Sentosa - Beachfront,South,178.0,2,1,20948820.0,117690.0,Condo,0.47,10.0,9.0,6.0,0.086,0.2,Q1,2025
Sentosa - Beachfront,South,159.0,2,2,18348282.0,115398.0,Condo,0.05,10.0,9.0,6.0,0.373,0.2,Q1,2025
Sentosa - Beachfront,South,218.0,3,3,28178026.0,129257.0,Condo,0.05,9.8,9.0,6.0,0.034,0.2,Q2,2024
Sentosa - Beachfront,South,140.0,4,4,15930180.0,113787.0,Lot,0.05,9.5,9.0,6.0,0.306,0.2,Q4,2024
Sentosa - Beachfront,South,217.0,3,3,23805985.0,109705.0,Lot,0.7,9.6,9.0,6.0,0.432,0.2,Q2,2024
Sentosa - Beachfront,South,122.0,2,2,13775630.0,112915.0,Townhouse,0.11,10.0,9.0,6.0,0.223,0.2,Q1,2024
Sentosa - Beachfront,South,177.0,2,2,21088311.0,119143.0,House,0.05,9.7,9.0,6.0,0.062,0.2,Q4,2025
Sentosa - Beachfront,South,207.0,3,3,21736449.0,105007.0,Condo,0.05,9.5,9.0,6.0,0.395,0.2,Q4,2025
Sentosa - Beachfront,South,200.0,1,1,23759000.0,118795.0,Condo,0.05,9.6,9.0,6.0,0.221,0.2,Q1,2024
Sentosa - Beachfront,South,102.0,2,2,11658498.0,114299.0,Lot,0.05,10.0,9.0,6.0,0.07,0.2,Q3,2025
Sentosa - Beachfront,South,205.0,3,2,26338810.0,128482.0,Condo,0.05,10.0,9.0,6.0,0.085,0.2,Q3,2024
Sentosa - Beachfront,South,174.0,1,1,21138912.0,121488.0,Condo,0.05,10.0,9.0,6.0,0.1,0.2,Q2,2024
Sentosa - Beachfront,South,254.0,2,2,30276292.0,119198.0,Condo,0.08,9.5,9.0,6.0,0.275,0.2,Q4,2024
Sentosa - Beachfront,South,236.0,2,1,29684552.0,125782.0,Townhouse,0.19,9.3,9.0,6.0,0.02,0.2,Q2,2025
Sentosa - Beachfront,South,68.0,1,1,6372552.0,93714.0,Condo,0.79,10.0,9.0,6.0,0.435,0.2,Q4,2024
Sentosa - Beachfront,South,244.0,3,2,27770616.0,113814.0,Condo,0.05,9.8,9.0,6.0,0.288,0.2,Q4,2025
Sentosa - Beachfront,South,152.0,1,1,17747976.0,116763.0,Townhouse,0.44,9.5,9.0,6.0,0.156,0.2,Q2,2025
Sentosa - Beachfront,South,66.0,3,3,6775890.0,102665.0,House,0.05,9.7,9.0,6.0,0.385,0.2,Q1,2024
Sentosa - Beachfront,South,25.0,1,1,2690025.0,107601.0,House,0.05,8.8,9.0,6.0,0.28,0.2,Q1,2024
Sentosa - Beachfront,South,138.0,4,4,17894736.0,129672.0,Lot,0.05,10.0,9.0,6.0,0.056,0.2,Q3,2025
Sentosa - Beachfront,South,175.0,4,3,18832625.0,107615.0,Townhouse,0.05,9.1,9.0,6.0,0.366,0.2,Q4,2024
Sentosa - Beachfront,South,178.0,3,2,19592282.0,110069.0,House,0.05,9.7,9.0,6.0,0.386,0.2,Q1,2025
Sentosa - Beachfront,South,59.0,2,2,5942303.0,100717.0,Lot,0.35,9.9,9.0,6.0,0.397,0.2,Q3,2024
Sentosa - Beachfront,South,90.0,4,4,9993780.0,111042.0,Condo,0.05,9.4,9.0,6.0,0.382,0.2,Q2,2024
Sentosa - Beachfront,South,41.0,5,5,3961912.0,96632.0,Condo,0.33,9.8,9.0,6.0,0.373,0.2,Q1,2025
Sentosa - Beachfront,South,260.0,3,3,31606640.0,121564.0,House,0.43,9.3,9.0,6.0,0.213,0.2,Q2,2024
Sentosa - Beachfront,South,76.0,2,1,8183376.0,107676.0,Lot,0.23,8.7,9.0,6.0,0.321,0.2,Q4,2025
Sentosa - Beachfront,South,196.0,1,1,20158796.0,102851.0,Lot,0.05,9.2,9.0,6.0,0.411,0.2,Q1,2024
Sentosa - Beachfront,South,180.0,2,2,21981960.0,122122.0,Lot,0.24,9.1,9.0,6.0,0.116,0.2,Q1,2024
Sentosa - Beachfront,South,67.0,3,2,7385008.0,110224.0,House,0.47,10.0,9.0,6.0,0.196,0.2,Q1,2025
Sentosa - Beachfront,South,28.0,5,5,2688028.0,96001.0,Townhouse,0.05,10.0,9.0,6.0,0.426,0.2,Q4,2024
Sentosa - Beachfront,South,186.0,3,2,20918490.0,112465.0,House,0.85,10.0,9.0,6.0,0.303,0.2,Q1,2025
Sentosa - Beachfront,South,130.0,4,4,15101970.0,116169.0,House,0.05,8.5,9.0,6.0,0.095,0.2,Q3,2025
Sentosa - Beachfront,South,134.0,3,3,14764656.0,110184.0,Condo,0.58,10.0,9.0,6.0,0.356,0.2,Q2,2025
Sentosa - Beachfront,South,97.0,3,3,11084578.0,114274.0,House,0.05,10.0,9.0,6.0,0.139,0.2,Q1,2025
Sentosa - Beachfront,South,181.0,3,3,21153289.0,116869.0,House,0.05,8.0,9.0,6.0,0.22,0.2,Q3,2025
Sentosa - Beachfront,South,189.0,3,3,23488920.0,124280.0,Lot,0.05,10.0,9.0,6.0,0.099,0.2,Q2,2024
Sentosa - Beachfront,South,235.0,4,4,26181585.0,111411.0,Townhouse,0.08,8.8,9.0,6.0,0.273,0.2,Q4,2024
Sentosa - Beachfront,South,168.0,2,1,20509776.0,122082.0,Condo,0.05,9.4,9.0,6.0,0.109,0.2,Q1,2024
Sentosa - Beachfront,South,257.0,3,2,32047129.0,124697.0,Condo,0.05,9.2,9.0,6.0,0.074,0.2,Q2,2024
Sentosa - Beachfront,South,85.0,2,1,10164300.0,119580.0,Condo,0.05,8.9,9.0,6.0,0.093,0.2,Q1,2024
Sentosa - Beachfront,South,157.0,4,3,18589899.0,118407.0,House,0.05,9.3,9.0,6.0,0.141,0.2,Q4,2024
Sentosa - Beachfront,South,256.0,2,2,30423808.0,118843.0,House,0.05,10.0,9.0,6.0,0.295,0.2,Q3,2024
Sentosa - Beachfront,South,131.0,2,2,13880891.0,105961.0,Condo,0.27,9.6,9.0,6.0,0.344,0.2,Q4,2024
Sentosa - Beachfront,South,140.0,2,2,14664300.0,104745.0,House,0.05,9.4,9.0,6.0,0.367,0.2,Q4,2024
Sentosa - Beachfront,South,185.0,3,3,19994430.0,108078.0,Condo,0.41,9.4,9.0,6.0,0.428,0.2,Q2,2024
Sentosa - Beachfront,South,123.0,3,2,12532101.0,101887.0,Lot,0.05,9.4,9.0,6.0,0.391,0.2,Q2,2025
Sentosa - Beachfront,South,180.0,3,3,21346920.0,118594.0,House,0.05,10.0,9.0,6.0,0.217,0.2,Q1,2024
Sentosa - Beachfront,South,74.0,2,1,8811254.0,119071.0,House,0.05,9.6,9.0,6.0,0.084,0.2,Q1,2025
Sentosa - Beachfront,South,41.0,3,3,4702536.0,114696.0,Condo,0.11,9.5,9.0,6.0,0.138,0.2,Q4,2025
Sentosa - Beachfront,South,276.0,4,4,35880000.0,130000.0,House,0.05,9.7,9.0,6.0,0.054,0.2,Q4,2025
Sentosa - Beachfront,South,102.0,1,1,10274766.0,100733.0,House,0.05,10.0,9.0,6.0,0.448,0.2,Q4,2024
Sentosa - Beachfront,South,141.0,1,1,14424864.0,102304.0,Condo,0.05,9.1,9.0,6.0,0.447,0.2,Q3,2025
Sentosa - Beachfront,South,145.0,3,2,15692335.0,108223.0,House,0.09,10.0,9.0,6.0,0.255,0.2,Q4,2024
Sentosa - Beachfront,South,163.0,1,1,17805794.0,109238.0,House,0.55,10.0,9.0,6.0,0.301,0.2,Q2,2024
Sentosa - Beachfront,South,106.0,4,3,12366384.0,116664.0,Condo,0.05,8.9,9.0,6.0,0.129,0.2,Q1,2024
Sentosa - Beachfront,South,264.0,2,2,30779232.0,116588.0,House,0.05,9.0,9.0,6.0,0.248,0.2,Q1,2024
Sentosa - Beachfront,South,54.0,5,4,6379668.0,118142.0,Lot,0.52,10.0,9.0,6.0,0.039,0.2,Q3,2025
Sentosa - Beachfront,South,231.0,2,1,26813325.0,116075.0,Condo,0.05,10.0,9.0,6.0,0.27,0.2,Q4,2025
Sentosa - Beachfront,South,191.0,4,3,22169370.0,116070.0,House,0.05,10.0,9.0,6.0,0.197,0.2,Q3,2025
Sentosa - Beachfront,South,167.0,3,3,19582587.0,117261.0,Condo,0.6,9.9,9.0,6.0,0.152,0.2,Q4,2025
Sentosa - Beachfront,South,277.0,3,3,35379271.0,127723.0,Lot,0.29,10.0,9.0,6.0,0.165,0.2,Q4,2025
Sentosa - Beachfront,South,238.0,2,2,28866782.0,121289.0,House,0.05,8.6,9.0,6.0,0.11,0.2,Q4,2024
Sentosa - Beachfront,South,176.0,2,1,21748144.0,123569.0,Townhouse,0.26,9.4,9.0,6.0,0.027,0.2,Q2,2024
Sentosa - Beachfront,South,81.0,2,1,9761877.0,120517.0,House,0.05,9.8,9.0,6.0,0.142,0.2,Q3,2025
Sentosa - Beachfront,South,140.0,5,5,16881480.0,120582.0,Townhouse,1.05,9.8,9.0,6.0,0.126,0.2,Q1,2024
Sentosa - Beachfront,South,104.0,1,1,11473696.0,110324.0,Condo,0.25,8.9,9.0,6.0,0.086,0.2,Q2,2024
Sentosa - Beachfront,South,34.0,4,3,4144260.0,121890.0,Townhouse,0.05,9.7,9.0,6.0,0.122,0.2,Q1,2025
Sentosa - Beachfront,South,111.0,5,5,13522353.0,121823.0,Townhouse,0.05,9.9,9.0,6.0,0.061,0.2,Q1,2024
Sentosa - Beachfront,South,249.0,3,3,31529874.0,126626.0,Condo,0.27,9.2,9.0,6.0,0.086,0.2,Q3,2025
Sentosa - Beachfront,South,59.0,1,1,6567349.0,111311.0,Condo,0.45,9.8,9.0,6.0,0.141,0.2,Q1,2024
Sentosa - Beachfront,South,251.0,3,2,28466914.0,113414.0,Condo,0.32,10.0,9.0,6.0,0.316,0.2,Q1,2025
Sentosa - Beachfront,South,180.0,2,1,19418940.0,107883.0,House,0.05,10.0,9.0,6.0,0.394,0.2,Q1,2024
Sentosa - Beachfront,South,71.0,3,3,7575274.0,106694.0,House,0.05,10.0,9.0,6.0,0.371,0.2,Q3,2024
Sentosa - Beachfront,South,210.0,2,1,26343660.0,125446.0,Condo,0.05,9.7,9.0,6.0,0.064,0.2,Q3,2024
Sentosa - Beachfront,South,96.0,2,2,9753600.0,101600.0,Lot,1.21,9.5,9.0,6.0,0.372,0.2,Q2,2024
Sentosa - Beachfront,South,231.0,2,1,28095144.0,121624.0,Condo,0.05,10.0,9.0,6.0,0.133,0.2,Q2,2025
Sentosa - Beachfront,South,171.0,1,1,18268956.0,106836.0,Condo,0.05,10.0,9.0,6.0,0.44,0.2,Q1,2024
Sentosa - Beachfront,South,80.0,2,2,8351680.0,104396.0,Condo,0.05,8.7,9.0,6.0,0.345,0.2,Q3,2025
Sentosa - Beachfront,South,224.0,2,2,26550496.0,118529.0,Condo,0.05,10.0,9.0,6.0,0.217,0.2,Q1,2024
Sentosa - Beachfront,South,194.0,5,5,22030058.0,113557.0,Condo,0.45,9.5,9.0,6.0,0.257,0.2,Q3,2025
Sentosa - Beachfront,South,230.0,4,4,28349110.0,123257.0,House,0.32,9.9,9.0,6.0,0.029,0.2,Q1,2024
Sentosa - Beachfront,South,123.0,2,2,13487688.0,109656.0,Condo,0.05,10.0,9.0,6.0,0.396,0.2,Q4,2024
Sentosa - Beachfront,South,58.0,4,3,5908054.0,101863.0,House,0.51,10.0,9.0,6.0,0.442,0.2,Q1,2025
Sentosa - Beachfront,South,212.0,2,1,26833688.0,126574.0,Townhouse,0.5,10.0,9.0,6.0,0.036,0.2,Q3,2025
Sentosa - Beachfront,South,200.0,2,2,23965200.0,119826.0,Condo,0.05,9.7,9.0,6.0,0.146,0.2,Q4,2025
Sentosa - Beachfront,South,160.0,2,1,20265600.0,126660.0,Townhouse,0.05,10.0,9.0,6.0,0.028,0.2,Q3,2024
Sentosa - Beachfront,South,57.0,2,2,6195672.0,108696.0,Townhouse,0.16,10.0,9.0,6.0,0.282,0.2,Q4,2024
Sentosa - Beachfront,South,168.0,3,2,19279848.0,114761.0,House,0.37,9.9,9.0,6.0,0.267,0.2,Q3,2025
Sentosa - Beachfront,South,228.0,5,5,25424280.0,111510.0,Condo,0.29,10.0,9.0,6.0,0.33,0.2,Q2,2025
Sentosa - Beachfront,South,214.0,4,4,25476272.0,119048.0,Condo,0.05,9.6,9.0,6.0,0.31,0.2,Q3,2025
Sentosa - Beachfront,South,229.0,5,4,27204742.0,118798.0,Condo,0.51,10.0,9.0,6.0,0.145,0.2,Q4,2025
Sentosa - Beachfront,South,215.0,4,3,24650610.0,114654.0,Townhouse,0.29,10.0,9.0,6.0,0.276,0.2,Q4,2025
Sentosa - Beachfront,South,278.0,2,1,30744854.0,110593.0,House,0.41,9.1,9.0,6.0,0.394,0.2,Q3,2024
Sentosa - Beachfront,South,109.0,2,1,12792676.0,117364.0,House,0.07,10.0,9.0,6.0,0.151,0.2,Q4,2024
Sentosa - Beachfront,South,121.0,3,3,12537899.0,103619.0,House,0.11,8.7,9.0,6.0,0.397,0.2,Q2,2024
Sentosa - Beachfront,South,174.0,3,2,19427970.0,111655.0,Condo,0.15,9.7,9.0,6.0,0.365,0.2,Q1,2024
Sentosa - Beachfront,South,199.0,1,1,23993231.0,120569.0,House,0.44,10.0,9.0,6.0,0.12,0.2,Q1,2024
Sentosa - Beachfront,South,117.0,2,2,13520988.0,115564.0,House,0.05,9.9,9.0,6.0,0.237,0.2,Q4,2024
Sentosa - Beachfront,South,257.0,2,1,28607955.0,111315.0,Condo,0.15,9.2,9.0,6.0,0.383,0.2,Q1,2024
Sentosa - Beachfront,South,102.0,2,1,12531516.0,122858.0,Condo,0.86,9.5,9.0,6.0,0.055,0.2,Q1,2025
Sentosa - Beachfront,South,81.0,3,2,9151056.0,112976.0,Townhouse,0.45,9.9,9.0,6.0,0.142,0.2,Q2,2024
Sentosa - Beachfront,South,63.0,3,3,7046487.0,111849.0,House,0.05,10.0,9.0,6.0,0.237,0.2,Q4,2025
Sentosa - Beachfront,South,149.0,4,4,17117865.0,114885.0,Condo,0.26,9.4,9.0,6.0,0.096,0.2,Q4,2025
Sentosa - Beachfront,South,179.0,4,4,19123107.0,106833.0,House,0.05,10.0,9.0,6.0,0.407,0.2,Q4,2024
Sentosa - Beachfront,South,259.0,5,4,28960603.0,111817.0,Condo,0.06,10.0,9.0,6.0,0.257,0.2,Q2,2024
Sentosa - Beachfront,South,58.0,1,1,5860726.0,101047.0,Condo,0.55,10.0,9.0,6.0,0.399,0.2,Q2,2025
Sentosa - Beachfront,South,152.0,2,2,17241208.0,113429.0,House,0.05,9.4,9.0,6.0,0.232,0.2,Q3,2024
Sentosa - Beachfront,South,190.0,5,5,20859530.0,109787.0,Lot,0.05,9.5,9.0,6.0,0.396,0.2,Q3,2024
Sentosa - Beachfront,South,274.0,2,1,32079098.0,117077.0,Condo,0.66,9.3,9.0,6.0,0.288,0.2,Q1,2025
Sentosa - Beachfront,South,147.0,4,4,17971338.0,122254.0,House,0.05,10.0,9.0,6.0,0.09,0.2,Q3,2024
Sentosa - Beachfront,South,267.0,4,4,30501546.0,114238.0,House,0.63,10.0,9.0,6.0,0.259,0.2,Q3,2025
Sentosa - Beachfront,South,39.0,4,4,4281264.0,109776.0,Condo,0.05,10.0,9.0,6.0,0.262,0.2,Q4,2025
Sentosa - Beachfront,South,84.0,1,1,9348612.0,111293.0,House,0.05,9.9,9.0,6.0,0.198,0.2,Q1,2025
Sentosa - Beachfront,South,51.0,2,2,6328998.0,124098.0,Lot,0.05,10.0,9.0,6.0,0.076,0.2,Q1,2025
Sentosa - Beachfront,South,233.0,4,4,29323516.0,125852.0,Condo,0.27,10.0,9.0,6.0,0.043,0.2,Q2,2025
Sentosa - Beachfront,South,135.0,3,2,16128720.0,119472.0,House,0.05,9.5,9.0,6.0,0.243,0.2,Q3,2024
Sentosa - Beachfront,South,229.0,3,2,24028054.0,104926.0,Condo,0.05,9.9,9.0,6.0,0.424,0.2,Q2,2025
Sentosa - Beachfront,South,73.0,3,2,8166145.0,111865.0,House,0.05,10.0,9.0,6.0,0.258,0.2,Q1,2024
Sentosa - Beachfront,South,194.0,3,3,22251606.0,114699.0,Condo,0.05,9.9,9.0,6.0,0.181,0.2,Q4,2024
Sentosa - Beachfront,South,227.0,3,3,27912601.0,122963.0,House,0.23,10.0,9.0,6.0,0.19,0.2,Q1,2025
Sentosa - Beachfront,South,231.0,2,2,29056566.0,125786.0,Condo,0.05,9.5,9.0,6.0,0.062,0.2,Q1,2025
Sentosa - Beachfront,South,100.0,1,1,10267600.0,102676.0,Condo,0.65,10.0,9.0,6.0,0.44,0.2,Q1,2025
Sentosa - Beachfront,South,123.0,1,1,14475501.0,117687.0,House,0.05,9.9,9.0,6.0,0.092,0.2,Q3,2024
Sentosa - Beachfront,South,147.0,3,3,15830136.0,107688.0,Lot,0.2,9.7,9.0,6.0,0.378,0.2,Q2,2025
Sentosa - Beachfront,South,58.0,3,3,6245556.0,107682.0,House,0.05,10.0,9.0,6.0,0.231,0.2,Q3,2024
Sentosa - Beachfront,South,205.0,3,2,22827775.0,111355.0,House,0.05,10.0,9.0,6.0,0.298,0.2,Q3,2024
Sentosa - Beachfront,South,73.0,3,2,8536547.0,116939.0,Condo,0.62,10.0,9.0,6.0,0.141,0.2,Q1,2024
Sentosa - Beachfront,South,254.0,1,1,28495752.0,112188.0,Condo,0.37,10.0,9.0,6.0,0.361,0.2,Q4,2025
Sentosa - Beachfront,South,139.0,3,3,15340596.0,110364.0,Townhouse,0.05,10.0,9.0,6.0,0.339,0.2,Q4,2024
Sentosa - Beachfront,South,247.0,2,2,30779905.0,124615.0,House,0.05,10.0,9.0,6.0,0.137,0.2,Q1,2025
Sentosa - Beachfront,South,74.0,1,1,7593140.0,102610.0,Lot,0.05,10.0,9.0,6.0,0.377,0.2,Q1,2024
Sentosa - Beachfront,South,127.0,2,2,14133195.0,111285.0,House,0.05,9.6,9.0,6.0,0.291,0.2,Q2,2025
Sentosa - Beachfront,South,145.0,3,2,15995675.0,110315.0,Condo,0.54,10.0,9.0,6.0,0.347,0.2,Q2,2024
Sentosa - Beachfront,South,254.0,2,2,31327852.0,123338.0,Condo,1.0,10.0,9.0,6.0,0.171,0.2,Q2,2024
Sentosa - Beachfront,South,144.0,3,2,16245648.0,112817.0,Condo,0.06,9.5,9.0,6.0,0.115,0.2,Q2,2024
Sentosa - Beachfront,South,157.0,2,1,19675240.0,125320.0,Condo,0.05,9.3,9.0,6.0,0.144,0.2,Q4,2024
Sentosa - Beachfront,South,29.0,4,4,3430062.0,118278.0,Condo,0.05,9.5,9.0,6.0,0.025,0.2,Q3,2025
Sentosa - Beachfront,South,76.0,3,2,8211800.0,108050.0,House,0.05,9.8,9.0,6.0,0.282,0.2,Q3,2024
Sentosa - Beachfront,South,109.0,2,2,11951087.0,109643.0,Condo,0.05,9.4,9.0,6.0,0.274,0.2,Q3,2024
Sentosa - Beachfront,South,252.0,4,4,29312892.0,116321.0,House,0.07,10.0,9.0,6.0,0.34,0.2,Q2,2025
Sentosa - Beachfront,South,58.0,2,2,6176768.0,106496.0,Condo,0.05,10.0,9.0,6.0,0.356,0.2,Q4,2024
Sentosa - Beachfront,South,117.0,1,1,13787865.0,117845.0,Condo,0.26,10.0,9.0,6.0,0.164,0.2,Q3,2025
Sentosa - Beachfront,South,67.0,1,1,8038325.0,119975.0,House,0.05,8.9,9.0,6.0,0.033,0.2,Q2,2024
Sentosa - Beachfront,South,256.0,3,3,30700288.0,119923.0,Lot,0.05,10.0,9.0,6.0,0.288,0.2,Q1,2025
Sentosa - Beachfront,South,184.0,2,1,20938280.0,113795.0,Townhouse,0.05,9.1,9.0,6.0,0.259,0.2,Q2,2024
Sentosa - Beachfront,South,135.0,2,2,13873275.0,102765.0,Townhouse,0.05,9.9,9.0,6.0,0.361,0.2,Q4,2024
Sentosa - Beachfront,South,136.0,4,4,16386504.0,120489.0,House,0.06,9.6,9.0,6.0,0.13,0.2,Q2,2024
Sentosa - Beachfront,South,173.0,3,2,20882657.0,120709.0,House,0.05,9.9,9.0,6.0,0.089,0.2,Q2,2024
Sentosa - Beachfront,South,198.0,4,4,20645856.0,104272.0,Condo,0.49,10.0,9.0,6.0,0.381,0.2,Q4,2024
Sentosa - Beachfront,South,32.0,4,3,3326624.0,103957.0,Lot,0.49,9.2,9.0,6.0,0.324,0.2,Q3,2024
Sentosa - Beachfront,South,111.0,4,4,11287923.0,101693.0,Condo,0.52,10.0,9.0,6.0,0.4,0.2,Q1,2025
Sentosa - Beachfront,South,250.0,4,3,31614000.0,126456.0,Condo,0.78,9.6,9.0,6.0,0.06,0.2,Q4,2025
Sentosa - Beachfront,South,203.0,1,1,24004141.0,118247.0,Condo,0.25,10.0,9.0,6.0,0.237,0.2,Q2,2025
Sentosa - Beachfront,South,248.0,1,1,26912464.0,108518.0,Condo,0.19,9.6,9.0,6.0,0.447,0.2,Q1,2025
Sentosa - Beachfront,South,256.0,3,2,33280000.0,130000.0,Condo,0.05,10.0,9.0,6.0,0.079,0.2,Q1,2025
Sentosa - Beachfront,South,217.0,3,2,27311403.0,125859.0,Lot,0.21,10.0,9.0,6.0,0.092,0.2,Q1,2024
Sentosa - Beachfront,South,251.0,1,1,28520377.0,113627.0,Condo,0.29,9.5,9.0,6.0,0.336,0.2,Q3,2024
Sentosa - Beachfront,South,256.0,2,2,29456384.0,115064.0,House,0.44,9.3,9.0,6.0,0.271,0.2,Q3,2024
Sentosa - Beachfront,South,119.0,2,2,13069294.0,109826.0,Condo,0.11,10.0,9.0,6.0,0.334,0.2,Q2,2024
Sentosa - Beachfront,South,115.0,2,2,12356520.0,107448.0,House,0.16,8.4,9.0,6.0,0.385,0.2,Q4,2024
Sentosa - Beachfront,South,40.0,3,3,4124640.0,103116.0,Townhouse,0.05,9.8,9.0,6.0,0.294,0.2,Q1,2025
Sentosa - Beachfront,South,111.0,1,1,11263392.0,101472.0,House,0.73,10.0,9.0,6.0,0.443,0.2,Q1,2024
Sentosa - Beachfront,South,258.0,2,1,28641096.0,111012.0,Townhouse,0.05,9.2,9.0,6.0,0.239,0.2,Q3,2025
Sentosa - Beachfront,South,264.0,2,2,31226184.0,118281.0,Condo,0.05,9.1,9.0,6.0,0.231,0.2,Q2,2025
Sentosa - Beachfront,South,112.0,3,3,12715920.0,113535.0,Condo,0.05,10.0,9.0,6.0,0.293,0.2,Q2,2025
Sentosa - Beachfront,South,76.0,3,2,7767732.0,102207.0,Lot,0.05,9.2,9.0,6.0,0.44,0.2,Q3,2025
Sentosa - Beachfront,South,117.0,3,2,11899485.0,101705.0,House,0.47,9.6,9.0,6.0,0.427,0.2,Q4,2025
Sentosa - Beachfront,South,148.0,3,3,18002572.0,121639.0,Condo,0.22,10.0,9.0,6.0,0.07,0.2,Q3,2024
Sentosa - Beachfront,South,161.0,3,3,19602555.0,121755.0,House,0.27,10.0,9.0,6.0,0.025,0.2,Q4,2024
Sentosa - Beachfront,South,128.0,5,5,13969024.0,109133.0,House,0.38,10.0,9.0,6.0,0.36,0.2,Q4,2024
Sentosa - Beachfront,South,203.0,2,2,21705369.0,106923.0,Condo,0.51,9.6,9.0,6.0,0.381,0.2,Q2,2024
Sentosa - Beachfront,South,243.0,3,2,30680937.0,126259.0,Condo,0.05,8.9,9.0,6.0,0.15,0.2,Q1,2025
Sentosa - Beachfront,South,143.0,5,5,16824665.0,117655.0,Condo,0.05,10.0,9.0,6.0,0.222,0.2,Q4,2025
Sentosa - Beachfront,South,33.0,2,1,3461073.0,104881.0,Condo,0.05,10.0,9.0,6.0,0.362,0.2,Q4,2024
Sentosa - Beachfront,South,45.0,2,2,5083605.0,112969.0,Condo,0.05,9.3,9.0,6.0,0.174,0.2,Q2,2025
Sentosa - Beachfront,South,35.0,3,3,3861515.0,110329.0,Townhouse,0.07,10.0,9.0,6.0,0.083,0.2,Q4,2025
Sentosa - Beachfront,South,237.0,4,4,27852240.0,117520.0,Condo,0.23,10.0,9.0,6.0,0.243,0.2,Q2,2024
Sentosa - Beachfront,South,229.0,3,2,29740001.0,129869.0,Condo,0.55,10.0,9.0,6.0,0.037,0.2,Q1,2024
Sentosa - Beachfront,South,71.0,4,4,7532319.0,106089.0,Condo,0.05,9.5,9.0,6.0,0.314,0.2,Q3,2025
Sentosa - Beachfront,South,164.0,2,2,18135612.0,110583.0,Condo,0.95,9.5,9.0,6.0,0.249,0.2,Q2,2024
Sentosa - Beachfront,South,96.0,4,4,10919136.0,113741.0,Condo,0.05,9.7,9.0,6.0,0.32,0.2,Q4,2025
Sentosa - Beachfront,South,149.0,2,2,17991154.0,120746.0,Condo,0.05,10.0,9.0,6.0,0.185,0.2,Q3,2024
Sentosa - Beachfront,South,160.0,1,1,18540480.0,115878.0,Condo,0.6,9.2,9.0,6.0,0.317,0.2,Q4,2025
Sentosa - Beachfront,South,131.0,2,1,15734672.0,120112.0,Condo,0.05,9.9,9.0,6.0,0.089,0.2,Q2,2025
Sentosa - Beachfront,South,205.0,3,3,24467775.0,119355.0,Townhouse,0.05,9.3,9.0,6.0,0.166,0.2,Q3,2025
Sentosa - Beachfront,South,124.0,2,1,12588976.0,101524.0,Townhouse,0.33,10.0,9.0,6.0,0.421,0.2,Q3,2025
Sentosa - Beachfront,South,195.0,5,4,21560175.0,110565.0,House,0.62,9.4,9.0,6.0,0.269,0.2,Q3,2024
Sentosa - Beachfront,South,85.0,2,1,9900290.0,116474.0,Condo,0.09,10.0,9.0,6.0,0.218,0.2,Q4,2024
Sentosa - Beachfront,South,264.0,2,2,31686600.0,120025.0,Townhouse,0.05,10.0,9.0,6.0,0.263,0.2,Q3,2025
Sentosa - Beachfront,South,193.0,3,2,22757788.0,117916.0,Condo,0.05,10.0,9.0,6.0,0.211,0.2,Q4,2024
Sentosa - Beachfront,South,157.0,3,2,18033177.0,114861.0,Condo,0.21,10.0,9.0,6.0,0.203,0.2,Q3,2024
Sentosa - Beachfront,South,144.0,3,3,14956992.0,103868.0,House,0.71,9.5,9.0,6.0,0.271,0.2,Q3,2025
Sentosa - Beachfront,South,152.0,1,1,18813952.0,123776.0,House,0.19,10.0,9.0,6.0,0.037,0.2,Q1,2025
Sentosa - Beachfront,South,195.0,1,1,21564270.0,110586.0,House,0.05,10.0,9.0,6.0,0.332,0.2,Q2,2024
Sentosa - Beachfront,South,237.0,5,4,25730379.0,108567.0,Condo,0.05,10.0,9.0,6.0,0.449,0.2,Q2,2024
Sentosa - Beachfront,South,273.0,5,4,30915612.0,113244.0,House,0.12,8.9,9.0,6.0,0.291,0.2,Q4,2025
Sentosa - Beachfront,South,224.0,3,3,24373888.0,108812.0,Condo,0.05,9.5,9.0,6.0,0.393,0.2,Q4,2025
Sentosa - Beachfront,South,177.0,4,4,20103837.0,113581.0,Condo,0.05,9.3,9.0,6.0,0.164,0.2,Q2,2025
Sentosa - Beachfront,South,146.0,4,3,16090514.0,110209.0,House,0.05,10.0,9.0,6.0,0.313,0.2,Q4,2024
Sentosa - Beachfront,South,225.0,2,2,26285625.0,116825.0,Condo,0.4,9.4,9.0,6.0,0.279,0.2,Q4,2025
Sentosa - Beachfront,South,45.0,2,1,5079870.0,112886.0,Townhouse,0.05,9.5,9.0,6.0,0.276,0.2,Q2,2025
Sentosa - Beachfront,South,268.0,1,1,34057708.0,127081.0,Lot,1.28,9.8,9.0,6.0,0.058,0.2,Q4,2024
Sentosa - Beachfront,South,57.0,1,1,5795589.0,101677.0,Condo,0.86,9.7,9.0,6.0,0.335,0.2,Q2,2025
Sentosa - Beachfront,South,209.0,3,2,23530056.0,112584.0,Condo,0.05,9.4,9.0,6.0,0.389,0.2,Q1,2024
Sentosa - Beachfront,South,184.0,2,1,23752928.0,129092.0,Condo,0.65,10.0,9.0,6.0,0.072,0.2,Q4,2025
Sentosa - Beachfront,South,193.0,2,1,19681175.0,101975.0,House,0.05,9.2,9.0,6.0,0.449,0.2,Q4,2025
Sentosa - Beachfront,South,136.0,3,3,16662856.0,122521.0,House,0.05,10.0,9.0,6.0,0.145,0.2,Q1,2024
Sentosa - Beachfront,South,105.0,1,1,12932850.0,123170.0,Townhouse,0.05,9.9,9.0,6.0,0.084,0.2,Q4,2024
Sentosa - Beachfront,South,189.0,3,3,21960477.0,116193.0,House,0.05,9.2,9.0,6.0,0.23,0.2,Q2,2024
Sentosa - Beachfront,South,42.0,4,3,4735164.0,112742.0,House,0.05,10.0,9.0,6.0,0.131,0.2,Q3,2025
Sentosa - Beachfront,South,180.0,5,5,21434760.0,119082.0,Lot,0.05,9.6,9.0,6.0,0.167,0.2,Q3,2024
Sentosa - Beachfront,South,56.0,3,2,5546072.0,99037.0,Townhouse,0.57,9.3,9.0,6.0,0.433,0.2,Q2,2024
Sentosa - Beachfront,South,267.0,1,1,30766677.0,115231.0,House,0.33,9.3,9.0,6.0,0.375,0.2,Q2,2024
Sentosa - Beachfront,South,259.0,1,1,28697200.0,110800.0,Lot,0.05,9.1,9.0,6.0,0.434,0.2,Q2,2024
Sentosa - Beachfront,South,236.0,3,3,28353276.0,120141.0,Townhouse,0.37,10.0,9.0,6.0,0.278,0.2,Q2,2025
Sentosa - Beachfront,South,179.0,4,3,20190484.0,112796.0,House,0.58,10.0,9.0,6.0,0.228,0.2,Q4,2024
Sentosa - Beachfront,South,80.0,3,3,8007360.0,100092.0,House,0.05,8.6,9.0,6.0,0.369,0.2,Q2,2025
Sentosa - Beachfront,South,215.0,3,2,24437545.0,113663.0,House,0.05,9.0,9.0,6.0,0.33,0.2,Q3,2024
Sentosa - Beachfront,South,35.0,2,2,3526040.0,100744.0,House,0.05,9.9,9.0,6.0,0.303,0.2,Q1,2024
Sentosa - Beachfront,South,208.0,3,3,23809760.0,114470.0,Lot,0.34,10.0,9.0,6.0,0.332,0.2,Q2,2024
Sentosa - Beachfront,South,211.0,3,2,25254168.0,119688.0,Condo,0.27,10.0,9.0,6.0,0.228,0.2,Q2,2025
Sentosa - Beachfront,South,172.0,1,1,19071532.0,110881.0,Condo,0.05,9.6,9.0,6.0,0.251,0.2,Q4,2025
Sentosa - Beachfront,South,70.0,2,2,8186500.0,116950.0,Condo,0.1,9.6,9.0,6.0,0.101,0.2,Q4,2024
Sentosa - Beachfront,South,146.0,3,3,15741282.0,107817.0,House,0.34,9.6,9.0,6.0,0.231,0.2,Q4,2024
Sentosa - Beachfront,South,216.0,4,4,23071824.0,106814.0,Townhouse,0.05,10.0,9.0,6.0,0.415,0.2,Q2,2025
Sentosa - Beachfront,South,257.0,2,2,32658275.0,127075.0,Condo,0.41,9.4,9.0,6.0,0.1,0.2,Q1,2024
Sentosa - Beachfront,South,96.0,2,1,11046432.0,115067.0,Condo,0.05,9.6,9.0,6.0,0.159,0.2,Q4,2025
Sentosa - Beachfront,South,84.0,3,3,9310224.0,110836.0,Condo,0.08,9.2,9.0,6.0,0.249,0.2,Q4,2024
Sentosa - Beachfront,South,113.0,1,1,11598772.0,102644.0,Townhouse,0.59,10.0,9.0,6.0,0.414,0.2,Q3,2025
Sentosa - Beachfront,South,138.0,2,1,16471542.0,119359.0,Lot,0.05,9.6,9.0,6.0,0.126,0.2,Q2,2024
Sentosa - Beachfront,South,66.0,3,3,7575678.0,114783.0,Lot,0.11,9.5,9.0,6.0,0.13,0.2,Q1,2024
Sentosa - Beachfront,South,59.0,3,3,5819524.0,98636.0,Condo,0.35,10.0,9.0,6.0,0.335,0.2,Q4,2024
Sentosa - Beachfront,South,167.0,3,3,19368326.0,115978.0,Lot,0.3,10.0,9.0,6.0,0.14,0.2,Q2,2025
Sentosa - Beachfront,South,193.0,3,3,23976390.0,124230.0,Lot,0.36,9.1,9.0,6.0,0.051,0.2,Q4,2024
Sentosa - Beachfront,South,250.0,2,1,28189250.0,112757.0,Lot,0.37,9.3,9.0,6.0,0.328,0.2,Q4,2024
Sentosa - Beachfront,South,105.0,2,1,11300520.0,107624.0,House,0.05,9.5,9.0,6.0,0.241,0.2,Q4,2025
Sentosa - Beachfront,South,106.0,3,2,10969304.0,103484.0,House,0.36,10.0,9.0,6.0,0.363,0.2,Q1,2024
Sentosa - Beachfront,South,212.0,2,2,24978688.0,117824.0,Condo,0.05,9.1,9.0,6.0,0.218,0.2,Q3,2025
Sentosa - Beachfront,South,203.0,3,2,24617607.0,121269.0,Condo,0.7,9.3,9.0,6.0,0.085,0.2,Q2,2024
Sentosa - Beachfront,South,271.0,1,1,33490451.0,123581.0,House,0.48,9.2,9.0,6.0,0.041,0.2,Q3,2025
Sentosa - Beachfront,South,35.0,3,3,4095070.0,117002.0,Lot,0.05,10.0,9.0,6.0,0.04,0.2,Q4,2025
Sentosa - Beachfront,South,230.0,4,4,26970260.0,117262.0,Lot,0.05,9.9,9.0,6.0,0.21,0.2,Q2,2025
Sentosa - Beachfront,South,80.0,2,1,9599600.0,119995.0,House,0.05,9.7,9.0,6.0,0.119,0.2,Q1,2025
Sentosa - Beachfront,South,179.0,4,4,22675004.0,126676.0,Condo,0.05,10.0,9.0,6.0,0.082,0.2,Q2,2025
Sentosa - Beachfront,South,69.0,1,1,7068636.0,102444.0,Condo,0.06,8.9,9.0,6.0,0.319,0.2,Q4,2025
Sentosa - Beachfront,South,209.0,3,3,24019534.0,114926.0,Townhouse,0.44,8.5,9.0,6.0,0.213,0.2,Q4,2025
Sentosa - Beachfront,South,29.0,4,4,3191189.0,110041.0,Condo,0.06,9.5,9.0,6.0,0.167,0.2,Q3,2024
Sentosa - Beachfront,South,108.0,2,2,11766168.0,108946.0,Condo,0.26,8.8,9.0,6.0,0.387,0.2,Q2,2024
Sentosa - Beachfront,South,219.0,3,3,27313461.0,124719.0,House,0.09,8.8,9.0,6.0,0.077,0.2,Q4,2025
Sentosa - Beachfront,South,113.0,3,3,12155071.0,107567.0,Condo,0.05,10.0,9.0,6.0,0.355,0.2,Q2,2025
Sentosa - Beachfront,South,96.0,2,2,10546080.0,109855.0,Condo,0.05,10.0,9.0,6.0,0.2,0.2,Q4,2024
Sentosa - Beachfront,South,185.0,4,4,21679780.0,117188.0,Townhouse,0.71,9.9,9.0,6.0,0.322,0.2,Q2,2024
Sentosa - Beachfront,South,229.0,4,4,28865221.0,126049.0,Townhouse,0.15,9.0,9.0,6.0,0.046,0.2,Q3,2025
Sentosa - Beachfront,South,43.0,3,3,4480514.0,104198.0,House,0.14,8.9,9.0,6.0,0.319,0.2,Q2,2024
Sentosa - Beachfront,South,222.0,2,1,28860000.0,130000.0,Condo,0.49,10.0,9.0,6.0,0.049,0.2,Q3,2024
Sentosa - Beachfront,South,248.0,2,1,26496320.0,106840.0,Condo,0.26,9.7,9.0,6.0,0.385,0.2,Q4,2025
Sentosa - Beachfront,South,161.0,3,2,19873840.0,123440.0,Townhouse,0.33,10.0,9.0,6.0,0.078,0.2,Q4,2024
Sentosa - Beachfront,South,251.0,5,4,31146088.0,124088.0,Condo,0.05,9.3,9.0,6.0,0.19,0.2,Q2,2024
Sentosa - Beachfront,South,87.0,4,4,10472799.0,120377.0,Condo,0.12,9.5,9.0,6.0,0.115,0.2,Q3,2025
Sentosa - Beachfront,South,182.0,2,1,22526686.0,123773.0,Lot,0.05,10.0,9.0,6.0,0.091,0.2,Q2,2025
Sentosa - Beachfront,South,187.0,3,3,21058444.0,112612.0,House,0.47,9.1,9.0,6.0,0.272,0.2,Q3,2024
Sentosa - Beachfront,South,233.0,5,4,26341815.0,113055.0,House,0.05,9.8,9.0,6.0,0.364,0.2,Q4,2024
Sentosa - Beachfront,South,241.0,2,2,28841434.0,119674.0,Condo,0.05,9.6,9.0,6.0,0.14,0.2,Q3,2024
Sentosa - Beachfront,South,153.0,3,2,17887842.0,116914.0,House,0.2,9.6,9.0,6.0,0.196,0.2,Q3,2024
Sentosa - Beachfront,South,210.0,2,1,26508510.0,126231.0,Townhouse,0.23,10.0,9.0,6.0,0.061,0.2,Q1,2024
Sentosa - Beachfront,South,166.0,4,4,21172138.0,127543.0,Lot,0.05,10.0,9.0,6.0,0.082,0.2,Q2,2024
Sentosa - Beachfront,South,211.0,4,4,25522771.0,120961.0,Condo,0.05,9.2,9.0,6.0,0.133,0.2,Q1,2024
Sentosa - Beachfront,South,144.0,2,2,17044272.0,118363.0,Condo,0.42,10.0,9.0,6.0,0.151,0.2,Q3,2024
Sentosa - Beachfront,South,65.0,2,1,6753435.0,103899.0,Townhouse,0.38,9.8,9.0,6.0,0.366,0.2,Q1,2024
Sentosa - Beachfront,South,178.0,2,2,22430136.0,126012.0,House,0.05,10.0,9.0,6.0,0.063,0.2,Q2,2024
Sentosa - Beachfront,South,135.0,1,1,14303115.0,105949.0,Condo,0.05,9.4,9.0,6.0,0.43,0.2,Q3,2025
Sentosa - Beachfront,South,178.0,1,1,18503456.0,103952.0,Condo,0.05,9.2,9.0,6.0,0.448,0.2,Q3,2025
Sentosa - Beachfront,South,259.0,2,1,32263630.0,124570.0,Condo,0.05,9.8,9.0,6.0,0.127,0.2,Q2,2024
Sentosa - Beachfront,South,157.0,1,1,17102481.0,108933.0,Townhouse,0.18,9.2,9.0,6.0,0.263,0.2,Q4,2024
Sentosa - Beachfront,South,105.0,3,3,11626230.0,110726.0,Condo,0.05,10.0,9.0,6.0,0.277,0.2,Q1,2025
Sentosa - Beachfront,South,227.0,3,3,28310759.0,124717.0,Condo,0.27,8.9,9.0,6.0,0.028,0.2,Q2,2025
Sentosa - Beachfront,South,36.0,4,4,3534120.0,98170.0,House,0.05,10.0,9.0,6.0,0.41,0.2,Q3,2025
Sentosa - Beachfront,South,107.0,2,2,12891146.0,120478.0,House,0.05,10.0,9.0,6.0,0.068,0.2,Q1,2025
Sentosa - Beachfront,South,245.0,3,2,31095645.0,126921.0,House,0.05,10.0,9.0,6.0,0.074,0.2,Q4,2025
Sentosa - Beachfront,South,167.0,2,2,17758780.0,106340.0,Townhouse,0.6,10.0,9.0,6.0,0.41,0.2,Q1,2025
Sentosa - Beachfront,South,178.0,2,2,22722056.0,127652.0,Condo,0.05,9.4,9.0,6.0,0.098,0.2,Q3,2024
Sentosa - Beachfront,South,248.0,4,4,27119296.0,109352.0,Townhouse,0.08,10.0,9.0,6.0,0.41,0.2,Q2,2025
Sentosa - Beachfront,South,148.0,5,4,16396624.0,110788.0,Lot,0.33,9.8,9.0,6.0,0.442,0.2,Q1,2024
Sentosa - Beachfront,South,174.0,3,3,18582156.0,106794.0,Condo,0.56,9.5,9.0,6.0,0.409,0.2,Q3,2024
Sentosa - Beachfront,South,275.0,5,5,30780200.0,111928.0,Condo,0.05,10.0,9.0,6.0,0.323,0.2,Q1,2025
Sentosa - Beachfront,South,46.0,2,2,4583348.0,99638.0,Townhouse,0.21,9.3,9.0,6.0,0.352,0.2,Q1,2024
Sentosa - Beachfront,South,58.0,2,1,6533816.0,112652.0,House,0.64,9.6,9.0,6.0,0.162,0.2,Q4,2024
Sentosa - Beachfront,South,172.0,3,2,18266916.0,106203.0,Condo,0.05,9.6,9.0,6.0,0.383,0.2,Q4,2025
Sentosa - Beachfront,South,221.0,2,2,24616748.0,111388.0,House,0.05,10.0,9.0,6.0,0.328,0.2,Q3,2024
Sentosa - Beachfront,South,36.0,4,3,4113072.0,114252.0,Condo,0.05,10.0,9.0,6.0,0.162,0.2,Q2,2025
Sentosa - Beachfront,South,37.0,3,3,3995297.0,107981.0,Townhouse,0.6,9.9,9.0,6.0,0.217,0.2,Q4,2025
Sentosa - Beachfront,South,164.0,2,2,19364300.0,118075.0,Townhouse,0.05,9.2,9.0,6.0,0.158,0.2,Q4,2024
Sentosa - Beachfront,South,233.0,1,1,25789605.0,110685.0,Condo,0.11,8.7,9.0,6.0,0.376,0.2,Q2,2024
Sentosa - Beachfront,South,58.0,3,3,6074862.0,104739.0,Townhouse,0.14,9.6,9.0,6.0,0.259,0.2,Q3,2025
Sentosa - Beachfront,South,239.0,2,1,28635068.0,119812.0,Lot,0.28,10.0,9.0,6.0,0.103,0.2,Q3,2024
Sentosa - Beachfront,South,91.0,2,1,9441432.0,103752.0,Condo,0.25,10.0,9.0,6.0,0.419,0.2,Q4,2024
Sentosa - Beachfront,South,179.0,3,3,18238489.0,101891.0,Lot,0.57,9.7,9.0,6.0,0.432,0.2,Q3,2024
Sentosa - Beachfront,South,272.0,4,4,33109472.0,121726.0,Condo,0.2,10.0,9.0,6.0,0.145,0.2,Q2,2025
Sentosa - Beachfront,South,207.0,1,1,25857612.0,124916.0,House,0.05,9.3,9.0,6.0,0.08,0.2,Q3,2024
Sentosa - Beachfront,South,186.0,3,2,20376672.0,109552.0,House,0.15,10.0,9.0,6.0,0.397,0.2,Q3,2024
Sentosa - Beachfront,South,123.0,2,2,13723971.0,111577.0,Condo,0.3,8.6,9.0,6.0,0.108,0.2,Q1,2024
Sentosa - Beachfront,South,30.0,2,1,3091650.0,103055.0,Condo,0.35,10.0,9.0,6.0,0.387,0.2,Q1,2025
Sentosa - Beachfront,South,168.0,3,2,17509128.0,104221.0,House,0.05,10.0,9.0,6.0,0.435,0.2,Q3,2025
Sentosa - Beachfront,South,193.0,2,1,23512225.0,121825.0,House,0.23,10.0,9.0,6.0,0.205,0.2,Q1,2025
Sentosa - Beachfront,South,261.0,4,4,29936178.0,114698.0,Townhouse,0.57,8.8,9.0,6.0,0.302,0.2,Q3,2024
Sentosa - Beachfront,South,274.0,2,2,29474180.0,107570.0,Condo,0.44,8.9,9.0,6.0,0.437,0.2,Q3,2025
Sentosa - Beachfront,South,220.0,2,2,24474120.0,111246.0,Condo,0.05,9.3,9.0,6.0,0.371,0.2,Q1,2025
Sentosa - Beachfront,South,151.0,2,2,16439068.0,108868.0,House,0.05,9.6,9.0,6.0,0.379,0.2,Q3,2024
Sentosa - Beachfront,South,277.0,2,2,36010000.0,130000.0,House,0.05,9.4,9.0,6.0,0.045,0.2,Q2,2024
Sentosa - Beachfront,South,245.0,4,4,31850000.0,130000.0,Lot,0.75,9.5,9.0,6.0,0.107,0.2,Q3,2024
Sentosa - Beachfront,South,194.0,2,1,21892318.0,112847.0,Townhouse,0.05,10.0,9.0,6.0,0.429,0.2,Q2,2024
Sentosa - Beachfront,South,121.0,1,1,12357851.0,102131.0,House,0.05,10.0,9.0,6.0,0.444,0.2,Q4,2024
Sentosa - Beachfront,South,72.0,4,3,6898104.0,95807.0,Lot,0.05,10.0,9.0,6.0,0.429,0.2,Q3,2024
Sentosa - Beachfront,South,112.0,4,3,11198656.0,99988.0,Condo,0.44,10.0,9.0,6.0,0.363,0.2,Q2,2024
Sentosa - Beachfront,South,108.0,5,4,13540824.0,125378.0,Lot,0.19,9.7,9.0,6.0,0.05,0.2,Q1,2024
Sentosa - Beachfront,South,162.0,3,2,18389430.0,113515.0,Townhouse,0.05,10.0,9.0,6.0,0.246,0.2,Q4,2024
Sentosa - Beachfront,South,46.0,4,3,4744992.0,103152.0,House,0.26,9.8,9.0,6.0,0.367,0.2,Q3,2025
Sentosa - Beachfront,South,153.0,3,2,17995248.0,117616.0,Lot,0.05,9.8,9.0,6.0,0.098,0.2,Q2,2024
Sentosa - Beachfront,South,118.0,2,1,13100478.0,111021.0,House,0.05,9.3,9.0,6.0,0.32,0.2,Q4,2024
Sentosa - Beachfront,South,148.0,3,3,17796704.0,120248.0,Townhouse,0.11,10.0,9.0,6.0,0.187,0.2,Q3,2024
Sentosa - Beachfront,South,205.0,4,4,24177905.0,117941.0,Condo,0.23,10.0,9.0,6.0,0.178,0.2,Q3,2024
Sentosa - Beachfront,South,58.0,1,1,6041860.0,104170.0,Townhouse,0.05,8.9,9.0,6.0,0.346,0.2,Q4,2024
Sentosa - Beachfront,South,216.0,3,3,24570000.0,113750.0,House,0.05,9.2,9.0,6.0,0.269,0.2,Q4,2025
Sentosa - Beachfront,South,140.0,3,3,15899380.0,113567.0,Condo,0.51,10.0,9.0,6.0,0.178,0.2,Q3,2025
Sentosa - Beachfront,South,76.0,1,1,7765528.0,102178.0,House,0.7,9.8,9.0,6.0,0.376,0.2,Q1,2024
Sentosa - Beachfront,South,210.0,4,3,27300000.0,130000.0,Townhouse,0.05,10.0,9.0,6.0,0.048,0.2,Q3,2024
Sentosa - Beachfront,South,68.0,1,1,6929744.0,101908.0,Townhouse,0.05,9.0,9.0,6.0,0.378,0.2,Q3,2024
Sentosa - Beachfront,South,94.0,2,1,11019808.0,117232.0,House,0.19,10.0,9.0,6.0,0.057,0.2,Q3,2024
Sentosa - Beachfront,South,69.0,2,2,8180640.0,118560.0,Townhouse,0.05,10.0,9.0,6.0,0.024,0.2,Q3,2024
Sentosa - Beachfront,South,273.0,2,2,32974305.0,120785.0,Lot,0.05,9.9,9.0,6.0,0.336,0.2,Q4,2024
Sentosa - Beachfront,South,49.0,3,3,4864622.0,99278.0,Townhouse,0.05,9.2,9.0,6.0,0.424,0.2,Q2,2024
Sentosa - Beachfront,South,129.0,2,2,14414202.0,111738.0,House,0.46,9.7,9.0,6.0,0.315,0.2,Q4,2024
Sentosa - Beachfront,South,97.0,2,1,11639224.0,119992.0,Condo,0.4,8.4,9.0,6.0,0.048,0.2,Q4,2025
Sentosa - Beachfront,South,133.0,2,2,15490909.0,116473.0,Condo,0.05,9.5,9.0,6.0,0.203,0.2,Q3,2024
Sentosa - Beachfront,South,210.0,4,4,23089290.0,109949.0,Condo,0.05,9.0,9.0,6.0,0.331,0.2,Q1,2024
Sentosa - Beachfront,South,46.0,1,1,4487576.0,97556.0,House,0.37,9.7,9.0,6.0,0.433,0.2,Q1,2025
Sentosa - Beachfront,South,94.0,4,3,11061356.0,117674.0,House,0.33,10.0,9.0,6.0,0.18,0.2,Q1,2025
Sentosa - Beachfront,South,277.0,4,4,30058655.0,108515.0,Townhouse,0.96,10.0,9.0,6.0,0.359,0.2,Q4,2024
Sentosa - Beachfront,South,233.0,4,3,26296147.0,112859.0,Condo,0.77,10.0,9.0,6.0,0.364,0.2,Q2,2024
Sentosa - Beachfront,South,76.0,5,5,9085420.0,119545.0,House,0.12,9.9,9.0,6.0,0.126,0.2,Q3,2025
Sentosa - Beachfront,South,163.0,3,3,17082400.0,104800.0,Condo,0.43,9.1,9.0,6.0,0.436,0.2,Q3,2024
Sentosa - Beachfront,South,96.0,2,2,10220544.0,106464.0,Condo,0.05,9.5,9.0,6.0,0.318,0.2,Q2,2024
Sentosa - Beachfront,South,199.0,2,1,24560381.0,123419.0,House,0.28,10.0,9.0,6.0,0.095,0.2,Q4,2024
Sentosa - Beachfront,South,255.0,3,2,29778135.0,116777.0,Condo,0.13,9.1,9.0,6.0,0.225,0.2,Q2,2024
Sentosa - Beachfront,South,68.0,4,3,7124496.0,104772.0,Condo,0.59,9.5,9.0,6.0,0.238,0.2,Q3,2025
Sentosa - Beachfront,South,259.0,3,3,33146302.0,127978.0,Lot,0.14,10.0,9.0,6.0,0.125,0.2,Q3,2024
Sentosa - Beachfront,South,205.0,3,3,25468790.0,124238.0,Condo,1.17,9.5,9.0,6.0,0.025,0.2,Q4,2024
Sentosa - Beachfront,South,250.0,4,3,32062500.0,128250.0,Condo,0.05,10.0,9.0,6.0,0.11,0.2,Q2,2025
Sentosa - Beachfront,South,125.0,3,3,14986250.0,119890.0,House,0.86,10.0,9.0,6.0,0.084,0.2,Q1,2024
Sentosa - Beachfront,South,33.0,3,2,3543441.0,107377.0,Lot,0.05,10.0,9.0,6.0,0.294,0.2,Q3,2024
Sentosa - Beachfront,South,196.0,3,2,21938476.0,111931.0,Condo,0.05,9.6,9.0,6.0,0.437,0.2,Q3,2025
Sentosa - Beachfront,South,48.0,1,1,4934112.0,102794.0,Condo,0.05,9.9,9.0,6.0,0.413,0.2,Q2,2024
Sentosa - Beachfront,South,262.0,1,1,32708604.0,124842.0,House,0.05,9.2,9.0,6.0,0.046,0.2,Q2,2024
Sentosa - Beachfront,South,138.0,2,1,14961408.0,108416.0,House,0.47,10.0,9.0,6.0,0.444,0.2,Q1,2024
Sentosa - Beachfront,South,239.0,2,2,26243873.0,109807.0,Townhouse,0.05,9.3,9.0,6.0,0.42,0.2,Q3,2024
Sentosa - Beachfront,South,89.0,3,3,9420917.0,105853.0,Condo,0.85,9.6,9.0,6.0,0.392,0.2,Q3,2024
Sentosa - Beachfront,South,216.0,3,3,23942088.0,110843.0,Townhouse,0.36,8.9,9.0,6.0,0.377,0.2,Q1,2024
Sentosa - Beachfront,South,274.0,2,1,35620000.0,130000.0,Condo,0.05,10.0,9.0,6.0,0.066,0.2,Q1,2024
Sentosa - Beachfront,South,152.0,4,4,17095136.0,112468.0,Condo,0.2,9.0,9.0,6.0,0.333,0.2,Q4,2024
Sentosa - Beachfront,South,28.0,3,2,3099320.0,110690.0,Lot,0.05,10.0,9.0,6.0,0.093,0.2,Q1,2025
Sentosa - Beachfront,South,126.0,5,5,14914494.0,118369.0,Condo,0.28,9.1,9.0,6.0,0.195,0.2,Q3,2025
Sentosa - Beachfront,South,205.0,4,4,22597150.0,110230.0,Lot,0.39,9.6,9.0,6.0,0.314,0.2,Q1,2025
Sentosa - Beachfront,South,113.0,2,2,13095118.0,115886.0,House,0.05,10.0,9.0,6.0,0.252,0.2,Q3,2025
Sentosa - Beachfront,South,274.0,1,1,32941376.0,120224.0,Condo,0.09,9.5,9.0,6.0,0.245,0.2,Q2,2024
Sentosa - Beachfront,South,196.0,3,2,23043524.0,117569.0,Townhouse,0.05,9.3,9.0,6.0,0.31,0.2,Q4,2024
Sentosa - Beachfront,South,174.0,1,1,19556208.0,112392.0,Townhouse,0.14,9.7,9.0,6.0,0.241,0.2,Q2,2024
Sentosa - Beachfront,South,221.0,4,3,25330799.0,114619.0,Lot,0.05,10.0,9.0,6.0,0.222,0.2,Q1,2024
Sentosa - Beachfront,South,88.0,3,2,9093216.0,103332.0,Townhouse,0.52,8.7,9.0,6.0,0.315,0.2,Q4,2025
Sentosa - Beachfront,South,51.0,2,2,5787021.0,113471.0,Condo,0.05,10.0,9.0,6.0,0.185,0.2,Q3,2025
Sentosa - Beachfront,South,130.0,2,2,14473550.0,111335.0,Townhouse,0.5,8.7,9.0,6.0,0.181,0.2,Q3,2025
Sentosa - Beachfront,South,159.0,3,3,17279325.0,108675.0,Condo,0.22,9.8,9.0,6.0,0.422,0.2,Q1,2024
Pasir Ris - Coastal,East,197.0,4,3,15255680.0,77440.0,House,0.21,7.7,7.6,6.8,0.107,0.1428,Q1,2024
Pasir Ris - Coastal,East,218.0,3,2,16657380.0,76410.0,Townhouse,1.05,7.4,7.6,6.8,0.103,0.1709,Q2,2025
Pasir Ris - Coastal,East,218.0,2,2,14749662.0,67659.0,Lot,0.33,6.9,7.6,6.8,0.251,0.1307,Q4,2024
Pasir Ris - Coastal,East,214.0,4,3,14110946.0,65939.0,House,0.48,8.2,7.6,6.8,0.405,0.1578,Q4,2024
Pasir Ris - Coastal,East,190.0,1,1,12437970.0,65463.0,House,0.05,7.1,7.6,6.8,0.438,0.2,Q2,2025
Pasir Ris - Coastal,East,229.0,2,2,18079779.0,78951.0,Townhouse,0.05,8.2,7.6,6.8,0.207,0.2,Q3,2024
Pasir Ris - Coastal,East,241.0,5,5,17815202.0,73922.0,Condo,0.44,8.1,7.6,6.8,0.23,0.1392,Q3,2025
Pasir Ris - Coastal,East,197.0,2,2,13733855.0,69715.0,Condo,0.76,7.2,7.6,6.8,0.325,0.1771,Q2,2024
Pasir Ris - Coastal,East,67.0,3,3,4745208.0,70824.0,Condo,0.94,7.2,7.6,6.8,0.164,0.2,Q2,2025
Pasir Ris - Coastal,East,30.0,3,3,1920060.0,64002.0,Condo,0.31,7.5,7.6,6.8,0.204,0.2,Q3,2024
Pasir Ris - Coastal,East,213.0,1,1,15931761.0,74797.0,House,1.2,9.3,7.6,6.8,0.278,0.2,Q1,2024
Pasir Ris - Coastal,East,197.0,2,1,13937750.0,70750.0,House,1.28,6.7,7.6,6.8,0.157,0.1611,Q4,2025
Pasir Ris - Coastal,East,278.0,2,2,21294244.0,76598.0,Condo,0.62,7.8,7.6,6.8,0.165,0.1665,Q3,2025
Pasir Ris - Coastal,East,164.0,2,1,11035396.0,67289.0,Condo,0.08,6.7,7.6,6.8,0.33,0.2,Q4,2024
Pasir Ris - Coastal,East,202.0,4,4,14269078.0,70639.0,House,0.33,6.5,7.6,6.8,0.202,0.1415,Q3,2025
Pasir Ris - Coastal,East,113.0,4,4,7545236.0,66772.0,House,0.23,6.6,7.6,6.8,0.345,0.1792,Q3,2024
Pasir Ris - Coastal,East,187.0,1,1,14910445.0,79735.0,House,0.32,7.5,7.6,6.8,0.029,0.2,Q1,2024
Pasir Ris - Coastal,East,109.0,3,3,7235529.0,66381.0,Condo,0.05,6.1,7.6,6.8,0.235,0.1885,Q2,2024
Pasir Ris - Coastal,East,96.0,2,2,6086208.0,63398.0,Condo,0.55,7.2,7.6,6.8,0.345,0.2,Q1,2024
Pasir Ris - Coastal,East,101.0,3,2,5920115.0,58615.0,Condo,0.89,6.5,7.6,6.8,0.447,0.1504,Q2,2024
Pasir Ris - Coastal,East,79.0,2,1,5500928.0,69632.0,Condo,0.17,8.2,7.6,6.8,0.109,0.1538,Q2,2024
Pasir Ris - Coastal,East,208.0,1,1,13643968.0,65596.0,Condo,0.76,7.8,7.6,6.8,0.414,0.1727,Q4,2025
Pasir Ris - Coastal,East,55.0,4,4,3722400.0,67680.0,Condo,0.46,7.4,7.6,6.8,0.14,0.1433,Q4,2025
Pasir Ris - Coastal,East,188.0,3,3,13287652.0,70679.0,Condo,0.6,8.1,7.6,6.8,0.402,0.2,Q3,2024
Pasir Ris - Coastal,East,253.0,3,2,18709097.0,73949.0,Condo,0.5,8.1,7.6,6.8,0.257,0.1533,Q1,2024
Pasir Ris - Coastal,East,54.0,2,1,3470148.0,64262.0,House,0.67,6.6,7.6,6.8,0.261,0.2,Q1,2024
Pasir Ris - Coastal,East,182.0,2,2,12855934.0,70637.0,Townhouse,0.79,7.8,7.6,6.8,0.361,0.2,Q1,2024
Pasir Ris - Coastal,East,237.0,5,4,16855677.0,71121.0,Condo,0.49,7.7,7.6,6.8,0.402,0.2,Q2,2024
Pasir Ris - Coastal,East,97.0,3,3,6455059.0,66547.0,House,0.5,6.8,7.6,6.8,0.166,0.143,Q2,2025
Pasir Ris - Coastal,East,203.0,3,3,13675095.0,67365.0,Townhouse,0.42,6.9,7.6,6.8,0.391,0.2,Q4,2024
Pasir Ris - Coastal,East,83.0,2,1,5518338.0,66486.0,Condo,0.99,6.7,7.6,6.8,0.212,0.2,Q3,2024
Pasir Ris - Coastal,East,58.0,2,1,3724818.0,64221.0,House,0.23,7.5,7.6,6.8,0.273,0.1957,Q2,2025
Pasir Ris - Coastal,East,244.0,5,5,16975080.0,69570.0,Condo,1.09,7.4,7.6,6.8,0.445,0.2,Q4,2024
Pasir Ris - Coastal,East,262.0,5,4,20283778.0,77419.0,Townhouse,0.57,7.0,7.6,6.8,0.137,0.2,Q4,2025
Pasir Ris - Coastal,East,37.0,3,2,2425905.0,65565.0,Condo,0.05,7.3,7.6,6.8,0.105,0.1685,Q4,2024
Pasir Ris - Coastal,East,80.0,2,1,5412720.0,67659.0,Condo,0.51,7.3,7.6,6.8,0.254,0.2,Q3,2025
Pasir Ris - Coastal,East,136.0,3,3,9703736.0,71351.0,House,0.89,8.0,7.6,6.8,0.274,0.2,Q3,2025
Pasir Ris - Coastal,East,219.0,2,1,14361363.0,65577.0,Condo,0.66,6.6,7.6,6.8,0.422,0.2,Q4,2025
Pasir Ris - Coastal,East,222.0,5,5,16397586.0,73863.0,Condo,0.61,8.3,7.6,6.8,0.169,0.2,Q1,2024
Pasir Ris - Coastal,East,65.0,3,3,4263545.0,65593.0,House,0.05,7.1,7.6,6.8,0.227,0.1691,Q4,2025
Pasir Ris - Coastal,East,106.0,3,3,7140160.0,67360.0,House,0.07,7.0,7.6,6.8,0.169,0.2,Q3,2025
Pasir Ris - Coastal,East,106.0,1,1,6930704.0,65384.0,Condo,0.72,7.6,7.6,6.8,0.429,0.2,Q1,2024
Pasir Ris - Coastal,East,41.0,2,2,2825351.0,68911.0,Lot,0.65,7.0,7.6,6.8,0.154,0.2,Q1,2025
Pasir Ris - Coastal,East,233.0,1,1,17949621.0,77037.0,Condo,0.18,7.8,7.6,6.8,0.071,0.2,Q1,2024
Pasir Ris - Coastal,East,252.0,3,2,18150804.0,72027.0,Condo,1.13,8.0,7.6,6.8,0.357,0.1923,Q1,2025
Pasir Ris - Coastal,East,141.0,1,1,10760133.0,76313.0,House,0.05,7.7,7.6,6.8,0.06,0.2,Q1,2025
Pasir Ris - Coastal,East,66.0,3,3,4681314.0,70929.0,Lot,0.05,7.3,7.6,6.8,0.069,0.2,Q1,2024
Pasir Ris - Coastal,East,143.0,2,2,10504208.0,73456.0,Condo,0.45,7.7,7.6,6.8,0.177,0.2,Q4,2025
Pasir Ris - Coastal,East,120.0,2,2,8594520.0,71621.0,Condo,0.7,7.2,7.6,6.8,0.174,0.1926,Q3,2025
Pasir Ris - Coastal,East,237.0,2,2,17819319.0,75187.0,Townhouse,0.85,7.0,7.6,6.8,0.102,0.1844,Q2,2025
Pasir Ris - Coastal,East,143.0,3,3,10938642.0,76494.0,Condo,1.04,6.7,7.6,6.8,0.07,0.2,Q3,2024
Pasir Ris - Coastal,East,160.0,3,3,10856800.0,67855.0,Condo,0.46,7.5,7.6,6.8,0.45,0.2,Q4,2024
Pasir Ris - Coastal,East,41.0,3,2,2710100.0,66100.0,House,0.35,7.2,7.6,6.8,0.174,0.173,Q4,2024
Pasir Ris - Coastal,East,131.0,4,4,9984558.0,76218.0,Lot,0.37,7.7,7.6,6.8,0.06,0.2,Q2,2025
Pasir Ris - Coastal,East,89.0,5,4,5904794.0,66346.0,Condo,0.05,7.0,7.6,6.8,0.196,0.18,Q4,2024
Pasir Ris - Coastal,East,99.0,2,1,6961185.0,70315.0,Condo,0.5,6.8,7.6,6.8,0.133,0.2,Q1,2025
Pasir Ris - Coastal,East,222.0,3,3,17195676.0,77458.0,Townhouse,0.32,7.2,7.6,6.8,0.181,0.1884,Q2,2024
Pasir Ris - Coastal,East,275.0,2,1,19138900.0,69596.0,Townhouse,0.31,7.9,7.6,6.8,0.318,0.169,Q1,2025
Pasir Ris - Coastal,East,70.0,1,1,4731020.0,67586.0,Condo,0.38,7.5,7.6,6.8,0.237,0.2,Q4,2024
Pasir Ris - Coastal,East,191.0,3,2,11951634.0,62574.0,Townhouse,0.67,7.7,7.6,6.8,0.422,0.1369,Q2,2024
Pasir Ris - Coastal,East,131.0,1,1,9665966.0,73786.0,Condo,0.3,7.2,7.6,6.8,0.148,0.2,Q4,2024
Pasir Ris - Coastal,East,163.0,2,2,10299807.0,63189.0,Lot,0.64,6.7,7.6,6.8,0.279,0.1392,Q1,2025
Pasir Ris - Coastal,East,50.0,5,5,3366700.0,67334.0,Condo,0.67,6.9,7.6,6.8,0.227,0.2,Q1,2024
Pasir Ris - Coastal,East,98.0,3,3,5813556.0,59322.0,Condo,0.86,7.9,7.6,6.8,0.43,0.1748,Q2,2024
Pasir Ris - Coastal,East,258.0,2,1,18711708.0,72526.0,Townhouse,0.62,7.8,7.6,6.8,0.4,0.2,Q3,2025
Pasir Ris - Coastal,East,119.0,1,1,8050112.0,67648.0,Condo,0.45,6.3,7.6,6.8,0.296,0.2,Q4,2024
Pasir Ris - Coastal,East,171.0,1,1,12849966.0,75146.0,House,0.67,7.5,7.6,6.8,0.035,0.1688,Q1,2025
Pasir Ris - Coastal,East,185.0,3,3,14060185.0,76001.0,House,0.72,8.2,7.6,6.8,0.139,0.1681,Q4,2024
Pasir Ris - Coastal,East,134.0,1,1,9459060.0,70590.0,Condo,0.34,7.8,7.6,6.8,0.246,0.2,Q3,2024
Pasir Ris - Coastal,East,58.0,5,5,3927064.0,67708.0,Condo,1.06,7.3,7.6,6.8,0.209,0.2,Q2,2024
Pasir Ris - Coastal,East,79.0,4,4,5130892.0,64948.0,House,0.78,6.8,7.6,6.8,0.305,0.1956,Q3,2024
Pasir Ris - Coastal,East,187.0,3,3,12719553.0,68019.0,Lot,0.05,6.8,7.6,6.8,0.309,0.2,Q1,2025
Pasir Ris - Coastal,East,50.0,2,1,3279850.0,65597.0,Condo,0.05,7.9,7.6,6.8,0.278,0.2,Q2,2024
Pasir Ris - Coastal,East,273.0,3,2,21162414.0,77518.0,Condo,0.05,5.1,7.6,6.8,0.151,0.171,Q1,2025
Pasir Ris - Coastal,East,102.0,2,2,7067172.0,69286.0,Condo,0.71,6.6,7.6,6.8,0.209,0.2,Q1,2025
Pasir Ris - Coastal,East,74.0,2,2,4986416.0,67384.0,Condo,0.95,7.0,7.6,6.8,0.08,0.1492,Q4,2025
Pasir Ris - Coastal,East,31.0,1,1,1946304.0,62784.0,Condo,0.74,7.1,7.6,6.8,0.323,0.1907,Q1,2025
Pasir Ris - Coastal,East,185.0,2,2,13441915.0,72659.0,Lot,0.4,7.2,7.6,6.8,0.145,0.145,Q3,2024
Pasir Ris - Coastal,East,263.0,2,1,18331626.0,69702.0,Townhouse,1.05,7.6,7.6,6.8,0.406,0.2,Q3,2025
Pasir Ris - Coastal,East,232.0,2,2,15967168.0,68824.0,Townhouse,1.33,6.9,7.6,6.8,0.227,0.1673,Q2,2024
Pasir Ris - Coastal,East,58.0,2,2,3540146.0,61037.0,House,0.07,6.2,7.6,6.8,0.291,0.1332,Q2,2025
Pasir Ris - Coastal,East,220.0,4,3,15852980.0,72059.0,Condo,0.66,7.2,7.6,6.8,0.079,0.1411,Q2,2024
Pasir Ris - Coastal,East,41.0,3,3,2375827.0,57947.0,Townhouse,0.54,8.8,7.6,6.8,0.339,0.1318,Q4,2024
Pasir Ris - Coastal,East,117.0,4,4,7902180.0,67540.0,House,0.69,7.3,7.6,6.8,0.145,0.1983,Q2,2024
Pasir Ris - Coastal,East,189.0,3,2,14063301.0,74409.0,Townhouse,0.25,8.1,7.6,6.8,0.152,0.2,Q1,2024
Pasir Ris - Coastal,East,238.0,3,2,18477844.0,77638.0,Condo,0.6,6.7,7.6,6.8,0.174,0.2,Q1,2025
Pasir Ris - Coastal,East,71.0,1,1,4749048.0,66888.0,House,1.19,6.9,7.6,6.8,0.203,0.2,Q4,2024
Pasir Ris - Coastal,East,167.0,3,2,12678473.0,75919.0,Condo,1.15,6.9,7.6,6.8,0.021,0.157,Q4,2024
Pasir Ris - Coastal,East,243.0,3,3,17929512.0,73784.0,Condo,0.18,7.2,7.6,6.8,0.271,0.2,Q4,2024
Pasir Ris - Coastal,East,160.0,2,2,11755040.0,73469.0,Townhouse,0.13,7.5,7.6,6.8,0.167,0.2,Q1,2025
Pasir Ris - Coastal,East,40.0,2,2,2531840.0,63296.0,Townhouse,0.84,7.0,7.6,6.8,0.423,0.2,Q3,2025
Pasir Ris - Coastal,East,219.0,3,3,14932953.0,68187.0,House,0.1,7.3,7.6,6.8,0.409,0.162,Q1,2025
Pasir Ris - Coastal,East,197.0,1,1,13946221.0,70793.0,Condo,0.05,7.1,7.6,6.8,0.383,0.188,Q3,2024
Pasir Ris - Coastal,East,263.0,2,1,18825277.0,71579.0,House,0.62,7.0,7.6,6.8,0.313,0.2,Q2,2024
Pasir Ris - Coastal,East,83.0,2,2,6092698.0,73406.0,House,0.87,6.6,7.6,6.8,0.07,0.1968,Q2,2024
Pasir Ris - Coastal,East,224.0,3,2,15967840.0,71285.0,Condo,0.92,8.3,7.6,6.8,0.349,0.2,Q1,2024
Pasir Ris - Coastal,East,238.0,4,4,18674908.0,78466.0,Condo,0.05,7.5,7.6,6.8,0.066,0.1664,Q3,2025
Pasir Ris - Coastal,East,142.0,1,1,10622878.0,74809.0,Condo,0.05,7.4,7.6,6.8,0.13,0.187,Q1,2024
Pasir Ris - Coastal,East,278.0,1,1,21438248.0,77116.0,Condo,0.68,7.7,7.6,6.8,0.231,0.2,Q4,2024
Pasir Ris - Coastal,East,90.0,2,1,6381270.0,70903.0,Condo,0.05,7.8,7.6,6.8,0.109,0.1717,Q3,2025
Pasir Ris - Coastal,East,165.0,3,3,11294580.0,68452.0,Condo,0.98,7.6,7.6,6.8,0.162,0.2,Q1,2025
Pasir Ris - Coastal,East,36.0,1,1,2236068.0,62113.0,Lot,0.71,7.8,7.6,6.8,0.363,0.2,Q3,2025
Pasir Ris - Coastal,East,152.0,2,1,10495144.0,69047.0,Townhouse,0.88,8.6,7.6,6.8,0.185,0.1408,Q4,2025
Pasir Ris - Coastal,East,165.0,4,4,12759120.0,77328.0,Condo,0.38,7.3,7.6,6.8,0.052,0.1715,Q4,2024
Pasir Ris - Coastal,East,74.0,3,3,4637210.0,62665.0,Condo,0.05,7.2,7.6,6.8,0.389,0.2,Q2,2025
Pasir Ris - Coastal,East,160.0,1,1,10584640.0,66154.0,Condo,0.69,7.9,7.6,6.8,0.279,0.1423,Q4,2025
Pasir Ris - Coastal,East,149.0,2,2,10342239.0,69411.0,House,0.39,7.5,7.6,6.8,0.235,0.1839,Q2,2024
Pasir Ris - Coastal,East,110.0,4,3,7415210.0,67411.0,Condo,0.51,7.1,7.6,6.8,0.256,0.2,Q4,2024
Pasir Ris - Coastal,East,260.0,3,2,19793800.0,76130.0,Condo,0.4,5.8,7.6,6.8,0.24,0.2,Q2,2024
Pasir Ris - Coastal,East,242.0,3,3,17639138.0,72889.0,House,1.03,6.7,7.6,6.8,0.287,0.1727,Q3,2024
Pasir Ris - Coastal,East,133.0,2,2,9288853.0,69841.0,Condo,0.47,8.3,7.6,6.8,0.261,0.1901,Q2,2024
Pasir Ris - Coastal,East,95.0,3,2,6011790.0,63282.0,Townhouse,0.05,8.1,7.6,6.8,0.442,0.2,Q2,2025
Pasir Ris - Coastal,East,76.0,2,1,4781312.0,62912.0,Townhouse,0.31,5.4,7.6,6.8,0.331,0.2,Q1,2025
Pasir Ris - Coastal,East,148.0,2,2,9430116.0,63717.0,House,0.09,7.6,7.6,6.8,0.414,0.2,Q3,2024
Pasir Ris - Coastal,East,209.0,3,3,15362545.0,73505.0,Condo,0.92,6.8,7.6,6.8,0.22,0.1952,Q4,2024
Pasir Ris - Coastal,East,35.0,4,3,2244060.0,64116.0,Condo,0.78,6.9,7.6,6.8,0.257,0.1781,Q2,2024
Pasir Ris - Coastal,East,261.0,1,1,17839611.0,68351.0,House,0.75,7.0,7.6,6.8,0.287,0.1342,Q2,2025
Pasir Ris - Coastal,East,173.0,3,2,12057581.0,69697.0,Condo,0.54,6.5,7.6,6.8,0.366,0.1992,Q4,2025
Pasir Ris - Coastal,East,257.0,2,2,18386808.0,71544.0,House,0.12,6.5,7.6,6.8,0.37,0.2,Q2,2025
Pasir Ris - Coastal,East,121.0,3,3,7788165.0,64365.0,Condo,1.19,6.7,7.6,6.8,0.199,0.1508,Q2,2025
Pasir Ris - Coastal,East,117.0,4,4,8444241.0,72173.0,Condo,0.59,6.2,7.6,6.8,0.155,0.2,Q4,2025
Pasir Ris - Coastal,East,138.0,1,1,10577148.0,76646.0,Townhouse,0.05,7.5,7.6,6.8,0.038,0.1905,Q4,2024
Pasir Ris - Coastal,East,50.0,1,1,3569000.0,71380.0,Condo,0.63,6.7,7.6,6.8,0.039,0.1528,Q2,2025
Pasir Ris - Coastal,East,210.0,1,1,14680470.0,69907.0,Condo,0.55,8.8,7.6,6.8,0.315,0.2,Q3,2024
Pasir Ris - Coastal,East,50.0,2,2,3176250.0,63525.0,Condo,0.93,8.0,7.6,6.8,0.303,0.2,Q3,2024
Pasir Ris - Coastal,East,46.0,2,1,3004904.0,65324.0,Condo,1.26,7.1,7.6,6.8,0.189,0.2,Q2,2024
Pasir Ris - Coastal,East,228.0,2,2,16722432.0,73344.0,Condo,1.13,7.1,7.6,6.8,0.218,0.1491,Q4,2024
Pasir Ris - Coastal,East,214.0,3,2,16015332.0,74838.0,House,0.2,7.4,7.6,6.8,0.19,0.2,Q3,2025
Pasir Ris - Coastal,East,134.0,2,2,8493054.0,63381.0,Condo,0.26,6.3,7.6,6.8,0.432,0.2,Q1,2024
Pasir Ris - Coastal,East,190.0,3,3,12668060.0,66674.0,Condo,0.08,6.7,7.6,6.8,0.311,0.192,Q2,2025
Pasir Ris - Coastal,East,122.0,2,1,9399978.0,77049.0,Condo,0.59,7.8,7.6,6.8,0.07,0.2,Q3,2024
Pasir Ris - Coastal,East,264.0,2,1,21528144.0,81546.0,Condo,0.59,8.8,7.6,6.8,0.137,0.2,Q2,2025
Pasir Ris - Coastal,East,29.0,2,2,1723760.0,59440.0,Condo,0.05,7.3,7.6,6.8,0.305,0.1355,Q1,2024
Pasir Ris - Coastal,East,146.0,2,2,9806674.0,67169.0,Condo,0.05,6.2,7.6,6.8,0.227,0.2,Q3,2024
Pasir Ris - Coastal,East,100.0,3,3,6560200.0,65602.0,House,0.34,6.6,7.6,6.8,0.251,0.2,Q4,2025
Pasir Ris - Coastal,East,25.0,3,2,1508725.0,60349.0,Condo,0.48,6.7,7.6,6.8,0.329,0.1903,Q3,2024
Pasir Ris - Coastal,East,267.0,3,2,20305350.0,76050.0,House,0.31,6.5,7.6,6.8,0.295,0.2,Q4,2025
Pasir Ris - Coastal,East,144.0,2,2,11819232.0,82078.0,Condo,0.23,7.3,7.6,6.8,0.053,0.2,Q1,2024
Pasir Ris - Coastal,East,66.0,2,2,4659402.0,70597.0,Condo,0.8,7.0,7.6,6.8,0.201,0.2,Q3,2024
Pasir Ris - Coastal,East,114.0,2,2,8024232.0,70388.0,Townhouse,1.11,8.7,7.6,6.8,0.191,0.2,Q4,2025
Pasir Ris - Coastal,East,255.0,1,1,19345575.0,75865.0,Townhouse,0.58,6.5,7.6,6.8,0.239,0.1799,Q1,2024
Pasir Ris - Coastal,East,106.0,2,1,7633696.0,72016.0,Condo,0.52,6.4,7.6,6.8,0.139,0.2,Q2,2025
Pasir Ris - Coastal,East,45.0,3,3,3113685.0,69193.0,House,0.38,7.3,7.6,6.8,0.102,0.1985,Q3,2024
Pasir Ris - Coastal,East,180.0,2,2,12625200.0,70140.0,Townhouse,0.26,7.3,7.6,6.8,0.312,0.2,Q2,2024
Pasir Ris - Coastal,East,191.0,2,2,14078228.0,73708.0,Condo,0.98,6.8,7.6,6.8,0.156,0.2,Q4,2024
Pasir Ris - Coastal,East,267.0,4,4,19003458.0,71174.0,Townhouse,0.05,6.3,7.6,6.8,0.372,0.2,Q4,2025
Pasir Ris - Coastal,East,57.0,2,2,3876399.0,68007.0,Condo,0.37,7.2,7.6,6.8,0.244,0.2,Q4,2024
Pasir Ris - Coastal,East,236.0,1,1,17353788.0,73533.0,Townhouse,0.92,6.8,7.6,6.8,0.118,0.131,Q3,2025
Pasir Ris - Coastal,East,95.0,2,2,7139155.0,75149.0,Condo,0.37,6.7,7.6,6.8,0.024,0.2,Q3,2024
Pasir Ris - Coastal,East,190.0,3,2,14891250.0,78375.0,Townhouse,0.79,7.4,7.6,6.8,0.091,0.2,Q3,2024
Pasir Ris - Coastal,East,168.0,3,3,11886336.0,70752.0,House,0.29,7.1,7.6,6.8,0.404,0.2,Q4,2024
Pasir Ris - Coastal,East,141.0,2,2,10736163.0,76143.0,Condo,0.05,7.5,7.6,6.8,0.113,0.2,Q3,2024
Pasir Ris - Coastal,East,202.0,2,1,13483298.0,66749.0,House,0.56,7.6,7.6,6.8,0.38,0.2,Q2,2024
Pasir Ris - Coastal,East,121.0,2,1,8605641.0,71121.0,Lot,0.63,7.0,7.6,6.8,0.061,0.1682,Q3,2025
Pasir Ris - Coastal,East,66.0,3,2,3908256.0,59216.0,Condo,0.85,7.0,7.6,6.8,0.381,0.1879,Q2,2025
Pasir Ris - Coastal,East,164.0,4,3,10884680.0,66370.0,Condo,0.88,6.9,7.6,6.8,0.371,0.1319,Q2,2025
Pasir Ris - Coastal,East,103.0,1,1,7024188.0,68196.0,Condo,0.98,7.7,7.6,6.8,0.285,0.2,Q1,2024
Pasir Ris - Coastal,East,189.0,2,2,13568310.0,71790.0,Condo,0.15,6.8,7.6,6.8,0.195,0.1706,Q1,2025
Pasir Ris - Coastal,East,222.0,3,3,14928168.0,67244.0,Condo,0.76,5.5,7.6,6.8,0.351,0.1863,Q4,2025
Pasir Ris - Coastal,East,87.0,4,4,6246339.0,71797.0,Condo,0.3,6.8,7.6,6.8,0.042,0.167,Q1,2024
Pasir Ris - Coastal,East,132.0,1,1,8186640.0,62020.0,House,0.85,6.0,7.6,6.8,0.392,0.2,Q4,2024
Pasir Ris - Coastal,East,93.0,1,1,5632731.0,60567.0,Condo,0.4,6.8,7.6,6.8,0.28,0.14,Q2,2024
Pasir Ris - Coastal,East,41.0,5,5,2781850.0,67850.0,Townhouse,1.06,6.8,7.6,6.8,0.103,0.2,Q2,2025
Pasir Ris - Coastal,East,225.0,5,5,14531625.0,64585.0,Townhouse,0.74,6.6,7.6,6.8,0.429,0.1323,Q4,2024
Pasir Ris - Coastal,East,223.0,2,2,16485721.0,73927.0,Townhouse,0.05,6.6,7.6,6.8,0.224,0.1983,Q4,2025
Pasir Ris - Coastal,East,148.0,4,3,10082944.0,68128.0,House,0.05,7.4,7.6,6.8,0.234,0.2,Q2,2025
Pasir Ris - Coastal,East,76.0,5,5,4841276.0,63701.0,Townhouse,0.87,6.8,7.6,6.8,0.203,0.1527,Q3,2025
Pasir Ris - Coastal,East,154.0,3,3,10040184.0,65196.0,Lot,0.59,6.9,7.6,6.8,0.351,0.1941,Q1,2025
Pasir Ris - Coastal,East,101.0,3,2,6609541.0,65441.0,Lot,1.39,6.3,7.6,6.8,0.237,0.2,Q4,2024
Pasir Ris - Coastal,East,135.0,3,3,10316835.0,76421.0,House,0.33,6.9,7.6,6.8,0.068,0.2,Q3,2025
Pasir Ris - Coastal,East,157.0,4,3,10576933.0,67369.0,Townhouse,1.27,6.9,7.6,6.8,0.175,0.1444,Q3,2024
Pasir Ris - Coastal,East,105.0,3,3,6933570.0,66034.0,Condo,0.59,6.7,7.6,6.8,0.214,0.1957,Q4,2024
Pasir Ris - Coastal,East,138.0,2,2,8543718.0,61911.0,Condo,0.54,7.6,7.6,6.8,0.426,0.171,Q4,2025
Pasir Ris - Coastal,East,96.0,4,4,6010272.0,62607.0,Condo,0.75,6.5,7.6,6.8,0.406,0.2,Q4,2025
Pasir Ris - Coastal,East,177.0,4,4,13527756.0,76428.0,Lot,0.78,8.7,7.6,6.8,0.084,0.2,Q3,2025
Pasir Ris - Coastal,East,70.0,2,2,4979870.0,71141.0,Condo,1.25,8.3,7.6,6.8,0.08,0.2,Q3,2025
Pasir Ris - Coastal,East,111.0,1,1,8151951.0,73441.0,House,0.55,7.5,7.6,6.8,0.043,0.183,Q3,2025
Pasir Ris - Coastal,East,33.0,3,2,1995345.0,60465.0,House,0.34,6.1,7.6,6.8,0.409,0.1523,Q4,2025
Pasir Ris - Coastal,East,193.0,3,3,13474295.0,69815.0,Condo,0.55,8.0,7.6,6.8,0.377,0.2,Q1,2024
Pasir Ris - Coastal,East,137.0,3,2,9433957.0,68861.0,Condo,1.26,7.5,7.6,6.8,0.229,0.2,Q3,2025
Pasir Ris - Coastal,East,247.0,4,4,18586997.0,75251.0,House,0.74,8.1,7.6,6.8,0.178,0.132,Q3,2024
Pasir Ris - Coastal,East,188.0,1,1,14190616.0,75482.0,Condo,0.88,7.2,7.6,6.8,0.072,0.2,Q4,2024
Pasir Ris - Coastal,East,141.0,3,2,10280733.0,72913.0,Condo,0.3,7.3,7.6,6.8,0.084,0.2,Q3,2024
Pasir Ris - Coastal,East,207.0,3,2,13562640.0,65520.0,Condo,0.05,7.2,7.6,6.8,0.401,0.1329,Q2,2025
Pasir Ris - Coastal,East,52.0,4,3,3422692.0,65821.0,House,0.48,6.7,7.6,6.8,0.131,0.1306,Q4,2025
Pasir Ris - Coastal,East,79.0,4,4,4790007.0,60633.0,Condo,0.55,7.4,7.6,6.8,0.392,0.2,Q2,2024
Pasir Ris - Coastal,East,114.0,4,3,6970074.0,61141.0,Condo,0.97,7.1,7.6,6.8,0.406,0.136,Q3,2024
Pasir Ris - Coastal,East,156.0,2,2,9378876.0,60121.0,Townhouse,0.84,6.6,7.6,6.8,0.434,0.1307,Q3,2024
Pasir Ris - Coastal,East,133.0,3,3,9477181.0,71257.0,House,0.14,6.8,7.6,6.8,0.083,0.1446,Q1,2025
Pasir Ris - Coastal,East,219.0,5,5,17950554.0,81966.0,Condo,0.59,7.5,7.6,6.8,0.036,0.2,Q3,2025
Pasir Ris - Coastal,East,252.0,1,1,18577692.0,73721.0,Condo,0.58,8.0,7.6,6.8,0.426,0.2,Q4,2024
Pasir Ris - Coastal,East,107.0,3,3,7559764.0,70652.0,House,0.05,7.2,7.6,6.8,0.049,0.2,Q2,2025
Pasir Ris - Coastal,East,89.0,2,2,6223948.0,69932.0,Condo,0.4,6.9,7.6,6.8,0.134,0.2,Q3,2024
Pasir Ris - Coastal,East,63.0,1,1,4018581.0,63787.0,Townhouse,0.86,6.6,7.6,6.8,0.242,0.2,Q4,2025
Pasir Ris - Coastal,East,60.0,1,1,3803520.0,63392.0,Townhouse,0.05,6.1,7.6,6.8,0.3,0.2,Q3,2024
Pasir Ris - Coastal,East,200.0,4,4,15788200.0,78941.0,Condo,0.05,8.2,7.6,6.8,0.093,0.193,Q4,2024
Pasir Ris - Coastal,East,26.0,2,1,1918514.0,73789.0,Townhouse,0.05,7.6,7.6,6.8,0.033,0.2,Q4,2024
Pasir Ris - Coastal,East,124.0,4,4,9025712.0,72788.0,Condo,0.42,7.7,7.6,6.8,0.155,0.2,Q2,2024
Pasir Ris - Coastal,East,134.0,3,3,9279232.0,69248.0,Lot,0.05,6.2,7.6,6.8,0.233,0.1939,Q4,2024
Pasir Ris - Coastal,East,139.0,1,1,9647295.0,69405.0,Condo,0.14,6.9,7.6,6.8,0.164,0.176,Q2,2025
Pasir Ris - Coastal,East,46.0,3,2,2944368.0,64008.0,Condo,0.05,7.2,7.6,6.8,0.254,0.2,Q1,2025
Pasir Ris - Coastal,East,277.0,1,1,19174494.0,69222.0,Condo,1.17,6.9,7.6,6.8,0.397,0.2,Q3,2024
Pasir Ris - Coastal,East,242.0,3,2,19896756.0,82218.0,Condo,0.22,7.3,7.6,6.8,0.08,0.2,Q4,2025
Pasir Ris - Coastal,East,30.0,2,2,1991700.0,66390.0,House,0.28,8.3,7.6,6.8,0.223,0.2,Q2,2025
Pasir Ris - Coastal,East,73.0,1,1,4712880.0,64560.0,Lot,0.36,7.0,7.6,6.8,0.305,0.2,Q3,2024
Pasir Ris - Coastal,East,93.0,3,3,6233046.0,67022.0,Condo,0.05,7.4,7.6,6.8,0.046,0.1339,Q1,2024
Pasir Ris - Coastal,East,25.0,2,2,1489500.0,59580.0,Townhouse,0.81,7.4,7.6,6.8,0.393,0.1707,Q2,2024
Pasir Ris - Coastal,East,195.0,5,5,13942110.0,71498.0,House,0.76,7.3,7.6,6.8,0.177,0.1828,Q1,2024
Pasir Ris - Coastal,East,230.0,2,1,17462520.0,75924.0,Condo,0.96,7.3,7.6,6.8,0.114,0.1364,Q2,2025
Pasir Ris - Coastal,East,72.0,2,2,4968360.0,69005.0,House,0.43,7.0,7.6,6.8,0.234,0.2,Q2,2024
Pasir Ris - Coastal,East,256.0,5,4,19370752.0,75667.0,Townhouse,0.05,7.6,7.6,6.8,0.23,0.1531,Q4,2025
Pasir Ris - Coastal,East,260.0,3,2,18754320.0,72132.0,House,0.27,6.5,7.6,6.8,0.235,0.1554,Q3,2024
Pasir Ris - Coastal,East,126.0,2,1,7658154.0,60779.0,Condo,0.63,7.4,7.6,6.8,0.416,0.1427,Q2,2025
Pasir Ris - Coastal,East,88.0,1,1,6345416.0,72107.0,Condo,1.05,7.6,7.6,6.8,0.102,0.2,Q2,2024
Pasir Ris - Coastal,East,64.0,1,1,4407168.0,68862.0,Condo,0.46,6.7,7.6,6.8,0.157,0.2,Q3,2024
Pasir Ris - Coastal,East,146.0,2,2,11081546.0,75901.0,House,0.51,7.3,7.6,6.8,0.031,0.2,Q1,2025
Pasir Ris - Coastal,East,220.0,3,3,17273300.0,78515.0,Condo,0.44,7.9,7.6,6.8,0.104,0.2,Q2,2024
Pasir Ris - Coastal,East,176.0,2,1,12391104.0,70404.0,Lot,0.05,7.4,7.6,6.8,0.18,0.1345,Q2,2025
Pasir Ris - Coastal,East,29.0,4,3,1705664.0,58816.0,House,0.29,6.5,7.6,6.8,0.348,0.1759,Q1,2024
Pasir Ris - Coastal,East,206.0,3,3,16335388.0,79298.0,Condo,0.67,6.7,7.6,6.8,0.023,0.2,Q1,2024
Pasir Ris - Coastal,East,121.0,2,1,7303802.0,60362.0,Townhouse,0.55,7.5,7.6,6.8,0.327,0.1351,Q3,2024
Pasir Ris - Coastal,East,64.0,3,3,4351680.0,67995.0,Condo,0.72,7.1,7.6,6.8,0.111,0.2,Q4,2025
Pasir Ris - Coastal,East,45.0,1,1,3041910.0,67598.0,House,0.28,7.6,7.6,6.8,0.059,0.1556,Q3,2025
Pasir Ris - Coastal,East,184.0,2,2,15076408.0,81937.0,House,0.05,6.8,7.6,6.8,0.045,0.2,Q3,2025
Pasir Ris - Coastal,East,197.0,2,1,14318551.0,72683.0,House,0.11,8.4,7.6,6.8,0.389,0.2,Q1,2024
Pasir Ris - Coastal,East,172.0,1,1,11667964.0,67837.0,Condo,0.13,6.3,7.6,6.8,0.283,0.1866,Q3,2024
Pasir Ris - Coastal,East,258.0,3,2,20275446.0,78587.0,House,0.39,7.2,7.6,6.8,0.163,0.1729,Q2,2024
Pasir Ris - Coastal,East,276.0,1,1,19209876.0,69601.0,Lot,1.15,7.4,7.6,6.8,0.432,0.2,Q3,2024
Pasir Ris - Coastal,East,221.0,2,2,15511327.0,70187.0,House,1.12,7.4,7.6,6.8,0.437,0.2,Q1,2024
Pasir Ris - Coastal,East,29.0,5,4,1838890.0,63410.0,Townhouse,0.32,6.8,7.6,6.8,0.307,0.2,Q1,2025
Pasir Ris - Coastal,East,186.0,3,2,13007538.0,69933.0,House,0.39,7.5,7.6,6.8,0.254,0.2,Q4,2025
Pasir Ris - Coastal,East,183.0,3,3,12956949.0,70803.0,Townhouse,0.05,5.9,7.6,6.8,0.155,0.1478,Q3,2025
Pasir Ris - Coastal,East,135.0,3,3,9936945.0,73607.0,House,0.74,6.6,7.6,6.8,0.1,0.2,Q4,2024
Pasir Ris - Coastal,East,236.0,1,1,16095436.0,68201.0,Condo,0.39,7.8,7.6,6.8,0.442,0.2,Q1,2024
Pasir Ris - Coastal,East,39.0,3,3,2352363.0,60317.0,Lot,0.34,7.0,7.6,6.8,0.372,0.2,Q3,2024
Pasir Ris - Coastal,East,270.0,2,1,22174830.0,82129.0,Condo,0.92,7.1,7.6,6.8,0.13,0.2,Q3,2024
Pasir Ris - Coastal,East,153.0,4,4,9587592.0,62664.0,House,0.2,6.4,7.6,6.8,0.424,0.1484,Q1,2024
Pasir Ris - Coastal,East,244.0,3,2,17917652.0,73433.0,Condo,1.34,7.9,7.6,6.8,0.224,0.2,Q4,2024
Pasir Ris - Coastal,East,166.0,4,4,11554264.0,69604.0,House,0.43,7.7,7.6,6.8,0.212,0.158,Q1,2024
Pasir Ris - Coastal,East,258.0,3,3,19909860.0,77170.0,Condo,0.05,7.7,7.6,6.8,0.289,0.2,Q2,2025
Pasir Ris - Coastal,East,191.0,3,3,14063139.0,73629.0,Condo,1.32,7.7,7.6,6.8,0.14,0.1342,Q1,2024
Pasir Ris - Coastal,East,113.0,2,1,6880118.0,60886.0,Condo,0.62,8.1,7.6,6.8,0.401,0.2,Q3,2024
Pasir Ris - Coastal,East,206.0,3,2,14623734.0,70989.0,Lot,0.61,7.6,7.6,6.8,0.251,0.1706,Q3,2024
Pasir Ris - Coastal,East,162.0,4,4,11298690.0,69745.0,Condo,0.74,7.8,7.6,6.8,0.181,0.2,Q1,2024
Pasir Ris - Coastal,East,107.0,2,1,7484329.0,69947.0,Condo,0.78,7.9,7.6,6.8,0.142,0.1913,Q1,2024
Pasir Ris - Coastal,East,157.0,1,1,10395912.0,66216.0,House,0.94,5.8,7.6,6.8,0.363,0.2,Q4,2025
Pasir Ris - Coastal,East,42.0,2,2,2742894.0,65307.0,Condo,0.91,6.2,7.6,6.8,0.084,0.2,Q3,2024
Pasir Ris - Coastal,East,207.0,1,1,14156316.0,68388.0,Lot,0.71,7.2,7.6,6.8,0.297,0.2,Q2,2025
Pasir Ris - Coastal,East,216.0,2,2,15170760.0,70235.0,Townhouse,0.85,7.5,7.6,6.8,0.236,0.1754,Q3,2025
Pasir Ris - Coastal,East,155.0,3,3,10634395.0,68609.0,Lot,1.24,7.5,7.6,6.8,0.333,0.2,Q1,2025
Pasir Ris - Coastal,East,33.0,1,1,1806948.0,54756.0,House,0.86,7.1,7.6,6.8,0.402,0.1403,Q1,2024
Pasir Ris - Coastal,East,203.0,4,3,14666547.0,72249.0,Lot,0.31,7.1,7.6,6.8,0.244,0.2,Q3,2024
Pasir Ris - Coastal,East,238.0,5,5,17169320.0,72140.0,House,0.54,8.1,7.6,6.8,0.395,0.195,Q1,2025
Pasir Ris - Coastal,East,229.0,4,3,17625672.0,76968.0,Condo,0.33,6.3,7.6,6.8,0.142,0.2,Q4,2024
Pasir Ris - Coastal,East,33.0,2,2,2315874.0,70178.0,Condo,0.05,6.9,7.6,6.8,0.097,0.2,Q4,2024
Pasir Ris - Coastal,East,126.0,3,2,7392420.0,58670.0,House,0.41,7.1,7.6,6.8,0.408,0.1548,Q1,2024
Pasir Ris - Coastal,East,116.0,5,5,7063240.0,60890.0,Condo,1.06,7.2,7.6,6.8,0.333,0.1381,Q3,2024
Pasir Ris - Coastal,East,57.0,1,1,3707280.0,65040.0,House,0.91,6.8,7.6,6.8,0.131,0.1437,Q1,2024
Pasir Ris - Coastal,East,115.0,1,1,7533765.0,65511.0,House,0.93,7.8,7.6,6.8,0.401,0.2,Q4,2024
Pasir Ris - Coastal,East,236.0,2,2,19240372.0,81527.0,House,0.38,7.3,7.6,6.8,0.142,0.1935,Q4,2024
Pasir Ris - Coastal,East,239.0,4,4,18639849.0,77991.0,Townhouse,0.49,7.2,7.6,6.8,0.126,0.2,Q1,2025
Pasir Ris - Coastal,East,274.0,2,2,19842532.0,72418.0,House,1.14,7.2,7.6,6.8,0.182,0.1322,Q2,2025
Pasir Ris - Coastal,East,185.0,3,3,12862865.0,69529.0,House,0.42,6.1,7.6,6.8,0.288,0.1901,Q2,2024
Pasir Ris - Coastal,East,134.0,5,4,9029590.0,67385.0,House,0.63,6.5,7.6,6.8,0.233,0.1856,Q1,2024
Pasir Ris - Coastal,East,115.0,3,3,7177150.0,62410.0,House,0.48,6.5,7.6,6.8,0.331,0.2,Q2,2024
Pasir Ris - Coastal,East,151.0,1,1,9708696.0,64296.0,Townhouse,0.66,7.9,7.6,6.8,0.417,0.1777,Q1,2024
Pasir Ris - Coastal,East,77.0,2,2,5510043.0,71559.0,Condo,0.66,6.9,7.6,6.8,0.042,0.2,Q3,2025
Pasir Ris - Coastal,East,183.0,2,1,13586286.0,74242.0,Condo,0.05,6.9,7.6,6.8,0.12,0.2,Q3,2024
Pasir Ris - Coastal,East,185.0,3,3,12843440.0,69424.0,Condo,0.05,7.8,7.6,6.8,0.409,0.1637,Q4,2024
Pasir Ris - Coastal,East,60.0,3,3,3644640.0,60744.0,House,0.18,5.3,7.6,6.8,0.418,0.2,Q4,2024
Pasir Ris - Coastal,East,149.0,2,2,10081936.0,67664.0,Condo,1.07,6.6,7.6,6.8,0.346,0.1935,Q1,2024
Pasir Ris - Coastal,East,227.0,3,2,15813501.0,69663.0,Condo,1.15,7.4,7.6,6.8,0.37,0.1904,Q1,2025
Pasir Ris - Coastal,East,240.0,2,1,17261040.0,71921.0,House,0.28,6.9,7.6,6.8,0.448,0.2,Q1,2025
Pasir Ris - Coastal,East,103.0,2,2,7257277.0,70459.0,Townhouse,1.24,7.0,7.6,6.8,0.047,0.1609,Q2,2025
Pasir Ris - Coastal,East,41.0,4,3,2672421.0,65181.0,Condo,0.83,7.4,7.6,6.8,0.285,0.2,Q4,2024
Pasir Ris - Coastal,East,272.0,2,2,21439584.0,78822.0,Lot,0.55,6.9,7.6,6.8,0.134,0.1747,Q2,2025
Pasir Ris - Coastal,East,251.0,2,2,17911109.0,71359.0,Condo,0.05,6.3,7.6,6.8,0.428,0.2,Q2,2025
Pasir Ris - Coastal,East,190.0,3,2,13121970.0,69063.0,Condo,0.83,6.6,7.6,6.8,0.365,0.2,Q4,2024
Pasir Ris - Coastal,East,177.0,3,2,13810425.0,78025.0,Condo,1.17,7.3,7.6,6.8,0.059,0.2,Q1,2024
Pasir Ris - Coastal,East,88.0,2,1,5763560.0,65495.0,House,0.87,6.4,7.6,6.8,0.204,0.2,Q3,2024
Pasir Ris - Coastal,East,119.0,2,1,8490293.0,71347.0,Townhouse,0.34,7.7,7.6,6.8,0.132,0.1839,Q3,2025
Pasir Ris - Coastal,East,43.0,2,1,2868659.0,66713.0,Townhouse,0.06,8.0,7.6,6.8,0.073,0.1425,Q1,2025
Pasir Ris - Coastal,East,30.0,3,3,1805940.0,60198.0,Townhouse,0.32,7.2,7.6,6.8,0.303,0.2,Q1,2024
Pasir Ris - Coastal,East,276.0,3,2,19427364.0,70389.0,Condo,0.69,7.6,7.6,6.8,0.349,0.1656,Q1,2024
Pasir Ris - Coastal,East,39.0,2,1,2207790.0,56610.0,House,0.05,6.9,7.6,6.8,0.402,0.2,Q2,2024
Pasir Ris - Coastal,East,257.0,2,2,18526359.0,72087.0,Lot,0.74,7.1,7.6,6.8,0.33,0.2,Q3,2024
Pasir Ris - Coastal,East,87.0,3,3,6126888.0,70424.0,Lot,0.09,5.7,7.6,6.8,0.119,0.1904,Q2,2024
Pasir Ris - Coastal,East,153.0,3,2,10292616.0,67272.0,House,0.07,6.6,7.6,6.8,0.362,0.2,Q3,2024
Pasir Ris - Coastal,East,97.0,3,3,6895536.0,71088.0,Townhouse,0.05,8.1,7.6,6.8,0.203,0.2,Q1,2025
Pasir Ris - Coastal,East,256.0,3,3,18079232.0,70622.0,Townhouse,0.4,6.8,7.6,6.8,0.358,0.2,Q1,2024
Pasir Ris - Coastal,East,221.0,2,1,15079493.0,68233.0,House,0.93,6.5,7.6,6.8,0.322,0.2,Q2,2024
Pasir Ris - Coastal,East,199.0,2,2,14505309.0,72891.0,House,1.05,8.0,7.6,6.8,0.222,0.2,Q3,2024
Pasir Ris - Coastal,East,235.0,2,2,18391335.0,78261.0,House,0.49,7.3,7.6,6.8,0.051,0.2,Q4,2024
Pasir Ris - Coastal,East,43.0,3,3,2519800.0,58600.0,Condo,0.2,7.6,7.6,6.8,0.429,0.2,Q2,2025
Pasir Ris - Coastal,East,149.0,3,3,10514930.0,70570.0,Condo,1.05,7.6,7.6,6.8,0.271,0.2,Q3,2025
Pasir Ris - Coastal,East,207.0,2,2,14421276.0,69668.0,House,0.47,7.3,7.6,6.8,0.363,0.2,Q2,2024
Pasir Ris - Coastal,East,122.0,3,2,8327720.0,68260.0,Lot,0.66,7.5,7.6,6.8,0.193,0.2,Q2,2025
Pasir Ris - Coastal,East,178.0,2,2,12252096.0,68832.0,Townhouse,0.14,6.9,7.6,6.8,0.172,0.1364,Q3,2024
Pasir Ris - Coastal,East,219.0,3,3,16218045.0,74055.0,Townhouse,0.99,6.8,7.6,6.8,0.099,0.2,Q3,2025
Pasir Ris - Coastal,East,55.0,1,1,3214145.0,58439.0,Condo,0.05,7.3,7.6,6.8,0.418,0.1599,Q1,2025
Pasir Ris - Coastal,East,120.0,3,3,8978040.0,74817.0,Condo,0.44,6.6,7.6,6.8,0.063,0.2,Q1,2025
Pasir Ris - Coastal,East,247.0,1,1,18180929.0,73607.0,Condo,0.66,8.4,7.6,6.8,0.267,0.1625,Q3,2025
Pasir Ris - Coastal,East,98.0,2,1,6598928.0,67336.0,Townhouse,1.17,7.6,7.6,6.8,0.243,0.2,Q2,2024
Pasir Ris - Coastal,East,267.0,1,1,19316115.0,72345.0,House,0.91,6.8,7.6,6.8,0.267,0.2,Q1,2024
Pasir Ris - Coastal,East,225.0,3,2,15643800.0,69528.0,House,0.44,7.9,7.6,6.8,0.317,0.1975,Q3,2025
Pasir Ris - Coastal,East,246.0,4,3,20672610.0,84035.0,Condo,0.52,7.2,7.6,6.8,0.044,0.2,Q2,2024
Pasir Ris - Coastal,East,46.0,4,4,2930476.0,63706.0,Townhouse,0.97,7.2,7.6,6.8,0.226,0.2,Q4,2025
Pasir Ris - Coastal,East,65.0,2,1,3996720.0,61488.0,Condo,1.6,6.5,7.6,6.8,0.294,0.2,Q3,2024
Pasir Ris - Coastal,East,221.0,2,2,17229823.0,77963.0,Condo,0.32,7.7,7.6,6.8,0.084,0.2,Q1,2024
Pasir Ris - Coastal,East,175.0,2,2,13773025.0,78703.0,House,0.4,6.6,7.6,6.8,0.058,0.1877,Q1,2025
Pasir Ris - Coastal,East,118.0,2,1,8612230.0,72985.0,House,0.35,8.0,7.6,6.8,0.129,0.2,Q4,2025
Pasir Ris - Coastal,East,250.0,3,3,20292000.0,81168.0,Condo,0.18,7.7,7.6,6.8,0.134,0.2,Q2,2024
Pasir Ris - Coastal,East,89.0,3,3,5887706.0,66154.0,Lot,0.58,7.1,7.6,6.8,0.28,0.2,Q4,2025
Pasir Ris - Coastal,East,165.0,2,1,10871355.0,65887.0,Condo,0.46,6.3,7.6,6.8,0.418,0.2,Q4,2025
Pasir Ris - Coastal,East,191.0,3,3,13540945.0,70895.0,Condo,0.26,7.6,7.6,6.8,0.221,0.133,Q3,2024
Pasir Ris - Coastal,East,58.0,4,4,3868832.0,66704.0,House,1.13,6.8,7.6,6.8,0.197,0.2,Q4,2024
Pasir Ris - Coastal,East,220.0,2,1,15414740.0,70067.0,Condo,0.5,7.4,7.6,6.8,0.326,0.2,Q1,2024
Pasir Ris - Coastal,East,60.0,3,2,3657900.0,60965.0,House,0.05,6.7,7.6,6.8,0.362,0.1776,Q2,2024
Pasir Ris - Coastal,East,230.0,2,1,15958320.0,69384.0,House,0.16,7.9,7.6,6.8,0.198,0.1315,Q4,2025
Pasir Ris - Coastal,East,256.0,2,2,17894144.0,69899.0,Condo,0.05,7.3,7.6,6.8,0.435,0.2,Q4,2024
Pasir Ris - Coastal,East,219.0,1,1,15867426.0,72454.0,House,0.51,6.7,7.6,6.8,0.357,0.2,Q4,2025
Pasir Ris - Coastal,East,143.0,4,3,10598159.0,74113.0,Lot,0.24,7.3,7.6,6.8,0.055,0.1434,Q3,2025
Pasir Ris - Coastal,East,107.0,3,2,8039338.0,75134.0,Townhouse,0.8,6.4,7.6,6.8,0.03,0.2,Q4,2025
Pasir Ris - Coastal,East,81.0,2,1,4567914.0,56394.0,Townhouse,1.27,6.9,7.6,6.8,0.404,0.1777,Q1,2024
Pasir Ris - Coastal,East,243.0,5,5,17953812.0,73884.0,House,0.8,7.8,7.6,6.8,0.257,0.2,Q3,2025
Pasir Ris - Coastal,East,94.0,1,1,6092140.0,64810.0,House,0.42,7.3,7.6,6.8,0.352,0.2,Q1,2024
Pasir Ris - Coastal,East,242.0,3,3,18308752.0,75656.0,Condo,0.47,6.2,7.6,6.8,0.238,0.1998,Q2,2024
Pasir Ris - Coastal,East,76.0,2,2,5162300.0,67925.0,House,0.33,7.8,7.6,6.8,0.161,0.1491,Q4,2024
Pasir Ris - Coastal,East,220.0,2,1,17660060.0,80273.0,Condo,0.49,7.9,7.6,6.8,0.045,0.2,Q1,2024
Pasir Ris - Coastal,East,213.0,2,2,14426277.0,67729.0,Lot,0.52,6.6,7.6,6.8,0.316,0.2,Q3,2024
Pasir Ris - Coastal,East,240.0,2,1,18981120.0,79088.0,Condo,0.25,6.8,7.6,6.8,0.178,0.2,Q2,2024
Pasir Ris - Coastal,East,258.0,1,1,20305632.0,78704.0,House,0.18,7.2,7.6,6.8,0.189,0.2,Q1,2024
Pasir Ris - Coastal,East,94.0,2,2,5931870.0,63105.0,Condo,0.77,8.4,7.6,6.8,0.421,0.2,Q3,2024
Pasir Ris - Coastal,East,29.0,3,3,1896368.0,65392.0,Condo,0.62,8.1,7.6,6.8,0.211,0.191,Q1,2024
Pasir Ris - Coastal,East,230.0,2,1,17058180.0,74166.0,House,0.44,7.7,7.6,6.8,0.062,0.1432,Q4,2025
Pasir Ris - Coastal,East,131.0,1,1,9170393.0,70003.0,House,0.05,8.1,7.6,6.8,0.278,0.2,Q2,2024
Pasir Ris - Coastal,East,267.0,4,4,20949087.0,78461.0,House,0.39,6.0,7.6,6.8,0.053,0.2,Q1,2024
Pasir Ris - Coastal,East,34.0,3,2,2108714.0,62021.0,House,0.05,7.5,7.6,6.8,0.433,0.1945,Q4,2025
Pasir Ris - Coastal,East,131.0,2,2,8737700.0,66700.0,Townhouse,0.85,8.5,7.6,6.8,0.295,0.2,Q4,2025
Pasir Ris - Coastal,East,125.0,2,2,8159750.0,65278.0,Condo,0.7,7.3,7.6,6.8,0.225,0.1518,Q3,2025
Pasir Ris - Coastal,East,248.0,2,2,16904920.0,68165.0,Townhouse,0.72,7.2,7.6,6.8,0.436,0.167,Q2,2025
Pasir Ris - Coastal,East,257.0,2,2,20547407.0,79951.0,Condo,0.73,8.0,7.6,6.8,0.18,0.2,Q3,2024
Pasir Ris - Coastal,East,41.0,2,1,2741301.0,66861.0,Condo,0.85,6.8,7.6,6.8,0.23,0.2,Q3,2024
Pasir Ris - Coastal,East,46.0,3,3,2723430.0,59205.0,Condo,0.55,6.6,7.6,6.8,0.414,0.2,Q3,2025
Pasir Ris - Coastal,East,144.0,3,3,9661104.0,67091.0,Lot,1.36,6.6,7.6,6.8,0.318,0.2,Q3,2024
Pasir Ris - Coastal,East,209.0,4,4,14895639.0,71271.0,House,0.4,7.7,7.6,6.8,0.306,0.1521,Q2,2025
Pasir Ris - Coastal,East,207.0,1,1,14143482.0,68326.0,Condo,0.61,6.8,7.6,6.8,0.4,0.2,Q3,2025
Pasir Ris - Coastal,East,182.0,2,2,12686128.0,69704.0,Condo,0.32,7.8,7.6,6.8,0.344,0.2,Q1,2025
Pasir Ris - Coastal,East,277.0,2,1,22959145.0,82885.0,Lot,0.84,6.3,7.6,6.8,0.054,0.1977,Q4,2024
Pasir Ris - Coastal,East,189.0,3,2,14356629.0,75961.0,Condo,0.69,7.3,7.6,6.8,0.09,0.1359,Q3,2024
Pasir Ris - Coastal,East,107.0,2,2,7672863.0,71709.0,House,1.19,7.7,7.6,6.8,0.165,0.2,Q1,2024
Pasir Ris - Coastal,East,252.0,3,3,18279828.0,72539.0,Condo,0.26,7.7,7.6,6.8,0.407,0.2,Q4,2024
Pasir Ris - Coastal,East,35.0,2,2,2210285.0,63151.0,Condo,0.05,7.0,7.6,6.8,0.301,0.2,Q3,2025
Pasir Ris - Coastal,East,143.0,3,3,9802507.0,68549.0,Condo,0.2,6.6,7.6,6.8,0.348,0.1965,Q3,2024
Pasir Ris - Coastal,East,143.0,2,2,10046894.0,70258.0,Condo,1.16,7.3,7.6,6.8,0.138,0.1297,Q4,2024
Pasir Ris - Coastal,East,262.0,2,1,19496730.0,74415.0,Condo,0.58,7.7,7.6,6.8,0.252,0.2,Q2,2024
Pasir Ris - Coastal,East,161.0,2,2,11732070.0,72870.0,Condo,1.35,6.8,7.6,6.8,0.098,0.2,Q3,2024
Pasir Ris - Coastal,East,113.0,3,2,8393188.0,74276.0,Lot,0.39,6.1,7.6,6.8,0.058,0.2,Q1,2024
Pasir Ris - Coastal,East,91.0,4,4,6389292.0,70212.0,Condo,0.84,7.2,7.6,6.8,0.167,0.2,Q1,2024
Pasir Ris - Coastal,East,256.0,1,1,19852800.0,77550.0,Condo,0.17,7.1,7.6,6.8,0.171,0.2,Q4,2024
Pasir Ris - Coastal,East,128.0,1,1,8587776.0,67092.0,Condo,0.16,7.4,7.6,6.8,0.291,0.2,Q2,2024
Pasir Ris - Coastal,East,43.0,2,1,2800074.0,65118.0,Lot,0.22,7.7,7.6,6.8,0.247,0.2,Q1,2024
Pasir Ris - Coastal,East,73.0,2,2,4993346.0,68402.0,Condo,0.68,8.0,7.6,6.8,0.112,0.1614,Q2,2024
Pasir Ris - Coastal,East,80.0,1,1,5512320.0,68904.0,Condo,0.65,7.4,7.6,6.8,0.238,0.2,Q1,2025
Pasir Ris - Coastal,East,237.0,2,1,18383853.0,77569.0,House,0.88,7.9,7.6,6.8,0.265,0.2,Q2,2024
Pasir Ris - Coastal,East,176.0,2,2,13372480.0,75980.0,Condo,0.83,6.0,7.6,6.8,0.063,0.2,Q2,2025
Pasir Ris - Coastal,East,208.0,2,2,14681056.0,70582.0,House,0.65,6.6,7.6,6.8,0.318,0.2,Q3,2025
Pasir Ris - Coastal,East,219.0,4,3,16110735.0,73565.0,Lot,0.29,6.9,7.6,6.8,0.145,0.2,Q2,2024
Pasir Ris - Coastal,East,258.0,4,4,20350266.0,78877.0,Condo,0.05,8.0,7.6,6.8,0.291,0.1794,Q2,2025
Pasir Ris - Coastal,East,114.0,4,3,6631152.0,58168.0,Condo,0.11,6.3,7.6,6.8,0.39,0.1336,Q2,2024
Pasir Ris - Coastal,East,108.0,1,1,6611868.0,61221.0,House,0.13,5.9,7.6,6.8,0.418,0.2,Q1,2025
Pasir Ris - Coastal,East,93.0,2,2,6348087.0,68259.0,Condo,0.84,7.7,7.6,6.8,0.064,0.1337,Q4,2024
Pasir Ris - Coastal,East,211.0,5,4,15224072.0,72152.0,Condo,0.44,7.2,7.6,6.8,0.243,0.1497,Q1,2024
Pasir Ris - Coastal,East,179.0,3,2,12495811.0,69809.0,House,0.05,7.0,7.6,6.8,0.146,0.1436,Q1,2024
Pasir Ris - Coastal,East,260.0,2,2,16918980.0,65073.0,Condo,0.06,7.3,7.6,6.8,0.393,0.1526,Q4,2025
Pasir Ris - Coastal,East,91.0,5,4,5783869.0,63559.0,Townhouse,0.38,7.0,7.6,6.8,0.367,0.2,Q4,2025
Pasir Ris - Coastal,East,65.0,3,2,3814200.0,58680.0,Townhouse,0.05,7.5,7.6,6.8,0.368,0.1554,Q2,2024
Pasir Ris - Coastal,East,274.0,2,2,18471710.0,67415.0,Townhouse,0.35,7.1,7.6,6.8,0.444,0.131,Q3,2025
Pasir Ris - Coastal,East,242.0,2,2,17532658.0,72449.0,House,0.28,6.5,7.6,6.8,0.373,0.2,Q1,2024
Pasir Ris - Coastal,East,88.0,5,5,5914744.0,67213.0,Condo,0.92,8.1,7.6,6.8,0.338,0.2,Q4,2025
Pasir Ris - Coastal,East,263.0,3,3,20168155.0,76685.0,Condo,1.6,8.3,7.6,6.8,0.326,0.2,Q3,2025
Pasir Ris - Coastal,East,153.0,4,4,11915334.0,77878.0,Lot,0.05,6.7,7.6,6.8,0.085,0.2,Q4,2025
Pasir Ris - Coastal,East,139.0,2,2,9397095.0,67605.0,Condo,1.1,7.2,7.6,6.8,0.371,0.2,Q3,2025
Pasir Ris - Coastal,East,129.0,5,4,9838572.0,76268.0,Condo,0.05,7.3,7.6,6.8,0.025,0.2,Q3,2025
Pasir Ris - Coastal,East,135.0,4,4,8525115.0,63149.0,Condo,0.53,6.6,7.6,6.8,0.402,0.2,Q3,2024
Pasir Ris - Coastal,East,121.0,2,1,8455722.0,69882.0,Townhouse,0.05,7.2,7.6,6.8,0.174,0.1787,Q3,2025
Pasir Ris - Coastal,East,122.0,1,1,7631832.0,62556.0,House,0.4,7.1,7.6,6.8,0.288,0.1417,Q2,2025
Pasir Ris - Coastal,East,252.0,1,1,20574036.0,81643.0,House,0.98,7.3,7.6,6.8,0.103,0.2,Q1,2025
Pasir Ris - Coastal,East,142.0,2,2,9141108.0,64374.0,Condo,0.44,7.4,7.6,6.8,0.439,0.2,Q2,2024
Pasir Ris - Coastal,East,161.0,3,2,10597986.0,65826.0,Condo,0.05,7.1,7.6,6.8,0.432,0.2,Q1,2024
Pasir Ris - Coastal,East,146.0,3,3,9756304.0,66824.0,House,0.34,7.5,7.6,6.8,0.287,0.1783,Q4,2024
Pasir Ris - Coastal,East,188.0,3,3,13636392.0,72534.0,House,0.19,7.3,7.6,6.8,0.353,0.2,Q4,2024
Pasir Ris - Coastal,East,268.0,3,3,19787780.0,73835.0,Condo,0.77,7.6,7.6,6.8,0.218,0.2,Q2,2024
Pasir Ris - Coastal,East,198.0,3,3,13876434.0,70083.0,Condo,0.6,6.4,7.6,6.8,0.314,0.2,Q3,2024
Pasir Ris - Coastal,East,89.0,5,5,5829411.0,65499.0,House,0.05,7.2,7.6,6.8,0.166,0.1675,Q2,2024
Pasir Ris - Coastal,East,164.0,3,3,11773724.0,71791.0,Condo,0.72,6.9,7.6,6.8,0.168,0.1586,Q3,2025
Pasir Ris - Coastal,East,146.0,2,2,10067284.0,68954.0,Condo,0.45,7.1,7.6,6.8,0.264,0.2,Q4,2024
Pasir Ris - Coastal,East,210.0,4,4,14763000.0,70300.0,Condo,1.02,8.1,7.6,6.8,0.349,0.2,Q2,2024
Pasir Ris - Coastal,East,140.0,2,1,8569680.0,61212.0,Townhouse,0.71,6.9,7.6,6.8,0.341,0.1538,Q2,2024
Pasir Ris - Coastal,East,228.0,5,5,17643552.0,77384.0,Townhouse,0.05,7.6,7.6,6.8,0.157,0.2,Q4,2024
Pasir Ris - Coastal,East,81.0,5,5,5317326.0,65646.0,House,1.09,7.8,7.6,6.8,0.276,0.2,Q1,2024
Pasir Ris - Coastal,East,61.0,2,1,3822748.0,62668.0,House,1.16,7.4,7.6,6.8,0.434,0.2,Q1,2024
Pasir Ris - Coastal,East,151.0,3,3,10544481.0,69831.0,Condo,0.7,7.3,7.6,6.8,0.25,0.2,Q1,2024
Pasir Ris - Coastal,East,111.0,1,1,7867902.0,70882.0,Lot,0.27,7.9,7.6,6.8,0.174,0.2,Q1,2024
Pasir Ris - Coastal,East,227.0,2,2,14844211.0,65393.0,Lot,0.6,6.6,7.6,6.8,0.347,0.2,Q2,2024
Pasir Ris - Coastal,East,130.0,4,4,8537360.0,65672.0,House,0.54,7.3,7.6,6.8,0.33,0.2,Q2,2025
Pasir Ris - Coastal,East,245.0,2,2,17087770.0,69746.0,Condo,0.43,6.9,7.6,6.8,0.33,0.2,Q1,2024
Pasir Ris - Coastal,East,35.0,4,4,2419830.0,69138.0,House,0.36,6.9,7.6,6.8,0.117,0.2,Q1,2024
Pasir Ris - Coastal,East,105.0,2,1,7375620.0,70244.0,Condo,0.83,8.2,7.6,6.8,0.106,0.2,Q3,2024
Pasir Ris - Coastal,East,251.0,1,1,17383758.0,69258.0,Condo,1.3,5.7,7.6,6.8,0.254,0.1584,Q3,2025
Pasir Ris - Coastal,East,117.0,4,3,8124831.0,69443.0,Condo,0.25,7.0,7.6,6.8,0.257,0.2,Q2,2025
Pasir Ris - Coastal,East,273.0,4,3,20925450.0,76650.0,House,0.52,7.4,7.6,6.8,0.081,0.1292,Q3,2025
Pasir Ris - Coastal,East,249.0,2,2,17432241.0,70009.0,Condo,0.78,7.1,7.6,6.8,0.395,0.2,Q4,2025
Pasir Ris - Coastal,East,225.0,2,2,15399675.0,68443.0,Condo,0.64,6.9,7.6,6.8,0.279,0.1443,Q4,2024
Pasir Ris - Coastal,East,190.0,3,2,14279260.0,75154.0,Condo,0.98,6.3,7.6,6.8,0.063,0.1853,Q3,2025
Pasir Ris - Coastal,East,110.0,2,1,7488800.0,68080.0,Lot,0.48,7.6,7.6,6.8,0.138,0.1301,Q4,2024
Pasir Ris - Coastal,East,64.0,3,2,4092416.0,63944.0,Townhouse,0.05,7.6,7.6,6.8,0.373,0.2,Q1,2025
Pasir Ris - Coastal,East,55.0,2,1,3821290.0,69478.0,House,0.05,7.7,7.6,6.8,0.225,0.2,Q2,2024
Pasir Ris - Coastal,East,182.0,2,1,12015276.0,66018.0,House,0.56,7.4,7.6,6.8,0.435,0.1641,Q3,2025
Pasir Ris - Coastal,East,145.0,5,5,10090985.0,69593.0,House,1.28,7.8,7.6,6.8,0.194,0.2,Q1,2024
Pasir Ris - Coastal,East,148.0,3,3,9636428.0,65111.0,Townhouse,0.54,6.1,7.6,6.8,0.199,0.1367,Q2,2025
Pasir Ris - Coastal,East,180.0,4,3,11507400.0,63930.0,Condo,0.67,6.6,7.6,6.8,0.378,0.1491,Q3,2024
Pasir Ris - Coastal,East,140.0,3,3,10016020.0,71543.0,Townhouse,0.79,7.3,7.6,6.8,0.13,0.2,Q3,2024
Pasir Ris - Coastal,East,172.0,4,3,11924932.0,69331.0,House,0.8,8.0,7.6,6.8,0.164,0.1907,Q1,2024
Pasir Ris - Coastal,East,29.0,2,2,1699748.0,58612.0,Lot,1.56,7.9,7.6,6.8,0.386,0.2,Q4,2025
Pasir Ris - Coastal,East,173.0,3,3,12207053.0,70561.0,House,0.36,7.8,7.6,6.8,0.299,0.1825,Q2,2024
Pasir Ris - Coastal,East,170.0,4,3,12055210.0,70913.0,House,0.06,7.6,7.6,6.8,0.204,0.2,Q4,2025
Pasir Ris - Coastal,East,270.0,4,3,23913360.0,88568.0,House,0.39,7.5,7.6,6.8,0.023,0.2,Q1,2024
Pasir Ris - Coastal,East,274.0,1,1,19111500.0,69750.0,House,0.74,6.4,7.6,6.8,0.405,0.16,Q4,2024
Pasir Ris - Coastal,East,208.0,2,1,15258048.0,73356.0,Condo,0.9,7.6,7.6,6.8,0.111,0.1292,Q2,2024
Pasir Ris - Coastal,East,156.0,3,3,12006384.0,76964.0,Condo,0.07,7.1,7.6,6.8,0.092,0.2,Q3,2024
Pasir Ris - Coastal,East,105.0,1,1,6703830.0,63846.0,House,0.53,6.0,7.6,6.8,0.306,0.2,Q4,2025
Pasir Ris - Coastal,East,170.0,2,1,12638650.0,74345.0,House,0.75,6.5,7.6,6.8,0.049,0.2,Q3,2025
Pasir Ris - Coastal,East,151.0,3,2,11733455.0,77705.0,Townhouse,0.47,6.5,7.6,6.8,0.061,0.1933,Q1,2025
Pasir Ris - Coastal,East,73.0,3,2,4281669.0,58653.0,House,0.97,7.7,7.6,6.8,0.303,0.1421,Q4,2024
Pasir Ris - Coastal,East,230.0,2,1,18402990.0,80013.0,Condo,0.92,8.5,7.6,6.8,0.177,0.2,Q2,2024
Pasir Ris - Coastal,East,277.0,3,3,23489600.0,84800.0,House,0.05,6.5,7.6,6.8,0.121,0.2,Q4,2025
Pasir Ris - Coastal,East,207.0,3,3,14845212.0,71716.0,House,0.05,6.9,7.6,6.8,0.218,0.1556,Q2,2024
Pasir Ris - Coastal,East,145.0,3,2,10065610.0,69418.0,Lot,0.05,6.6,7.6,6.8,0.198,0.1671,Q4,2025
Pasir Ris - Coastal,East,213.0,2,1,14245227.0,66879.0,Lot,0.51,6.8,7.6,6.8,0.448,0.2,Q3,2025
Pasir Ris - Coastal,East,68.0,3,3,4426936.0,65102.0,Lot,0.56,6.6,7.6,6.8,0.289,0.2,Q3,2025
Pasir Ris - Coastal,East,162.0,2,2,12949146.0,79933.0,Condo,0.61,7.1,7.6,6.8,0.064,0.2,Q2,2025
Pasir Ris - Coastal,East,266.0,3,2,20907600.0,78600.0,Townhouse,0.13,6.5,7.6,6.8,0.099,0.2,Q2,2025
Pasir Ris - Coastal,East,57.0,3,3,3847272.0,67496.0,House,0.16,7.1,7.6,6.8,0.113,0.1864,Q2,2024
Pasir Ris - Coastal,East,236.0,3,2,15690460.0,66485.0,Condo,0.05,6.6,7.6,6.8,0.35,0.1449,Q2,2025
Pasir Ris - Coastal,East,161.0,1,1,12300400.0,76400.0,Lot,0.05,6.3,7.6,6.8,0.069,0.2,Q4,2025
Pasir Ris - Coastal,East,180.0,3,3,12517920.0,69544.0,Townhouse,0.5,7.3,7.6,6.8,0.258,0.1899,Q2,2024
Pasir Ris - Coastal,East,169.0,3,3,11181040.0,66160.0,House,0.59,6.4,7.6,6.8,0.39,0.2,Q2,2024
Pasir Ris - Coastal,East,117.0,2,2,8734401.0,74653.0,Condo,0.42,7.0,7.6,6.8,0.034,0.2,Q3,2024
Pasir Ris - Coastal,East,66.0,4,3,4094310.0,62035.0,Condo,0.72,6.8,7.6,6.8,0.366,0.2,Q2,2024
Pasir Ris - Coastal,East,92.0,2,1,6280196.0,68263.0,Condo,0.66,7.3,7.6,6.8,0.101,0.1524,Q4,2024
Pasir Ris - Coastal,East,216.0,2,1,16130232.0,74677.0,Condo,0.85,7.5,7.6,6.8,0.201,0.1719,Q2,2024
Pasir Ris - Coastal,East,115.0,3,3,8186735.0,71189.0,House,0.21,7.6,7.6,6.8,0.166,0.2,Q1,2024
Pasir Ris - Coastal,East,212.0,4,3,17415164.0,82147.0,Townhouse,1.14,8.3,7.6,6.8,0.042,0.2,Q3,2025
Pasir Ris - Coastal,East,75.0,1,1,5448000.0,72640.0,House,0.57,7.3,7.6,6.8,0.179,0.2,Q3,2024
Pasir Ris - Coastal,East,179.0,2,1,13724646.0,76674.0,House,1.06,7.9,7.6,6.8,0.128,0.2,Q4,2024
Pasir Ris - Coastal,East,270.0,3,3,19077120.0,70656.0,Condo,0.29,7.8,7.6,6.8,0.389,0.1982,Q1,2024
Pasir Ris - Coastal,East,31.0,4,3,2151679.0,69409.0,Condo,1.41,6.7,7.6,6.8,0.134,0.2,Q2,2025
Pasir Ris - Coastal,East,142.0,5,5,9863320.0,69460.0,House,0.05,7.3,7.6,6.8,0.277,0.1735,Q3,2024
Pasir Ris - Coastal,East,202.0,1,1,13919416.0,68908.0,Townhouse,0.52,6.5,7.6,6.8,0.317,0.1882,Q2,2025
Pasir Ris - Coastal,East,34.0,1,1,2287078.0,67267.0,House,0.05,7.1,7.6,6.8,0.273,0.1924,Q4,2024
Pasir Ris - Coastal,East,253.0,3,3,18241806.0,72102.0,House,0.77,7.8,7.6,6.8,0.431,0.2,Q1,2024
Pasir Ris - Coastal,East,246.0,2,2,20506068.0,83358.0,Condo,0.19,7.3,7.6,6.8,0.03,0.2,Q3,2025
Pasir Ris - Coastal,East,266.0,3,2,19469604.0,73194.0,Townhouse,1.31,7.4,7.6,6.8,0.301,0.2,Q2,2024
Pasir Ris - Coastal,East,197.0,2,1,14920583.0,75739.0,House,0.43,7.2,7.6,6.8,0.054,0.1447,Q3,2025
Pasir Ris - Coastal,East,101.0,1,1,6475918.0,64118.0,House,0.33,7.0,7.6,6.8,0.266,0.1622,Q3,2025
Pasir Ris - Coastal,East,99.0,2,2,5957325.0,60175.0,Condo,0.2,8.5,7.6,6.8,0.442,0.1626,Q4,2025
Pasir Ris - Coastal,East,253.0,2,1,18916304.0,74768.0,Lot,1.45,6.0,7.6,6.8,0.292,0.2,Q1,2024
Pasir Ris - Coastal,East,151.0,2,2,9488840.0,62840.0,Condo,0.05,7.3,7.6,6.8,0.422,0.2,Q2,2025
Pasir Ris - Coastal,East,78.0,3,3,4614246.0,59157.0,House,0.63,6.4,7.6,6.8,0.334,0.1656,Q2,2024
Pasir Ris - Coastal,East,115.0,3,3,8565775.0,74485.0,House,0.23,7.0,7.6,6.8,0.094,0.1763,Q4,2024
Pasir Ris - Coastal,East,96.0,3,3,6670464.0,69484.0,House,0.05,7.8,7.6,6.8,0.228,0.2,Q2,2024
Pasir Ris - Coastal,East,210.0,3,3,14221830.0,67723.0,Townhouse,0.05,6.6,7.6,6.8,0.294,0.1517,Q3,2025
Pasir Ris - Coastal,East,268.0,1,1,19681920.0,73440.0,Condo,0.44,7.1,7.6,6.8,0.315,0.1387,Q2,2025
Pasir Ris - Coastal,East,27.0,1,1,1817856.0,67328.0,House,0.71,6.8,7.6,6.8,0.022,0.2,Q3,2024
Pasir Ris - Coastal,East,146.0,3,3,11073516.0,75846.0,Condo,0.25,6.9,7.6,6.8,0.146,0.2,Q2,2024
Pasir Ris - Coastal,East,274.0,4,3,20303948.0,74102.0,Townhouse,0.99,8.1,7.6,6.8,0.197,0.1469,Q2,2024
Pasir Ris - Coastal,East,244.0,2,2,17271052.0,70783.0,House,0.46,6.9,7.6,6.8,0.368,0.2,Q2,2024
Pasir Ris - Coastal,East,70.0,3,3,4782820.0,68326.0,Condo,0.1,6.8,7.6,6.8,0.051,0.1908,Q3,2024
Pasir Ris - Coastal,East,217.0,3,3,15968162.0,73586.0,Condo,0.38,7.5,7.6,6.8,0.142,0.1456,Q1,2025
Pasir Ris - Coastal,East,232.0,2,1,15686216.0,67613.0,Lot,0.64,7.5,7.6,6.8,0.374,0.1415,Q3,2024
Pasir Ris - Coastal,East,31.0,3,3,1982450.0,63950.0,Lot,0.19,7.2,7.6,6.8,0.25,0.184,Q4,2025
Pasir Ris - Coastal,East,52.0,1,1,3527784.0,67842.0,Condo,0.43,6.7,7.6,6.8,0.139,0.1844,Q1,2024
Pasir Ris - Coastal,East,99.0,2,2,6530337.0,65963.0,Townhouse,0.45,7.4,7.6,6.8,0.199,0.1537,Q4,2024
Pasir Ris - Coastal,East,158.0,3,2,12077520.0,76440.0,House,0.05,6.3,7.6,6.8,0.074,0.2,Q4,2025
Pasir Ris - Coastal,East,259.0,1,1,19997131.0,77209.0,House,1.07,8.4,7.6,6.8,0.216,0.2,Q3,2024
Pasir Ris - Coastal,East,101.0,3,3,6098784.0,60384.0,Townhouse,1.03,7.7,7.6,6.8,0.375,0.1521,Q1,2025
Pasir Ris - Coastal,East,100.0,4,4,5693800.0,56938.0,Condo,0.24,7.6,7.6,6.8,0.431,0.1828,Q1,2025
Pasir Ris - Coastal,East,259.0,2,2,19575997.0,75583.0,Condo,0.58,6.7,7.6,6.8,0.248,0.2,Q1,2025
Pasir Ris - Coastal,East,43.0,5,4,2956336.0,68752.0,Condo,0.11,8.0,7.6,6.8,0.1,0.2,Q2,2025
Pasir Ris - Coastal,East,271.0,4,4,19506309.0,71979.0,House,0.9,7.9,7.6,6.8,0.405,0.2,Q2,2025
Pasir Ris - Coastal,East,77.0,3,2,4791941.0,62233.0,Lot,0.25,7.7,7.6,6.8,0.238,0.1403,Q1,2025
Pasir Ris - Coastal,East,206.0,3,2,15219074.0,73879.0,Condo,1.3,6.1,7.6,6.8,0.207,0.2,Q3,2024
Pasir Ris - Coastal,East,64.0,4,3,4435328.0,69302.0,Condo,0.05,7.3,7.6,6.8,0.146,0.2,Q4,2024
Pasir Ris - Coastal,East,158.0,2,1,10815732.0,68454.0,Condo,0.67,6.3,7.6,6.8,0.257,0.1796,Q4,2025
Pasir Ris - Coastal,East,101.0,2,2,6819924.0,67524.0,House,0.94,6.8,7.6,6.8,0.257,0.2,Q4,2024
Pasir Ris - Coastal,East,31.0,3,2,2254909.0,72739.0,Lot,0.38,7.8,7.6,6.8,0.03,0.2,Q4,2024
Pasir Ris - Coastal,East,70.0,2,2,4935000.0,70500.0,House,0.18,6.3,7.6,6.8,0.086,0.2,Q1,2025
Pasir Ris - Coastal,East,80.0,5,4,4809680.0,60121.0,House,1.16,7.8,7.6,6.8,0.43,0.2,Q2,2024
Pasir Ris - Coastal,East,168.0,2,2,11401992.0,67869.0,House,0.24,7.5,7.6,6.8,0.328,0.2,Q4,2024
