location,province,area_sqm,bedrooms,bathrooms,price_php,price_per_sqm_php,property_type,distance_to_beach_km,tourism_density_score,infrastructure_score,employment_zone_score,flood_risk_score,cultural_premium_factor,quarter,year
Bauang - Coastal,La Union,217.0,4,3,8927163.0,41139.0,Condo,0.36,5.9,6.2,4.0,0.353,0.1675,Q4,2025
Bauang - Coastal,La Union,158.0,3,2,6290138.0,39811.0,Lot,0.68,6.4,6.2,4.0,0.209,0.1339,Q3,2025
Bauang - Coastal,La Union,144.0,5,5,5249952.0,36458.0,Townhouse,1.18,7.0,6.2,4.0,0.389,0.1109,Q2,2024
Bauang - Coastal,La Union,66.0,3,2,1930368.0,29248.0,Townhouse,1.21,6.8,6.2,4.0,0.32,0.1348,Q2,2025
Bauang - Coastal,La Union,206.0,4,3,8439408.0,40968.0,Condo,1.11,6.3,6.2,4.0,0.06,0.0792,Q3,2024
Bauang - Coastal,La Union,67.0,1,1,2023333.0,30199.0,Condo,0.43,6.4,6.2,4.0,0.44,0.1708,Q4,2025
Bauang - Coastal,La Union,131.0,3,3,4541639.0,34669.0,House,0.08,5.7,6.2,4.0,0.347,0.1242,Q1,2024
Bauang - Coastal,La Union,238.0,2,1,9718968.0,40836.0,Condo,1.02,6.4,6.2,4.0,0.358,0.1536,Q3,2025
Bauang - Coastal,La Union,259.0,3,2,11285148.0,43572.0,Lot,0.81,6.3,6.2,4.0,0.075,0.0851,Q4,2024
Bauang - Coastal,La Union,277.0,3,3,12120412.0,43756.0,Condo,1.18,6.6,6.2,4.0,0.214,0.1246,Q2,2024
Bauang - Coastal,La Union,269.0,5,4,11848643.0,44047.0,House,1.28,6.2,6.2,4.0,0.179,0.125,Q2,2025
Bauang - Coastal,La Union,166.0,5,5,6740264.0,40604.0,Townhouse,1.06,6.8,6.2,4.0,0.419,0.1688,Q4,2025
Bauang - Coastal,La Union,76.0,2,2,2766856.0,36406.0,Condo,1.3,7.1,6.2,4.0,0.297,0.1329,Q1,2024
Bauang - Coastal,La Union,238.0,3,2,9315558.0,39141.0,Condo,1.09,6.6,6.2,4.0,0.374,0.1233,Q2,2025
Bauang - Coastal,La Union,229.0,3,3,9499836.0,41484.0,House,1.21,6.7,6.2,4.0,0.211,0.1031,Q2,2025
Bauang - Coastal,La Union,277.0,2,2,12509597.0,45161.0,House,0.72,6.5,6.2,4.0,0.118,0.1094,Q4,2024
Bauang - Coastal,La Union,190.0,1,1,7085670.0,37293.0,Condo,0.93,6.5,6.2,4.0,0.258,0.128,Q1,2024
Bauang - Coastal,La Union,61.0,1,1,2281949.0,37409.0,House,1.08,6.1,6.2,4.0,0.047,0.12,Q2,2024
Bauang - Coastal,La Union,153.0,3,2,4925988.0,32196.0,Lot,1.33,6.7,6.2,4.0,0.376,0.0791,Q1,2025
Bauang - Coastal,La Union,139.0,2,1,5261567.0,37853.0,House,0.84,6.4,6.2,4.0,0.292,0.1579,Q4,2024
Bauang - Coastal,La Union,239.0,5,5,9601108.0,40172.0,Condo,1.21,7.8,6.2,4.0,0.346,0.1647,Q3,2024
Bauang - Coastal,La Union,125.0,2,2,4562750.0,36502.0,Condo,0.89,7.4,6.2,4.0,0.172,0.0907,Q2,2025
Bauang - Coastal,La Union,108.0,5,4,3510864.0,32508.0,Condo,0.95,6.7,6.2,4.0,0.437,0.1312,Q2,2025
Bauang - Coastal,La Union,45.0,2,1,1269360.0,28208.0,Condo,1.33,6.0,6.2,4.0,0.404,0.0876,Q1,2025
Bauang - Coastal,La Union,238.0,3,3,9921506.0,41687.0,Condo,0.2,5.8,6.2,4.0,0.355,0.1428,Q4,2025
Bauang - Coastal,La Union,217.0,1,1,9211867.0,42451.0,House,0.48,7.2,6.2,4.0,0.104,0.1045,Q3,2025
Bauang - Coastal,La Union,35.0,3,3,1232945.0,35227.0,Condo,0.41,6.7,6.2,4.0,0.221,0.1415,Q2,2025
Bauang - Coastal,La Union,135.0,4,4,5715900.0,42340.0,Lot,0.07,6.8,6.2,4.0,0.039,0.1481,Q2,2025
Bauang - Coastal,La Union,147.0,4,3,6339669.0,43127.0,Condo,0.73,5.5,6.2,4.0,0.086,0.1522,Q3,2024
Bauang - Coastal,La Union,144.0,4,3,5042016.0,35014.0,Condo,1.3,7.1,6.2,4.0,0.314,0.0875,Q3,2024
Bauang - Coastal,La Union,259.0,1,1,10725708.0,41412.0,Townhouse,0.89,6.8,6.2,4.0,0.34,0.1666,Q2,2024
Bauang - Coastal,La Union,63.0,2,2,1758897.0,27919.0,Townhouse,1.08,5.8,6.2,4.0,0.436,0.0995,Q2,2025
Bauang - Coastal,La Union,103.0,1,1,3722111.0,36137.0,Condo,1.44,6.2,6.2,4.0,0.16,0.0807,Q3,2024
Bauang - Coastal,La Union,71.0,1,1,2601440.0,36640.0,Condo,1.53,6.7,6.2,4.0,0.179,0.1313,Q3,2024
Bauang - Coastal,La Union,87.0,3,2,3035517.0,34891.0,Condo,0.97,6.5,6.2,4.0,0.222,0.1133,Q3,2024
Bauang - Coastal,La Union,256.0,3,2,12751872.0,49812.0,House,1.54,6.3,6.2,4.0,0.101,0.1582,Q1,2024
Bauang - Coastal,La Union,264.0,3,3,13245936.0,50174.0,House,1.04,6.4,6.2,4.0,0.076,0.1561,Q2,2024
Bauang - Coastal,La Union,36.0,4,3,1151352.0,31982.0,Condo,0.67,6.3,6.2,4.0,0.225,0.108,Q3,2025
Bauang - Coastal,La Union,186.0,3,3,8511360.0,45760.0,Condo,0.76,6.6,6.2,4.0,0.118,0.1702,Q4,2025
Bauang - Coastal,La Union,84.0,4,4,3043320.0,36230.0,House,0.41,7.4,6.2,4.0,0.308,0.1055,Q3,2024
Bauang - Coastal,La Union,74.0,1,1,2783214.0,37611.0,Lot,0.64,5.0,6.2,4.0,0.208,0.1274,Q2,2024
Bauang - Coastal,La Union,99.0,2,1,2978613.0,30087.0,House,0.86,6.4,6.2,4.0,0.378,0.102,Q3,2024
Bauang - Coastal,La Union,74.0,3,3,2445108.0,33042.0,House,1.32,6.6,6.2,4.0,0.321,0.1686,Q1,2025
Bauang - Coastal,La Union,150.0,4,4,6124050.0,40827.0,Condo,1.69,6.7,6.2,4.0,0.154,0.0931,Q1,2025
Bauang - Coastal,La Union,278.0,1,1,10746368.0,38656.0,Condo,0.45,6.3,6.2,4.0,0.378,0.0814,Q3,2024
Bauang - Coastal,La Union,174.0,3,3,5937750.0,34125.0,Condo,1.16,5.4,6.2,4.0,0.366,0.1196,Q4,2025
Bauang - Coastal,La Union,209.0,3,3,9181997.0,43933.0,Townhouse,0.58,6.7,6.2,4.0,0.187,0.1741,Q4,2024
Bauang - Coastal,La Union,150.0,1,1,6433500.0,42890.0,Townhouse,1.19,7.5,6.2,4.0,0.144,0.1643,Q3,2024
Bauang - Coastal,La Union,28.0,2,2,870296.0,31082.0,Lot,0.95,5.6,6.2,4.0,0.313,0.1503,Q1,2025
Bauang - Coastal,La Union,46.0,4,4,1738478.0,37793.0,Lot,0.27,7.0,6.2,4.0,0.08,0.1642,Q4,2024
Bauang - Coastal,La Union,93.0,3,3,3597984.0,38688.0,Lot,1.37,6.3,6.2,4.0,0.106,0.1644,Q2,2024
Bauang - Coastal,La Union,87.0,2,2,3393696.0,39008.0,Lot,0.76,6.5,6.2,4.0,0.023,0.1278,Q2,2024
Bauang - Coastal,La Union,239.0,4,3,9098491.0,38069.0,Condo,0.79,5.9,6.2,4.0,0.358,0.1079,Q4,2025
Bauang - Coastal,La Union,240.0,2,2,11009520.0,45873.0,Condo,0.57,6.3,6.2,4.0,0.306,0.1525,Q3,2025
Bauang - Coastal,La Union,242.0,4,3,10320574.0,42647.0,Condo,0.74,7.3,6.2,4.0,0.323,0.1417,Q3,2025
Bauang - Coastal,La Union,187.0,2,2,7207354.0,38542.0,House,1.17,6.8,6.2,4.0,0.356,0.1136,Q2,2024
Bauang - Coastal,La Union,166.0,3,3,6278784.0,37824.0,Condo,0.92,7.5,6.2,4.0,0.217,0.0862,Q4,2024
Bauang - Coastal,La Union,190.0,2,1,7739270.0,40733.0,Townhouse,1.13,7.2,6.2,4.0,0.265,0.1501,Q2,2025
Bauang - Coastal,La Union,128.0,2,2,4964224.0,38783.0,House,1.14,6.8,6.2,4.0,0.08,0.1027,Q3,2024
Bauang - Coastal,La Union,195.0,4,3,8264295.0,42381.0,House,1.53,7.5,6.2,4.0,0.069,0.1687,Q4,2025
Bauang - Coastal,La Union,227.0,2,1,8605570.0,37910.0,Condo,0.86,6.8,6.2,4.0,0.307,0.1006,Q3,2025
Bauang - Coastal,La Union,219.0,1,1,8456466.0,38614.0,Condo,0.41,7.0,6.2,4.0,0.223,0.089,Q1,2024
Bauang - Coastal,La Union,181.0,2,1,6727951.0,37171.0,Condo,1.43,6.3,6.2,4.0,0.263,0.1583,Q2,2025
Bauang - Coastal,La Union,39.0,3,2,1070082.0,27438.0,Townhouse,0.87,6.5,6.2,4.0,0.349,0.092,Q2,2024
Bauang - Coastal,La Union,209.0,4,3,8451333.0,40437.0,House,1.45,6.1,6.2,4.0,0.293,0.0945,Q4,2024
Bauang - Coastal,La Union,118.0,5,5,4348064.0,36848.0,House,1.15,7.1,6.2,4.0,0.258,0.1357,Q3,2024
Bauang - Coastal,La Union,214.0,2,2,9440182.0,44113.0,Condo,0.95,5.8,6.2,4.0,0.26,0.1626,Q2,2024
Bauang - Coastal,La Union,162.0,2,2,6546906.0,40413.0,Condo,1.14,7.0,6.2,4.0,0.151,0.0962,Q3,2025
Bauang - Coastal,La Union,249.0,1,1,11899461.0,47789.0,Condo,1.78,6.4,6.2,4.0,0.033,0.1074,Q3,2025
Bauang - Coastal,La Union,111.0,3,3,4089351.0,36841.0,Townhouse,1.83,7.2,6.2,4.0,0.208,0.1531,Q2,2025
Bauang - Coastal,La Union,262.0,5,5,12956162.0,49451.0,Townhouse,1.03,7.0,6.2,4.0,0.112,0.1721,Q2,2025
Bauang - Coastal,La Union,240.0,3,2,10867200.0,45280.0,Condo,1.06,7.6,6.2,4.0,0.196,0.126,Q4,2024
Bauang - Coastal,La Union,109.0,3,2,3368754.0,30906.0,Lot,1.43,6.9,6.2,4.0,0.387,0.0911,Q3,2024
Bauang - Coastal,La Union,148.0,2,2,5844224.0,39488.0,Condo,0.66,5.6,6.2,4.0,0.121,0.0784,Q1,2025
Bauang - Coastal,La Union,160.0,4,3,6836800.0,42730.0,Townhouse,1.13,6.5,6.2,4.0,0.045,0.0995,Q3,2025
Bauang - Coastal,La Union,221.0,2,2,9171058.0,41498.0,Condo,0.99,5.8,6.2,4.0,0.141,0.0899,Q3,2024
Bauang - Coastal,La Union,200.0,1,1,8347000.0,41735.0,Condo,1.13,6.2,6.2,4.0,0.146,0.1433,Q3,2024
Bauang - Coastal,La Union,242.0,2,1,9417672.0,38916.0,Townhouse,0.67,7.4,6.2,4.0,0.305,0.0889,Q3,2024
Bauang - Coastal,La Union,119.0,1,1,4404666.0,37014.0,Condo,0.36,6.9,6.2,4.0,0.26,0.1265,Q4,2024
Bauang - Coastal,La Union,153.0,2,2,5733369.0,37473.0,Condo,0.17,6.1,6.2,4.0,0.357,0.1449,Q2,2025
Bauang - Coastal,La Union,134.0,1,1,4723098.0,35247.0,Condo,0.55,5.9,6.2,4.0,0.306,0.1339,Q2,2024
Bauang - Coastal,La Union,256.0,2,1,11154944.0,43574.0,Condo,0.82,6.5,6.2,4.0,0.195,0.0965,Q1,2025
Bauang - Coastal,La Union,102.0,3,3,3555414.0,34857.0,House,0.88,5.8,6.2,4.0,0.37,0.1557,Q3,2025
Bauang - Coastal,La Union,174.0,2,2,7653216.0,43984.0,Townhouse,1.77,6.1,6.2,4.0,0.092,0.147,Q2,2025
Bauang - Coastal,La Union,55.0,2,2,2264900.0,41180.0,Townhouse,1.44,6.7,6.2,4.0,0.03,0.1493,Q2,2024
Bauang - Coastal,La Union,241.0,5,5,11494254.0,47694.0,Condo,0.62,7.2,6.2,4.0,0.059,0.0898,Q3,2024
Bauang - Coastal,La Union,122.0,3,2,3924374.0,32167.0,House,1.14,6.9,6.2,4.0,0.331,0.0891,Q2,2025
Bauang - Coastal,La Union,111.0,3,2,4484733.0,40403.0,Condo,0.84,5.1,6.2,4.0,0.219,0.1678,Q2,2025
Bauang - Coastal,La Union,173.0,2,2,7214273.0,41701.0,Condo,0.89,6.7,6.2,4.0,0.089,0.1159,Q2,2024
Bauang - Coastal,La Union,152.0,4,3,5965088.0,39244.0,Condo,1.07,6.5,6.2,4.0,0.235,0.1064,Q2,2025
Bauang - Coastal,La Union,241.0,2,2,11151070.0,46270.0,Lot,1.25,6.7,6.2,4.0,0.085,0.1248,Q1,2024
Bauang - Coastal,La Union,160.0,2,2,6020960.0,37631.0,Townhouse,0.86,7.5,6.2,4.0,0.319,0.1419,Q4,2025
Bauang - Coastal,La Union,156.0,4,3,5879484.0,37689.0,Townhouse,1.43,5.3,6.2,4.0,0.212,0.1705,Q1,2024
Bauang - Coastal,La Union,51.0,3,3,1713396.0,33596.0,House,0.54,6.1,6.2,4.0,0.184,0.105,Q2,2024
Bauang - Coastal,La Union,30.0,3,2,1014930.0,33831.0,House,1.0,6.9,6.2,4.0,0.15,0.1675,Q3,2024
Bauang - Coastal,La Union,126.0,3,3,4383540.0,34790.0,House,2.04,5.6,6.2,4.0,0.291,0.0794,Q1,2024
Bauang - Coastal,La Union,279.0,3,2,13645890.0,48910.0,House,1.09,7.4,6.2,4.0,0.176,0.1313,Q3,2024
Bauang - Coastal,La Union,258.0,2,2,12101490.0,46905.0,Condo,1.57,6.7,6.2,4.0,0.058,0.139,Q3,2024
Bauang - Coastal,La Union,185.0,2,2,7926140.0,42844.0,Condo,1.04,7.0,6.2,4.0,0.071,0.0874,Q3,2024
Bauang - Coastal,La Union,185.0,2,1,6143850.0,33210.0,Condo,1.23,6.2,6.2,4.0,0.434,0.0907,Q2,2025
Bauang - Coastal,La Union,124.0,2,2,4010532.0,32343.0,Lot,0.98,7.0,6.2,4.0,0.411,0.118,Q1,2024
Bauang - Coastal,La Union,70.0,4,4,2506700.0,35810.0,House,0.93,7.1,6.2,4.0,0.321,0.1716,Q4,2025
Bauang - Coastal,La Union,27.0,2,2,944703.0,34989.0,Lot,0.69,6.6,6.2,4.0,0.134,0.1353,Q2,2025
Bauang - Coastal,La Union,111.0,3,3,4028967.0,36297.0,Condo,1.17,6.6,6.2,4.0,0.437,0.1683,Q4,2024
Bauang - Coastal,La Union,105.0,3,3,3603495.0,34319.0,House,0.66,6.7,6.2,4.0,0.355,0.1557,Q1,2024
Bauang - Coastal,La Union,73.0,3,3,2448931.0,33547.0,Condo,1.27,6.0,6.2,4.0,0.328,0.1227,Q1,2025
Bauang - Coastal,La Union,91.0,2,2,3365544.0,36984.0,Condo,1.43,6.4,6.2,4.0,0.213,0.1538,Q4,2025
Bauang - Coastal,La Union,31.0,2,1,1047025.0,33775.0,Condo,1.15,6.4,6.2,4.0,0.137,0.0787,Q4,2024
Bauang - Coastal,La Union,180.0,5,5,7502040.0,41678.0,Condo,0.89,6.7,6.2,4.0,0.061,0.0877,Q4,2025
Bauang - Coastal,La Union,261.0,3,3,10865952.0,41632.0,Lot,1.18,7.1,6.2,4.0,0.408,0.1582,Q4,2024
Bauang - Coastal,La Union,201.0,4,4,8474763.0,42163.0,Condo,0.88,5.9,6.2,4.0,0.216,0.155,Q1,2024
Bauang - Coastal,La Union,139.0,4,3,5312997.0,38223.0,House,1.37,6.4,6.2,4.0,0.107,0.0998,Q4,2025
Bauang - Coastal,La Union,132.0,3,3,5438928.0,41204.0,House,0.27,7.4,6.2,4.0,0.152,0.1289,Q3,2024
Bauang - Coastal,La Union,103.0,2,1,3766298.0,36566.0,Condo,0.87,6.1,6.2,4.0,0.269,0.1363,Q1,2025
Bauang - Coastal,La Union,61.0,3,3,2410171.0,39511.0,House,0.2,6.0,6.2,4.0,0.096,0.1619,Q1,2024
Bauang - Coastal,La Union,177.0,1,1,6984066.0,39458.0,Condo,0.4,6.6,6.2,4.0,0.388,0.136,Q4,2025
Bauang - Coastal,La Union,169.0,3,3,6546046.0,38734.0,Lot,1.55,7.0,6.2,4.0,0.346,0.1174,Q2,2024
Bauang - Coastal,La Union,26.0,5,4,754624.0,29024.0,Townhouse,1.36,6.5,6.2,4.0,0.329,0.1136,Q4,2024
Bauang - Coastal,La Union,130.0,3,2,5044000.0,38800.0,House,0.71,7.3,6.2,4.0,0.206,0.1187,Q1,2024
Bauang - Coastal,La Union,95.0,2,2,3300015.0,34737.0,House,0.4,7.0,6.2,4.0,0.29,0.1408,Q2,2024
Bauang - Coastal,La Union,68.0,1,1,2435080.0,35810.0,Condo,0.05,7.0,6.2,4.0,0.271,0.1619,Q2,2025
Bauang - Coastal,La Union,204.0,5,4,7945392.0,38948.0,Lot,0.78,6.8,6.2,4.0,0.299,0.1214,Q2,2024
Bauang - Coastal,La Union,159.0,1,1,7051332.0,44348.0,Condo,1.97,7.9,6.2,4.0,0.056,0.1013,Q3,2024
Bauang - Coastal,La Union,186.0,1,1,7512912.0,40392.0,Condo,1.17,6.4,6.2,4.0,0.199,0.1002,Q4,2024
Bauang - Coastal,La Union,206.0,2,2,9418114.0,45719.0,Condo,0.78,5.3,6.2,4.0,0.038,0.15,Q4,2024
Bauang - Coastal,La Union,275.0,1,1,13206050.0,48022.0,Townhouse,1.19,7.5,6.2,4.0,0.232,0.1569,Q3,2025
Bauang - Coastal,La Union,229.0,2,2,9051912.0,39528.0,House,0.38,6.2,6.2,4.0,0.162,0.0873,Q1,2024
Bauang - Coastal,La Union,183.0,3,3,7116870.0,38890.0,Townhouse,0.88,6.6,6.2,4.0,0.082,0.0835,Q4,2025
Bauang - Coastal,La Union,249.0,2,2,12176598.0,48902.0,Townhouse,1.04,7.3,6.2,4.0,0.064,0.1352,Q3,2024
Bauang - Coastal,La Union,146.0,1,1,5217602.0,35737.0,Condo,0.97,5.5,6.2,4.0,0.273,0.0913,Q3,2025
Bauang - Coastal,La Union,276.0,1,1,13512132.0,48957.0,Lot,1.32,5.7,6.2,4.0,0.093,0.1577,Q3,2024
Bauang - Inland,La Union,67.0,1,1,1490415.0,22245.0,House,4.47,4.5,5.5,4.0,0.162,0.0858,Q1,2025
Bauang - Inland,La Union,144.0,2,2,3356352.0,23308.0,Condo,4.08,4.8,5.5,4.0,0.398,0.1125,Q3,2024
Bauang - Inland,La Union,42.0,3,2,966168.0,23004.0,Condo,4.45,5.0,5.5,4.0,0.18,0.1151,Q3,2025
Bauang - Inland,La Union,68.0,3,3,1248412.0,18359.0,Lot,3.06,3.3,5.5,4.0,0.263,0.068,Q3,2025
Bauang - Inland,La Union,132.0,1,1,3057120.0,23160.0,House,4.64,3.5,5.5,4.0,0.136,0.0561,Q2,2025
Bauang - Inland,La Union,228.0,3,3,6700920.0,29390.0,Lot,4.15,4.6,5.5,4.0,0.089,0.0628,Q2,2024
Bauang - Inland,La Union,224.0,2,2,5569984.0,24866.0,Condo,4.43,4.1,5.5,4.0,0.353,0.057,Q4,2024
Bauang - Inland,La Union,91.0,4,4,1841658.0,20238.0,House,3.51,5.3,5.5,4.0,0.234,0.0654,Q4,2024
Bauang - Inland,La Union,132.0,2,1,2714976.0,20568.0,Townhouse,3.67,4.3,5.5,4.0,0.251,0.0891,Q2,2024
Bauang - Inland,La Union,64.0,3,3,1087744.0,16996.0,Condo,4.06,3.3,5.5,4.0,0.435,0.111,Q3,2024
Bauang - Inland,La Union,217.0,2,2,5408291.0,24923.0,Condo,3.99,3.7,5.5,4.0,0.434,0.0872,Q4,2024
Bauang - Inland,La Union,87.0,3,3,1578354.0,18142.0,Townhouse,4.11,2.9,5.5,4.0,0.388,0.0928,Q1,2024
Bauang - Inland,La Union,228.0,2,2,7146888.0,31346.0,Condo,4.43,4.4,5.5,4.0,0.101,0.0658,Q4,2024
Bauang - Inland,La Union,239.0,3,3,6856193.0,28687.0,House,3.29,4.4,5.5,4.0,0.276,0.1039,Q2,2024
Bauang - Inland,La Union,200.0,2,1,5144400.0,25722.0,Lot,4.39,4.2,5.5,4.0,0.398,0.0923,Q4,2024
Bauang - Inland,La Union,109.0,4,4,2618180.0,24020.0,Condo,4.0,5.1,5.5,4.0,0.181,0.1079,Q3,2024
Bauang - Inland,La Union,267.0,3,2,9165576.0,34328.0,Condo,3.92,5.2,5.5,4.0,0.063,0.1133,Q4,2025
Bauang - Inland,La Union,199.0,3,3,4940772.0,24828.0,Condo,3.41,4.4,5.5,4.0,0.369,0.0751,Q1,2024
Bauang - Inland,La Union,189.0,4,4,5016438.0,26542.0,Condo,4.2,3.2,5.5,4.0,0.227,0.0588,Q1,2024
Bauang - Inland,La Union,243.0,5,5,6882975.0,28325.0,Condo,3.03,4.9,5.5,4.0,0.263,0.0674,Q4,2024
Bauang - Inland,La Union,249.0,2,2,6635103.0,26647.0,House,4.26,4.8,5.5,4.0,0.442,0.0808,Q3,2025
Bauang - Inland,La Union,44.0,2,1,858440.0,19510.0,Condo,3.4,4.7,5.5,4.0,0.281,0.1131,Q3,2024
Bauang - Inland,La Union,249.0,2,2,7306905.0,29345.0,House,4.02,5.1,5.5,4.0,0.203,0.077,Q1,2024
Bauang - Inland,La Union,220.0,2,2,6423340.0,29197.0,Condo,3.95,3.8,5.5,4.0,0.179,0.102,Q1,2025
Bauang - Inland,La Union,77.0,3,2,1818047.0,23611.0,Condo,4.47,5.7,5.5,4.0,0.2,0.0874,Q4,2024
Bauang - Inland,La Union,103.0,5,4,2400724.0,23308.0,Condo,3.93,3.9,5.5,4.0,0.071,0.0646,Q2,2025
Bauang - Inland,La Union,216.0,5,4,5612760.0,25985.0,House,3.72,4.9,5.5,4.0,0.362,0.0734,Q3,2025
Bauang - Inland,La Union,80.0,3,3,1588080.0,19851.0,House,3.8,3.5,5.5,4.0,0.38,0.0945,Q2,2024
Bauang - Inland,La Union,140.0,3,3,3674440.0,26246.0,Condo,4.51,3.9,5.5,4.0,0.142,0.0958,Q2,2024
Bauang - Inland,La Union,200.0,4,4,5619600.0,28098.0,Townhouse,4.21,5.4,5.5,4.0,0.151,0.0806,Q1,2025
Bauang - Inland,La Union,190.0,4,3,4019830.0,21157.0,House,3.85,4.3,5.5,4.0,0.396,0.0675,Q4,2025
Bauang - Inland,La Union,256.0,2,2,8580352.0,33517.0,Condo,3.91,5.0,5.5,4.0,0.03,0.0989,Q4,2024
Bauang - Inland,La Union,53.0,3,2,885259.0,16703.0,Lot,3.37,4.6,5.5,4.0,0.244,0.0637,Q1,2024
Bauang - Inland,La Union,100.0,4,4,2407700.0,24077.0,Condo,4.16,4.4,5.5,4.0,0.219,0.1125,Q2,2024
Bauang - Inland,La Union,276.0,2,1,8095908.0,29333.0,Condo,3.3,5.3,5.5,4.0,0.317,0.0649,Q3,2024
Bauang - Inland,La Union,170.0,2,2,4684180.0,27554.0,House,4.3,4.4,5.5,4.0,0.09,0.0598,Q2,2025
Bauang - Inland,La Union,88.0,5,5,1664872.0,18919.0,Condo,4.05,3.4,5.5,4.0,0.307,0.0846,Q3,2024
Bauang - Inland,La Union,98.0,5,4,2029286.0,20707.0,Condo,4.95,4.0,5.5,4.0,0.182,0.086,Q2,2025
Bauang - Inland,La Union,111.0,4,4,2439114.0,21974.0,House,3.56,4.8,5.5,4.0,0.286,0.0853,Q1,2025
Bauang - Inland,La Union,166.0,3,3,4619282.0,27827.0,Condo,3.96,4.7,5.5,4.0,0.037,0.0808,Q2,2025
Bauang - Inland,La Union,97.0,2,1,2118383.0,21839.0,Townhouse,4.72,3.6,5.5,4.0,0.219,0.1162,Q3,2025
Bauang - Inland,La Union,183.0,2,1,4691205.0,25635.0,Lot,4.48,4.1,5.5,4.0,0.245,0.0839,Q1,2025
Bauang - Inland,La Union,138.0,3,3,3859446.0,27967.0,House,3.72,4.2,5.5,4.0,0.112,0.0834,Q4,2025
Bauang - Inland,La Union,180.0,3,2,5142960.0,28572.0,House,4.09,4.3,5.5,4.0,0.08,0.0798,Q1,2025
Bauang - Inland,La Union,64.0,3,2,1402624.0,21916.0,House,4.0,3.7,5.5,4.0,0.101,0.0572,Q1,2024
Bauang - Inland,La Union,184.0,3,3,5106736.0,27754.0,Lot,4.11,4.1,5.5,4.0,0.168,0.0907,Q3,2024
Bauang - Inland,La Union,260.0,2,2,8609640.0,33114.0,Condo,3.72,4.1,5.5,4.0,0.062,0.0675,Q3,2024
Bauang - Inland,La Union,59.0,3,2,1009549.0,17111.0,Condo,3.96,5.0,5.5,4.0,0.427,0.0935,Q2,2025
Bauang - Inland,La Union,108.0,2,1,2184624.0,20228.0,House,3.36,5.0,5.5,4.0,0.194,0.0562,Q2,2025
Bauang - Inland,La Union,201.0,2,2,5120877.0,25477.0,House,4.05,4.4,5.5,4.0,0.368,0.1154,Q1,2024
Bauang - Inland,La Union,182.0,1,1,4285190.0,23545.0,Condo,4.18,4.3,5.5,4.0,0.439,0.0828,Q3,2024
Bauang - Inland,La Union,197.0,2,2,5705317.0,28961.0,House,3.91,4.6,5.5,4.0,0.055,0.11,Q2,2024
Bauang - Inland,La Union,167.0,4,4,3989129.0,23887.0,Condo,3.35,4.0,5.5,4.0,0.3,0.0832,Q1,2025
Bauang - Inland,La Union,199.0,2,2,4527051.0,22749.0,Lot,4.4,3.8,5.5,4.0,0.395,0.0568,Q2,2024
Bauang - Inland,La Union,180.0,2,2,4808880.0,26716.0,Condo,4.15,3.9,5.5,4.0,0.293,0.1053,Q4,2024
Bauang - Inland,La Union,43.0,3,2,869847.0,20229.0,Condo,3.71,4.1,5.5,4.0,0.204,0.0942,Q2,2025
Bauang - Inland,La Union,216.0,3,3,6238512.0,28882.0,Condo,3.89,3.8,5.5,4.0,0.205,0.1027,Q4,2025
Bauang - Inland,La Union,138.0,1,1,3739662.0,27099.0,Condo,3.4,4.6,5.5,4.0,0.035,0.0802,Q2,2024
Bauang - Inland,La Union,38.0,2,1,714552.0,18804.0,Condo,3.59,4.9,5.5,4.0,0.25,0.0936,Q1,2024
Bauang - Inland,La Union,129.0,2,1,2667462.0,20678.0,Condo,3.78,3.5,5.5,4.0,0.447,0.1074,Q2,2025
Bauang - Inland,La Union,135.0,3,3,2657475.0,19685.0,Condo,4.49,4.5,5.5,4.0,0.432,0.0931,Q2,2025
Bauang - Inland,La Union,47.0,2,1,920213.0,19579.0,Condo,3.74,4.4,5.5,4.0,0.037,0.0751,Q1,2025
Bauang - Inland,La Union,279.0,1,1,8332614.0,29866.0,Condo,4.26,4.7,5.5,4.0,0.323,0.0951,Q3,2024
Bauang - Inland,La Union,81.0,1,1,1834326.0,22646.0,Condo,3.78,4.5,5.5,4.0,0.15,0.0957,Q2,2024
Bauang - Inland,La Union,109.0,3,3,2329330.0,21370.0,Condo,4.1,3.6,5.5,4.0,0.408,0.1141,Q3,2024
Bauang - Inland,La Union,137.0,1,1,3766404.0,27492.0,Condo,3.94,3.7,5.5,4.0,0.039,0.0766,Q2,2025
Bauang - Inland,La Union,237.0,4,4,6456354.0,27242.0,Condo,4.35,4.5,5.5,4.0,0.422,0.08,Q2,2024
Bauang - Inland,La Union,214.0,2,1,5376750.0,25125.0,Condo,3.79,5.1,5.5,4.0,0.38,0.1046,Q2,2024
Bauang - Inland,La Union,221.0,3,2,6526793.0,29533.0,Condo,3.37,3.2,5.5,4.0,0.071,0.0852,Q1,2025
Bauang - Inland,La Union,85.0,2,2,2100180.0,24708.0,Townhouse,3.45,4.7,5.5,4.0,0.046,0.0998,Q3,2025
Bauang - Inland,La Union,240.0,2,1,7024080.0,29267.0,Lot,3.79,5.2,5.5,4.0,0.379,0.0822,Q1,2025
Bauang - Inland,La Union,236.0,1,1,7470816.0,31656.0,Lot,3.5,4.4,5.5,4.0,0.087,0.0667,Q3,2024
Bauang - Inland,La Union,143.0,4,3,3609320.0,25240.0,House,4.16,4.8,5.5,4.0,0.25,0.1004,Q4,2024
Bauang - Inland,La Union,164.0,4,3,3489920.0,21280.0,House,3.81,4.1,5.5,4.0,0.414,0.0613,Q4,2024
Bauang - Inland,La Union,34.0,1,1,562632.0,16548.0,Condo,4.95,4.4,5.5,4.0,0.264,0.0656,Q2,2024
Bauang - Inland,La Union,218.0,2,2,6335298.0,29061.0,Townhouse,3.3,3.5,5.5,4.0,0.191,0.0928,Q2,2024
Bauang - Inland,La Union,270.0,4,3,7972830.0,29529.0,Townhouse,4.08,3.1,5.5,4.0,0.211,0.1005,Q4,2024
Bauang - Inland,La Union,145.0,3,3,3966185.0,27353.0,Townhouse,3.55,5.1,5.5,4.0,0.047,0.1099,Q2,2024
Bauang - Inland,La Union,162.0,2,1,3451248.0,21304.0,Townhouse,3.8,3.9,5.5,4.0,0.437,0.0703,Q2,2025
Bauang - Inland,La Union,152.0,2,2,3998816.0,26308.0,Condo,4.06,4.2,5.5,4.0,0.154,0.06,Q4,2025
Bauang - Inland,La Union,46.0,3,3,978742.0,21277.0,Townhouse,3.07,3.7,5.5,4.0,0.101,0.1138,Q4,2024
Bauang - Inland,La Union,183.0,3,2,4399869.0,24043.0,Townhouse,4.09,3.7,5.5,4.0,0.143,0.0628,Q4,2024
Bauang - Inland,La Union,208.0,3,3,5019248.0,24131.0,Condo,4.76,4.4,5.5,4.0,0.435,0.0656,Q1,2024
Bauang - Inland,La Union,261.0,5,4,8138502.0,31182.0,Lot,3.82,4.1,5.5,4.0,0.061,0.0715,Q4,2024
Bauang - Inland,La Union,262.0,2,2,7261068.0,27714.0,Condo,4.1,4.7,5.5,4.0,0.393,0.0867,Q1,2024
Bauang - Inland,La Union,150.0,2,1,3532200.0,23548.0,Lot,4.41,4.8,5.5,4.0,0.324,0.1091,Q3,2024
Bauang - Inland,La Union,269.0,2,2,7636641.0,28389.0,Townhouse,3.93,4.7,5.5,4.0,0.377,0.1013,Q4,2025
Bauang - Inland,La Union,159.0,2,2,3645234.0,22926.0,Condo,3.77,4.6,5.5,4.0,0.44,0.098,Q3,2024
Bauang - Inland,La Union,188.0,2,1,4211764.0,22403.0,House,3.09,5.4,5.5,4.0,0.382,0.0641,Q4,2025
Bauang - Inland,La Union,178.0,1,1,3907100.0,21950.0,Condo,4.26,3.9,5.5,4.0,0.426,0.0757,Q2,2024
Bauang - Inland,La Union,279.0,2,2,9380259.0,33621.0,Townhouse,3.95,4.5,5.5,4.0,0.075,0.0834,Q2,2024
Bauang - Inland,La Union,213.0,3,2,5245764.0,24628.0,Townhouse,3.59,5.2,5.5,4.0,0.362,0.0624,Q2,2024
Bauang - Inland,La Union,55.0,1,1,962500.0,17500.0,House,4.05,5.3,5.5,4.0,0.255,0.0704,Q2,2024
Bauang - Inland,La Union,43.0,2,2,805347.0,18729.0,Townhouse,3.77,3.6,5.5,4.0,0.254,0.0726,Q3,2024
Bauang - Inland,La Union,129.0,3,3,2728221.0,21149.0,Condo,3.79,4.3,5.5,4.0,0.407,0.0611,Q2,2025
Bauang - Inland,La Union,156.0,3,3,3411876.0,21871.0,Condo,4.24,5.3,5.5,4.0,0.438,0.088,Q3,2024
Bauang - Inland,La Union,195.0,3,2,4649580.0,23844.0,Condo,3.46,4.8,5.5,4.0,0.323,0.0978,Q2,2024
Bauang - Inland,La Union,147.0,4,4,3548874.0,24142.0,Condo,4.42,4.6,5.5,4.0,0.228,0.0574,Q2,2024
Bauang - Inland,La Union,156.0,3,3,3622788.0,23223.0,Condo,3.44,4.4,5.5,4.0,0.216,0.0836,Q1,2024
Bauang - Inland,La Union,260.0,1,1,8108100.0,31185.0,Condo,3.73,4.3,5.5,4.0,0.186,0.1027,Q3,2024
Bauang - Inland,La Union,110.0,2,1,2489300.0,22630.0,Condo,4.77,4.7,5.5,4.0,0.175,0.1006,Q4,2024
Bauang - Inland,La Union,150.0,3,3,3635400.0,24236.0,Condo,4.45,4.3,5.5,4.0,0.188,0.1048,Q4,2025
Bauang - Inland,La Union,167.0,2,1,4527704.0,27112.0,Townhouse,4.04,4.5,5.5,4.0,0.059,0.0815,Q2,2024
Bauang - Inland,La Union,144.0,1,1,3885696.0,26984.0,Condo,3.62,4.5,5.5,4.0,0.053,0.1052,Q2,2024
Bauang - Inland,La Union,271.0,2,2,7430007.0,27417.0,Townhouse,3.79,4.1,5.5,4.0,0.355,0.0683,Q3,2025
Bauang - Inland,La Union,270.0,2,1,8369730.0,30999.0,Condo,4.03,4.8,5.5,4.0,0.212,0.0759,Q3,2025
Bauang - Inland,La Union,155.0,2,2,3310490.0,21358.0,Condo,4.02,6.2,5.5,4.0,0.42,0.0642,Q1,2024
Bauang - Inland,La Union,139.0,2,2,3278176.0,23584.0,House,3.96,3.4,5.5,4.0,0.283,0.0827,Q3,2024
Bauang - Inland,La Union,175.0,4,4,4990825.0,28519.0,Condo,3.99,4.7,5.5,4.0,0.035,0.0779,Q1,2024
Bauang - Inland,La Union,71.0,4,3,1504490.0,21190.0,Condo,3.91,4.0,5.5,4.0,0.088,0.0683,Q1,2024
Bauang - Inland,La Union,133.0,2,1,3322473.0,24981.0,House,3.42,4.8,5.5,4.0,0.109,0.1008,Q3,2024
Bauang - Inland,La Union,80.0,4,4,1275040.0,15938.0,Condo,3.79,4.5,5.5,4.0,0.44,0.073,Q1,2025
Bauang - Inland,La Union,61.0,1,1,1312964.0,21524.0,Condo,4.37,5.0,5.5,4.0,0.114,0.0703,Q2,2024
Diversion Road Corridor,Iloilo,125.0,3,2,6463875.0,51711.0,Townhouse,10.82,4.9,8.0,7.5,0.247,0.1174,Q2,2024
Diversion Road Corridor,Iloilo,169.0,2,2,8855431.0,52399.0,Condo,10.99,4.1,8.0,7.5,0.395,0.1998,Q4,2024
Diversion Road Corridor,Iloilo,181.0,2,2,9623589.0,53169.0,Condo,10.84,3.7,8.0,7.5,0.312,0.2,Q2,2024
Diversion Road Corridor,Iloilo,204.0,3,2,13288356.0,65139.0,Condo,10.62,3.9,8.0,7.5,0.059,0.2,Q1,2024
Diversion Road Corridor,Iloilo,247.0,2,1,14664143.0,59369.0,Condo,10.91,4.8,8.0,7.5,0.275,0.1979,Q1,2024
Diversion Road Corridor,Iloilo,63.0,2,1,3404583.0,54041.0,House,11.98,4.9,8.0,7.5,0.115,0.2,Q1,2025
Diversion Road Corridor,Iloilo,156.0,3,3,8207316.0,52611.0,House,11.56,3.5,8.0,7.5,0.336,0.2,Q4,2025
Diversion Road Corridor,Iloilo,161.0,1,1,8273951.0,51391.0,House,10.66,4.0,8.0,7.5,0.376,0.2,Q2,2024
Diversion Road Corridor,Iloilo,63.0,4,4,3110058.0,49366.0,Condo,11.26,4.1,8.0,7.5,0.275,0.1336,Q2,2024
Diversion Road Corridor,Iloilo,196.0,3,2,11709432.0,59742.0,House,10.67,3.4,8.0,7.5,0.274,0.2,Q2,2024
Diversion Road Corridor,Iloilo,55.0,4,3,2666345.0,48479.0,Condo,10.29,4.0,8.0,7.5,0.166,0.119,Q2,2024
Diversion Road Corridor,Iloilo,141.0,3,3,8102565.0,57465.0,Condo,11.41,4.0,8.0,7.5,0.212,0.2,Q4,2024
Diversion Road Corridor,Iloilo,109.0,3,3,4624543.0,42427.0,Lot,11.46,4.7,8.0,7.5,0.392,0.1267,Q4,2024
Diversion Road Corridor,Iloilo,64.0,3,3,2962688.0,46292.0,Townhouse,11.42,4.7,8.0,7.5,0.331,0.1446,Q1,2025
Diversion Road Corridor,Iloilo,234.0,4,4,13419900.0,57350.0,Lot,10.81,3.8,8.0,7.5,0.243,0.1156,Q3,2025
Diversion Road Corridor,Iloilo,87.0,3,3,4974834.0,57182.0,Lot,10.93,3.9,8.0,7.5,0.178,0.1827,Q2,2024
Diversion Road Corridor,Iloilo,90.0,2,2,5196960.0,57744.0,House,11.3,4.4,8.0,7.5,0.042,0.1659,Q1,2024
Diversion Road Corridor,Iloilo,242.0,1,1,15943928.0,65884.0,Lot,11.16,3.6,8.0,7.5,0.081,0.1403,Q4,2025
Diversion Road Corridor,Iloilo,248.0,3,3,15611848.0,62951.0,Condo,10.84,4.4,8.0,7.5,0.103,0.1836,Q1,2024
Diversion Road Corridor,Iloilo,33.0,1,1,1635909.0,49573.0,Condo,10.35,3.9,8.0,7.5,0.181,0.1762,Q1,2025
Diversion Road Corridor,Iloilo,95.0,2,1,4739360.0,49888.0,Condo,11.05,3.4,8.0,7.5,0.426,0.2,Q1,2024
Diversion Road Corridor,Iloilo,205.0,1,1,13057270.0,63694.0,Condo,11.43,3.4,8.0,7.5,0.237,0.2,Q2,2024
Diversion Road Corridor,Iloilo,223.0,3,2,14917585.0,66895.0,Condo,10.52,4.9,8.0,7.5,0.121,0.2,Q3,2024
Diversion Road Corridor,Iloilo,279.0,2,1,18312444.0,65636.0,Condo,11.26,3.9,8.0,7.5,0.065,0.1339,Q2,2024
Diversion Road Corridor,Iloilo,166.0,3,3,9004504.0,54244.0,House,11.13,5.0,8.0,7.5,0.165,0.1599,Q1,2025
Diversion Road Corridor,Iloilo,26.0,3,2,1102426.0,42401.0,Townhouse,11.3,3.7,8.0,7.5,0.371,0.2,Q1,2024
Diversion Road Corridor,Iloilo,247.0,4,4,14896323.0,60309.0,House,11.35,4.2,8.0,7.5,0.185,0.1285,Q4,2025
Diversion Road Corridor,Iloilo,66.0,2,2,3200736.0,48496.0,Condo,10.72,5.4,8.0,7.5,0.352,0.1769,Q4,2024
Diversion Road Corridor,Iloilo,55.0,3,3,2527085.0,45947.0,House,10.35,3.4,8.0,7.5,0.365,0.2,Q4,2025
Diversion Road Corridor,Iloilo,196.0,3,3,12741568.0,65008.0,Condo,10.79,2.9,8.0,7.5,0.068,0.2,Q3,2025
Diversion Road Corridor,Iloilo,178.0,2,1,10144398.0,56991.0,Condo,11.36,4.8,8.0,7.5,0.282,0.1776,Q3,2024
Diversion Road Corridor,Iloilo,40.0,3,3,1901160.0,47529.0,Condo,10.78,3.5,8.0,7.5,0.432,0.2,Q4,2024
Diversion Road Corridor,Iloilo,68.0,2,1,3702124.0,54443.0,Condo,10.72,4.0,8.0,7.5,0.193,0.1845,Q3,2025
Diversion Road Corridor,Iloilo,175.0,5,5,11890725.0,67947.0,Condo,10.27,3.6,8.0,7.5,0.042,0.2,Q2,2024
Diversion Road Corridor,Iloilo,90.0,1,1,3955950.0,43955.0,Townhouse,11.7,4.2,8.0,7.5,0.417,0.1198,Q2,2025
Diversion Road Corridor,Iloilo,199.0,4,3,10007909.0,50291.0,Townhouse,11.33,3.4,8.0,7.5,0.4,0.1369,Q2,2024
Diversion Road Corridor,Iloilo,129.0,3,3,7564431.0,58639.0,House,11.31,3.9,8.0,7.5,0.245,0.2,Q1,2024
Diversion Road Corridor,Iloilo,174.0,2,2,9258018.0,53207.0,Condo,11.39,4.3,8.0,7.5,0.257,0.1504,Q1,2024
Diversion Road Corridor,Iloilo,146.0,3,3,9844050.0,67425.0,Townhouse,11.23,3.4,8.0,7.5,0.111,0.2,Q3,2025
Diversion Road Corridor,Iloilo,118.0,1,1,5933630.0,50285.0,House,10.9,3.6,8.0,7.5,0.372,0.1684,Q4,2025
Diversion Road Corridor,Iloilo,112.0,3,2,6338752.0,56596.0,Condo,10.93,3.8,8.0,7.5,0.234,0.2,Q1,2024
Diversion Road Corridor,Iloilo,202.0,3,3,13653584.0,67592.0,House,10.83,3.1,8.0,7.5,0.035,0.2,Q1,2025
Diversion Road Corridor,Iloilo,156.0,1,1,9159072.0,58712.0,House,12.05,3.7,8.0,7.5,0.314,0.19,Q1,2025
Diversion Road Corridor,Iloilo,176.0,1,1,9581616.0,54441.0,Condo,11.22,4.1,8.0,7.5,0.429,0.2,Q4,2024
Diversion Road Corridor,Iloilo,172.0,3,2,8235876.0,47883.0,Condo,10.81,3.8,8.0,7.5,0.377,0.1563,Q2,2024
Diversion Road Corridor,Iloilo,77.0,2,1,4592742.0,59646.0,House,11.19,3.8,8.0,7.5,0.139,0.1902,Q2,2025
Diversion Road Corridor,Iloilo,257.0,4,3,16813197.0,65421.0,Condo,10.6,4.0,8.0,7.5,0.043,0.145,Q1,2025
Diversion Road Corridor,Iloilo,168.0,3,3,8791104.0,52328.0,Condo,11.6,3.6,8.0,7.5,0.424,0.2,Q4,2024
Diversion Road Corridor,Iloilo,208.0,3,2,10806848.0,51956.0,Condo,10.74,4.4,8.0,7.5,0.423,0.2,Q2,2025
Diversion Road Corridor,Iloilo,249.0,2,1,15926538.0,63962.0,Lot,11.2,4.9,8.0,7.5,0.249,0.2,Q4,2024
Diversion Road Corridor,Iloilo,260.0,3,3,15491840.0,59584.0,Condo,11.43,3.7,8.0,7.5,0.296,0.2,Q3,2025
Diversion Road Corridor,Iloilo,195.0,4,3,11884080.0,60944.0,Condo,11.15,4.3,8.0,7.5,0.219,0.2,Q1,2025
Diversion Road Corridor,Iloilo,225.0,1,1,13250700.0,58892.0,Condo,11.04,3.9,8.0,7.5,0.2,0.1497,Q4,2025
Diversion Road Corridor,Iloilo,145.0,2,2,9758210.0,67298.0,Townhouse,11.0,4.2,8.0,7.5,0.071,0.2,Q3,2024
Diversion Road Corridor,Iloilo,213.0,2,2,15255912.0,71624.0,House,10.98,4.9,8.0,7.5,0.062,0.2,Q3,2024
Diversion Road Corridor,Iloilo,107.0,2,2,6258216.0,58488.0,Lot,10.77,4.3,8.0,7.5,0.12,0.1793,Q1,2024
Diversion Road Corridor,Iloilo,206.0,3,2,11381706.0,55251.0,Condo,10.82,2.9,8.0,7.5,0.38,0.2,Q4,2024
Diversion Road Corridor,Iloilo,46.0,2,1,2525262.0,54897.0,Condo,11.59,4.3,8.0,7.5,0.083,0.1671,Q4,2025
Diversion Road Corridor,Iloilo,258.0,3,3,17411388.0,67486.0,House,10.96,4.7,8.0,7.5,0.117,0.1589,Q2,2024
Diversion Road Corridor,Iloilo,87.0,2,2,4370184.0,50232.0,Condo,10.69,3.9,8.0,7.5,0.256,0.1517,Q1,2024
Diversion Road Corridor,Iloilo,192.0,1,1,11331456.0,59018.0,Townhouse,10.79,4.6,8.0,7.5,0.113,0.1275,Q4,2024
Diversion Road Corridor,Iloilo,27.0,2,1,1556712.0,57656.0,Townhouse,11.44,3.6,8.0,7.5,0.09,0.1905,Q4,2024
Diversion Road Corridor,Iloilo,64.0,4,4,3249088.0,50767.0,House,11.27,3.1,8.0,7.5,0.262,0.2,Q3,2024
Diversion Road Corridor,Iloilo,276.0,3,2,18184812.0,65887.0,Lot,11.22,4.1,8.0,7.5,0.178,0.2,Q3,2025
Diversion Road Corridor,Iloilo,237.0,2,1,13228866.0,55818.0,House,10.9,2.9,8.0,7.5,0.289,0.1943,Q1,2025
Diversion Road Corridor,Iloilo,81.0,3,2,3944700.0,48700.0,Condo,11.23,3.9,8.0,7.5,0.412,0.1802,Q1,2024
Diversion Road Corridor,Iloilo,58.0,1,1,3599596.0,62062.0,House,10.74,4.8,8.0,7.5,0.085,0.1857,Q4,2025
Diversion Road Corridor,Iloilo,232.0,2,1,12441696.0,53628.0,Condo,10.9,2.9,8.0,7.5,0.413,0.1468,Q2,2025
Diversion Road Corridor,Iloilo,277.0,2,2,16916944.0,61072.0,Townhouse,11.39,3.2,8.0,7.5,0.408,0.2,Q2,2024
Diversion Road Corridor,Iloilo,68.0,5,5,2949296.0,43372.0,Condo,11.35,3.4,8.0,7.5,0.377,0.1452,Q3,2025
Diversion Road Corridor,Iloilo,194.0,3,3,11377324.0,58646.0,Condo,10.61,4.0,8.0,7.5,0.291,0.2,Q1,2024
Diversion Road Corridor,Iloilo,97.0,3,3,4969601.0,51233.0,House,10.66,3.8,8.0,7.5,0.287,0.2,Q1,2024
Diversion Road Corridor,Iloilo,214.0,1,1,12634774.0,59041.0,Condo,11.04,4.8,8.0,7.5,0.295,0.2,Q1,2024
Diversion Road Corridor,Iloilo,131.0,2,1,7351065.0,56115.0,Condo,11.69,4.6,8.0,7.5,0.317,0.2,Q2,2024
Diversion Road Corridor,Iloilo,56.0,3,2,3246712.0,57977.0,House,10.23,4.3,8.0,7.5,0.027,0.1593,Q2,2025
Diversion Road Corridor,Iloilo,107.0,2,2,4927885.0,46055.0,Condo,11.11,4.1,8.0,7.5,0.432,0.2,Q1,2025
Diversion Road Corridor,Iloilo,162.0,4,3,8825922.0,54481.0,House,10.45,4.2,8.0,7.5,0.272,0.2,Q2,2025
Diversion Road Corridor,Iloilo,228.0,3,2,12385872.0,54324.0,Condo,10.75,3.5,8.0,7.5,0.356,0.2,Q2,2024
Diversion Road Corridor,Iloilo,30.0,2,1,1648410.0,54947.0,Condo,10.85,4.5,8.0,7.5,0.182,0.2,Q3,2024
Diversion Road Corridor,Iloilo,269.0,3,2,20109633.0,74757.0,Condo,10.83,3.3,8.0,7.5,0.025,0.2,Q3,2025
Diversion Road Corridor,Iloilo,190.0,5,4,11966770.0,62983.0,Townhouse,10.79,4.5,8.0,7.5,0.239,0.2,Q4,2024
Diversion Road Corridor,Iloilo,248.0,2,1,14282072.0,57589.0,Lot,11.0,4.7,8.0,7.5,0.238,0.1789,Q4,2024
Diversion Road Corridor,Iloilo,262.0,3,3,17684214.0,67497.0,Condo,10.79,4.1,8.0,7.5,0.208,0.2,Q2,2024
Diversion Road Corridor,Iloilo,64.0,4,3,3699328.0,57802.0,Lot,10.42,3.9,8.0,7.5,0.166,0.2,Q4,2024
Diversion Road Corridor,Iloilo,48.0,2,2,2494464.0,51968.0,House,11.31,4.2,8.0,7.5,0.127,0.1839,Q3,2024
Diversion Road Corridor,Iloilo,223.0,4,4,13200039.0,59193.0,House,11.3,2.3,8.0,7.5,0.247,0.2,Q1,2024
Diversion Road Corridor,Iloilo,72.0,1,1,4076496.0,56618.0,House,11.34,4.2,8.0,7.5,0.181,0.175,Q2,2024
Diversion Road Corridor,Iloilo,62.0,3,3,2972156.0,47938.0,House,10.38,3.9,8.0,7.5,0.437,0.2,Q3,2024
Diversion Road Corridor,Iloilo,144.0,3,3,7924032.0,55028.0,Townhouse,11.12,4.0,8.0,7.5,0.094,0.1311,Q4,2024
Diversion Road Corridor,Iloilo,257.0,3,3,16500942.0,64206.0,House,11.27,4.4,8.0,7.5,0.157,0.1494,Q2,2024
Diversion Road Corridor,Iloilo,227.0,2,1,13587766.0,59858.0,House,10.59,4.0,8.0,7.5,0.146,0.2,Q1,2024
Diversion Road Corridor,Iloilo,157.0,3,2,8645833.0,55069.0,Condo,11.0,3.3,8.0,7.5,0.254,0.1753,Q1,2025
Diversion Road Corridor,Iloilo,75.0,2,1,4122450.0,54966.0,Condo,10.95,3.9,8.0,7.5,0.235,0.175,Q1,2024
Diversion Road Corridor,Iloilo,110.0,2,2,5591960.0,50836.0,House,11.74,4.0,8.0,7.5,0.297,0.1524,Q3,2025
Diversion Road Corridor,Iloilo,200.0,2,2,10425600.0,52128.0,Condo,11.77,4.1,8.0,7.5,0.429,0.1898,Q3,2025
Diversion Road Corridor,Iloilo,65.0,3,3,3813225.0,58665.0,Condo,10.33,4.1,8.0,7.5,0.143,0.2,Q2,2024
Diversion Road Corridor,Iloilo,158.0,2,2,9144882.0,57879.0,Condo,12.0,4.6,8.0,7.5,0.318,0.2,Q3,2025
Diversion Road Corridor,Iloilo,28.0,2,2,1579340.0,56405.0,Condo,10.63,3.3,8.0,7.5,0.031,0.1257,Q4,2025
Diversion Road Corridor,Iloilo,107.0,4,4,6520473.0,60939.0,House,11.39,4.1,8.0,7.5,0.133,0.2,Q4,2024
Diversion Road Corridor,Iloilo,88.0,2,1,5032544.0,57188.0,House,11.39,4.8,8.0,7.5,0.219,0.1861,Q1,2024
Diversion Road Corridor,Iloilo,198.0,2,2,13423410.0,67795.0,Condo,10.6,3.0,8.0,7.5,0.033,0.2,Q3,2024
Diversion Road Corridor,Iloilo,258.0,2,1,15765348.0,61106.0,Condo,11.2,4.1,8.0,7.5,0.286,0.183,Q4,2025
Diversion Road Corridor,Iloilo,62.0,2,1,3058770.0,49335.0,Condo,10.96,3.6,8.0,7.5,0.312,0.1757,Q4,2025
Diversion Road Corridor,Iloilo,228.0,3,3,12921672.0,56674.0,Condo,11.22,3.8,8.0,7.5,0.341,0.1868,Q2,2025
Diversion Road Corridor,Iloilo,192.0,2,2,10866624.0,56597.0,House,11.09,3.5,8.0,7.5,0.242,0.2,Q2,2025
Diversion Road Corridor,Iloilo,272.0,1,1,16222080.0,59640.0,House,11.48,3.9,8.0,7.5,0.28,0.1912,Q4,2024
Diversion Road Corridor,Iloilo,257.0,5,5,16422814.0,63902.0,House,11.03,5.1,8.0,7.5,0.19,0.1868,Q1,2025
Diversion Road Corridor,Iloilo,50.0,4,3,2965800.0,59316.0,House,10.93,3.2,8.0,7.5,0.038,0.2,Q3,2024
Diversion Road Corridor,Iloilo,214.0,3,2,14830628.0,69302.0,Lot,11.44,3.3,8.0,7.5,0.063,0.2,Q1,2025
Diversion Road Corridor,Iloilo,176.0,4,3,9545360.0,54235.0,Townhouse,11.23,3.2,8.0,7.5,0.302,0.1669,Q4,2024
Diversion Road Corridor,Iloilo,53.0,4,4,2583485.0,48745.0,House,11.29,5.0,8.0,7.5,0.448,0.2,Q1,2024
Iloilo Business Park - Megaworld,Iloilo,221.0,1,1,19628557.0,88817.0,Condo,15.09,6.0,9.2,9.5,0.052,0.2,Q2,2024
Iloilo Business Park - Megaworld,Iloilo,188.0,2,2,14291948.0,76021.0,Townhouse,14.55,5.8,9.2,9.5,0.349,0.1766,Q3,2025
Iloilo Business Park - Megaworld,Iloilo,78.0,1,1,5435664.0,69688.0,Condo,14.61,5.8,9.2,9.5,0.361,0.2,Q2,2025
Iloilo Business Park - Megaworld,Iloilo,164.0,3,3,14386572.0,87723.0,House,15.86,5.7,9.2,9.5,0.193,0.2,Q2,2024
Iloilo Business Park - Megaworld,Iloilo,232.0,4,4,17798344.0,76717.0,Lot,14.93,5.5,9.2,9.5,0.331,0.2,Q3,2025
Iloilo Business Park - Megaworld,Iloilo,56.0,2,2,3641960.0,65035.0,Townhouse,14.69,5.9,9.2,9.5,0.414,0.2,Q1,2024
Iloilo Business Park - Megaworld,Iloilo,40.0,2,1,2521520.0,63038.0,Townhouse,15.57,6.1,9.2,9.5,0.364,0.1671,Q3,2025
Iloilo Business Park - Megaworld,Iloilo,125.0,2,1,9862875.0,78903.0,Condo,15.11,6.0,9.2,9.5,0.188,0.1623,Q1,2024
Iloilo Business Park - Megaworld,Iloilo,192.0,3,3,14946240.0,77845.0,Townhouse,15.23,5.4,9.2,9.5,0.228,0.2,Q1,2024
Iloilo Business Park - Megaworld,Iloilo,104.0,3,2,7407400.0,71225.0,House,14.94,6.3,9.2,9.5,0.355,0.2,Q1,2024
Iloilo Business Park - Megaworld,Iloilo,234.0,3,3,19084104.0,81556.0,House,14.87,5.6,9.2,9.5,0.146,0.2,Q2,2024
Iloilo Business Park - Megaworld,Iloilo,240.0,4,3,19036560.0,79319.0,Condo,14.93,5.9,9.2,9.5,0.366,0.2,Q1,2025
Iloilo Business Park - Megaworld,Iloilo,160.0,2,2,13162240.0,82264.0,Condo,14.45,5.7,9.2,9.5,0.161,0.2,Q4,2025
Iloilo Business Park - Megaworld,Iloilo,121.0,3,2,7906382.0,65342.0,House,14.96,5.6,9.2,9.5,0.367,0.1699,Q2,2024
Iloilo Business Park - Megaworld,Iloilo,35.0,3,3,2941680.0,84048.0,Condo,15.12,5.1,9.2,9.5,0.057,0.1895,Q4,2024
Iloilo Business Park - Megaworld,Iloilo,234.0,2,1,20860632.0,89148.0,House,15.74,5.9,9.2,9.5,0.039,0.2,Q4,2024
Iloilo Business Park - Megaworld,Iloilo,253.0,4,4,20001927.0,79059.0,Townhouse,15.03,7.2,9.2,9.5,0.449,0.2,Q4,2024
Iloilo Business Park - Megaworld,Iloilo,137.0,1,1,9531912.0,69576.0,Lot,14.07,5.3,9.2,9.5,0.394,0.2,Q4,2024
Iloilo Business Park - Megaworld,Iloilo,156.0,3,3,12073932.0,77397.0,Condo,14.96,5.5,9.2,9.5,0.4,0.2,Q1,2025
Iloilo Business Park - Megaworld,Iloilo,217.0,3,3,16514134.0,76102.0,Lot,16.1,5.2,9.2,9.5,0.429,0.2,Q2,2025
Iloilo Business Park - Megaworld,Iloilo,202.0,4,3,16186058.0,80129.0,Condo,15.35,5.2,9.2,9.5,0.208,0.2,Q3,2024
Iloilo Business Park - Megaworld,Iloilo,59.0,3,2,4567662.0,77418.0,House,14.68,6.4,9.2,9.5,0.143,0.2,Q3,2024
Iloilo Business Park - Megaworld,Iloilo,196.0,2,1,17775436.0,90691.0,Townhouse,15.24,5.1,9.2,9.5,0.076,0.2,Q1,2025
Iloilo Business Park - Megaworld,Iloilo,260.0,4,3,21878220.0,84147.0,Condo,14.7,5.2,9.2,9.5,0.236,0.2,Q3,2024
Iloilo Business Park - Megaworld,Iloilo,216.0,3,2,18827208.0,87163.0,Condo,14.46,4.5,9.2,9.5,0.115,0.2,Q4,2024
Iloilo Business Park - Megaworld,Iloilo,147.0,3,3,10947237.0,74471.0,Condo,14.86,5.0,9.2,9.5,0.422,0.2,Q4,2024
Iloilo Business Park - Megaworld,Iloilo,158.0,3,3,13683116.0,86602.0,House,15.04,4.5,9.2,9.5,0.022,0.2,Q2,2024
Iloilo Business Park - Megaworld,Iloilo,91.0,2,1,7685223.0,84453.0,Townhouse,14.25,5.9,9.2,9.5,0.082,0.2,Q1,2024
Iloilo Business Park - Megaworld,Iloilo,193.0,3,3,17621479.0,91303.0,Condo,14.54,7.2,9.2,9.5,0.126,0.2,Q2,2025
Iloilo Business Park - Megaworld,Iloilo,86.0,4,3,7280244.0,84654.0,Condo,15.0,5.3,9.2,9.5,0.106,0.2,Q2,2024
Iloilo Business Park - Megaworld,Iloilo,112.0,2,2,9160592.0,81791.0,House,14.84,4.5,9.2,9.5,0.117,0.2,Q2,2024
Iloilo Business Park - Megaworld,Iloilo,92.0,2,1,6746176.0,73328.0,Condo,15.16,6.0,9.2,9.5,0.302,0.2,Q2,2024
Iloilo Business Park - Megaworld,Iloilo,110.0,5,5,8299390.0,75449.0,House,14.51,5.1,9.2,9.5,0.161,0.2,Q2,2025
Iloilo Business Park - Megaworld,Iloilo,118.0,3,3,8649754.0,73303.0,Lot,15.29,6.3,9.2,9.5,0.284,0.2,Q1,2024
Iloilo Business Park - Megaworld,Iloilo,46.0,4,3,3114660.0,67710.0,Townhouse,14.53,5.3,9.2,9.5,0.403,0.2,Q2,2024
Iloilo Business Park - Megaworld,Iloilo,207.0,2,1,16495830.0,79690.0,Townhouse,15.66,5.1,9.2,9.5,0.279,0.2,Q2,2024
Iloilo Business Park - Megaworld,Iloilo,137.0,5,4,10335417.0,75441.0,House,14.31,5.4,9.2,9.5,0.319,0.2,Q1,2024
Iloilo Business Park - Megaworld,Iloilo,267.0,2,2,24512202.0,91806.0,Townhouse,14.56,6.0,9.2,9.5,0.177,0.2,Q4,2024
Iloilo Business Park - Megaworld,Iloilo,71.0,3,3,5584860.0,78660.0,Condo,15.17,5.4,9.2,9.5,0.089,0.2,Q3,2025
Iloilo Business Park - Megaworld,Iloilo,195.0,2,2,16456635.0,84393.0,Condo,15.67,5.2,9.2,9.5,0.158,0.2,Q4,2024
Iloilo Business Park - Megaworld,Iloilo,70.0,3,3,4692660.0,67038.0,House,15.13,5.4,9.2,9.5,0.435,0.2,Q3,2024
Iloilo Business Park - Megaworld,Iloilo,164.0,4,4,12322960.0,75140.0,Condo,15.23,4.7,9.2,9.5,0.287,0.2,Q1,2024
Iloilo Business Park - Megaworld,Iloilo,150.0,3,3,13293450.0,88623.0,Townhouse,15.01,5.7,9.2,9.5,0.139,0.2,Q4,2025
Iloilo Business Park - Megaworld,Iloilo,139.0,3,3,11302090.0,81310.0,House,14.59,4.4,9.2,9.5,0.214,0.1925,Q2,2025
Iloilo Business Park - Megaworld,Iloilo,191.0,2,2,14482766.0,75826.0,Lot,14.8,5.2,9.2,9.5,0.379,0.2,Q3,2025
Iloilo Business Park - Megaworld,Iloilo,236.0,3,2,20441848.0,86618.0,Condo,14.52,6.0,9.2,9.5,0.307,0.2,Q2,2024
Iloilo Business Park - Megaworld,Iloilo,105.0,3,3,7552020.0,71924.0,House,14.49,5.7,9.2,9.5,0.261,0.2,Q2,2025
Iloilo Business Park - Megaworld,Iloilo,241.0,1,1,18549770.0,76970.0,House,15.16,5.9,9.2,9.5,0.401,0.2,Q2,2025
Iloilo Business Park - Megaworld,Iloilo,72.0,3,2,5295096.0,73543.0,Condo,14.55,5.5,9.2,9.5,0.309,0.2,Q2,2024
Iloilo Business Park - Megaworld,Iloilo,99.0,4,4,7146612.0,72188.0,House,15.13,6.2,9.2,9.5,0.296,0.2,Q3,2024
Iloilo Business Park - Megaworld,Iloilo,104.0,3,2,8810360.0,84715.0,House,14.48,6.1,9.2,9.5,0.102,0.1971,Q3,2025
Iloilo Business Park - Megaworld,Iloilo,268.0,3,2,24167168.0,90176.0,Lot,15.12,5.8,9.2,9.5,0.066,0.2,Q1,2024
Iloilo Business Park - Megaworld,Iloilo,55.0,2,1,3764860.0,68452.0,House,14.8,6.1,9.2,9.5,0.435,0.2,Q1,2025
Iloilo Business Park - Megaworld,Iloilo,125.0,3,3,9758500.0,78068.0,Condo,15.56,6.0,9.2,9.5,0.278,0.1761,Q4,2024
Iloilo Business Park - Megaworld,Iloilo,133.0,1,1,10781911.0,81067.0,House,15.13,5.2,9.2,9.5,0.199,0.2,Q3,2024
Iloilo Business Park - Megaworld,Iloilo,229.0,2,1,17282859.0,75471.0,House,15.49,4.7,9.2,9.5,0.273,0.2,Q4,2024
Iloilo Business Park - Megaworld,Iloilo,148.0,2,1,12655628.0,85511.0,Condo,14.7,5.8,9.2,9.5,0.047,0.2,Q3,2025
Iloilo Business Park - Megaworld,Iloilo,271.0,2,2,22069969.0,81439.0,Condo,15.02,5.8,9.2,9.5,0.374,0.2,Q3,2025
Iloilo Business Park - Megaworld,Iloilo,213.0,1,1,18970419.0,89063.0,Condo,14.61,6.2,9.2,9.5,0.113,0.1995,Q4,2024
Iloilo Business Park - Megaworld,Iloilo,204.0,3,2,13392192.0,65648.0,Condo,14.83,4.9,9.2,9.5,0.366,0.175,Q3,2024
Iloilo Business Park - Megaworld,Iloilo,216.0,2,2,18492408.0,85613.0,House,14.9,5.0,9.2,9.5,0.25,0.2,Q2,2024
Iloilo Business Park - Megaworld,Iloilo,66.0,2,2,5317950.0,80575.0,Condo,14.71,5.8,9.2,9.5,0.139,0.2,Q3,2024
Iloilo Business Park - Megaworld,Iloilo,139.0,2,1,11937737.0,85883.0,House,14.51,5.5,9.2,9.5,0.033,0.2,Q1,2025
Iloilo Business Park - Megaworld,Iloilo,174.0,3,3,13356240.0,76760.0,Condo,14.43,4.4,9.2,9.5,0.371,0.2,Q2,2024
Iloilo Business Park - Megaworld,Iloilo,78.0,2,2,6294288.0,80696.0,House,14.06,5.7,9.2,9.5,0.096,0.2,Q3,2024
Iloilo Business Park - Megaworld,Iloilo,55.0,2,2,4437125.0,80675.0,Condo,14.58,4.4,9.2,9.5,0.042,0.2,Q1,2024
Iloilo Business Park - Megaworld,Iloilo,59.0,3,3,4169353.0,70667.0,Townhouse,15.25,4.9,9.2,9.5,0.345,0.2,Q3,2025
Iloilo Business Park - Megaworld,Iloilo,226.0,1,1,20942064.0,92664.0,Condo,14.36,6.3,9.2,9.5,0.171,0.2,Q3,2024
Iloilo Business Park - Megaworld,Iloilo,192.0,4,4,17144640.0,89295.0,House,14.45,6.6,9.2,9.5,0.187,0.192,Q2,2025
Iloilo Business Park - Megaworld,Iloilo,96.0,1,1,7900512.0,82297.0,Condo,15.72,4.8,9.2,9.5,0.126,0.2,Q1,2024
Iloilo Business Park - Megaworld,Iloilo,212.0,2,2,16325060.0,77005.0,Condo,14.75,5.3,9.2,9.5,0.389,0.2,Q3,2024
Iloilo Business Park - Megaworld,Iloilo,202.0,2,2,17503906.0,86653.0,House,15.13,5.5,9.2,9.5,0.148,0.1758,Q4,2025
Iloilo Business Park - Megaworld,Iloilo,233.0,3,3,20188984.0,86648.0,Townhouse,15.26,6.6,9.2,9.5,0.11,0.2,Q3,2024
Iloilo Business Park - Megaworld,Iloilo,257.0,2,2,22585417.0,87881.0,Lot,15.27,5.2,9.2,9.5,0.153,0.1694,Q2,2025
Iloilo Business Park - Megaworld,Iloilo,249.0,4,3,21922956.0,88044.0,Condo,14.39,5.2,9.2,9.5,0.107,0.2,Q3,2024
Iloilo Business Park - Megaworld,Iloilo,71.0,2,1,5761224.0,81144.0,Condo,14.91,6.4,9.2,9.5,0.157,0.2,Q2,2025
Iloilo Business Park - Megaworld,Iloilo,221.0,3,3,20023042.0,90602.0,House,14.35,5.3,9.2,9.5,0.056,0.2,Q2,2025
Iloilo Business Park - Megaworld,Iloilo,125.0,2,2,10868000.0,86944.0,House,15.98,5.9,9.2,9.5,0.088,0.2,Q2,2025
Iloilo Business Park - Megaworld,Iloilo,127.0,1,1,10134219.0,79797.0,Condo,14.36,4.6,9.2,9.5,0.199,0.2,Q1,2024
Iloilo Business Park - Megaworld,Iloilo,190.0,2,2,12324540.0,64866.0,Townhouse,14.58,5.4,9.2,9.5,0.398,0.2,Q4,2025
Iloilo Business Park - Megaworld,Iloilo,178.0,3,2,15923702.0,89459.0,House,14.58,4.5,9.2,9.5,0.045,0.2,Q3,2025
Iloilo Business Park - Megaworld,Iloilo,132.0,2,1,11335236.0,85873.0,House,14.4,4.9,9.2,9.5,0.111,0.2,Q1,2024
Iloilo Business Park - Megaworld,Iloilo,279.0,5,5,22288473.0,79887.0,Condo,15.54,6.0,9.2,9.5,0.411,0.2,Q4,2024
Iloilo Business Park - Megaworld,Iloilo,69.0,3,2,4660536.0,67544.0,Condo,15.97,5.5,9.2,9.5,0.403,0.2,Q1,2025
Iloilo Business Park - Megaworld,Iloilo,49.0,5,5,3722236.0,75964.0,Condo,14.81,5.3,9.2,9.5,0.312,0.2,Q3,2024
Iloilo Business Park - Megaworld,Iloilo,32.0,2,1,2543424.0,79482.0,Townhouse,14.47,5.1,9.2,9.5,0.123,0.2,Q1,2025
Iloilo Business Park - Megaworld,Iloilo,232.0,3,3,19598664.0,84477.0,Condo,14.11,5.4,9.2,9.5,0.201,0.1736,Q2,2025
Iloilo Business Park - Megaworld,Iloilo,128.0,3,2,11213568.0,87606.0,Townhouse,14.9,5.7,9.2,9.5,0.111,0.2,Q3,2024
Iloilo Business Park - Megaworld,Iloilo,136.0,3,3,11958480.0,87930.0,Townhouse,14.87,6.1,9.2,9.5,0.075,0.2,Q4,2024
Iloilo Business Park - Megaworld,Iloilo,190.0,5,5,14786180.0,77822.0,House,14.74,3.9,9.2,9.5,0.183,0.175,Q4,2024
Iloilo Business Park - Megaworld,Iloilo,136.0,3,2,9469272.0,69627.0,Condo,15.09,5.0,9.2,9.5,0.268,0.2,Q4,2024
Iloilo Business Park - Megaworld,Iloilo,171.0,4,3,14040126.0,82106.0,Condo,15.16,5.6,9.2,9.5,0.175,0.2,Q1,2025
Iloilo Business Park - Megaworld,Iloilo,39.0,3,2,2894307.0,74213.0,House,15.13,5.4,9.2,9.5,0.283,0.2,Q1,2024
Iloilo Business Park - Megaworld,Iloilo,64.0,1,1,5027200.0,78550.0,House,14.87,5.7,9.2,9.5,0.147,0.2,Q4,2024
Iloilo Business Park - Megaworld,Iloilo,262.0,3,3,23828900.0,90950.0,Lot,14.56,5.7,9.2,9.5,0.169,0.2,Q4,2025
Iloilo Business Park - Megaworld,Iloilo,139.0,2,2,10243744.0,73696.0,Condo,15.27,5.3,9.2,9.5,0.36,0.2,Q2,2024
Iloilo Business Park - Megaworld,Iloilo,67.0,4,4,4718408.0,70424.0,Townhouse,15.01,5.2,9.2,9.5,0.398,0.1841,Q1,2025
Iloilo Business Park - Megaworld,Iloilo,119.0,4,4,9586402.0,80558.0,Condo,15.36,5.4,9.2,9.5,0.158,0.2,Q3,2024
Iloilo Business Park - Megaworld,Iloilo,110.0,1,1,8613330.0,78303.0,Condo,15.32,6.2,9.2,9.5,0.266,0.2,Q1,2024
Iloilo Business Park - Megaworld,Iloilo,94.0,1,1,7750112.0,82448.0,Condo,14.43,5.1,9.2,9.5,0.14,0.2,Q1,2024
Iloilo Business Park - Megaworld,Iloilo,99.0,1,1,8959500.0,90500.0,House,14.43,5.5,9.2,9.5,0.043,0.2,Q4,2025
Iloilo Business Park - Megaworld,Iloilo,210.0,2,2,14656950.0,69795.0,Condo,14.7,5.6,9.2,9.5,0.337,0.1619,Q2,2025
Iloilo Business Park - Megaworld,Iloilo,52.0,1,1,4153864.0,79882.0,Condo,14.58,6.4,9.2,9.5,0.094,0.1896,Q1,2025
Iloilo Business Park - Megaworld,Iloilo,103.0,3,2,8361334.0,81178.0,Townhouse,15.3,5.3,9.2,9.5,0.203,0.2,Q3,2025
Iloilo Business Park - Megaworld,Iloilo,144.0,3,2,12218976.0,84854.0,House,15.14,6.1,9.2,9.5,0.229,0.2,Q2,2025
Iloilo Business Park - Megaworld,Iloilo,162.0,4,3,14228622.0,87831.0,Condo,15.44,6.2,9.2,9.5,0.099,0.2,Q3,2025
Iloilo Business Park - Megaworld,Iloilo,249.0,2,2,22820601.0,91649.0,Condo,15.16,5.5,9.2,9.5,0.061,0.2,Q4,2024
Iloilo Business Park - Megaworld,Iloilo,260.0,3,2,23490740.0,90349.0,House,15.08,5.4,9.2,9.5,0.17,0.2,Q1,2025
Iloilo Business Park - Megaworld,Iloilo,100.0,1,1,7072800.0,70728.0,Condo,15.48,5.3,9.2,9.5,0.429,0.2,Q3,2025
Iloilo Business Park - Megaworld,Iloilo,162.0,4,4,11900520.0,73460.0,Condo,15.19,5.3,9.2,9.5,0.285,0.1603,Q4,2025
Iloilo Business Park - Megaworld,Iloilo,30.0,2,2,2324580.0,77486.0,House,15.03,6.0,9.2,9.5,0.184,0.2,Q2,2024
Iloilo Business Park - Megaworld,Iloilo,182.0,1,1,17104178.0,93979.0,Condo,15.59,5.6,9.2,9.5,0.037,0.2,Q4,2024
Jaro - Residential,Iloilo,217.0,3,2,11229316.0,51748.0,Townhouse,13.98,4.5,7.0,6.5,0.168,0.1258,Q3,2024
Jaro - Residential,Iloilo,210.0,2,2,10402350.0,49535.0,House,14.41,3.4,7.0,6.5,0.274,0.1866,Q3,2024
Jaro - Residential,Iloilo,159.0,3,3,7271547.0,45733.0,Townhouse,13.41,4.2,7.0,6.5,0.238,0.1729,Q2,2025
Jaro - Residential,Iloilo,110.0,2,1,4781040.0,43464.0,House,14.29,3.8,7.0,6.5,0.084,0.1069,Q3,2024
Jaro - Residential,Iloilo,66.0,4,4,2621256.0,39716.0,Townhouse,13.69,2.6,7.0,6.5,0.212,0.1284,Q3,2025
Jaro - Residential,Iloilo,28.0,2,1,1077272.0,38474.0,Condo,13.34,2.8,7.0,6.5,0.254,0.1217,Q4,2024
Jaro - Residential,Iloilo,116.0,3,2,5229976.0,45086.0,House,13.55,3.0,7.0,6.5,0.135,0.1464,Q1,2024
Jaro - Residential,Iloilo,186.0,3,3,8517126.0,45791.0,House,14.0,3.0,7.0,6.5,0.283,0.1697,Q2,2025
Jaro - Residential,Iloilo,34.0,2,2,1452616.0,42724.0,Lot,13.67,3.4,7.0,6.5,0.05,0.1453,Q2,2024
Jaro - Residential,Iloilo,279.0,2,1,14052393.0,50367.0,Condo,14.15,3.9,7.0,6.5,0.165,0.1225,Q1,2025
Jaro - Residential,Iloilo,174.0,3,3,7482870.0,43005.0,House,13.28,4.3,7.0,6.5,0.366,0.177,Q2,2024
Jaro - Residential,Iloilo,100.0,1,1,4507400.0,45074.0,Townhouse,13.15,3.7,7.0,6.5,0.131,0.1636,Q2,2025
Jaro - Residential,Iloilo,270.0,2,1,13961700.0,51710.0,Condo,14.55,3.2,7.0,6.5,0.28,0.1557,Q2,2024
Jaro - Residential,Iloilo,71.0,2,2,2856259.0,40229.0,Townhouse,14.36,2.3,7.0,6.5,0.196,0.1599,Q2,2024
Jaro - Residential,Iloilo,269.0,4,4,13585307.0,50503.0,Condo,13.58,3.5,7.0,6.5,0.156,0.1198,Q3,2025
Jaro - Residential,Iloilo,96.0,3,2,3462048.0,36063.0,Condo,14.0,3.5,7.0,6.5,0.414,0.1751,Q3,2024
Jaro - Residential,Iloilo,121.0,2,2,5433989.0,44909.0,House,14.41,3.6,7.0,6.5,0.168,0.1398,Q2,2024
Jaro - Residential,Iloilo,133.0,5,4,6430550.0,48350.0,Condo,14.17,4.8,7.0,6.5,0.122,0.1369,Q4,2025
Jaro - Residential,Iloilo,278.0,2,1,13039034.0,46903.0,Condo,14.06,4.2,7.0,6.5,0.411,0.1111,Q2,2024
Jaro - Residential,Iloilo,88.0,2,2,3449248.0,39196.0,Condo,14.44,4.0,7.0,6.5,0.341,0.165,Q3,2025
Jaro - Residential,Iloilo,273.0,2,2,13475553.0,49361.0,Condo,13.71,2.9,7.0,6.5,0.313,0.1658,Q1,2025
Jaro - Residential,Iloilo,113.0,2,2,5180485.0,45845.0,Townhouse,14.01,3.2,7.0,6.5,0.041,0.1341,Q1,2025
Jaro - Residential,Iloilo,97.0,2,2,4703142.0,48486.0,Townhouse,13.99,3.4,7.0,6.5,0.076,0.1968,Q2,2024
Jaro - Residential,Iloilo,187.0,3,3,8706907.0,46561.0,House,13.89,3.0,7.0,6.5,0.294,0.1951,Q2,2024
Jaro - Residential,Iloilo,201.0,1,1,9604785.0,47785.0,Condo,13.84,3.8,7.0,6.5,0.11,0.1062,Q2,2025
Jaro - Residential,Iloilo,112.0,3,3,5225360.0,46655.0,House,14.03,3.7,7.0,6.5,0.117,0.1769,Q1,2024
Jaro - Residential,Iloilo,59.0,2,2,2127422.0,36058.0,Townhouse,14.01,2.8,7.0,6.5,0.355,0.1405,Q2,2024
Jaro - Residential,Iloilo,125.0,2,2,5909750.0,47278.0,House,13.58,4.2,7.0,6.5,0.143,0.2,Q3,2024
Jaro - Residential,Iloilo,162.0,1,1,7676694.0,47387.0,Condo,14.32,3.6,7.0,6.5,0.051,0.1202,Q3,2024
Jaro - Residential,Iloilo,35.0,3,2,1563240.0,44664.0,Condo,13.61,2.5,7.0,6.5,0.036,0.1269,Q1,2024
Jaro - Residential,Iloilo,45.0,3,2,1969425.0,43765.0,Lot,13.91,3.5,7.0,6.5,0.211,0.1464,Q2,2025
Jaro - Residential,Iloilo,259.0,2,1,11576005.0,44695.0,Townhouse,13.88,3.7,7.0,6.5,0.285,0.1254,Q3,2025
Jaro - Residential,Iloilo,34.0,2,1,1127542.0,33163.0,Condo,14.14,4.1,7.0,6.5,0.394,0.1765,Q3,2025
Jaro - Residential,Iloilo,128.0,2,2,5814656.0,45427.0,Townhouse,13.15,3.3,7.0,6.5,0.068,0.1511,Q4,2024
Jaro - Residential,Iloilo,219.0,4,4,10789035.0,49265.0,Condo,14.36,4.0,7.0,6.5,0.105,0.1197,Q2,2024
Jaro - Residential,Iloilo,108.0,2,1,4665816.0,43202.0,Condo,13.73,3.6,7.0,6.5,0.248,0.1541,Q3,2024
Jaro - Residential,Iloilo,151.0,3,2,7306437.0,48387.0,Townhouse,14.49,2.7,7.0,6.5,0.177,0.2,Q4,2025
Jaro - Residential,Iloilo,47.0,2,2,1906931.0,40573.0,House,13.81,2.7,7.0,6.5,0.227,0.1887,Q2,2024
Jaro - Residential,Iloilo,227.0,2,1,10047928.0,44264.0,Condo,13.98,4.2,7.0,6.5,0.417,0.1532,Q4,2024
Jaro - Residential,Iloilo,186.0,3,3,8018088.0,43108.0,Lot,14.77,4.2,7.0,6.5,0.254,0.1278,Q2,2024
Jaro - Residential,Iloilo,242.0,2,1,11451924.0,47322.0,Townhouse,13.89,3.7,7.0,6.5,0.199,0.1147,Q2,2025
Jaro - Residential,Iloilo,245.0,1,1,11209975.0,45755.0,Condo,14.5,4.4,7.0,6.5,0.445,0.199,Q3,2025
Jaro - Residential,Iloilo,114.0,5,4,5227698.0,45857.0,House,14.02,4.1,7.0,6.5,0.048,0.1787,Q3,2025
Jaro - Residential,Iloilo,35.0,1,1,1115590.0,31874.0,Townhouse,14.17,3.9,7.0,6.5,0.421,0.1621,Q3,2024
Jaro - Residential,Iloilo,113.0,2,1,4749503.0,42031.0,House,14.03,3.0,7.0,6.5,0.236,0.1992,Q1,2025
Jaro - Residential,Iloilo,62.0,2,2,2428106.0,39163.0,Lot,14.34,4.5,7.0,6.5,0.237,0.1077,Q1,2024
Jaro - Residential,Iloilo,160.0,2,1,6615360.0,41346.0,House,13.73,3.8,7.0,6.5,0.416,0.1754,Q4,2024
Jaro - Residential,Iloilo,62.0,3,2,2405104.0,38792.0,Condo,13.61,3.3,7.0,6.5,0.238,0.1192,Q4,2024
Jaro - Residential,Iloilo,260.0,1,1,11569740.0,44499.0,Condo,13.74,3.1,7.0,6.5,0.209,0.1076,Q4,2024
Jaro - Residential,Iloilo,178.0,4,3,8045066.0,45197.0,Townhouse,14.04,3.7,7.0,6.5,0.137,0.1492,Q3,2024
Jaro - Residential,Iloilo,89.0,3,2,3478209.0,39081.0,Lot,13.91,2.5,7.0,6.5,0.303,0.1398,Q4,2024
Jaro - Residential,Iloilo,259.0,5,5,11959325.0,46175.0,Condo,14.28,3.9,7.0,6.5,0.265,0.2,Q2,2024
Jaro - Residential,Iloilo,221.0,4,4,11387688.0,51528.0,Condo,14.52,2.9,7.0,6.5,0.112,0.1321,Q1,2025
Jaro - Residential,Iloilo,136.0,4,3,5392128.0,39648.0,Townhouse,13.61,3.7,7.0,6.5,0.325,0.1914,Q1,2025
Jaro - Residential,Iloilo,62.0,3,2,2523834.0,40707.0,Condo,13.71,3.2,7.0,6.5,0.297,0.1834,Q2,2025
Jaro - Residential,Iloilo,112.0,2,2,4769968.0,42589.0,Condo,13.43,3.3,7.0,6.5,0.191,0.1736,Q2,2024
Jaro - Residential,Iloilo,173.0,2,2,9433517.0,54529.0,Townhouse,14.81,3.0,7.0,6.5,0.022,0.2,Q4,2024
Jaro - Residential,Iloilo,220.0,3,3,11682440.0,53102.0,Townhouse,14.12,3.4,7.0,6.5,0.212,0.1422,Q2,2025
Jaro - Residential,Iloilo,91.0,2,2,3871504.0,42544.0,Townhouse,14.19,4.6,7.0,6.5,0.023,0.14,Q3,2024
Jaro - Residential,Iloilo,214.0,3,3,11062516.0,51694.0,House,13.46,4.3,7.0,6.5,0.052,0.1124,Q2,2024
Jaro - Residential,Iloilo,97.0,1,1,3657385.0,37705.0,Condo,14.0,3.7,7.0,6.5,0.205,0.1263,Q3,2024
Jaro - Residential,Iloilo,87.0,4,3,4218717.0,48491.0,Lot,14.2,3.5,7.0,6.5,0.055,0.1992,Q3,2025
Jaro - Residential,Iloilo,138.0,2,2,6300528.0,45656.0,Condo,13.9,4.0,7.0,6.5,0.139,0.1503,Q1,2024
Jaro - Residential,Iloilo,66.0,4,4,2482326.0,37611.0,Condo,14.43,4.2,7.0,6.5,0.302,0.1342,Q2,2025
Jaro - Residential,Iloilo,128.0,2,2,5302784.0,41428.0,Townhouse,14.92,3.0,7.0,6.5,0.153,0.1191,Q1,2024
Jaro - Residential,Iloilo,116.0,1,1,4395008.0,37888.0,House,13.62,3.5,7.0,6.5,0.449,0.1515,Q4,2024
Jaro - Residential,Iloilo,96.0,4,3,3330432.0,34692.0,Townhouse,13.59,2.4,7.0,6.5,0.414,0.1795,Q3,2024
Jaro - Residential,Iloilo,222.0,4,4,10633800.0,47900.0,Condo,13.65,4.2,7.0,6.5,0.272,0.1276,Q4,2024
Jaro - Residential,Iloilo,109.0,3,3,4140910.0,37990.0,Lot,14.64,4.7,7.0,6.5,0.436,0.1845,Q4,2024
Jaro - Residential,Iloilo,202.0,5,5,8212310.0,40655.0,House,14.42,3.5,7.0,6.5,0.393,0.169,Q1,2025
Jaro - Residential,Iloilo,208.0,2,2,10965968.0,52721.0,House,13.95,2.2,7.0,6.5,0.157,0.1881,Q3,2024
Jaro - Residential,Iloilo,194.0,4,4,8134808.0,41932.0,Lot,14.01,3.9,7.0,6.5,0.342,0.1233,Q1,2024
Jaro - Residential,Iloilo,93.0,2,1,4564533.0,49081.0,Condo,13.67,3.0,7.0,6.5,0.079,0.1692,Q4,2025
Jaro - Residential,Iloilo,236.0,3,3,10866148.0,46043.0,House,14.36,3.1,7.0,6.5,0.314,0.1116,Q4,2024
Jaro - Residential,Iloilo,85.0,2,2,3298680.0,38808.0,House,13.85,3.9,7.0,6.5,0.231,0.1369,Q3,2024
Jaro - Residential,Iloilo,95.0,1,1,4553540.0,47932.0,Townhouse,13.9,3.7,7.0,6.5,0.027,0.1804,Q4,2024
Jaro - Residential,Iloilo,248.0,3,3,12950808.0,52221.0,Townhouse,14.24,3.2,7.0,6.5,0.138,0.1693,Q4,2024
Jaro - Residential,Iloilo,111.0,3,3,4161390.0,37490.0,House,13.92,3.1,7.0,6.5,0.431,0.1157,Q4,2024
Jaro - Residential,Iloilo,202.0,2,2,10412898.0,51549.0,Condo,13.91,3.6,7.0,6.5,0.156,0.1966,Q1,2025
Jaro - Residential,Iloilo,35.0,4,4,1378440.0,39384.0,Condo,14.0,3.3,7.0,6.5,0.098,0.0994,Q1,2024
Jaro - Residential,Iloilo,181.0,3,2,8846375.0,48875.0,Lot,14.32,2.8,7.0,6.5,0.101,0.1649,Q4,2025
Jaro - Residential,Iloilo,246.0,2,2,12546000.0,51000.0,Lot,14.66,3.3,7.0,6.5,0.226,0.2,Q2,2024
Jaro - Residential,Iloilo,205.0,3,3,9302695.0,45379.0,Lot,14.23,3.7,7.0,6.5,0.382,0.1572,Q2,2025
Jaro - Residential,Iloilo,173.0,2,2,7586396.0,43852.0,Condo,14.32,3.4,7.0,6.5,0.346,0.1897,Q1,2025
Jaro - Residential,Iloilo,241.0,1,1,11720553.0,48633.0,Condo,13.92,2.7,7.0,6.5,0.208,0.1648,Q3,2024
Jaro - Residential,Iloilo,101.0,3,2,4625699.0,45799.0,Townhouse,13.72,4.1,7.0,6.5,0.11,0.1875,Q4,2024
Jaro - Residential,Iloilo,121.0,1,1,5650458.0,46698.0,Townhouse,14.26,1.9,7.0,6.5,0.04,0.1721,Q4,2024
Jaro - Residential,Iloilo,42.0,1,1,1573908.0,37474.0,Condo,14.07,3.2,7.0,6.5,0.219,0.1764,Q3,2025
Jaro - Residential,Iloilo,203.0,3,3,8111677.0,39959.0,House,13.43,3.1,7.0,6.5,0.37,0.1205,Q3,2025
Jaro - Residential,Iloilo,209.0,1,1,10114973.0,48397.0,Condo,13.87,3.6,7.0,6.5,0.334,0.1825,Q3,2024
Jaro - Residential,Iloilo,216.0,4,4,10059336.0,46571.0,House,13.97,3.8,7.0,6.5,0.196,0.1217,Q2,2025
Jaro - Residential,Iloilo,215.0,3,2,10748280.0,49992.0,Condo,13.8,4.2,7.0,6.5,0.276,0.2,Q3,2024
Jaro - Residential,Iloilo,57.0,1,1,1926600.0,33800.0,Condo,14.59,3.1,7.0,6.5,0.208,0.1205,Q4,2024
Jaro - Residential,Iloilo,194.0,3,3,8707496.0,44884.0,Condo,14.19,3.9,7.0,6.5,0.269,0.1216,Q2,2025
Jaro - Residential,Iloilo,219.0,1,1,10738227.0,49033.0,Lot,14.55,3.6,7.0,6.5,0.243,0.1967,Q2,2024
Jaro - Residential,Iloilo,76.0,3,3,2682344.0,35294.0,House,14.11,2.5,7.0,6.5,0.313,0.1223,Q3,2024
Jaro - Residential,Iloilo,146.0,1,1,6389836.0,43766.0,Lot,14.03,4.6,7.0,6.5,0.238,0.1366,Q3,2025
Jaro - Residential,Iloilo,257.0,4,4,11371993.0,44249.0,House,13.63,2.6,7.0,6.5,0.424,0.1793,Q1,2024
Jaro - Residential,Iloilo,130.0,2,1,4961450.0,38165.0,Condo,14.0,3.8,7.0,6.5,0.204,0.1122,Q2,2025
Jaro - Residential,Iloilo,217.0,3,3,11402699.0,52547.0,Condo,14.01,3.7,7.0,6.5,0.027,0.1122,Q3,2024
Jaro - Residential,Iloilo,160.0,1,1,7666720.0,47917.0,House,13.45,3.7,7.0,6.5,0.122,0.1517,Q3,2024
Jaro - Residential,Iloilo,192.0,2,2,8419200.0,43850.0,Condo,13.78,3.2,7.0,6.5,0.235,0.1224,Q3,2024
Jaro - Residential,Iloilo,184.0,2,2,7767376.0,42214.0,House,13.87,4.0,7.0,6.5,0.252,0.1214,Q4,2025
Jaro - Residential,Iloilo,190.0,3,2,7484480.0,39392.0,Townhouse,14.17,2.6,7.0,6.5,0.258,0.0941,Q3,2024
Jaro - Residential,Iloilo,223.0,5,5,9982595.0,44765.0,Townhouse,14.18,3.5,7.0,6.5,0.327,0.1377,Q3,2024
Jaro - Residential,Iloilo,255.0,1,1,13609860.0,53372.0,Condo,13.77,3.2,7.0,6.5,0.138,0.1314,Q2,2025
Jaro - Residential,Iloilo,100.0,1,1,3696600.0,36966.0,House,14.19,3.1,7.0,6.5,0.306,0.0968,Q2,2025
Jaro - Residential,Iloilo,261.0,2,1,11900817.0,45597.0,Condo,13.93,3.8,7.0,6.5,0.323,0.168,Q4,2025
Jaro - Residential,Iloilo,185.0,2,1,8929950.0,48270.0,Condo,12.85,4.1,7.0,6.5,0.197,0.1686,Q2,2024
Jaro - Residential,Iloilo,176.0,4,4,7684512.0,43662.0,House,13.81,3.3,7.0,6.5,0.193,0.1015,Q3,2024
Jaro - Residential,Iloilo,108.0,4,3,4985280.0,46160.0,House,14.43,4.0,7.0,6.5,0.097,0.1313,Q1,2024
Jaro - Residential,Iloilo,131.0,4,4,6194466.0,47286.0,House,13.33,3.5,7.0,6.5,0.198,0.1984,Q1,2025
Jaro - Residential,Iloilo,191.0,1,1,7197071.0,37681.0,Condo,14.05,3.0,7.0,6.5,0.358,0.1633,Q1,2025
Jaro - Residential,Iloilo,117.0,2,1,4442841.0,37973.0,Lot,14.63,3.3,7.0,6.5,0.411,0.1427,Q1,2025
Jaro - Residential,Iloilo,98.0,3,3,3747814.0,38243.0,Lot,13.7,3.3,7.0,6.5,0.275,0.1491,Q3,2024
Jaro - Residential,Iloilo,233.0,2,1,10705884.0,45948.0,House,14.0,3.1,7.0,6.5,0.149,0.1181,Q3,2024
Jaro - Residential,Iloilo,130.0,3,3,5530590.0,42543.0,Townhouse,13.48,3.8,7.0,6.5,0.313,0.191,Q3,2024
Jaro - Residential,Iloilo,189.0,2,1,8728020.0,46180.0,Condo,14.65,3.6,7.0,6.5,0.338,0.2,Q2,2024
Jaro - Residential,Iloilo,32.0,2,2,1242272.0,38821.0,House,13.97,2.5,7.0,6.5,0.163,0.2,Q3,2024
Jaro - Residential,Iloilo,44.0,4,3,1497892.0,34043.0,Townhouse,14.02,2.5,7.0,6.5,0.375,0.12,Q1,2024
Jaro - Residential,Iloilo,241.0,2,2,12934470.0,53670.0,Townhouse,14.54,3.8,7.0,6.5,0.052,0.1305,Q2,2025
Jaro - Residential,Iloilo,61.0,5,5,2615314.0,42874.0,Townhouse,14.26,3.0,7.0,6.5,0.025,0.1124,Q1,2025
Jaro - Residential,Iloilo,227.0,2,1,11246942.0,49546.0,House,13.65,3.7,7.0,6.5,0.073,0.1301,Q1,2025
Jaro - Residential,Iloilo,254.0,1,1,12857226.0,50619.0,Townhouse,13.74,4.0,7.0,6.5,0.087,0.1332,Q1,2025
Jaro - Residential,Iloilo,147.0,2,1,6124314.0,41662.0,House,14.2,2.7,7.0,6.5,0.398,0.1694,Q1,2025
Jaro - Residential,Iloilo,250.0,2,2,11224500.0,44898.0,Condo,13.75,2.7,7.0,6.5,0.203,0.1159,Q2,2025
Jaro - Residential,Iloilo,133.0,3,2,6700274.0,50378.0,Condo,13.15,4.5,7.0,6.5,0.138,0.2,Q3,2024
Jaro - Residential,Iloilo,267.0,1,1,12844302.0,48106.0,Townhouse,13.98,3.7,7.0,6.5,0.205,0.1054,Q3,2025
Jaro - Residential,Iloilo,85.0,3,2,3294005.0,38753.0,House,13.41,3.2,7.0,6.5,0.19,0.0938,Q2,2024
Jaro - Residential,Iloilo,134.0,4,4,5913018.0,44127.0,House,14.65,2.9,7.0,6.5,0.15,0.1962,Q1,2024
Jaro - Residential,Iloilo,124.0,2,2,5892976.0,47524.0,Lot,14.07,3.2,7.0,6.5,0.079,0.178,Q1,2024
Jaro - Residential,Iloilo,224.0,2,2,10250688.0,45762.0,House,13.64,2.8,7.0,6.5,0.302,0.1359,Q3,2025
Jaro - Residential,Iloilo,36.0,2,1,1471644.0,40879.0,Condo,13.72,4.0,7.0,6.5,0.079,0.1649,Q4,2025
Jaro - Residential,Iloilo,236.0,3,2,10429784.0,44194.0,Condo,13.24,3.0,7.0,6.5,0.353,0.12,Q2,2025
Jaro - Residential,Iloilo,30.0,3,2,1197960.0,39932.0,House,13.56,4.2,7.0,6.5,0.107,0.1133,Q1,2025
Jaro - Residential,Iloilo,105.0,1,1,3949365.0,37613.0,Townhouse,14.41,3.3,7.0,6.5,0.334,0.1499,Q2,2025
Jaro - Residential,Iloilo,176.0,3,3,7397456.0,42031.0,House,14.89,2.9,7.0,6.5,0.366,0.1356,Q1,2024
Jaro - Residential,Iloilo,62.0,2,1,2507404.0,40442.0,House,14.29,3.2,7.0,6.5,0.074,0.1673,Q1,2025
Jaro - Residential,Iloilo,149.0,2,2,6961876.0,46724.0,House,13.96,1.9,7.0,6.5,0.057,0.1193,Q2,2025
Jaro - Residential,Iloilo,279.0,1,1,13690809.0,49071.0,House,13.83,3.4,7.0,6.5,0.428,0.173,Q4,2025
Jaro - Residential,Iloilo,234.0,5,4,12316590.0,52635.0,Townhouse,13.62,3.4,7.0,6.5,0.219,0.1856,Q3,2024
Jaro - Residential,Iloilo,32.0,2,2,1136320.0,35510.0,Condo,14.82,4.0,7.0,6.5,0.291,0.1131,Q4,2024
Jaro - Residential,Iloilo,175.0,2,1,8193850.0,46822.0,Townhouse,13.92,2.4,7.0,6.5,0.03,0.0983,Q2,2025
Jaro - Residential,Iloilo,177.0,1,1,8256165.0,46645.0,House,14.85,4.2,7.0,6.5,0.14,0.1461,Q2,2024
Jaro - Residential,Iloilo,42.0,3,3,1670508.0,39774.0,Condo,14.56,4.0,7.0,6.5,0.237,0.1864,Q2,2024
Jaro - Residential,Iloilo,190.0,2,1,8331500.0,43850.0,House,13.3,4.3,7.0,6.5,0.401,0.1716,Q1,2024
Mandurriao - CBD Fringe,Iloilo,35.0,1,1,2215605.0,63303.0,Condo,12.15,4.4,8.5,8.0,0.105,0.2,Q1,2024
Mandurriao - CBD Fringe,Iloilo,235.0,3,3,14852235.0,63201.0,Lot,12.0,4.7,8.5,8.0,0.333,0.1831,Q4,2024
Mandurriao - CBD Fringe,Iloilo,163.0,3,3,9025799.0,55373.0,House,12.77,3.3,8.5,8.0,0.329,0.2,Q4,2025
Mandurriao - CBD Fringe,Iloilo,81.0,2,2,4950558.0,61118.0,Townhouse,11.9,4.8,8.5,8.0,0.133,0.1511,Q3,2025
Mandurriao - CBD Fringe,Iloilo,106.0,3,3,6368692.0,60082.0,Townhouse,12.47,6.4,8.5,8.0,0.288,0.2,Q4,2024
Mandurriao - CBD Fringe,Iloilo,114.0,1,1,6926754.0,60761.0,House,11.49,4.4,8.5,8.0,0.283,0.2,Q3,2024
Mandurriao - CBD Fringe,Iloilo,31.0,2,1,1475817.0,47607.0,Condo,11.59,4.4,8.5,8.0,0.381,0.1504,Q2,2024
Mandurriao - CBD Fringe,Iloilo,265.0,3,3,19286965.0,72781.0,Townhouse,12.29,4.9,8.5,8.0,0.079,0.2,Q2,2025
Mandurriao - CBD Fringe,Iloilo,229.0,4,3,16148622.0,70518.0,House,12.43,5.5,8.5,8.0,0.104,0.2,Q3,2024
Mandurriao - CBD Fringe,Iloilo,250.0,2,1,16856000.0,67424.0,House,11.62,5.1,8.5,8.0,0.229,0.2,Q4,2024
Mandurriao - CBD Fringe,Iloilo,115.0,1,1,7756980.0,67452.0,Lot,12.01,3.2,8.5,8.0,0.039,0.2,Q1,2024
Mandurriao - CBD Fringe,Iloilo,167.0,3,2,10997451.0,65853.0,House,11.45,4.8,8.5,8.0,0.199,0.2,Q2,2024
Mandurriao - CBD Fringe,Iloilo,141.0,4,3,8288403.0,58783.0,House,11.93,6.0,8.5,8.0,0.359,0.2,Q3,2024
Mandurriao - CBD Fringe,Iloilo,146.0,2,2,9500512.0,65072.0,Townhouse,12.33,4.9,8.5,8.0,0.084,0.1634,Q4,2024
Mandurriao - CBD Fringe,Iloilo,175.0,2,1,10987900.0,62788.0,House,11.83,3.8,8.5,8.0,0.218,0.188,Q2,2025
Mandurriao - CBD Fringe,Iloilo,140.0,1,1,8554420.0,61103.0,Townhouse,11.9,4.7,8.5,8.0,0.446,0.2,Q3,2024
Mandurriao - CBD Fringe,Iloilo,222.0,3,3,13419456.0,60448.0,Condo,11.55,3.7,8.5,8.0,0.238,0.1433,Q1,2024
Mandurriao - CBD Fringe,Iloilo,39.0,4,4,2212548.0,56732.0,Condo,11.74,5.2,8.5,8.0,0.234,0.2,Q2,2024
Mandurriao - CBD Fringe,Iloilo,74.0,3,3,4647940.0,62810.0,House,12.7,3.9,8.5,8.0,0.26,0.1557,Q4,2024
Mandurriao - CBD Fringe,Iloilo,252.0,2,1,18656064.0,74032.0,Condo,12.03,4.5,8.5,8.0,0.1,0.2,Q3,2025
Mandurriao - CBD Fringe,Iloilo,249.0,3,3,17382441.0,69809.0,Lot,11.6,4.0,8.5,8.0,0.083,0.2,Q4,2025
Mandurriao - CBD Fringe,Iloilo,233.0,4,4,15311595.0,65715.0,Condo,11.87,4.2,8.5,8.0,0.311,0.1921,Q1,2024
Mandurriao - CBD Fringe,Iloilo,119.0,2,2,7071456.0,59424.0,House,11.36,5.4,8.5,8.0,0.19,0.1666,Q2,2025
Mandurriao - CBD Fringe,Iloilo,141.0,4,3,9581937.0,67957.0,Condo,11.59,4.6,8.5,8.0,0.145,0.1977,Q4,2025
Mandurriao - CBD Fringe,Iloilo,31.0,2,1,1969337.0,63527.0,Lot,12.54,4.2,8.5,8.0,0.033,0.2,Q4,2025
Mandurriao - CBD Fringe,Iloilo,96.0,2,1,5129472.0,53432.0,Condo,11.94,3.8,8.5,8.0,0.384,0.2,Q4,2024
Mandurriao - CBD Fringe,Iloilo,210.0,3,2,16010610.0,76241.0,Condo,12.76,3.4,8.5,8.0,0.034,0.2,Q2,2024
Mandurriao - CBD Fringe,Iloilo,112.0,2,1,6505632.0,58086.0,Condo,11.96,3.7,8.5,8.0,0.342,0.2,Q4,2024
Mandurriao - CBD Fringe,Iloilo,147.0,5,5,9747276.0,66308.0,House,11.99,4.6,8.5,8.0,0.184,0.1881,Q2,2025
Mandurriao - CBD Fringe,Iloilo,56.0,3,2,3247328.0,57988.0,Lot,12.26,5.1,8.5,8.0,0.277,0.1961,Q4,2025
Mandurriao - CBD Fringe,Iloilo,151.0,2,2,9748560.0,64560.0,Lot,10.93,4.2,8.5,8.0,0.127,0.1811,Q4,2024
Mandurriao - CBD Fringe,Iloilo,209.0,2,2,14663649.0,70161.0,Condo,12.08,5.4,8.5,8.0,0.087,0.1501,Q2,2024
Mandurriao - CBD Fringe,Iloilo,170.0,3,2,11238700.0,66110.0,House,11.98,4.1,8.5,8.0,0.249,0.2,Q2,2024
Mandurriao - CBD Fringe,Iloilo,166.0,2,2,10119028.0,60958.0,Condo,12.59,4.4,8.5,8.0,0.319,0.2,Q4,2024
Mandurriao - CBD Fringe,Iloilo,258.0,3,3,19855680.0,76960.0,House,12.39,3.9,8.5,8.0,0.104,0.2,Q2,2025
Mandurriao - CBD Fringe,Iloilo,84.0,2,1,5312160.0,63240.0,House,11.55,5.1,8.5,8.0,0.208,0.2,Q2,2024
Mandurriao - CBD Fringe,Iloilo,101.0,2,2,6342598.0,62798.0,Condo,12.5,5.8,8.5,8.0,0.211,0.2,Q3,2025
Mandurriao - CBD Fringe,Iloilo,183.0,3,3,12280032.0,67104.0,House,11.9,3.4,8.5,8.0,0.113,0.1723,Q4,2025
Mandurriao - CBD Fringe,Iloilo,147.0,1,1,9128406.0,62098.0,Townhouse,11.64,4.3,8.5,8.0,0.263,0.2,Q1,2025
Mandurriao - CBD Fringe,Iloilo,274.0,3,3,19795952.0,72248.0,Condo,12.08,5.3,8.5,8.0,0.083,0.2,Q4,2025
Mandurriao - CBD Fringe,Iloilo,40.0,3,3,2262000.0,56550.0,Condo,11.92,3.6,8.5,8.0,0.239,0.2,Q2,2024
Mandurriao - CBD Fringe,Iloilo,56.0,2,1,3641288.0,65023.0,Condo,12.62,4.8,8.5,8.0,0.069,0.2,Q1,2025
Mandurriao - CBD Fringe,Iloilo,112.0,3,3,6817440.0,60870.0,Condo,12.14,5.2,8.5,8.0,0.229,0.2,Q2,2025
Mandurriao - CBD Fringe,Iloilo,141.0,3,3,9353094.0,66334.0,Condo,12.08,4.5,8.5,8.0,0.154,0.2,Q2,2024
Mandurriao - CBD Fringe,Iloilo,252.0,4,4,17418240.0,69120.0,House,12.36,4.8,8.5,8.0,0.214,0.2,Q3,2024
Mandurriao - CBD Fringe,Iloilo,151.0,2,2,10068076.0,66676.0,Condo,12.44,5.6,8.5,8.0,0.207,0.2,Q3,2024
Mandurriao - CBD Fringe,Iloilo,136.0,2,2,7918464.0,58224.0,House,12.31,5.7,8.5,8.0,0.41,0.1971,Q1,2024
Mandurriao - CBD Fringe,Iloilo,67.0,3,3,3846068.0,57404.0,Townhouse,12.57,4.5,8.5,8.0,0.231,0.1705,Q2,2024
Mandurriao - CBD Fringe,Iloilo,135.0,3,2,7264755.0,53813.0,Lot,12.24,4.2,8.5,8.0,0.372,0.2,Q1,2024
Mandurriao - CBD Fringe,Iloilo,160.0,3,3,11252320.0,70327.0,House,12.07,3.9,8.5,8.0,0.117,0.1796,Q2,2025
Mandurriao - CBD Fringe,Iloilo,173.0,3,2,11504154.0,66498.0,Condo,12.5,5.1,8.5,8.0,0.171,0.2,Q3,2024
Mandurriao - CBD Fringe,Iloilo,179.0,3,3,12579762.0,70278.0,Condo,11.96,3.7,8.5,8.0,0.052,0.2,Q4,2024
Mandurriao - CBD Fringe,Iloilo,134.0,2,2,8378618.0,62527.0,Condo,12.01,4.3,8.5,8.0,0.201,0.2,Q1,2024
Mandurriao - CBD Fringe,Iloilo,65.0,3,3,3499665.0,53841.0,Lot,12.69,4.6,8.5,8.0,0.308,0.1829,Q3,2024
Mandurriao - CBD Fringe,Iloilo,63.0,2,2,3582369.0,56863.0,Lot,12.65,4.2,8.5,8.0,0.38,0.2,Q2,2025
Mandurriao - CBD Fringe,Iloilo,64.0,2,2,3914240.0,61160.0,Condo,12.0,4.7,8.5,8.0,0.263,0.2,Q2,2024
Mandurriao - CBD Fringe,Iloilo,182.0,3,2,11125114.0,61127.0,Condo,11.82,6.0,8.5,8.0,0.295,0.1465,Q3,2024
Mandurriao - CBD Fringe,Iloilo,243.0,2,1,17569386.0,72302.0,House,12.59,4.4,8.5,8.0,0.096,0.2,Q1,2024
Mandurriao - CBD Fringe,Iloilo,250.0,2,1,18862750.0,75451.0,Condo,12.32,4.2,8.5,8.0,0.036,0.1847,Q4,2024
Mandurriao - CBD Fringe,Iloilo,104.0,4,4,5888480.0,56620.0,Lot,12.13,5.1,8.5,8.0,0.36,0.197,Q2,2025
Mandurriao - CBD Fringe,Iloilo,45.0,3,2,2695860.0,59908.0,Condo,11.87,4.6,8.5,8.0,0.092,0.1592,Q1,2025
Mandurriao - CBD Fringe,Iloilo,185.0,3,3,13417865.0,72529.0,Condo,12.13,5.4,8.5,8.0,0.059,0.2,Q4,2024
Mandurriao - CBD Fringe,Iloilo,34.0,5,4,1682048.0,49472.0,Condo,11.99,4.6,8.5,8.0,0.423,0.2,Q4,2025
Mandurriao - CBD Fringe,Iloilo,184.0,2,2,10687824.0,58086.0,Condo,11.73,4.4,8.5,8.0,0.434,0.2,Q3,2024
Mandurriao - CBD Fringe,Iloilo,122.0,3,3,6729886.0,55163.0,Condo,12.05,3.4,8.5,8.0,0.285,0.1336,Q3,2025
Mandurriao - CBD Fringe,Iloilo,238.0,2,2,16670948.0,70046.0,Townhouse,12.11,3.5,8.5,8.0,0.183,0.2,Q1,2024
Mandurriao - CBD Fringe,Iloilo,184.0,2,2,10545592.0,57313.0,Condo,11.85,3.4,8.5,8.0,0.378,0.2,Q2,2024
Mandurriao - CBD Fringe,Iloilo,213.0,2,2,15070389.0,70753.0,House,12.36,4.7,8.5,8.0,0.108,0.1723,Q2,2025
Mandurriao - CBD Fringe,Iloilo,128.0,1,1,7360000.0,57500.0,Condo,12.52,3.7,8.5,8.0,0.205,0.159,Q4,2025
Mandurriao - CBD Fringe,Iloilo,239.0,3,3,16042158.0,67122.0,Condo,12.39,5.3,8.5,8.0,0.174,0.1743,Q2,2024
Mandurriao - CBD Fringe,Iloilo,158.0,2,1,8816400.0,55800.0,Condo,11.89,4.5,8.5,8.0,0.412,0.2,Q3,2025
Mandurriao - CBD Fringe,Iloilo,184.0,3,2,9894048.0,53772.0,Condo,12.3,4.4,8.5,8.0,0.416,0.1735,Q2,2025
Mandurriao - CBD Fringe,Iloilo,116.0,2,2,7083656.0,61066.0,Condo,12.03,4.0,8.5,8.0,0.3,0.2,Q3,2024
Mandurriao - CBD Fringe,Iloilo,139.0,1,1,9244890.0,66510.0,Condo,11.51,4.9,8.5,8.0,0.068,0.2,Q1,2025
Mandurriao - CBD Fringe,Iloilo,239.0,5,5,15703017.0,65703.0,Townhouse,12.27,4.0,8.5,8.0,0.227,0.2,Q3,2025
Mandurriao - CBD Fringe,Iloilo,125.0,3,3,8538125.0,68305.0,House,12.06,3.9,8.5,8.0,0.125,0.2,Q1,2024
Mandurriao - CBD Fringe,Iloilo,30.0,4,3,1503090.0,50103.0,Lot,13.04,5.2,8.5,8.0,0.401,0.2,Q3,2024
Mandurriao - CBD Fringe,Iloilo,121.0,2,2,7716170.0,63770.0,Condo,12.58,4.7,8.5,8.0,0.08,0.1538,Q1,2025
Mandurriao - CBD Fringe,Iloilo,124.0,1,1,8192556.0,66069.0,House,12.28,4.4,8.5,8.0,0.043,0.2,Q4,2025
Mandurriao - CBD Fringe,Iloilo,131.0,3,3,7763191.0,59261.0,House,12.1,4.9,8.5,8.0,0.323,0.1709,Q4,2024
Mandurriao - CBD Fringe,Iloilo,43.0,3,3,2446442.0,56894.0,Condo,12.07,4.5,8.5,8.0,0.215,0.1464,Q3,2024
Mandurriao - CBD Fringe,Iloilo,57.0,1,1,3142467.0,55131.0,Condo,11.6,4.7,8.5,8.0,0.38,0.2,Q4,2024
Mandurriao - CBD Fringe,Iloilo,107.0,4,4,7035464.0,65752.0,House,11.3,4.0,8.5,8.0,0.052,0.1586,Q4,2025
Mandurriao - CBD Fringe,Iloilo,133.0,3,3,7339605.0,55185.0,Townhouse,11.65,5.7,8.5,8.0,0.364,0.1477,Q1,2025
Mandurriao - CBD Fringe,Iloilo,32.0,3,2,2009216.0,62788.0,House,11.98,4.2,8.5,8.0,0.036,0.2,Q3,2024
Mandurriao - CBD Fringe,Iloilo,124.0,2,2,8234468.0,66407.0,Condo,11.16,5.4,8.5,8.0,0.032,0.1781,Q2,2025
Mandurriao - CBD Fringe,Iloilo,106.0,3,3,6464516.0,60986.0,Lot,11.78,4.4,8.5,8.0,0.218,0.1472,Q4,2025
Mandurriao - CBD Fringe,Iloilo,33.0,2,2,2101869.0,63693.0,Condo,11.9,5.0,8.5,8.0,0.115,0.2,Q4,2024
Mandurriao - CBD Fringe,Iloilo,88.0,5,4,5028760.0,57145.0,Lot,11.91,4.9,8.5,8.0,0.275,0.2,Q4,2024
Mandurriao - CBD Fringe,Iloilo,95.0,2,2,6483275.0,68245.0,Townhouse,11.74,5.2,8.5,8.0,0.031,0.2,Q2,2024
Mandurriao - CBD Fringe,Iloilo,61.0,2,1,3749365.0,61465.0,Townhouse,11.86,4.0,8.5,8.0,0.035,0.1509,Q1,2024
Mandurriao - CBD Fringe,Iloilo,216.0,1,1,13067136.0,60496.0,Townhouse,12.69,5.1,8.5,8.0,0.333,0.2,Q1,2024
Mandurriao - CBD Fringe,Iloilo,43.0,3,2,2724609.0,63363.0,Condo,12.26,5.6,8.5,8.0,0.11,0.2,Q1,2025
Mandurriao - CBD Fringe,Iloilo,172.0,5,4,9881056.0,57448.0,House,11.78,4.3,8.5,8.0,0.302,0.1518,Q4,2025
Mandurriao - CBD Fringe,Iloilo,194.0,4,4,10946838.0,56427.0,Townhouse,11.97,4.5,8.5,8.0,0.342,0.1596,Q3,2024
Mandurriao - CBD Fringe,Iloilo,230.0,3,2,14985880.0,65156.0,House,11.99,4.2,8.5,8.0,0.046,0.1254,Q2,2025
Mandurriao - CBD Fringe,Iloilo,164.0,5,4,9133160.0,55690.0,Condo,11.69,4.3,8.5,8.0,0.351,0.2,Q2,2025
Mandurriao - CBD Fringe,Iloilo,163.0,3,3,10487420.0,64340.0,Condo,11.69,5.5,8.5,8.0,0.135,0.1574,Q1,2024
Mandurriao - CBD Fringe,Iloilo,219.0,2,2,14784252.0,67508.0,Condo,12.4,3.9,8.5,8.0,0.188,0.2,Q3,2024
Mandurriao - CBD Fringe,Iloilo,242.0,3,2,17313406.0,71543.0,House,11.83,3.9,8.5,8.0,0.057,0.2,Q2,2025
Mandurriao - CBD Fringe,Iloilo,78.0,1,1,4199754.0,53843.0,House,11.56,5.5,8.5,8.0,0.381,0.1597,Q4,2025
Mandurriao - CBD Fringe,Iloilo,227.0,2,2,14994939.0,66057.0,Townhouse,11.98,4.9,8.5,8.0,0.261,0.2,Q1,2024
Mandurriao - CBD Fringe,Iloilo,142.0,2,2,8836944.0,62232.0,Townhouse,12.05,5.8,8.5,8.0,0.237,0.1603,Q4,2025
Mandurriao - CBD Fringe,Iloilo,50.0,2,1,2274350.0,45487.0,House,11.21,4.2,8.5,8.0,0.436,0.128,Q1,2025
Mandurriao - CBD Fringe,Iloilo,181.0,5,4,11821472.0,65312.0,Condo,11.98,4.6,8.5,8.0,0.164,0.2,Q2,2025
Mandurriao - CBD Fringe,Iloilo,274.0,5,5,17248026.0,62949.0,House,12.35,4.1,8.5,8.0,0.403,0.1972,Q2,2025
Mandurriao - CBD Fringe,Iloilo,60.0,2,2,3128580.0,52143.0,Condo,12.18,4.6,8.5,8.0,0.329,0.2,Q3,2024
Mandurriao - CBD Fringe,Iloilo,28.0,3,2,1420384.0,50728.0,Condo,12.89,3.4,8.5,8.0,0.419,0.2,Q3,2024
Mandurriao - CBD Fringe,Iloilo,258.0,2,2,14677620.0,56890.0,Condo,12.5,4.9,8.5,8.0,0.41,0.1512,Q1,2024
Mandurriao - CBD Fringe,Iloilo,177.0,1,1,10451850.0,59050.0,Condo,12.58,4.7,8.5,8.0,0.446,0.1999,Q2,2025
Mandurriao - CBD Fringe,Iloilo,80.0,2,2,4924160.0,61552.0,Condo,13.12,4.5,8.5,8.0,0.077,0.1588,Q3,2025
Mandurriao - CBD Fringe,Iloilo,227.0,2,2,14674869.0,64647.0,House,12.3,4.3,8.5,8.0,0.362,0.2,Q2,2025
Mandurriao - CBD Fringe,Iloilo,125.0,2,2,6747625.0,53981.0,Condo,12.07,4.0,8.5,8.0,0.366,0.2,Q1,2024
Mandurriao - CBD Fringe,Iloilo,109.0,2,2,6124601.0,56189.0,Condo,12.39,4.9,8.5,8.0,0.297,0.1818,Q1,2024
Mandurriao - CBD Fringe,Iloilo,98.0,1,1,6300420.0,64290.0,Condo,11.78,3.8,8.5,8.0,0.14,0.2,Q3,2024
Mandurriao - CBD Fringe,Iloilo,177.0,2,2,10656639.0,60207.0,House,12.04,4.8,8.5,8.0,0.435,0.2,Q2,2024
Mandurriao - CBD Fringe,Iloilo,59.0,4,3,4011056.0,67984.0,House,11.74,5.7,8.5,8.0,0.108,0.2,Q3,2024
Mandurriao - CBD Fringe,Iloilo,117.0,1,1,6790914.0,58042.0,Condo,12.16,5.4,8.5,8.0,0.235,0.1383,Q1,2025
Mandurriao - CBD Fringe,Iloilo,102.0,2,2,6057576.0,59388.0,Condo,11.74,3.6,8.5,8.0,0.244,0.1287,Q3,2024
Mandurriao - CBD Fringe,Iloilo,40.0,3,2,2327200.0,58180.0,Lot,11.73,4.2,8.5,8.0,0.09,0.144,Q1,2025
Mandurriao - CBD Fringe,Iloilo,219.0,2,1,14284713.0,65227.0,House,12.17,4.8,8.5,8.0,0.331,0.1907,Q3,2025
Mandurriao - CBD Fringe,Iloilo,27.0,3,2,1645974.0,60962.0,House,11.94,4.5,8.5,8.0,0.058,0.2,Q4,2025
Mandurriao - CBD Fringe,Iloilo,269.0,1,1,16957222.0,63038.0,House,11.23,3.7,8.5,8.0,0.318,0.1477,Q2,2024
Molo - Heritage District,Iloilo,154.0,3,3,6620922.0,42993.0,Condo,5.13,4.3,6.5,5.8,0.233,0.1262,Q4,2025
Molo - Heritage District,Iloilo,177.0,5,4,7564449.0,42737.0,House,4.67,5.9,6.5,5.8,0.342,0.1171,Q3,2025
Molo - Heritage District,Iloilo,59.0,3,2,2642138.0,44782.0,Condo,5.0,4.8,6.5,5.8,0.1,0.1715,Q3,2025
Molo - Heritage District,Iloilo,88.0,3,2,3618120.0,41115.0,House,5.12,5.1,6.5,5.8,0.447,0.1994,Q3,2025
Molo - Heritage District,Iloilo,213.0,2,1,10890264.0,51128.0,Condo,4.33,4.7,6.5,5.8,0.089,0.1263,Q4,2025
Molo - Heritage District,Iloilo,262.0,1,1,13060176.0,49848.0,Lot,4.92,3.9,6.5,5.8,0.278,0.1289,Q4,2024
Molo - Heritage District,Iloilo,27.0,2,2,954747.0,35361.0,House,4.88,5.6,6.5,5.8,0.419,0.1917,Q4,2024
Molo - Heritage District,Iloilo,130.0,3,3,5211570.0,40089.0,Condo,5.41,3.7,6.5,5.8,0.378,0.1963,Q4,2024
Molo - Heritage District,Iloilo,249.0,3,2,12400449.0,49801.0,Condo,4.26,4.7,6.5,5.8,0.299,0.1987,Q4,2024
Molo - Heritage District,Iloilo,98.0,2,1,3574648.0,36476.0,Condo,4.85,5.0,6.5,5.8,0.328,0.1256,Q2,2024
Molo - Heritage District,Iloilo,139.0,3,3,6523548.0,46932.0,House,4.81,5.1,6.5,5.8,0.078,0.1052,Q3,2024
Molo - Heritage District,Iloilo,255.0,2,1,13770510.0,54002.0,Lot,5.38,4.6,6.5,5.8,0.024,0.1429,Q3,2025
Molo - Heritage District,Iloilo,272.0,2,2,13211856.0,48573.0,Condo,4.98,3.9,6.5,5.8,0.207,0.1259,Q1,2024
Molo - Heritage District,Iloilo,192.0,4,4,10345728.0,53884.0,House,5.72,4.5,6.5,5.8,0.058,0.1952,Q3,2024
Molo - Heritage District,Iloilo,202.0,2,2,8878304.0,43952.0,House,5.26,4.6,6.5,5.8,0.174,0.0953,Q3,2024
Molo - Heritage District,Iloilo,181.0,2,2,9245299.0,51079.0,Condo,4.84,4.5,6.5,5.8,0.116,0.1657,Q3,2024
Molo - Heritage District,Iloilo,97.0,2,2,3788626.0,39058.0,House,5.1,5.6,6.5,5.8,0.414,0.1978,Q4,2025
Molo - Heritage District,Iloilo,251.0,2,2,12411448.0,49448.0,Condo,4.86,4.3,6.5,5.8,0.398,0.2,Q3,2024
Molo - Heritage District,Iloilo,33.0,3,3,1168497.0,35409.0,Condo,5.34,5.2,6.5,5.8,0.372,0.1676,Q4,2024
Molo - Heritage District,Iloilo,39.0,5,4,1571037.0,40283.0,Condo,4.47,5.1,6.5,5.8,0.327,0.2,Q4,2025
Molo - Heritage District,Iloilo,178.0,3,2,8569276.0,48142.0,Lot,4.67,5.6,6.5,5.8,0.086,0.0999,Q4,2024
Molo - Heritage District,Iloilo,238.0,3,2,12955530.0,54435.0,Condo,5.18,4.9,6.5,5.8,0.041,0.1333,Q2,2024
Molo - Heritage District,Iloilo,232.0,2,1,10348592.0,44606.0,Condo,5.49,5.5,6.5,5.8,0.301,0.092,Q1,2025
Molo - Heritage District,Iloilo,197.0,3,3,8864803.0,44999.0,House,4.12,4.9,6.5,5.8,0.296,0.2,Q2,2024
Molo - Heritage District,Iloilo,120.0,2,1,5828640.0,48572.0,Lot,5.55,5.3,6.5,5.8,0.179,0.1974,Q3,2025
Molo - Heritage District,Iloilo,116.0,1,1,4636404.0,39969.0,House,4.94,4.1,6.5,5.8,0.223,0.0943,Q4,2025
Molo - Heritage District,Iloilo,133.0,4,3,5568976.0,41872.0,Condo,4.25,3.4,6.5,5.8,0.23,0.0931,Q4,2025
Molo - Heritage District,Iloilo,90.0,2,2,4076100.0,45290.0,House,3.8,5.2,6.5,5.8,0.123,0.1342,Q3,2024
Molo - Heritage District,Iloilo,131.0,2,2,5670597.0,43287.0,Condo,4.39,5.3,6.5,5.8,0.155,0.1215,Q3,2025
Molo - Heritage District,Iloilo,51.0,1,1,2094417.0,41067.0,House,4.99,5.3,6.5,5.8,0.2,0.1908,Q4,2025
Molo - Heritage District,Iloilo,106.0,4,3,4275510.0,40335.0,Condo,4.97,4.7,6.5,5.8,0.279,0.1099,Q3,2024
Molo - Heritage District,Iloilo,264.0,2,1,12344904.0,46761.0,Condo,5.25,5.9,6.5,5.8,0.431,0.1842,Q1,2025
Molo - Heritage District,Iloilo,205.0,2,2,9991290.0,48738.0,Condo,4.78,4.7,6.5,5.8,0.252,0.1563,Q3,2024
Molo - Heritage District,Iloilo,61.0,4,4,2245471.0,36811.0,House,4.56,5.3,6.5,5.8,0.334,0.1355,Q2,2025
Molo - Heritage District,Iloilo,98.0,2,2,3782408.0,38596.0,Condo,4.83,5.4,6.5,5.8,0.367,0.1082,Q3,2025
Molo - Heritage District,Iloilo,91.0,4,4,4510506.0,49566.0,Condo,5.01,6.0,6.5,5.8,0.069,0.2,Q3,2024
Molo - Heritage District,Iloilo,96.0,2,1,3959232.0,41242.0,House,5.09,4.8,6.5,5.8,0.301,0.1638,Q2,2024
Molo - Heritage District,Iloilo,201.0,3,3,9291426.0,46226.0,Townhouse,4.68,4.6,6.5,5.8,0.227,0.1428,Q2,2025
Molo - Heritage District,Iloilo,253.0,5,5,12170312.0,48104.0,Condo,5.36,4.1,6.5,5.8,0.266,0.1347,Q1,2024
Molo - Heritage District,Iloilo,206.0,3,3,11816778.0,57363.0,House,4.75,5.9,6.5,5.8,0.037,0.1977,Q2,2024
Molo - Heritage District,Iloilo,149.0,3,3,6248762.0,41938.0,House,4.65,5.3,6.5,5.8,0.41,0.1878,Q4,2024
Molo - Heritage District,Iloilo,65.0,2,1,2480270.0,38158.0,Condo,4.78,5.3,6.5,5.8,0.43,0.1866,Q3,2025
Molo - Heritage District,Iloilo,61.0,3,2,2884019.0,47279.0,Lot,5.43,6.9,6.5,5.8,0.021,0.1636,Q4,2024
Molo - Heritage District,Iloilo,232.0,4,4,12615232.0,54376.0,Townhouse,4.95,5.2,6.5,5.8,0.112,0.1957,Q4,2024
Molo - Heritage District,Iloilo,197.0,3,3,10242621.0,51993.0,Condo,4.72,4.2,6.5,5.8,0.097,0.1263,Q4,2025
Molo - Heritage District,Iloilo,155.0,4,3,6945395.0,44809.0,Condo,5.37,4.9,6.5,5.8,0.356,0.1739,Q1,2024
Molo - Heritage District,Iloilo,172.0,3,2,7528956.0,43773.0,Condo,5.86,4.4,6.5,5.8,0.277,0.1387,Q2,2024
Molo - Heritage District,Iloilo,241.0,3,3,12898561.0,53521.0,Condo,5.08,4.8,6.5,5.8,0.096,0.1617,Q1,2024
Molo - Heritage District,Iloilo,232.0,2,1,10711672.0,46171.0,House,5.49,4.8,6.5,5.8,0.37,0.2,Q1,2025
Molo - Heritage District,Iloilo,47.0,3,3,2016065.0,42895.0,Lot,5.41,4.6,6.5,5.8,0.172,0.2,Q1,2025
Molo - Heritage District,Iloilo,125.0,4,4,5500250.0,44002.0,Townhouse,4.76,4.2,6.5,5.8,0.218,0.1514,Q2,2024
Molo - Heritage District,Iloilo,35.0,3,3,1486415.0,42469.0,Condo,5.01,6.0,6.5,5.8,0.187,0.1586,Q1,2024
Molo - Heritage District,Iloilo,123.0,2,2,5744961.0,46707.0,Condo,4.49,5.2,6.5,5.8,0.244,0.1968,Q4,2024
Molo - Heritage District,Iloilo,187.0,3,3,8803586.0,47078.0,Condo,4.92,4.9,6.5,5.8,0.226,0.2,Q3,2025
Molo - Heritage District,Iloilo,78.0,3,2,3667326.0,47017.0,House,4.75,5.5,6.5,5.8,0.138,0.1828,Q3,2024
Molo - Heritage District,Iloilo,63.0,4,4,2437344.0,38688.0,Condo,4.84,5.3,6.5,5.8,0.203,0.0987,Q3,2024
Molo - Heritage District,Iloilo,150.0,2,2,5629050.0,37527.0,Lot,4.7,5.2,6.5,5.8,0.411,0.129,Q4,2025
Molo - Heritage District,Iloilo,158.0,1,1,7854496.0,49712.0,Townhouse,4.89,5.4,6.5,5.8,0.236,0.1967,Q1,2024
Molo - Heritage District,Iloilo,207.0,2,2,9697950.0,46850.0,Condo,5.21,5.1,6.5,5.8,0.414,0.1816,Q2,2024
Molo - Heritage District,Iloilo,28.0,1,1,1119048.0,39966.0,House,4.95,5.4,6.5,5.8,0.257,0.1785,Q2,2024
Molo - Heritage District,Iloilo,88.0,5,5,3612488.0,41051.0,House,4.25,5.5,6.5,5.8,0.351,0.1697,Q3,2025
Molo - Heritage District,Iloilo,223.0,2,1,11483385.0,51495.0,Townhouse,4.7,5.1,6.5,5.8,0.146,0.1399,Q3,2024
Molo - Heritage District,Iloilo,198.0,3,2,9046422.0,45689.0,House,4.39,4.9,6.5,5.8,0.36,0.1385,Q4,2025
Molo - Heritage District,Iloilo,254.0,2,2,14185392.0,55848.0,Condo,5.1,5.9,6.5,5.8,0.134,0.1863,Q3,2024
Molo - Heritage District,Iloilo,232.0,2,1,11696512.0,50416.0,House,5.2,4.7,6.5,5.8,0.028,0.1256,Q1,2024
Molo - Heritage District,Iloilo,238.0,5,5,13650966.0,57357.0,Condo,5.1,5.2,6.5,5.8,0.089,0.1717,Q3,2025
Molo - Heritage District,Iloilo,155.0,2,1,8283045.0,53439.0,House,4.69,5.2,6.5,5.8,0.029,0.1766,Q4,2025
Molo - Heritage District,Iloilo,269.0,1,1,12489939.0,46431.0,Condo,5.1,4.6,6.5,5.8,0.427,0.1905,Q3,2025
Molo - Heritage District,Iloilo,131.0,2,1,4600065.0,35115.0,House,4.81,4.5,6.5,5.8,0.45,0.1287,Q3,2025
Molo - Heritage District,Iloilo,255.0,5,4,12529425.0,49135.0,Townhouse,4.54,4.8,6.5,5.8,0.348,0.1784,Q1,2024
Molo - Heritage District,Iloilo,124.0,5,5,5551852.0,44773.0,Condo,5.3,4.7,6.5,5.8,0.066,0.1036,Q1,2025
Molo - Heritage District,Iloilo,138.0,2,2,5191284.0,37618.0,Condo,5.33,4.1,6.5,5.8,0.407,0.1073,Q1,2024
Molo - Heritage District,Iloilo,199.0,3,3,8934702.0,44898.0,House,5.38,4.6,6.5,5.8,0.34,0.1402,Q1,2024
Molo - Heritage District,Iloilo,126.0,1,1,5284062.0,41937.0,Condo,4.76,5.2,6.5,5.8,0.163,0.0975,Q2,2025
Molo - Heritage District,Iloilo,62.0,3,3,2538032.0,40936.0,House,5.47,5.8,6.5,5.8,0.236,0.2,Q4,2025
Molo - Heritage District,Iloilo,253.0,1,1,12920710.0,51070.0,House,4.8,5.3,6.5,5.8,0.305,0.1973,Q2,2024
Molo - Heritage District,Iloilo,140.0,4,3,6314000.0,45100.0,Condo,5.26,3.4,6.5,5.8,0.03,0.0968,Q3,2024
Molo - Heritage District,Iloilo,261.0,4,3,13704588.0,52508.0,Townhouse,4.8,5.4,6.5,5.8,0.236,0.1898,Q4,2025
Molo - Heritage District,Iloilo,126.0,2,2,4839282.0,38407.0,House,4.91,4.7,6.5,5.8,0.335,0.151,Q4,2024
Molo - Heritage District,Iloilo,273.0,2,2,15078609.0,55233.0,House,4.03,5.3,6.5,5.8,0.101,0.1737,Q3,2024
Molo - Heritage District,Iloilo,178.0,1,1,8905340.0,50030.0,Condo,4.88,5.0,6.5,5.8,0.211,0.1955,Q4,2024
Molo - Heritage District,Iloilo,220.0,2,2,10812340.0,49147.0,Condo,5.04,4.9,6.5,5.8,0.249,0.159,Q2,2024
Molo - Heritage District,Iloilo,217.0,1,1,9079714.0,41842.0,Condo,4.84,4.9,6.5,5.8,0.336,0.1047,Q2,2024
Molo - Heritage District,Iloilo,76.0,2,2,2343992.0,30842.0,Lot,5.7,5.0,6.5,5.8,0.435,0.0913,Q2,2025
Molo - Heritage District,Iloilo,232.0,5,4,10521664.0,45352.0,Townhouse,4.54,5.8,6.5,5.8,0.385,0.1496,Q4,2024
Molo - Heritage District,Iloilo,265.0,1,1,13878845.0,52373.0,Townhouse,4.77,5.0,6.5,5.8,0.287,0.2,Q2,2024
Molo - Heritage District,Iloilo,193.0,4,3,9134497.0,47329.0,Condo,4.64,5.7,6.5,5.8,0.271,0.1585,Q4,2025
Molo - Heritage District,Iloilo,266.0,1,1,12768266.0,48001.0,House,4.77,5.6,6.5,5.8,0.279,0.135,Q1,2024
Molo - Heritage District,Iloilo,240.0,3,3,11192160.0,46634.0,Townhouse,5.41,5.4,6.5,5.8,0.254,0.0946,Q1,2025
Molo - Heritage District,Iloilo,194.0,2,1,10851196.0,55934.0,House,5.59,3.9,6.5,5.8,0.046,0.1988,Q3,2025
Molo - Heritage District,Iloilo,146.0,4,4,6130394.0,41989.0,Condo,4.72,5.7,6.5,5.8,0.32,0.1296,Q4,2025
Molo - Heritage District,Iloilo,243.0,2,2,10958328.0,45096.0,Townhouse,4.71,4.7,6.5,5.8,0.328,0.1741,Q3,2025
Molo - Heritage District,Iloilo,72.0,2,1,3045888.0,42304.0,Condo,4.54,5.4,6.5,5.8,0.24,0.1728,Q2,2025
Molo - Heritage District,Iloilo,168.0,3,2,7248528.0,43146.0,Condo,5.52,4.4,6.5,5.8,0.394,0.1209,Q1,2025
Molo - Heritage District,Iloilo,233.0,3,3,9727517.0,41749.0,Lot,5.45,4.3,6.5,5.8,0.309,0.0985,Q2,2025
Molo - Heritage District,Iloilo,265.0,3,3,13755090.0,51906.0,House,4.96,6.2,6.5,5.8,0.176,0.1364,Q2,2024
Molo - Heritage District,Iloilo,93.0,1,1,4229733.0,45481.0,Condo,4.44,4.4,6.5,5.8,0.028,0.1284,Q2,2025
Molo - Heritage District,Iloilo,48.0,2,1,2214096.0,46127.0,House,4.48,5.7,6.5,5.8,0.045,0.1735,Q4,2025
Molo - Heritage District,Iloilo,110.0,4,4,5102680.0,46388.0,Lot,5.07,5.1,6.5,5.8,0.171,0.1876,Q4,2024
Molo - Heritage District,Iloilo,245.0,3,3,12254410.0,50018.0,Condo,5.22,4.7,6.5,5.8,0.219,0.1172,Q4,2025
Molo - Heritage District,Iloilo,158.0,3,3,7765226.0,49147.0,Townhouse,4.17,5.0,6.5,5.8,0.092,0.1533,Q1,2024
Molo - Heritage District,Iloilo,39.0,2,1,1628445.0,41755.0,Condo,4.87,4.2,6.5,5.8,0.101,0.0958,Q1,2024
Molo - Heritage District,Iloilo,55.0,2,1,2251480.0,40936.0,Condo,5.65,5.0,6.5,5.8,0.119,0.1163,Q2,2025
Molo - Heritage District,Iloilo,111.0,4,4,4448658.0,40078.0,Condo,4.91,4.4,6.5,5.8,0.356,0.1808,Q3,2024
Molo - Heritage District,Iloilo,112.0,3,3,4474736.0,39953.0,House,5.6,4.8,6.5,5.8,0.352,0.1845,Q3,2024
Molo - Heritage District,Iloilo,59.0,1,1,2360472.0,40008.0,Condo,5.26,5.6,6.5,5.8,0.185,0.1825,Q2,2024
Molo - Heritage District,Iloilo,151.0,4,4,7085977.0,46927.0,Condo,4.57,5.2,6.5,5.8,0.094,0.1078,Q1,2025
Molo - Heritage District,Iloilo,147.0,3,2,7665903.0,52149.0,House,4.88,4.1,6.5,5.8,0.068,0.1559,Q2,2024
Molo - Heritage District,Iloilo,75.0,2,1,3454725.0,46063.0,House,4.95,5.5,6.5,5.8,0.057,0.1408,Q4,2025
Molo - Heritage District,Iloilo,84.0,2,1,3874668.0,46127.0,House,4.62,5.0,6.5,5.8,0.188,0.2,Q4,2025
Molo - Heritage District,Iloilo,194.0,3,2,10068018.0,51897.0,Townhouse,4.61,4.7,6.5,5.8,0.04,0.1681,Q4,2025
Molo - Heritage District,Iloilo,267.0,2,1,14518125.0,54375.0,Condo,5.6,5.4,6.5,5.8,0.163,0.2,Q3,2025
Molo - Heritage District,Iloilo,279.0,3,2,12741651.0,45669.0,Condo,4.61,4.9,6.5,5.8,0.433,0.1081,Q1,2025
Molo - Heritage District,Iloilo,167.0,3,2,8035205.0,48115.0,House,5.43,4.3,6.5,5.8,0.238,0.1441,Q4,2024
Molo - Heritage District,Iloilo,34.0,2,2,1356600.0,39900.0,House,4.83,6.1,6.5,5.8,0.374,0.1819,Q1,2025
Molo - Heritage District,Iloilo,253.0,4,4,13791030.0,54510.0,Condo,4.99,5.0,6.5,5.8,0.076,0.1344,Q2,2024
Molo - Heritage District,Iloilo,267.0,2,2,14353920.0,53760.0,Condo,5.22,5.0,6.5,5.8,0.135,0.1655,Q4,2024
Molo - Heritage District,Iloilo,95.0,2,1,3538085.0,37243.0,Condo,4.76,4.8,6.5,5.8,0.427,0.1513,Q3,2024
Molo - Heritage District,Iloilo,127.0,3,3,5860034.0,46142.0,Condo,5.23,5.7,6.5,5.8,0.185,0.2,Q1,2025
Molo - Heritage District,Iloilo,31.0,3,2,1013452.0,32692.0,Lot,4.18,4.7,6.5,5.8,0.299,0.1115,Q3,2024
Molo - Heritage District,Iloilo,229.0,2,2,9890739.0,43191.0,House,5.18,4.1,6.5,5.8,0.44,0.2,Q1,2024
Molo - Heritage District,Iloilo,222.0,3,3,10469298.0,47159.0,Condo,4.01,4.6,6.5,5.8,0.257,0.1383,Q2,2024
Molo - Heritage District,Iloilo,30.0,4,3,1215240.0,40508.0,House,4.91,5.8,6.5,5.8,0.151,0.1462,Q4,2024
Molo - Heritage District,Iloilo,204.0,4,3,9134712.0,44778.0,House,5.34,5.5,6.5,5.8,0.249,0.1533,Q2,2024
Molo - Heritage District,Iloilo,130.0,4,4,6116240.0,47048.0,Condo,5.25,4.8,6.5,5.8,0.043,0.1223,Q4,2025
Molo - Heritage District,Iloilo,164.0,2,2,8519144.0,51946.0,Condo,4.48,5.8,6.5,5.8,0.068,0.2,Q3,2024
Molo - Heritage District,Iloilo,80.0,2,2,3773200.0,47165.0,House,4.53,5.4,6.5,5.8,0.023,0.1984,Q3,2024
Molo - Heritage District,Iloilo,232.0,3,3,10704480.0,46140.0,Condo,4.72,4.8,6.5,5.8,0.4,0.2,Q3,2024
Molo - Heritage District,Iloilo,128.0,1,1,5549312.0,43354.0,House,5.07,4.9,6.5,5.8,0.309,0.2,Q3,2024
San Fernando City,La Union,88.0,2,2,2390608.0,27166.0,Condo,5.23,3.6,7.2,4.0,0.037,0.1226,Q3,2024
San Fernando City,La Union,41.0,1,1,770923.0,18803.0,Condo,5.25,5.0,7.2,4.0,0.365,0.128,Q1,2025
San Fernando City,La Union,209.0,1,1,6210435.0,29715.0,Condo,5.36,5.5,7.2,4.0,0.232,0.0773,Q4,2025
San Fernando City,La Union,217.0,4,4,6540380.0,30140.0,Condo,5.12,6.2,7.2,4.0,0.333,0.0739,Q4,2025
San Fernando City,La Union,261.0,2,2,7720641.0,29581.0,Condo,4.53,6.2,7.2,4.0,0.343,0.0744,Q4,2024
San Fernando City,La Union,259.0,3,2,9003099.0,34761.0,House,5.28,4.4,7.2,4.0,0.238,0.0869,Q2,2024
San Fernando City,La Union,51.0,3,3,981393.0,19243.0,House,5.0,5.0,7.2,4.0,0.418,0.1206,Q2,2024
San Fernando City,La Union,183.0,2,2,4689192.0,25624.0,Condo,4.81,4.3,7.2,4.0,0.446,0.102,Q4,2024
San Fernando City,La Union,204.0,4,4,5940072.0,29118.0,House,4.88,6.1,7.2,4.0,0.174,0.0639,Q1,2025
San Fernando City,La Union,178.0,3,2,5623732.0,31594.0,Lot,4.72,5.8,7.2,4.0,0.074,0.0931,Q4,2024
San Fernando City,La Union,29.0,1,1,617178.0,21282.0,House,5.36,5.4,7.2,4.0,0.176,0.0655,Q3,2024
San Fernando City,La Union,36.0,3,3,788004.0,21889.0,Townhouse,4.43,5.3,7.2,4.0,0.116,0.0883,Q3,2024
San Fernando City,La Union,195.0,3,3,6350370.0,32566.0,House,4.6,6.0,7.2,4.0,0.248,0.0881,Q2,2025
San Fernando City,La Union,243.0,2,2,7995186.0,32902.0,Condo,4.87,5.9,7.2,4.0,0.183,0.1058,Q4,2024
San Fernando City,La Union,70.0,3,2,1626520.0,23236.0,Condo,5.65,5.9,7.2,4.0,0.227,0.0986,Q3,2025
San Fernando City,La Union,36.0,3,3,782316.0,21731.0,Lot,5.42,5.5,7.2,4.0,0.348,0.1221,Q1,2025
San Fernando City,La Union,128.0,2,2,3683712.0,28779.0,House,4.34,5.0,7.2,4.0,0.138,0.0602,Q3,2025
San Fernando City,La Union,104.0,5,5,2777320.0,26705.0,Townhouse,5.54,5.7,7.2,4.0,0.251,0.1148,Q4,2024
San Fernando City,La Union,275.0,3,2,8951525.0,32551.0,Lot,5.54,5.7,7.2,4.0,0.164,0.0606,Q1,2024
San Fernando City,La Union,261.0,3,2,8030187.0,30767.0,Condo,4.53,5.1,7.2,4.0,0.358,0.081,Q3,2024
San Fernando City,La Union,167.0,1,1,4356696.0,26088.0,Condo,3.99,5.0,7.2,4.0,0.295,0.1225,Q1,2025
San Fernando City,La Union,267.0,2,1,10213017.0,38251.0,House,4.97,5.9,7.2,4.0,0.024,0.1088,Q3,2025
San Fernando City,La Union,83.0,2,2,1719179.0,20713.0,Condo,5.45,6.2,7.2,4.0,0.304,0.0714,Q4,2024
San Fernando City,La Union,277.0,3,2,9672563.0,34919.0,House,5.64,4.8,7.2,4.0,0.093,0.0944,Q2,2024
San Fernando City,La Union,138.0,3,3,3542322.0,25669.0,Townhouse,4.65,5.0,7.2,4.0,0.332,0.1111,Q1,2024
San Fernando City,La Union,146.0,3,3,4104644.0,28114.0,House,5.7,5.4,7.2,4.0,0.264,0.1266,Q1,2025
San Fernando City,La Union,37.0,2,2,836829.0,22617.0,Condo,4.11,5.5,7.2,4.0,0.193,0.1048,Q3,2024
San Fernando City,La Union,70.0,3,2,1578990.0,22557.0,House,4.85,4.9,7.2,4.0,0.318,0.0608,Q4,2024
San Fernando City,La Union,74.0,4,4,1646796.0,22254.0,Condo,4.83,6.3,7.2,4.0,0.388,0.095,Q2,2025
San Fernando City,La Union,149.0,3,3,3779385.0,25365.0,Townhouse,5.46,5.5,7.2,4.0,0.355,0.07,Q4,2024
San Fernando City,La Union,73.0,3,3,1529788.0,20956.0,Condo,5.52,5.5,7.2,4.0,0.255,0.0624,Q2,2024
San Fernando City,La Union,51.0,4,3,1184067.0,23217.0,Townhouse,5.38,6.3,7.2,4.0,0.331,0.1022,Q1,2024
San Fernando City,La Union,179.0,1,1,5213196.0,29124.0,House,4.46,4.9,7.2,4.0,0.198,0.115,Q3,2024
San Fernando City,La Union,247.0,3,2,7665892.0,31036.0,Condo,5.35,5.1,7.2,4.0,0.359,0.0616,Q4,2025
San Fernando City,La Union,42.0,5,5,932610.0,22205.0,House,5.2,4.4,7.2,4.0,0.376,0.1155,Q2,2024
San Fernando City,La Union,167.0,3,3,5309097.0,31791.0,Condo,4.33,5.1,7.2,4.0,0.079,0.11,Q4,2024
San Fernando City,La Union,269.0,2,1,9848628.0,36612.0,House,4.17,4.3,7.2,4.0,0.122,0.1133,Q3,2024
San Fernando City,La Union,128.0,5,5,3084544.0,24098.0,Townhouse,5.42,5.6,7.2,4.0,0.136,0.0767,Q2,2024
San Fernando City,La Union,71.0,2,1,1803329.0,25399.0,Townhouse,4.93,5.5,7.2,4.0,0.091,0.0874,Q3,2025
San Fernando City,La Union,45.0,2,2,1046385.0,23253.0,Condo,4.49,5.0,7.2,4.0,0.189,0.0676,Q2,2025
San Fernando City,La Union,263.0,2,2,9359907.0,35589.0,House,4.92,5.1,7.2,4.0,0.103,0.0762,Q1,2024
San Fernando City,La Union,128.0,2,1,3071744.0,23998.0,Townhouse,5.15,5.7,7.2,4.0,0.276,0.0808,Q4,2024
San Fernando City,La Union,51.0,2,1,1238076.0,24276.0,Townhouse,4.97,4.5,7.2,4.0,0.064,0.082,Q2,2024
San Fernando City,La Union,245.0,2,1,7448735.0,30403.0,Condo,4.38,5.3,7.2,4.0,0.136,0.0716,Q3,2024
San Fernando City,La Union,229.0,4,4,6870916.0,30004.0,Condo,5.75,5.6,7.2,4.0,0.306,0.0726,Q3,2024
San Fernando City,La Union,204.0,2,2,5959860.0,29215.0,Lot,5.4,4.1,7.2,4.0,0.191,0.124,Q1,2025
San Fernando City,La Union,46.0,3,2,1136062.0,24697.0,Condo,4.87,5.6,7.2,4.0,0.201,0.1156,Q3,2024
San Fernando City,La Union,46.0,4,4,953534.0,20729.0,Condo,4.88,4.2,7.2,4.0,0.363,0.0839,Q2,2024
San Fernando City,La Union,80.0,4,3,1672400.0,20905.0,Townhouse,5.14,5.1,7.2,4.0,0.443,0.1274,Q3,2024
San Fernando City,La Union,65.0,2,2,1462435.0,22499.0,Condo,4.55,4.5,7.2,4.0,0.263,0.0762,Q2,2025
San Fernando City,La Union,160.0,1,1,4901440.0,30634.0,Townhouse,5.13,6.1,7.2,4.0,0.054,0.0883,Q4,2024
San Fernando City,La Union,125.0,3,2,3707375.0,29659.0,Condo,4.47,4.5,7.2,4.0,0.064,0.1177,Q1,2025
San Fernando City,La Union,220.0,4,4,5704380.0,25929.0,House,4.97,4.2,7.2,4.0,0.436,0.091,Q1,2024
San Fernando City,La Union,50.0,3,2,1065400.0,21308.0,Lot,4.53,5.3,7.2,4.0,0.312,0.0759,Q2,2025
San Fernando City,La Union,210.0,2,2,5571510.0,26531.0,Lot,4.55,5.0,7.2,4.0,0.344,0.0856,Q1,2025
San Fernando City,La Union,263.0,3,3,7747980.0,29460.0,Lot,5.66,4.3,7.2,4.0,0.311,0.0951,Q1,2024
San Fernando City,La Union,58.0,3,3,1463340.0,25230.0,Townhouse,5.02,5.5,7.2,4.0,0.097,0.1038,Q3,2024
San Fernando City,La Union,191.0,3,3,5530405.0,28955.0,Condo,5.08,4.0,7.2,4.0,0.213,0.0883,Q4,2024
San Fernando City,La Union,154.0,4,4,3932852.0,25538.0,Lot,4.2,4.6,7.2,4.0,0.363,0.0901,Q3,2025
San Fernando City,La Union,49.0,3,2,905422.0,18478.0,Lot,4.76,4.9,7.2,4.0,0.393,0.078,Q2,2025
San Fernando City,La Union,99.0,3,3,2861001.0,28899.0,House,5.18,5.7,7.2,4.0,0.122,0.0976,Q4,2024
San Fernando City,La Union,225.0,3,2,6810525.0,30269.0,Condo,5.08,6.0,7.2,4.0,0.276,0.0748,Q2,2024
San Fernando City,La Union,246.0,3,3,8836074.0,35919.0,Condo,4.14,5.9,7.2,4.0,0.088,0.1216,Q1,2024
San Fernando City,La Union,118.0,3,2,2747512.0,23284.0,House,5.08,5.1,7.2,4.0,0.432,0.1129,Q4,2024
San Fernando City,La Union,52.0,2,2,1279252.0,24601.0,House,5.15,3.7,7.2,4.0,0.128,0.0886,Q3,2025
San Fernando City,La Union,87.0,3,3,2071992.0,23816.0,Condo,5.51,5.4,7.2,4.0,0.332,0.1129,Q2,2024
San Fernando City,La Union,240.0,3,3,8035680.0,33482.0,Condo,4.74,6.1,7.2,4.0,0.119,0.0595,Q3,2024
San Fernando City,La Union,170.0,2,2,4823580.0,28374.0,House,4.1,5.9,7.2,4.0,0.285,0.0839,Q3,2025
San Fernando City,La Union,134.0,1,1,3149000.0,23500.0,Condo,4.6,5.5,7.2,4.0,0.303,0.0908,Q1,2025
San Fernando City,La Union,28.0,3,2,568204.0,20293.0,Lot,4.56,4.5,7.2,4.0,0.161,0.0929,Q1,2025
San Fernando City,La Union,224.0,3,3,6533408.0,29167.0,Condo,5.29,4.9,7.2,4.0,0.372,0.113,Q3,2024
San Fernando City,La Union,143.0,2,2,3664518.0,25626.0,Condo,3.91,6.4,7.2,4.0,0.401,0.1285,Q1,2025
San Fernando City,La Union,164.0,2,2,4216932.0,25713.0,Condo,4.82,4.3,7.2,4.0,0.388,0.0864,Q3,2024
San Fernando City,La Union,240.0,2,1,7792320.0,32468.0,Townhouse,5.57,4.5,7.2,4.0,0.162,0.0843,Q2,2024
San Fernando City,La Union,168.0,5,5,4639824.0,27618.0,Townhouse,5.0,5.8,7.2,4.0,0.34,0.103,Q1,2024
San Fernando City,La Union,261.0,4,3,7979031.0,30571.0,Condo,5.36,4.9,7.2,4.0,0.261,0.0793,Q3,2025
San Fernando City,La Union,167.0,3,3,4449715.0,26645.0,Condo,4.34,4.5,7.2,4.0,0.275,0.0692,Q2,2024
San Fernando City,La Union,112.0,2,1,2860816.0,25543.0,Condo,4.36,6.1,7.2,4.0,0.225,0.1284,Q2,2025
San Fernando City,La Union,260.0,3,2,8653320.0,33282.0,Condo,5.57,5.5,7.2,4.0,0.278,0.1174,Q1,2025
San Fernando City,La Union,188.0,3,2,5768780.0,30685.0,House,5.04,5.0,7.2,4.0,0.078,0.1281,Q3,2025
San Fernando City,La Union,218.0,5,4,6747318.0,30951.0,Condo,5.04,4.5,7.2,4.0,0.196,0.0747,Q4,2025
San Fernando City,La Union,82.0,1,1,1971936.0,24048.0,House,4.55,6.4,7.2,4.0,0.096,0.0603,Q3,2025
San Fernando City,La Union,196.0,1,1,6006616.0,30646.0,Condo,5.04,5.2,7.2,4.0,0.14,0.0905,Q1,2024
San Fernando City,La Union,167.0,3,3,5517012.0,33036.0,House,4.54,6.0,7.2,4.0,0.075,0.1264,Q4,2024
San Fernando City,La Union,51.0,2,2,1224918.0,24018.0,Condo,5.47,5.7,7.2,4.0,0.111,0.069,Q1,2025
San Fernando City,La Union,89.0,3,2,1739594.0,19546.0,Condo,6.09,4.9,7.2,4.0,0.356,0.0675,Q2,2024
San Fernando City,La Union,257.0,3,2,7865228.0,30604.0,Condo,5.19,4.9,7.2,4.0,0.256,0.064,Q1,2024
San Fernando City,La Union,170.0,1,1,5260990.0,30947.0,Condo,4.75,6.1,7.2,4.0,0.03,0.1142,Q4,2025
San Fernando City,La Union,222.0,2,2,6250188.0,28154.0,Condo,3.99,6.1,7.2,4.0,0.359,0.1157,Q1,2024
San Fernando City,La Union,68.0,3,3,1406308.0,20681.0,Lot,4.33,4.1,7.2,4.0,0.411,0.1092,Q3,2025
San Fernando City,La Union,80.0,4,3,1672800.0,20910.0,Condo,5.62,5.5,7.2,4.0,0.399,0.0628,Q1,2024
San Fernando City,La Union,265.0,2,2,8440515.0,31851.0,Condo,4.59,5.1,7.2,4.0,0.374,0.1112,Q1,2025
San Fernando City,La Union,132.0,2,1,3088800.0,23400.0,Condo,4.85,4.6,7.2,4.0,0.447,0.0914,Q3,2024
San Fernando City,La Union,251.0,3,3,7805096.0,31096.0,Townhouse,5.26,5.4,7.2,4.0,0.272,0.0704,Q4,2025
San Fernando City,La Union,231.0,2,1,6269109.0,27139.0,Lot,5.59,4.4,7.2,4.0,0.434,0.0803,Q1,2025
San Fernando City,La Union,110.0,3,3,2310770.0,21007.0,Townhouse,4.92,4.9,7.2,4.0,0.428,0.0952,Q1,2024
San Fernando City,La Union,267.0,3,3,8956782.0,33546.0,House,4.84,4.7,7.2,4.0,0.155,0.0828,Q2,2024
San Fernando City,La Union,223.0,2,2,6237087.0,27969.0,Townhouse,5.03,4.9,7.2,4.0,0.391,0.129,Q4,2024
San Fernando City,La Union,57.0,3,2,1124781.0,19733.0,Condo,4.75,5.2,7.2,4.0,0.361,0.0932,Q1,2024
San Fernando City,La Union,49.0,3,3,982548.0,20052.0,Townhouse,4.77,4.6,7.2,4.0,0.354,0.0858,Q1,2024
San Fernando City,La Union,57.0,2,1,1168101.0,20493.0,Townhouse,5.16,6.1,7.2,4.0,0.405,0.1076,Q2,2024
San Fernando City,La Union,213.0,3,3,7465437.0,35049.0,Condo,5.07,5.5,7.2,4.0,0.185,0.1059,Q2,2025
San Fernando City,La Union,61.0,4,3,1302838.0,21358.0,House,5.85,6.3,7.2,4.0,0.192,0.0592,Q1,2024
San Fernando City,La Union,97.0,3,2,2310055.0,23815.0,Condo,5.18,5.1,7.2,4.0,0.295,0.1036,Q3,2024
San Fernando City,La Union,135.0,2,2,3067470.0,22722.0,Condo,5.46,4.9,7.2,4.0,0.337,0.0766,Q3,2024
San Fernando City,La Union,59.0,3,2,1173038.0,19882.0,Townhouse,4.57,6.3,7.2,4.0,0.398,0.0861,Q1,2024
San Fernando City,La Union,109.0,2,1,2467324.0,22636.0,Condo,5.21,4.9,7.2,4.0,0.397,0.11,Q3,2024
San Fernando City,La Union,197.0,3,3,5755158.0,29214.0,House,4.71,5.1,7.2,4.0,0.33,0.0992,Q1,2025
San Fernando City,La Union,272.0,3,3,8063440.0,29645.0,Lot,5.16,5.6,7.2,4.0,0.431,0.0856,Q3,2025
San Fernando City,La Union,144.0,2,2,4049424.0,28121.0,House,5.28,4.5,7.2,4.0,0.097,0.0711,Q2,2024
San Fernando City,La Union,215.0,2,1,5841120.0,27168.0,Condo,5.02,5.6,7.2,4.0,0.429,0.0955,Q1,2025
San Fernando City,La Union,160.0,4,4,4643360.0,29021.0,House,5.96,5.6,7.2,4.0,0.048,0.082,Q1,2024
San Fernando City,La Union,143.0,2,2,3861000.0,27000.0,Townhouse,5.57,6.0,7.2,4.0,0.259,0.1249,Q4,2024
San Fernando City,La Union,157.0,4,3,4766520.0,30360.0,Condo,5.47,5.7,7.2,4.0,0.059,0.0975,Q3,2025
San Fernando City,La Union,269.0,3,3,9127439.0,33931.0,Condo,5.31,6.0,7.2,4.0,0.264,0.1215,Q3,2024
San Fernando City,La Union,40.0,3,2,916360.0,22909.0,House,5.71,5.1,7.2,4.0,0.188,0.0871,Q1,2024
San Fernando City,La Union,155.0,1,1,4787175.0,30885.0,Lot,4.43,4.7,7.2,4.0,0.055,0.1187,Q1,2025
San Fernando City,La Union,38.0,2,2,755022.0,19869.0,Condo,5.55,6.5,7.2,4.0,0.299,0.0631,Q1,2024
San Fernando City,La Union,248.0,2,2,6973760.0,28120.0,Condo,4.6,4.3,7.2,4.0,0.334,0.0805,Q2,2024
San Fernando City,La Union,178.0,3,3,5423482.0,30469.0,Lot,4.77,4.3,7.2,4.0,0.095,0.0646,Q2,2024
San Fernando City,La Union,37.0,5,4,691826.0,18698.0,Condo,5.22,5.5,7.2,4.0,0.319,0.0613,Q4,2025
San Fernando City,La Union,184.0,4,3,6122600.0,33275.0,Condo,5.49,6.2,7.2,4.0,0.097,0.1253,Q4,2025
San Fernando City,La Union,136.0,1,1,4239800.0,31175.0,House,4.54,5.3,7.2,4.0,0.079,0.1107,Q2,2025
San Fernando City,La Union,37.0,2,2,905057.0,24461.0,Condo,4.79,5.8,7.2,4.0,0.083,0.1041,Q2,2024
San Fernando City,La Union,274.0,2,2,8618396.0,31454.0,Condo,5.04,4.0,7.2,4.0,0.278,0.0974,Q2,2025
San Fernando City,La Union,121.0,5,4,2906662.0,24022.0,House,4.93,4.9,7.2,4.0,0.355,0.1001,Q3,2024
San Fernando City,La Union,31.0,2,2,651589.0,21019.0,House,5.34,4.1,7.2,4.0,0.277,0.1051,Q3,2024
San Fernando City,La Union,181.0,2,1,4912159.0,27139.0,House,6.37,5.7,7.2,4.0,0.368,0.1186,Q3,2024
San Fernando City,La Union,120.0,3,2,2941680.0,24514.0,Condo,5.17,4.3,7.2,4.0,0.274,0.1021,Q1,2025
San Fernando City,La Union,192.0,3,3,5438976.0,28328.0,House,4.71,4.4,7.2,4.0,0.363,0.113,Q2,2024
San Fernando City,La Union,66.0,2,2,1325412.0,20082.0,House,4.48,5.5,7.2,4.0,0.44,0.0793,Q4,2025
San Fernando City,La Union,236.0,3,3,7858800.0,33300.0,Townhouse,4.87,5.8,7.2,4.0,0.188,0.1295,Q2,2024
San Fernando City,La Union,132.0,1,1,3449688.0,26134.0,Townhouse,4.62,5.1,7.2,4.0,0.084,0.0613,Q1,2024
San Fernando City,La Union,132.0,1,1,3874464.0,29352.0,House,5.19,5.5,7.2,4.0,0.078,0.0869,Q1,2025
San Fernando City,La Union,229.0,1,1,7034193.0,30717.0,Townhouse,5.18,5.5,7.2,4.0,0.277,0.1226,Q1,2025
San Fernando City,La Union,164.0,2,2,4472280.0,27270.0,Townhouse,4.81,5.1,7.2,4.0,0.255,0.072,Q4,2024
San Fernando City,La Union,25.0,5,5,560500.0,22420.0,Condo,5.79,4.5,7.2,4.0,0.099,0.0692,Q1,2025
San Juan - Beach District,La Union,129.0,2,2,5391297.0,41793.0,House,0.05,8.6,7.0,4.0,0.394,0.0989,Q1,2025
San Juan - Beach District,La Union,69.0,3,3,2634213.0,38177.0,Townhouse,0.05,8.8,7.0,4.0,0.304,0.0984,Q1,2024
San Juan - Beach District,La Union,258.0,3,3,13771782.0,53379.0,Townhouse,0.47,8.6,7.0,4.0,0.036,0.1037,Q4,2024
San Juan - Beach District,La Union,125.0,3,3,5590750.0,44726.0,Townhouse,0.69,9.3,7.0,4.0,0.437,0.163,Q1,2025
San Juan - Beach District,La Union,219.0,3,3,12200928.0,55712.0,House,0.75,10.0,7.0,4.0,0.08,0.135,Q1,2025
San Juan - Beach District,La Union,184.0,1,1,9706736.0,52754.0,House,0.41,10.0,7.0,4.0,0.12,0.1223,Q2,2024
San Juan - Beach District,La Union,262.0,1,1,13088734.0,49957.0,Townhouse,0.17,9.5,7.0,4.0,0.439,0.1195,Q2,2024
San Juan - Beach District,La Union,273.0,3,2,15749097.0,57689.0,Townhouse,0.52,10.0,7.0,4.0,0.352,0.2,Q1,2025
San Juan - Beach District,La Union,205.0,3,3,9486785.0,46277.0,House,0.05,9.0,7.0,4.0,0.423,0.1073,Q2,2024
San Juan - Beach District,La Union,193.0,3,3,9705584.0,50288.0,Lot,0.05,8.2,7.0,4.0,0.367,0.1298,Q4,2024
San Juan - Beach District,La Union,60.0,2,2,2664900.0,44415.0,Townhouse,0.37,9.8,7.0,4.0,0.3,0.1499,Q3,2024
San Juan - Beach District,La Union,29.0,2,2,1255961.0,43309.0,House,0.05,8.1,7.0,4.0,0.142,0.0931,Q3,2024
San Juan - Beach District,La Union,164.0,4,4,8998024.0,54866.0,Condo,0.17,8.7,7.0,4.0,0.161,0.2,Q1,2025
San Juan - Beach District,La Union,204.0,2,2,8746500.0,42875.0,Condo,0.25,9.5,7.0,4.0,0.427,0.105,Q1,2025
San Juan - Beach District,La Union,215.0,1,1,11077015.0,51521.0,Townhouse,0.3,9.1,7.0,4.0,0.39,0.1754,Q2,2024
San Juan - Beach District,La Union,88.0,3,2,3900160.0,44320.0,Condo,0.58,9.1,7.0,4.0,0.175,0.1689,Q4,2025
San Juan - Beach District,La Union,153.0,3,3,7872615.0,51455.0,House,0.53,8.5,7.0,4.0,0.181,0.1907,Q4,2024
San Juan - Beach District,La Union,244.0,5,5,14050496.0,57584.0,House,0.28,9.2,7.0,4.0,0.148,0.1716,Q1,2025
San Juan - Beach District,La Union,49.0,4,4,2318092.0,47308.0,Townhouse,0.05,9.8,7.0,4.0,0.16,0.1859,Q2,2024
San Juan - Beach District,La Union,122.0,3,2,5240388.0,42954.0,Townhouse,0.24,9.2,7.0,4.0,0.39,0.1439,Q2,2024
San Juan - Beach District,La Union,265.0,1,1,16985705.0,64097.0,Townhouse,0.05,8.7,7.0,4.0,0.025,0.152,Q3,2025
San Juan - Beach District,La Union,75.0,2,2,3713400.0,49512.0,Condo,0.12,8.5,7.0,4.0,0.208,0.1777,Q1,2024
San Juan - Beach District,La Union,105.0,4,3,4274025.0,40705.0,Condo,1.25,8.7,7.0,4.0,0.425,0.1616,Q2,2024
San Juan - Beach District,La Union,144.0,2,2,6948288.0,48252.0,House,0.27,9.4,7.0,4.0,0.253,0.1548,Q4,2024
San Juan - Beach District,La Union,200.0,5,4,9757000.0,48785.0,Condo,0.38,9.4,7.0,4.0,0.214,0.1178,Q2,2025
San Juan - Beach District,La Union,90.0,3,2,4372740.0,48586.0,House,0.05,8.7,7.0,4.0,0.154,0.1242,Q4,2024
San Juan - Beach District,La Union,227.0,1,1,12742418.0,56134.0,Lot,0.61,7.9,7.0,4.0,0.052,0.1363,Q3,2025
San Juan - Beach District,La Union,85.0,3,3,3669450.0,43170.0,House,0.5,9.5,7.0,4.0,0.117,0.0941,Q3,2025
San Juan - Beach District,La Union,118.0,3,3,6129392.0,51944.0,House,0.51,8.7,7.0,4.0,0.059,0.1434,Q2,2025
San Juan - Beach District,La Union,171.0,1,1,9068643.0,53033.0,House,0.29,9.6,7.0,4.0,0.074,0.0933,Q4,2024
San Juan - Beach District,La Union,28.0,2,2,1371020.0,48965.0,Townhouse,0.61,8.7,7.0,4.0,0.09,0.1612,Q1,2025
San Juan - Beach District,La Union,220.0,3,3,12285680.0,55844.0,Condo,0.71,8.6,7.0,4.0,0.15,0.178,Q4,2024
San Juan - Beach District,La Union,195.0,2,2,11152635.0,57193.0,House,0.31,9.3,7.0,4.0,0.025,0.1609,Q4,2025
San Juan - Beach District,La Union,237.0,2,2,12813879.0,54067.0,Condo,0.15,10.0,7.0,4.0,0.429,0.1767,Q3,2025
San Juan - Beach District,La Union,95.0,3,3,4588215.0,48297.0,House,0.56,9.6,7.0,4.0,0.073,0.093,Q4,2024
San Juan - Beach District,La Union,126.0,3,2,6141870.0,48745.0,Condo,0.05,9.3,7.0,4.0,0.185,0.1002,Q3,2025
San Juan - Beach District,La Union,254.0,3,2,12978892.0,51098.0,House,0.05,9.4,7.0,4.0,0.398,0.1773,Q3,2024
San Juan - Beach District,La Union,42.0,5,5,2152542.0,51251.0,Townhouse,0.18,8.1,7.0,4.0,0.066,0.1899,Q1,2024
San Juan - Beach District,La Union,150.0,4,4,7263450.0,48423.0,Condo,0.05,8.5,7.0,4.0,0.228,0.1796,Q1,2024
San Juan - Beach District,La Union,148.0,2,1,6629956.0,44797.0,House,0.53,7.7,7.0,4.0,0.383,0.173,Q1,2025
San Juan - Beach District,La Union,139.0,2,1,6698827.0,48193.0,Condo,0.05,10.0,7.0,4.0,0.259,0.1784,Q1,2025
San Juan - Beach District,La Union,135.0,3,3,7179030.0,53178.0,Condo,0.05,10.0,7.0,4.0,0.11,0.1823,Q4,2025
San Juan - Beach District,La Union,215.0,2,2,11616235.0,54029.0,Condo,0.11,9.4,7.0,4.0,0.336,0.1804,Q1,2024
San Juan - Beach District,La Union,75.0,4,4,3320100.0,44268.0,Condo,0.22,9.3,7.0,4.0,0.313,0.1821,Q1,2025
San Juan - Beach District,La Union,252.0,3,2,13814136.0,54818.0,Lot,0.06,8.3,7.0,4.0,0.176,0.1019,Q4,2025
San Juan - Beach District,La Union,253.0,2,2,15207830.0,60110.0,Lot,0.17,9.1,7.0,4.0,0.04,0.1006,Q2,2025
San Juan - Beach District,La Union,70.0,3,3,3563490.0,50907.0,House,0.18,10.0,7.0,4.0,0.023,0.1366,Q4,2024
San Juan - Beach District,La Union,273.0,3,3,14821170.0,54290.0,House,0.05,9.3,7.0,4.0,0.375,0.1567,Q4,2024
San Juan - Beach District,La Union,91.0,4,3,4663568.0,51248.0,Townhouse,0.05,8.9,7.0,4.0,0.158,0.1851,Q3,2025
San Juan - Beach District,La Union,38.0,2,2,1770458.0,46591.0,Townhouse,0.63,8.1,7.0,4.0,0.079,0.1334,Q4,2024
San Juan - Beach District,La Union,126.0,4,4,6161526.0,48901.0,House,0.05,10.0,7.0,4.0,0.243,0.1262,Q4,2024
San Juan - Beach District,La Union,227.0,1,1,12200569.0,53747.0,Condo,0.12,9.2,7.0,4.0,0.416,0.1873,Q1,2024
San Juan - Beach District,La Union,240.0,3,3,13636560.0,56819.0,House,0.05,8.1,7.0,4.0,0.024,0.1231,Q1,2024
San Juan - Beach District,La Union,189.0,4,4,10673586.0,56474.0,Lot,0.37,8.6,7.0,4.0,0.044,0.1921,Q2,2024
San Juan - Beach District,La Union,231.0,2,1,11732721.0,50791.0,Condo,0.05,8.4,7.0,4.0,0.199,0.1144,Q3,2024
San Juan - Beach District,La Union,91.0,1,1,4169802.0,45822.0,House,0.05,9.1,7.0,4.0,0.311,0.1364,Q4,2025
San Juan - Beach District,La Union,249.0,4,4,14061030.0,56470.0,Condo,0.16,9.3,7.0,4.0,0.225,0.1414,Q1,2025
San Juan - Beach District,La Union,186.0,4,3,8260446.0,44411.0,Condo,0.63,8.9,7.0,4.0,0.406,0.1292,Q1,2024
San Juan - Beach District,La Union,59.0,2,1,2586029.0,43831.0,House,0.33,9.7,7.0,4.0,0.039,0.0934,Q2,2024
San Juan - Beach District,La Union,57.0,3,3,2527323.0,44339.0,Condo,0.05,9.2,7.0,4.0,0.166,0.1214,Q2,2025
San Juan - Beach District,La Union,93.0,4,4,4563696.0,49072.0,Lot,0.05,9.8,7.0,4.0,0.171,0.1338,Q4,2024
San Juan - Beach District,La Union,42.0,2,2,1870932.0,44546.0,Townhouse,0.55,9.0,7.0,4.0,0.166,0.1309,Q2,2025
San Juan - Beach District,La Union,97.0,3,2,4828660.0,49780.0,Condo,0.05,10.0,7.0,4.0,0.23,0.1878,Q4,2024
San Juan - Beach District,La Union,278.0,2,1,13655916.0,49122.0,Townhouse,0.17,8.9,7.0,4.0,0.36,0.0987,Q1,2024
San Juan - Beach District,La Union,86.0,2,1,4253216.0,49456.0,Townhouse,0.2,8.7,7.0,4.0,0.157,0.14,Q1,2024
San Juan - Beach District,La Union,187.0,4,4,8701858.0,46534.0,House,0.05,8.6,7.0,4.0,0.34,0.0975,Q4,2024
San Juan - Beach District,La Union,274.0,2,2,17115958.0,62467.0,House,1.28,9.1,7.0,4.0,0.083,0.2,Q1,2025
San Juan - Beach District,La Union,89.0,4,4,4234086.0,47574.0,Townhouse,0.05,8.2,7.0,4.0,0.261,0.1884,Q1,2024
San Juan - Beach District,La Union,202.0,3,3,11488548.0,56874.0,Condo,0.38,9.4,7.0,4.0,0.181,0.2,Q3,2025
San Juan - Beach District,La Union,139.0,3,2,7137372.0,51348.0,Condo,0.05,8.1,7.0,4.0,0.252,0.2,Q1,2025
San Juan - Beach District,La Union,97.0,2,2,4724094.0,48702.0,Condo,0.41,9.3,7.0,4.0,0.066,0.1311,Q1,2025
San Juan - Beach District,La Union,267.0,2,2,13751835.0,51505.0,Condo,0.55,8.4,7.0,4.0,0.43,0.1765,Q2,2025
San Juan - Beach District,La Union,192.0,4,4,9122496.0,47513.0,House,0.05,9.0,7.0,4.0,0.41,0.13,Q3,2024
San Juan - Beach District,La Union,136.0,3,2,6777288.0,49833.0,Condo,0.18,9.6,7.0,4.0,0.375,0.2,Q3,2024
San Juan - Beach District,La Union,232.0,3,3,11636424.0,50157.0,House,0.05,10.0,7.0,4.0,0.404,0.1426,Q3,2025
San Juan - Beach District,La Union,254.0,2,1,14307312.0,56328.0,House,0.05,8.6,7.0,4.0,0.083,0.1384,Q1,2024
San Juan - Beach District,La Union,224.0,2,1,12062176.0,53849.0,Townhouse,0.61,9.1,7.0,4.0,0.237,0.2,Q2,2024
San Juan - Beach District,La Union,246.0,1,1,14199612.0,57722.0,House,0.05,8.8,7.0,4.0,0.157,0.194,Q2,2024
San Juan - Beach District,La Union,107.0,3,2,4884550.0,45650.0,Lot,0.05,8.7,7.0,4.0,0.402,0.2,Q2,2024
San Juan - Beach District,La Union,112.0,2,1,5362336.0,47878.0,Lot,0.91,8.8,7.0,4.0,0.101,0.101,Q3,2025
San Juan - Beach District,La Union,84.0,3,3,3909780.0,46545.0,Condo,0.05,9.7,7.0,4.0,0.115,0.1224,Q1,2024
San Juan - Beach District,La Union,202.0,2,1,9494808.0,47004.0,House,0.1,8.9,7.0,4.0,0.315,0.1293,Q3,2025
San Juan - Beach District,La Union,229.0,2,2,12402411.0,54159.0,Condo,0.86,10.0,7.0,4.0,0.058,0.1442,Q4,2025
San Juan - Beach District,La Union,193.0,3,3,8450505.0,43785.0,Townhouse,0.14,9.4,7.0,4.0,0.335,0.1501,Q3,2024
San Juan - Beach District,La Union,177.0,3,3,9205593.0,52009.0,House,0.13,8.6,7.0,4.0,0.135,0.1282,Q2,2025
San Juan - Beach District,La Union,221.0,5,5,12656670.0,57270.0,Condo,0.05,9.0,7.0,4.0,0.304,0.1884,Q2,2024
San Juan - Beach District,La Union,71.0,1,1,3052219.0,42989.0,Condo,0.05,8.7,7.0,4.0,0.395,0.1199,Q3,2024
San Juan - Beach District,La Union,118.0,3,2,5502812.0,46634.0,Condo,0.13,9.7,7.0,4.0,0.282,0.1771,Q3,2024
San Juan - Beach District,La Union,205.0,1,1,11771305.0,57421.0,Townhouse,0.35,8.2,7.0,4.0,0.111,0.1958,Q2,2024
San Juan - Surf Town,La Union,149.0,4,3,6546315.0,43935.0,Condo,0.47,9.5,6.8,4.0,0.384,0.1557,Q4,2024
San Juan - Surf Town,La Union,208.0,2,2,9700288.0,46636.0,House,1.71,9.5,6.8,4.0,0.376,0.1843,Q1,2024
San Juan - Surf Town,La Union,63.0,3,3,2602089.0,41303.0,Condo,0.62,8.4,6.8,4.0,0.17,0.1064,Q2,2024
San Juan - Surf Town,La Union,241.0,1,1,11864912.0,49232.0,House,0.15,9.8,6.8,4.0,0.348,0.1767,Q4,2025
San Juan - Surf Town,La Union,89.0,1,1,3631022.0,40798.0,House,0.66,8.8,6.8,4.0,0.254,0.1375,Q3,2025
San Juan - Surf Town,La Union,156.0,1,1,6873828.0,44063.0,House,0.29,8.8,6.8,4.0,0.411,0.1351,Q2,2024
San Juan - Surf Town,La Union,195.0,2,1,8287890.0,42502.0,Condo,0.12,8.9,6.8,4.0,0.365,0.1276,Q3,2024
San Juan - Surf Town,La Union,162.0,3,3,8293104.0,51192.0,Condo,1.34,8.8,6.8,4.0,0.038,0.1302,Q1,2024
San Juan - Surf Town,La Union,146.0,2,1,6035786.0,41341.0,Condo,0.93,7.2,6.8,4.0,0.398,0.1453,Q1,2025
San Juan - Surf Town,La Union,110.0,1,1,3734060.0,33946.0,Townhouse,0.64,8.7,6.8,4.0,0.436,0.099,Q4,2024
San Juan - Surf Town,La Union,134.0,5,5,5391222.0,40233.0,Townhouse,0.34,8.0,6.8,4.0,0.339,0.1347,Q1,2024
San Juan - Surf Town,La Union,85.0,3,2,3964995.0,46647.0,Condo,0.38,9.8,6.8,4.0,0.072,0.1601,Q4,2025
San Juan - Surf Town,La Union,100.0,2,1,4090600.0,40906.0,House,1.12,9.8,6.8,4.0,0.367,0.1429,Q2,2024
San Juan - Surf Town,La Union,217.0,3,2,9828798.0,45294.0,House,0.62,9.3,6.8,4.0,0.298,0.1056,Q1,2025
San Juan - Surf Town,La Union,250.0,3,2,12948250.0,51793.0,Lot,0.05,8.7,6.8,4.0,0.166,0.1277,Q4,2024
San Juan - Surf Town,La Union,241.0,2,2,10272866.0,42626.0,Condo,1.47,8.2,6.8,4.0,0.4,0.1367,Q1,2025
San Juan - Surf Town,La Union,109.0,3,2,5156572.0,47308.0,House,0.57,8.4,6.8,4.0,0.263,0.162,Q2,2024
San Juan - Surf Town,La Union,106.0,4,4,4485920.0,42320.0,House,0.64,10.0,6.8,4.0,0.387,0.188,Q1,2024
San Juan - Surf Town,La Union,39.0,2,2,1516476.0,38884.0,Condo,0.93,8.4,6.8,4.0,0.308,0.1487,Q4,2025
San Juan - Surf Town,La Union,94.0,2,1,4159782.0,44253.0,Condo,0.69,7.4,6.8,4.0,0.144,0.1628,Q2,2024
San Juan - Surf Town,La Union,174.0,1,1,6735540.0,38710.0,Condo,0.8,9.4,6.8,4.0,0.439,0.0957,Q3,2025
San Juan - Surf Town,La Union,93.0,4,3,4466418.0,48026.0,House,0.33,9.7,6.8,4.0,0.266,0.194,Q1,2024
San Juan - Surf Town,La Union,212.0,2,1,9609112.0,45326.0,House,0.05,9.8,6.8,4.0,0.242,0.1223,Q3,2024
San Juan - Surf Town,La Union,37.0,2,1,1515113.0,40949.0,House,0.61,9.4,6.8,4.0,0.194,0.1267,Q3,2024
San Juan - Surf Town,La Union,130.0,5,5,5863910.0,45107.0,Condo,1.07,9.5,6.8,4.0,0.079,0.112,Q2,2024
San Juan - Surf Town,La Union,96.0,3,2,3686496.0,38401.0,Townhouse,0.24,8.8,6.8,4.0,0.315,0.0965,Q4,2025
San Juan - Surf Town,La Union,151.0,1,1,7011836.0,46436.0,Condo,0.21,7.6,6.8,4.0,0.205,0.1756,Q2,2024
San Juan - Surf Town,La Union,31.0,2,2,987908.0,31868.0,Lot,0.99,8.8,6.8,4.0,0.422,0.114,Q3,2024
San Juan - Surf Town,La Union,131.0,2,2,5113192.0,39032.0,Condo,0.32,9.2,6.8,4.0,0.435,0.1187,Q1,2024
San Juan - Surf Town,La Union,226.0,5,4,9232552.0,40852.0,Townhouse,0.34,8.7,6.8,4.0,0.35,0.1074,Q4,2024
San Juan - Surf Town,La Union,243.0,2,1,13349934.0,54938.0,Lot,0.35,8.7,6.8,4.0,0.124,0.1963,Q1,2024
San Juan - Surf Town,La Union,90.0,2,2,3721230.0,41347.0,Townhouse,0.47,8.2,6.8,4.0,0.328,0.1746,Q3,2025
San Juan - Surf Town,La Union,134.0,3,2,6688342.0,49913.0,Townhouse,0.05,8.2,6.8,4.0,0.029,0.1913,Q1,2024
San Juan - Surf Town,La Union,200.0,2,2,9937200.0,49686.0,Condo,0.28,9.9,6.8,4.0,0.375,0.1836,Q1,2024
San Juan - Surf Town,La Union,143.0,1,1,6708845.0,46915.0,House,0.59,9.9,6.8,4.0,0.232,0.1886,Q1,2024
San Juan - Surf Town,La Union,163.0,4,4,6699300.0,41100.0,House,0.59,8.8,6.8,4.0,0.423,0.1407,Q4,2024
San Juan - Surf Town,La Union,112.0,1,1,4725056.0,42188.0,Condo,0.96,9.0,6.8,4.0,0.182,0.1061,Q1,2024
San Juan - Surf Town,La Union,238.0,4,3,12095874.0,50823.0,Lot,1.24,8.2,6.8,4.0,0.133,0.1237,Q4,2025
San Juan - Surf Town,La Union,186.0,3,3,8021622.0,43127.0,Condo,1.1,9.2,6.8,4.0,0.448,0.1198,Q3,2025
San Juan - Surf Town,La Union,269.0,1,1,15252569.0,56701.0,Condo,0.87,9.9,6.8,4.0,0.248,0.1674,Q1,2025
San Juan - Surf Town,La Union,223.0,3,3,9778104.0,43848.0,Lot,0.44,7.9,6.8,4.0,0.391,0.0899,Q2,2024
San Juan - Surf Town,La Union,118.0,3,3,4716932.0,39974.0,Condo,0.25,9.1,6.8,4.0,0.412,0.1029,Q2,2025
San Juan - Surf Town,La Union,108.0,3,3,5100192.0,47224.0,Condo,0.51,9.1,6.8,4.0,0.243,0.1636,Q2,2025
San Juan - Surf Town,La Union,47.0,3,3,1854385.0,39455.0,Condo,0.73,9.1,6.8,4.0,0.216,0.1008,Q3,2025
San Juan - Surf Town,La Union,183.0,1,1,8653887.0,47289.0,Townhouse,0.83,9.8,6.8,4.0,0.258,0.0924,Q4,2025
San Juan - Surf Town,La Union,216.0,1,1,9720648.0,45003.0,Townhouse,0.75,10.0,6.8,4.0,0.385,0.0992,Q4,2024
San Juan - Surf Town,La Union,115.0,3,3,4614490.0,40126.0,Condo,0.45,8.7,6.8,4.0,0.435,0.1645,Q3,2025
San Juan - Surf Town,La Union,30.0,1,1,1205850.0,40195.0,House,0.81,9.2,6.8,4.0,0.161,0.1026,Q4,2025
San Juan - Surf Town,La Union,235.0,2,2,9941205.0,42303.0,House,1.0,8.9,6.8,4.0,0.338,0.1034,Q4,2025
San Juan - Surf Town,La Union,81.0,2,1,3495798.0,43158.0,House,0.85,8.4,6.8,4.0,0.143,0.1128,Q1,2025
San Juan - Surf Town,La Union,173.0,2,2,7686044.0,44428.0,House,0.49,9.0,6.8,4.0,0.283,0.1712,Q3,2025
San Juan - Surf Town,La Union,38.0,3,2,1256926.0,33077.0,Lot,0.17,9.2,6.8,4.0,0.366,0.1095,Q4,2024
San Juan - Surf Town,La Union,41.0,4,3,1409744.0,34384.0,Condo,0.16,8.9,6.8,4.0,0.401,0.091,Q1,2025
San Juan - Surf Town,La Union,254.0,4,4,13090906.0,51539.0,Condo,0.23,8.3,6.8,4.0,0.213,0.1886,Q3,2025
San Juan - Surf Town,La Union,196.0,1,1,9994040.0,50990.0,House,0.6,8.5,6.8,4.0,0.179,0.1853,Q4,2025
San Juan - Surf Town,La Union,26.0,2,2,1050374.0,40399.0,Condo,0.71,8.5,6.8,4.0,0.129,0.1077,Q2,2025
San Juan - Surf Town,La Union,50.0,4,4,2186700.0,43734.0,House,0.05,8.3,6.8,4.0,0.077,0.1168,Q4,2024
San Juan - Surf Town,La Union,150.0,2,2,6635550.0,44237.0,Condo,0.3,9.0,6.8,4.0,0.177,0.1081,Q4,2024
San Juan - Surf Town,La Union,198.0,3,2,9253332.0,46734.0,Condo,0.6,9.1,6.8,4.0,0.395,0.1677,Q3,2024
San Juan - Surf Town,La Union,133.0,3,3,5957602.0,44794.0,Lot,0.14,9.4,6.8,4.0,0.2,0.115,Q3,2025
San Juan - Surf Town,La Union,247.0,2,1,13572156.0,54948.0,Condo,0.67,8.3,6.8,4.0,0.156,0.1915,Q3,2025
San Juan - Surf Town,La Union,191.0,2,2,8548778.0,44758.0,House,0.38,8.5,6.8,4.0,0.338,0.1798,Q2,2025
San Juan - Surf Town,La Union,181.0,3,2,9234077.0,51017.0,Townhouse,0.21,9.7,6.8,4.0,0.113,0.153,Q2,2025
San Juan - Surf Town,La Union,98.0,1,1,4395888.0,44856.0,Condo,0.52,8.7,6.8,4.0,0.13,0.088,Q3,2024
San Juan - Surf Town,La Union,198.0,4,4,9276894.0,46853.0,Condo,0.66,8.8,6.8,4.0,0.422,0.1861,Q2,2024
San Juan - Surf Town,La Union,247.0,3,3,13574379.0,54957.0,Condo,0.16,8.7,6.8,4.0,0.055,0.1686,Q4,2025
San Juan - Surf Town,La Union,37.0,1,1,1548191.0,41843.0,House,0.4,9.5,6.8,4.0,0.198,0.1754,Q4,2025
San Juan - Surf Town,La Union,212.0,3,2,9402624.0,44352.0,Condo,0.69,9.5,6.8,4.0,0.268,0.0951,Q2,2025
San Juan - Surf Town,La Union,249.0,2,2,13438281.0,53969.0,House,0.2,9.5,6.8,4.0,0.119,0.1665,Q3,2025
San Juan - Surf Town,La Union,135.0,2,2,6319485.0,46811.0,Condo,0.05,8.8,6.8,4.0,0.141,0.1772,Q1,2025
San Juan - Surf Town,La Union,220.0,5,5,11936980.0,54259.0,Condo,0.05,8.3,6.8,4.0,0.115,0.1943,Q1,2024
San Juan - Surf Town,La Union,116.0,3,3,5532968.0,47698.0,Condo,0.33,10.0,6.8,4.0,0.168,0.1521,Q2,2025
San Juan - Surf Town,La Union,74.0,3,3,2736668.0,36982.0,Condo,0.05,9.3,6.8,4.0,0.406,0.144,Q1,2024
San Juan - Surf Town,La Union,233.0,4,4,11635554.0,49938.0,Condo,0.36,8.5,6.8,4.0,0.206,0.1347,Q4,2024
San Juan - Surf Town,La Union,104.0,3,3,4669080.0,44895.0,Lot,1.17,9.7,6.8,4.0,0.2,0.1656,Q1,2024
San Juan - Surf Town,La Union,218.0,2,2,11835656.0,54292.0,Condo,0.05,8.5,6.8,4.0,0.186,0.1903,Q2,2024
San Juan - Surf Town,La Union,105.0,2,2,4038720.0,38464.0,House,0.39,9.6,6.8,4.0,0.435,0.1543,Q2,2024
San Juan - Surf Town,La Union,126.0,2,2,5811876.0,46126.0,House,1.35,9.7,6.8,4.0,0.07,0.1125,Q1,2025
San Juan - Surf Town,La Union,199.0,2,1,7947264.0,39936.0,House,0.66,8.2,6.8,4.0,0.395,0.089,Q2,2024
San Juan - Surf Town,La Union,112.0,2,1,4991616.0,44568.0,House,0.35,9.1,6.8,4.0,0.161,0.1564,Q3,2024
San Juan - Surf Town,La Union,230.0,3,2,10990090.0,47783.0,Condo,0.44,9.3,6.8,4.0,0.431,0.184,Q4,2024
San Juan - Surf Town,La Union,34.0,2,2,1354662.0,39843.0,House,0.67,10.0,6.8,4.0,0.156,0.0944,Q1,2024
San Juan - Surf Town,La Union,27.0,3,3,1157166.0,42858.0,Condo,1.18,8.4,6.8,4.0,0.056,0.1316,Q1,2025
San Juan - Surf Town,La Union,45.0,4,3,2027655.0,45059.0,Townhouse,0.29,9.7,6.8,4.0,0.244,0.1924,Q2,2024
San Juan - Surf Town,La Union,90.0,5,5,4314060.0,47934.0,Condo,0.2,8.8,6.8,4.0,0.118,0.1433,Q2,2024
San Juan - Surf Town,La Union,38.0,2,2,1262968.0,33236.0,House,0.05,8.1,6.8,4.0,0.344,0.1117,Q4,2025
San Juan - Surf Town,La Union,122.0,4,4,5224162.0,42821.0,House,0.54,8.7,6.8,4.0,0.303,0.1267,Q1,2025
San Juan - Surf Town,La Union,31.0,4,4,1177225.0,37975.0,House,0.05,8.8,6.8,4.0,0.315,0.1328,Q2,2025
San Juan - Surf Town,La Union,217.0,1,1,10708516.0,49348.0,Condo,0.31,8.2,6.8,4.0,0.103,0.1002,Q3,2025
San Juan - Surf Town,La Union,63.0,2,2,2570148.0,40796.0,House,0.14,9.0,6.8,4.0,0.325,0.1611,Q2,2024
San Juan - Surf Town,La Union,272.0,2,1,13975632.0,51381.0,House,0.93,9.4,6.8,4.0,0.154,0.1534,Q3,2025
San Juan - Surf Town,La Union,243.0,3,2,11752938.0,48366.0,House,0.3,8.9,6.8,4.0,0.449,0.1596,Q4,2024
San Juan - Surf Town,La Union,202.0,3,3,9477032.0,46916.0,Condo,0.66,8.5,6.8,4.0,0.335,0.1555,Q3,2024
San Juan - Surf Town,La Union,228.0,2,2,10266156.0,45027.0,Condo,0.05,8.7,6.8,4.0,0.274,0.0889,Q2,2024
San Juan - Surf Town,La Union,222.0,3,2,9479178.0,42699.0,Condo,0.55,8.8,6.8,4.0,0.393,0.1066,Q4,2025
San Juan - Surf Town,La Union,240.0,2,2,10830240.0,45126.0,Townhouse,0.05,8.9,6.8,4.0,0.273,0.1056,Q4,2024
San Juan - Surf Town,La Union,166.0,2,1,7265820.0,43770.0,Condo,0.33,9.5,6.8,4.0,0.258,0.098,Q4,2024
San Juan - Surf Town,La Union,184.0,4,3,9220056.0,50109.0,House,1.38,9.0,6.8,4.0,0.122,0.1695,Q1,2024
San Juan - Surf Town,La Union,144.0,5,4,5573520.0,38705.0,House,0.87,8.0,6.8,4.0,0.312,0.1005,Q4,2025
San Juan - Surf Town,La Union,184.0,3,3,9318864.0,50646.0,House,0.45,8.5,6.8,4.0,0.181,0.1619,Q4,2024
San Juan - Surf Town,La Union,122.0,2,2,5971046.0,48943.0,House,1.78,8.9,6.8,4.0,0.039,0.107,Q4,2024
San Juan - Surf Town,La Union,56.0,1,1,2028656.0,36226.0,House,0.13,9.5,6.8,4.0,0.371,0.1003,Q3,2024
San Juan - Surf Town,La Union,262.0,2,2,14112368.0,53864.0,House,0.97,9.6,6.8,4.0,0.042,0.1052,Q2,2025
San Juan - Surf Town,La Union,203.0,2,2,9763894.0,48098.0,Condo,0.05,9.9,6.8,4.0,0.309,0.144,Q3,2024
San Juan - Surf Town,La Union,204.0,2,1,10764672.0,52768.0,Townhouse,0.4,8.9,6.8,4.0,0.087,0.1594,Q3,2025
San Juan - Surf Town,La Union,96.0,4,4,4227168.0,44033.0,Lot,0.05,9.3,6.8,4.0,0.206,0.1781,Q4,2024
San Juan - Surf Town,La Union,221.0,3,2,9266751.0,41931.0,House,0.6,7.9,6.8,4.0,0.389,0.1014,Q2,2024
San Juan - Surf Town,La Union,157.0,2,2,7925203.0,50479.0,Lot,0.52,9.1,6.8,4.0,0.061,0.1561,Q3,2024
San Juan - Surf Town,La Union,44.0,2,1,1765280.0,40120.0,Lot,0.38,8.2,6.8,4.0,0.307,0.1738,Q4,2024
