location,province,area_sqm,bedrooms,bathrooms,price_php,price_per_sqm_php,property_type,distance_to_beach_km,tourism_density_score,infrastructure_score,employment_zone_score,flood_risk_score,cultural_premium_factor,quarter,year
Woodlands / Yishun,Singapore,90,2,3,43607000.0,484524.0,Condo,12.655967877938068,7.719210000451115,9.958472862294334,9.866000911568904,0.018713163534659603,0.04292636279125526,Q4,2024
Orchard / Marina Bay,Singapore,38,2,2,54293000.0,1428753.0,Condo,22.19188297546831,8.848687815279547,9.435133066781564,9.156631799756049,0.03953262926344862,0.028928076815760567,Q1,2024
Novena / Toa Payoh,Singapore,140,5,6,167184000.0,1194172.0,Landed,22.44299326845226,8.281398090080213,9.026576037972708,9.081012652762206,0.016085315016367962,0.03429203700914817,Q1,2023
Woodlands / Yishun,Singapore,120,3,2,66277000.0,552309.0,Landed,17.72737926868942,8.256410013892282,9.071978810263936,9.269793963535047,0.04253192249764142,0.023385996130287166,Q2,2024
Novena / Toa Payoh,Singapore,90,1,2,69312000.0,770130.0,HDB,3.1690487749144856,8.510159605138927,9.134897753627316,9.763697759710166,0.013516488357694216,0.016525492869115255,Q1,2024
Bukit Timah,Singapore,105,4,4,189788000.0,1807505.0,Landed,19.51156123587532,8.684761887482846,9.593312071881643,9.48466883501605,0.01858325083865875,0.014872888116962874,Q2,2023
Tampines / Bedok,Singapore,55,2,1,34089000.0,619797.0,HDB,2.456814879648065,7.011179197264853,9.765382004747847,9.900332807116369,0.011765999097204674,0.01349403863743945,Q2,2024
Bukit Timah,Singapore,140,3,4,227652000.0,1626086.0,Landed,18.015620943145958,8.807859946924717,9.500386416965279,9.549465897623358,0.019025128633745343,0.03819720578478237,Q4,2023
Bukit Timah,Singapore,140,3,3,236544000.0,1689600.0,Landed,24.71348763170964,8.277309412537594,9.635841961545355,9.523095074634023,0.030800911425783756,0.010483193350251946,Q2,2023
Orchard / Marina Bay,Singapore,55,1,1,108998000.0,1981775.0,Landed,15.762229943922193,8.714387827590162,9.331519439254006,9.641515730447875,0.02893719753275817,0.019381817793923284,Q1,2024
Woodlands / Yishun,Singapore,45,1,1,21411000.0,475799.0,Condo,16.359839499105686,8.761392239322733,9.208534385558849,9.705860424780077,0.018558423845172603,0.017600248336149402,Q1,2024
Jurong West,Singapore,105,4,4,56033000.0,533645.0,Condo,24.948552725393316,7.133984330932242,9.153595644029519,9.668367030535205,0.019791538838493106,0.026338719942238284,Q3,2024
Novena / Toa Payoh,Singapore,65,1,1,82806000.0,1273937.0,Landed,24.464000008287826,7.881256333178114,9.186956351200736,9.490325067672106,0.03487112281516008,0.04536616948653106,Q4,2024
Orchard / Marina Bay,Singapore,55,1,2,102298000.0,1859960.0,Landed,21.49221728777754,8.8663810453208,9.73781565599962,9.137782446223172,0.02315780658233432,0.04912463203249542,Q1,2023
Orchard / Marina Bay,Singapore,90,1,1,141267000.0,1569628.0,Condo,6.7381129744746655,7.689760493703065,9.553541029851678,9.433292030298121,0.018332063933133896,0.04433008972280247,Q1,2024
Tampines / Bedok,Singapore,140,5,6,104106000.0,743617.0,Condo,21.910493299973993,8.47585889348053,9.580087815951199,9.636677841454294,0.03389397320193816,0.045763467869559975,Q2,2024
Tampines / Bedok,Singapore,105,4,4,89690000.0,854191.0,Landed,12.254284366565795,8.522380407249912,9.066424813136855,9.716320040076283,0.04380097007879723,0.025194994886710294,Q1,2023
Bukit Timah,Singapore,45,2,2,76615000.0,1702557.0,Landed,8.852450445184786,8.31550765583979,9.813895892070146,9.882815033108985,0.021460463585279504,0.01020845690166509,Q1,2024
Novena / Toa Payoh,Singapore,105,2,1,82633000.0,786977.0,HDB,22.277761497349825,7.245192010252648,9.872491461690249,9.315800958390525,0.047580645955289415,0.0325551838800731,Q1,2024
Bukit Timah,Singapore,120,3,4,219642000.0,1830347.0,Landed,16.760302669296628,8.334012062650915,9.273384104044483,9.428848031469848,0.02641072406032048,0.03971536572599238,Q4,2024
Woodlands / Yishun,Singapore,38,1,2,19931000.0,524491.0,Condo,4.3034308886698325,7.761206312599115,9.496852958945421,9.191520171102075,0.02156409671137336,0.019429571554151266,Q1,2023
Novena / Toa Payoh,Singapore,65,1,2,50581000.0,778173.0,HDB,17.454314990690044,7.384118932159363,9.932454155971437,9.920920066948105,0.03375252991539471,0.022555199401477828,Q1,2024
Tampines / Bedok,Singapore,65,2,2,56193000.0,864504.0,Landed,5.382629267375023,8.656542775431056,9.912701483207941,9.64870900260377,0.04878694760886641,0.012995394796955061,Q4,2023
Woodlands / Yishun,Singapore,75,3,4,41010000.0,546804.0,Landed,11.498193929228712,7.165519824854167,9.394457242188704,9.855328170983759,0.02720265843504914,0.014157025142048836,Q2,2024
Novena / Toa Payoh,Singapore,75,2,3,92756000.0,1236751.0,Landed,6.65633709239612,7.981928960175179,9.342598516740734,9.436644870434094,0.01025954077293978,0.026282729899950293,Q1,2024
Orchard / Marina Bay,Singapore,75,1,1,140462000.0,1872826.0,Landed,20.70295877362147,7.789656188323941,9.250420728767391,9.354724733381094,0.03070897945278092,0.042435151458430576,Q3,2024
Bukit Timah,Singapore,65,1,1,76148000.0,1171508.0,HDB,21.479152636403867,7.026660708997755,9.209673035593408,9.776003992418424,0.012091690589405655,0.01606314940750708,Q3,2023
Novena / Toa Payoh,Singapore,105,3,4,96651000.0,920483.0,HDB,19.680687682034716,8.695821171126411,9.444959428871774,9.673329070780786,0.01253059562528959,0.046465777499577025,Q1,2024
Woodlands / Yishun,Singapore,140,3,2,73859000.0,527562.0,Condo,21.67807265567252,7.05345755598367,9.159365333175247,9.454398647124284,0.03117584310764769,0.04100612441882639,Q3,2024
Bukit Timah,Singapore,75,3,3,137789000.0,1837190.0,Landed,23.159774000078432,7.538725918299753,9.331358613193657,9.093788680834216,0.025629216991513167,0.041916059515495645,Q3,2023
Tampines / Bedok,Singapore,75,3,3,44519000.0,593583.0,HDB,11.951327031957412,8.387726025197377,9.946847720321918,9.267261831130622,0.03953334013797599,0.03700470758148156,Q2,2023
Tampines / Bedok,Singapore,45,2,1,37611000.0,835806.0,Landed,9.510836137880101,7.345277527109708,9.762546496828294,9.403993984352695,0.019259836284283828,0.02453103512462435,Q3,2023
Bukit Timah,Singapore,120,3,4,158908000.0,1324231.0,Condo,8.84112730740912,7.385638016658553,9.261075537917314,9.34335545452938,0.0493623382116358,0.017059822962680826,Q2,2023
Woodlands / Yishun,Singapore,105,3,3,46646000.0,444248.0,Condo,4.074878267359892,8.084901866494048,9.588612291457183,9.65738774253193,0.04367142817149378,0.016100986190984906,Q3,2023
Jurong West,Singapore,55,1,1,37424000.0,680433.0,Landed,21.631448643214327,8.844800230221477,9.983933480565856,9.312349242906027,0.01731483731695846,0.049740989592531086,Q4,2023
Tampines / Bedok,Singapore,65,1,2,36111000.0,555557.0,HDB,22.649964821033116,8.839670917050912,9.24645674887869,9.76962970724996,0.042052758038248504,0.04418371698157379,Q4,2024
Jurong West,Singapore,55,1,2,27174000.0,494076.0,HDB,17.0398899087984,7.145695669992728,9.034657516519284,9.724883510792534,0.04063569794638185,0.04027805253813015,Q1,2024
Novena / Toa Payoh,Singapore,140,5,4,175442000.0,1253160.0,Landed,12.849054195220237,8.819630060694465,9.646354967752464,9.101217279242825,0.01835539249270696,0.012624295887088847,Q3,2023
Orchard / Marina Bay,Singapore,55,2,3,80865000.0,1470269.0,Condo,1.8127906601350263,8.330228762485904,9.675085810315242,9.733012434842053,0.012433778687980878,0.016299581457170396,Q2,2023
Jurong West,Singapore,55,1,1,24879000.0,452349.0,HDB,11.894229576302497,8.452309959450107,9.804894876771296,9.918070022216149,0.047870131429929186,0.042627970485585226,Q4,2024
Novena / Toa Payoh,Singapore,75,3,2,73153000.0,975368.0,Condo,8.038319814279514,8.805861627234465,9.998012949964501,9.96676700276759,0.02376526155144717,0.03924188214730012,Q1,2023
Novena / Toa Payoh,Singapore,45,1,1,44799000.0,995523.0,Condo,7.374758371798769,7.095943274108689,9.438419044564128,9.705552918559443,0.016145842164677363,0.025381112592290415,Q2,2023
Orchard / Marina Bay,Singapore,38,1,1,75563000.0,1988508.0,Landed,18.1592660583979,8.881339244544657,9.596355988647726,9.611055710760287,0.03372000037844934,0.02538230487279491,Q3,2024
Woodlands / Yishun,Singapore,55,2,3,26201000.0,476379.0,Condo,13.709723636778971,7.858131927155896,9.432384254957128,9.055156590429666,0.026419482781600917,0.018108549612947555,Q4,2024
Jurong West,Singapore,38,1,1,23490000.0,618163.0,Landed,21.36470397036655,8.14688226442451,9.423651671680027,9.33979603431495,0.04707606153808821,0.026362416552632738,Q4,2023
Tampines / Bedok,Singapore,90,3,2,48708000.0,541200.0,HDB,21.178695256899537,7.707648544569985,9.40910689948119,9.618985831534179,0.01194918316293073,0.048785066033480706,Q3,2024
Bukit Timah,Singapore,75,2,3,124046000.0,1653946.0,Landed,16.98372325574798,7.76393625902389,9.080120697072035,9.351479484443754,0.03450784023888552,0.023092566066507468,Q1,2024
Bukit Timah,Singapore,90,2,2,162319000.0,1803543.0,Landed,9.214202406249573,7.086210991381858,9.52629410129499,9.850033453438442,0.02335812533802482,0.04032686234363813,Q4,2024
Woodlands / Yishun,Singapore,90,1,1,40557000.0,450637.0,Condo,12.412473648684028,8.883766650364326,9.375753507081164,9.040159316255277,0.019590265725240877,0.014254642902756052,Q3,2023
Tampines / Bedok,Singapore,55,1,1,46677000.0,848682.0,Landed,21.418665295410598,7.369634576669931,9.011205164052836,9.830460151887952,0.011573613222215102,0.03748037250414128,Q1,2024
Orchard / Marina Bay,Singapore,45,1,1,69387000.0,1541938.0,Condo,10.027200623673693,7.797158611244987,9.472530675122043,9.412062322876855,0.021532826645105085,0.029998155561588566,Q1,2023
Orchard / Marina Bay,Singapore,120,4,5,172741000.0,1439509.0,Condo,1.4197209832272968,7.680579788719386,9.16924059072712,9.771797684586266,0.024043993621893904,0.043461408762411176,Q3,2024
Jurong West,Singapore,75,1,1,38037000.0,507165.0,Condo,15.415645797621714,7.21588727846712,9.569513515764244,9.26710696554221,0.03736365407843248,0.02568395832637556,Q4,2023
Orchard / Marina Bay,Singapore,65,1,2,98211000.0,1510940.0,Condo,12.483290220017322,8.45329432018864,9.596482991035982,9.052501935250891,0.03279594652144607,0.011525078990937451,Q2,2023
Tampines / Bedok,Singapore,55,1,2,34655000.0,630082.0,HDB,23.453605679714528,8.272782481109349,9.391814616286382,9.025204895366837,0.015718767935590898,0.01479071877033166,Q4,2023
Tampines / Bedok,Singapore,65,2,3,61151000.0,940784.0,Landed,6.106360157756218,8.91833312977082,9.238339464146256,9.571608444788822,0.04562861676353194,0.035190607236048346,Q4,2023
Novena / Toa Payoh,Singapore,55,1,1,50522000.0,918573.0,HDB,9.689984131727499,8.186665570454531,9.832527397603812,9.327869749542437,0.048410389631072165,0.028375153663242794,Q4,2024
Woodlands / Yishun,Singapore,90,1,1,54532000.0,605908.0,Landed,10.305186351690605,8.463088578764006,9.451231741161136,9.118359817451061,0.04857151159044227,0.010754824914971643,Q4,2023
Novena / Toa Payoh,Singapore,105,2,3,101424000.0,965938.0,Condo,12.325508058917519,8.224851079602786,9.523812219378362,9.565688613126826,0.044126774103897835,0.04733627551677153,Q2,2023
Woodlands / Yishun,Singapore,55,1,2,21257000.0,386484.0,HDB,14.274094887228017,8.574032104115394,9.174731974643713,9.707121675844357,0.03186024564289688,0.04862108724220359,Q3,2024
Woodlands / Yishun,Singapore,90,2,3,56712000.0,630137.0,Landed,19.00971720068342,8.385910727218253,9.311064670738604,9.277725047954528,0.045225129788606634,0.02002420203321066,Q2,2024
Novena / Toa Payoh,Singapore,105,3,2,99408000.0,946744.0,Condo,24.55571909251828,8.781738252074842,9.468863831190573,9.847838107925202,0.049707204869879944,0.04202101530252298,Q2,2023
Woodlands / Yishun,Singapore,75,1,1,39250000.0,523331.0,Condo,12.458688297632172,8.253642901233437,9.243216103657454,9.19908972921392,0.01824357866864027,0.02276287372187287,Q3,2024
Novena / Toa Payoh,Singapore,90,3,2,87483000.0,972033.0,Condo,2.9881927681721923,7.3290261779000225,9.43055562748342,9.442985590021161,0.016349828653371354,0.04610352419047432,Q2,2024
Bukit Timah,Singapore,65,1,1,104648000.0,1609973.0,Landed,23.400002327626595,8.852204163936817,9.282837249358183,9.647078424073937,0.012188235941498529,0.02827884269318661,Q3,2023
Novena / Toa Payoh,Singapore,55,1,2,60390000.0,1098006.0,Condo,21.73762885619919,8.190695182194673,9.745447401170193,9.191975773462245,0.02553328953036244,0.016179410234305337,Q2,2024
Tampines / Bedok,Singapore,105,4,5,62085000.0,591287.0,HDB,14.14408962531757,7.671935620009387,9.903346860442461,9.407264109375815,0.02062482729354953,0.011616145010217483,Q1,2024
Bukit Timah,Singapore,140,3,2,251800000.0,1798569.0,Landed,9.37599722369321,8.876166402246461,9.52766040615241,9.970091527334606,0.03045651753515595,0.01095837020875841,Q1,2023
Jurong West,Singapore,90,1,2,64129000.0,712542.0,Landed,12.33637352336746,8.889549907834446,9.179962076304752,9.997741038923202,0.04655742037784898,0.026394156519501714,Q1,2024
Tampines / Bedok,Singapore,90,3,3,56147000.0,623851.0,HDB,23.49862045716082,7.949595155789336,9.230374989769413,9.035057211329914,0.04899900402594738,0.015836519278239602,Q4,2023
Orchard / Marina Bay,Singapore,105,3,2,141638000.0,1348936.0,HDB,15.994522556456523,8.694400054856182,9.301792457773722,9.46568346828192,0.04543095297263448,0.01362423108898883,Q4,2023
Orchard / Marina Bay,Singapore,105,4,4,144430000.0,1375525.0,HDB,15.816333930353494,7.153556820994476,9.501065572091715,9.201535194515596,0.046212817600985945,0.012416815346173685,Q4,2024
Woodlands / Yishun,Singapore,75,3,2,37336000.0,497817.0,Condo,13.528502101106048,7.014723758359087,9.549696761516772,9.780658695268535,0.02254711054372214,0.02929973161210183,Q2,2023
Woodlands / Yishun,Singapore,90,2,2,44103000.0,490029.0,Condo,4.544166075487926,7.863078320423771,9.236954558780875,9.627743730884884,0.017711859159435725,0.012977765185899756,Q3,2024
Jurong West,Singapore,38,1,1,21645000.0,569612.0,Condo,4.447355727617539,8.346574716880678,9.960332568949752,9.132060963267351,0.02312881428777027,0.01675296076067267,Q1,2023
Novena / Toa Payoh,Singapore,55,1,2,56053000.0,1019150.0,Condo,17.21153389664186,7.4047030427938445,9.386817566971912,9.265189406100111,0.03342696177690436,0.02450491287546048,Q3,2024
Tampines / Bedok,Singapore,105,4,5,63477000.0,604545.0,HDB,20.931393879276154,8.6638029691561,9.54508156011285,9.864010130150598,0.0365051554134172,0.030278760364159274,Q3,2023
Novena / Toa Payoh,Singapore,120,3,3,167116000.0,1392634.0,Landed,6.647331283555809,8.712158302454588,9.459142182881616,9.52001051371965,0.021321349694268604,0.03356694815412552,Q4,2024
Jurong West,Singapore,140,4,4,74852000.0,534654.0,Condo,24.37904692898915,8.174998725220888,9.431544007769315,9.97279277689334,0.023660318576007713,0.025670237905349134,Q2,2024
Tampines / Bedok,Singapore,90,2,2,58974000.0,655268.0,Condo,24.87019144813214,8.881549490460472,9.789872429853812,9.816908527114087,0.029105660089026097,0.028251146878662856,Q4,2023
Tampines / Bedok,Singapore,90,3,4,54733000.0,608139.0,HDB,6.558119773892807,8.574992647635092,9.466282780424716,9.747454545754206,0.04079672287557595,0.0499509197076295,Q4,2023
Woodlands / Yishun,Singapore,55,1,2,25080000.0,455992.0,Condo,18.080535673108066,8.183148945672485,9.46449876632466,9.804738876637412,0.023031090520089836,0.04876572493056317,Q1,2024
Orchard / Marina Bay,Singapore,120,2,2,204353000.0,1702938.0,Condo,17.68072181992034,7.01099547582241,9.626821235814205,9.712822666544026,0.047463154603177356,0.019403438707710236,Q1,2023
Jurong West,Singapore,65,1,1,27839000.0,428296.0,HDB,19.695374110339035,8.721194702324851,9.5006294267418,9.008657950164496,0.02898589714078678,0.025051007611667436,Q1,2023
Woodlands / Yishun,Singapore,105,2,2,61866000.0,589199.0,Landed,1.929585142279497,7.837891198339453,9.852971642770001,9.53093622250678,0.02772171841413685,0.02402715400084436,Q1,2024
Orchard / Marina Bay,Singapore,38,2,2,53166000.0,1399106.0,HDB,18.695531859248707,7.706765862310641,9.48899562507494,9.560637081737857,0.02441334916439488,0.021438722839497593,Q2,2024
Bukit Timah,Singapore,65,1,1,98396000.0,1513780.0,Condo,15.079081987932305,8.945120016014625,9.31731667529977,9.019404782380317,0.033962533519364305,0.01179653889033203,Q2,2024
Novena / Toa Payoh,Singapore,140,5,4,129051000.0,921791.0,HDB,5.63787889207002,8.565201447650724,9.828032688275705,9.692231395352973,0.03994519949845469,0.017598374894241337,Q3,2024
Jurong West,Singapore,120,4,5,66207000.0,551722.0,Condo,3.8743450073714216,7.053116191716715,9.070374998298194,9.379191982506354,0.04885125514964991,0.021241323408704122,Q4,2024
Orchard / Marina Bay,Singapore,65,1,2,93246000.0,1434549.0,Condo,24.768775135802315,8.025067710744771,9.294225902643433,9.467864454073801,0.0211847324673571,0.01974341636445337,Q2,2024
Tampines / Bedok,Singapore,140,4,5,109390000.0,781358.0,Condo,19.043264338370086,7.838847066205232,9.866526943302281,9.985495531601059,0.019804530345593048,0.0374475000496563,Q4,2024
Tampines / Bedok,Singapore,38,1,1,37426000.0,984907.0,Landed,20.68539808877574,8.269739191478239,9.433289282057608,9.017566869649471,0.019633580183028236,0.04939078297962266,Q3,2023
Tampines / Bedok,Singapore,90,3,2,67019000.0,744657.0,Condo,6.797244929592338,8.385877726466378,9.026567575096342,9.668106065654792,0.04784296112268688,0.035194943660631126,Q1,2023
Woodlands / Yishun,Singapore,55,2,3,28220000.0,513084.0,Condo,7.435803817702928,7.23607802232059,9.421888772228066,9.016595679933644,0.01911049510066298,0.03102074095670987,Q3,2023
Novena / Toa Payoh,Singapore,140,5,6,121126000.0,865184.0,HDB,22.384522517830973,7.979517917738658,9.524698548213484,9.507431841554125,0.04509749982130804,0.046884449218155606,Q4,2024
Tampines / Bedok,Singapore,90,1,2,86949000.0,966098.0,Landed,12.39862099484012,8.893517417816597,9.078410040104298,9.029788919312047,0.046482350658472164,0.04212772114959447,Q2,2024
Tampines / Bedok,Singapore,38,1,2,21284000.0,560101.0,HDB,3.23496283380081,7.897944497443281,9.87683898259917,9.140987652964382,0.026229141045195553,0.010331211866627244,Q1,2024
Orchard / Marina Bay,Singapore,65,1,1,130477000.0,2007332.0,Landed,8.549937270434897,8.256693259936249,9.114188877262093,9.830558556006222,0.016099029833876437,0.028461862533093282,Q4,2023
Jurong West,Singapore,140,4,4,75792000.0,541369.0,Condo,5.317597770437565,8.737452023812686,9.678152593108074,9.679342105410162,0.04205746819323,0.019407146584132083,Q2,2023
Tampines / Bedok,Singapore,120,4,5,77394000.0,644953.0,HDB,20.48694698161193,7.712638620011865,9.998234401370349,9.559289147376353,0.03271956183739134,0.04116350623137195,Q1,2023
Novena / Toa Payoh,Singapore,55,1,1,59643000.0,1084413.0,Condo,21.82078244196119,8.210384747827119,9.353639198294552,9.488707795927537,0.04498548110699029,0.010234176808670106,Q3,2024
Woodlands / Yishun,Singapore,75,1,2,31816000.0,424212.0,HDB,23.91184755453773,8.335368286265803,9.828539657191408,9.610765422872262,0.011782372861764725,0.04896447812656224,Q2,2023
Woodlands / Yishun,Singapore,120,4,4,73208000.0,610066.0,Landed,4.552245486311429,7.397112185178055,9.241798857191004,9.900950919328238,0.03902990588249672,0.04252028866873193,Q3,2024
Woodlands / Yishun,Singapore,65,2,3,29742000.0,457564.0,Condo,9.370744295949201,7.195885613405572,9.415877680003453,9.208334164433316,0.03170771206659926,0.030951183334353802,Q1,2023
Woodlands / Yishun,Singapore,105,4,4,43768000.0,416835.0,HDB,8.323098812228322,8.186544060354407,9.693079319102914,9.192929059376189,0.0367777145393464,0.01050933733382729,Q4,2024
Orchard / Marina Bay,Singapore,45,1,2,80338000.0,1785278.0,Landed,5.50959892570873,7.840081018319443,9.488708251736266,9.400363197094174,0.010356339933762006,0.011243741843816215,Q2,2023
Jurong West,Singapore,45,1,2,26248000.0,583296.0,Condo,10.837268949373104,7.9487619281435435,9.330963046061928,9.562114588035785,0.02273633400439888,0.01624314420520094,Q4,2024
Tampines / Bedok,Singapore,120,2,1,78584000.0,654868.0,HDB,10.625390717331893,8.201151382041884,9.695893871730462,9.35933041604426,0.03181918697436599,0.04890015804712977,Q2,2024
Woodlands / Yishun,Singapore,55,1,1,29817000.0,542123.0,Landed,9.998194016533178,7.158610959971802,9.881077191119136,9.450499039287333,0.013104155687867719,0.014339701706787538,Q2,2023
Novena / Toa Payoh,Singapore,38,2,1,41004000.0,1079040.0,Condo,22.19915093278839,7.487077398122519,9.954946603927253,9.384717824905314,0.025006761262568136,0.02218286423127824,Q2,2023
Orchard / Marina Bay,Singapore,120,2,3,145105000.0,1209205.0,HDB,20.014839783473693,7.67580266979608,9.05625278149243,9.41568521302722,0.027779250424160053,0.04439456821758084,Q2,2023
Jurong West,Singapore,140,3,2,75597000.0,539980.0,Condo,5.3537723150672285,7.989659782045752,9.661549278068051,9.427542994262991,0.02230153686185333,0.02317067688613733,Q2,2023
Bukit Timah,Singapore,75,2,1,109163000.0,1455507.0,Condo,18.38830950228474,8.48692245210262,9.306859379864099,9.60769739225186,0.026514121857998132,0.0384989550520633,Q3,2023
Woodlands / Yishun,Singapore,140,5,4,58217000.0,415836.0,HDB,16.321194979566656,8.095749525162661,9.869629123725646,9.415439395717229,0.035831755681129694,0.02066214062172619,Q4,2023
Novena / Toa Payoh,Singapore,75,3,3,62718000.0,836246.0,HDB,21.272806710149297,7.9429652948579115,9.880223194425835,9.14223252108672,0.028110014566270942,0.03249283313579973,Q1,2023
Orchard / Marina Bay,Singapore,90,3,3,108251000.0,1202784.0,HDB,10.239501780095937,7.764672934638931,9.191282610301194,9.73085333734059,0.016766968757254648,0.018545894531783094,Q1,2023
Orchard / Marina Bay,Singapore,38,1,2,73686000.0,1939116.0,Landed,13.376421528528702,7.061839909840344,9.125320958205542,9.563079384233486,0.030751549730469535,0.023045478302635095,Q4,2024
Orchard / Marina Bay,Singapore,120,3,2,172013000.0,1433443.0,Condo,8.51172901666704,7.749319666398524,9.75488246494861,9.080148788132343,0.03579534146989361,0.04590608349859932,Q2,2024
Bukit Timah,Singapore,75,1,2,105889000.0,1411850.0,Condo,4.656090775193924,8.070606440358281,9.394356832273164,9.731291187870971,0.028495237659309162,0.04973214097701578,Q3,2023
Tampines / Bedok,Singapore,55,1,1,46144000.0,838985.0,Landed,4.7899091700452034,8.121032915576828,9.66726430395737,9.832623139156738,0.017787764729393158,0.03887874478046532,Q1,2023
Tampines / Bedok,Singapore,38,1,1,33222000.0,874261.0,Landed,3.4743852738402863,8.296436847828348,9.530318232325008,9.672810876862847,0.02570948228242516,0.039783763576041194,Q1,2023
Bukit Timah,Singapore,38,1,1,56250000.0,1480250.0,Condo,3.9705497081466294,8.206004733940919,9.830303615385493,9.517198328847291,0.014375720335013758,0.017626674432300697,Q3,2023
Bukit Timah,Singapore,105,2,2,124304000.0,1183852.0,HDB,6.990765288939463,8.728137007553133,9.177419677123705,9.622730776680756,0.04764630491832559,0.02760891718357536,Q3,2024
Woodlands / Yishun,Singapore,75,2,1,43314000.0,577521.0,Landed,4.716331992158515,7.038632909211612,9.540477705743152,9.809144394645443,0.03914766914458995,0.04119829823298681,Q3,2024
Jurong West,Singapore,38,2,2,23737000.0,624671.0,Landed,9.788928577405722,8.11609122045029,9.705069236115536,9.525203223717055,0.030833920769501276,0.03281432627381857,Q1,2023
Bukit Timah,Singapore,75,2,2,106158000.0,1415445.0,Condo,4.425003224547389,7.567678985809749,9.89100887368002,9.771734369979727,0.047113262524689906,0.04647363382822901,Q1,2024
Orchard / Marina Bay,Singapore,38,1,1,81312000.0,2139781.0,Landed,23.774314209854946,7.628506337531032,9.277918481372513,9.04300136225302,0.021688369390283645,0.042856997365857886,Q3,2024
Orchard / Marina Bay,Singapore,120,3,2,245356000.0,2044629.0,Landed,23.786793275515013,7.644836465281534,9.619482751837669,9.942618655667559,0.013782892110951912,0.011071673773316184,Q4,2024
Woodlands / Yishun,Singapore,120,2,3,75545000.0,629539.0,Landed,7.057624935943754,8.012588168954116,9.92389974815833,9.170498743222725,0.015011817232780621,0.02279089467159215,Q2,2024
Orchard / Marina Bay,Singapore,55,1,2,76142000.0,1384407.0,HDB,11.004487810840136,7.906460060087113,9.012664674365395,9.282703545222796,0.02633087501068218,0.04677215511178115,Q4,2024
Orchard / Marina Bay,Singapore,105,2,2,143985000.0,1371284.0,HDB,20.10703315660639,8.449305325416232,9.129447621583905,9.477338205756743,0.018995372559973543,0.030949286418830803,Q2,2024
Woodlands / Yishun,Singapore,45,1,2,19080000.0,424008.0,HDB,7.680169448423055,8.356327740663804,9.690009502199329,9.489764713007359,0.015574837437863285,0.04785387594063914,Q1,2023
Jurong West,Singapore,105,3,4,56892000.0,541831.0,Condo,6.535087213142563,7.23035920746786,9.047944491747893,9.063039599062524,0.023940172438838635,0.02605537107706156,Q3,2024
Jurong West,Singapore,55,1,1,31208000.0,567426.0,Condo,15.190430439862778,7.611855568004017,9.030402964031763,9.82341791692943,0.04959296326426466,0.03739457216587136,Q1,2023
Bukit Timah,Singapore,45,1,2,72774000.0,1617192.0,Landed,5.010233026003784,7.532082001581621,9.89712405207671,9.733808393351032,0.044718578981307405,0.014533086008984349,Q3,2023
Orchard / Marina Bay,Singapore,45,2,2,85819000.0,1907093.0,Landed,20.69631097681929,8.2217405877464,9.254901869797493,9.02458984704293,0.04468530680456226,0.014759360964895217,Q3,2023
Orchard / Marina Bay,Singapore,45,1,1,94657000.0,2103493.0,Landed,24.593488798638727,8.203933021958493,9.688126187288326,9.5583948478465,0.03876582949441245,0.03529014279492198,Q1,2023
Novena / Toa Payoh,Singapore,105,3,3,96352000.0,917636.0,HDB,18.073910310684795,7.822636490763717,9.697500592233828,9.775479561040445,0.03661578442317895,0.048704221428906465,Q4,2024
Woodlands / Yishun,Singapore,120,2,3,44210000.0,368420.0,HDB,20.868124258773076,8.884705131037002,9.536845658015613,9.327299247594002,0.02749587055569836,0.044878167530337215,Q4,2023
Bukit Timah,Singapore,45,2,1,59450000.0,1321102.0,Condo,2.7971128880328875,7.929114084220213,9.164307373703627,9.723974484988114,0.04305971576660272,0.028863518353702898,Q1,2023
Orchard / Marina Bay,Singapore,45,1,1,57939000.0,1287530.0,HDB,6.1965529152068415,8.580644058438406,9.609829317553789,9.77523867059114,0.04879666616676608,0.010731550117465205,Q4,2024
Orchard / Marina Bay,Singapore,65,1,2,80484000.0,1238214.0,HDB,19.747535426146957,8.59599292998995,9.86520409619973,9.405113627428156,0.01825073183917618,0.02946838880323986,Q2,2024
Bukit Timah,Singapore,75,1,1,98314000.0,1310855.0,Condo,24.526618532123962,8.140339924477674,9.964524405522802,9.658983045391752,0.03434700746795809,0.033836612134001715,Q1,2024
Novena / Toa Payoh,Singapore,140,4,5,141726000.0,1012328.0,Condo,7.048239393796647,8.031746785799115,9.621752728284676,9.170482917295024,0.024939854136346237,0.03330812102347297,Q3,2024
Tampines / Bedok,Singapore,105,4,4,71741000.0,683246.0,Condo,24.032519748706793,7.569795731978837,9.562309222588631,9.400835143969617,0.04434195721166869,0.041904177775341424,Q3,2024
Woodlands / Yishun,Singapore,120,3,2,76881000.0,640673.0,Landed,9.963415661422655,7.371786299981008,9.76591889366134,9.024626735487077,0.013778140416406943,0.021121117154412002,Q4,2024
Tampines / Bedok,Singapore,45,1,1,37745000.0,838780.0,Landed,10.352438293786214,7.184258343010527,9.937487461350667,9.707942495929549,0.04306528751387092,0.01615477107735073,Q3,2024
Jurong West,Singapore,140,5,5,67592000.0,482799.0,HDB,1.6270643333770298,7.204613345170524,9.877763424355354,9.425657102652968,0.01863905906069993,0.03753071033591311,Q2,2024
Bukit Timah,Singapore,65,2,1,84128000.0,1294277.0,Condo,14.420723798705172,8.36177159783977,9.55060116219794,9.482735013244282,0.049253491831435806,0.03662592160051926,Q3,2024
Woodlands / Yishun,Singapore,105,4,3,45318000.0,431603.0,HDB,17.825192573086213,7.212682318221496,9.80348453479032,9.807846513102517,0.03794886820247081,0.038295274594475036,Q2,2024
Jurong West,Singapore,75,1,1,39593000.0,527901.0,Condo,7.65154876157287,7.438577536443493,9.286101076687455,9.799975286553744,0.010156000981684591,0.024764122907159965,Q2,2024
Orchard / Marina Bay,Singapore,38,2,2,64275000.0,1691456.0,Condo,7.79412229526398,8.10907811474117,9.792208172419354,9.636902871476684,0.024662384178415233,0.020650418791874688,Q4,2024
Bukit Timah,Singapore,55,2,3,67962000.0,1235664.0,HDB,2.182606154569104,8.682184301020675,9.641341658860819,9.599150781333993,0.045822030607359975,0.04438944122916726,Q4,2023
Bukit Timah,Singapore,75,1,1,87303000.0,1164035.0,HDB,14.6693462595913,8.179143814335815,9.329998704516179,9.31865951090836,0.015232411608635239,0.03692465948272397,Q3,2024
Tampines / Bedok,Singapore,65,1,1,42477000.0,653498.0,Condo,19.187460450840984,8.102177221180138,9.011733059091,9.149687941602256,0.024519653251700135,0.039415811608707475,Q1,2024
Bukit Timah,Singapore,45,1,1,71622000.0,1591590.0,Landed,24.398411037956432,7.162158270685772,9.341615060416753,9.543293684197566,0.03789466065870208,0.04255379848459928,Q3,2024
Novena / Toa Payoh,Singapore,45,2,2,62155000.0,1381228.0,Landed,9.587158750447458,8.197118604617051,9.68532316724301,9.92073956000843,0.029555207391597553,0.010077079586259178,Q4,2023
Tampines / Bedok,Singapore,105,3,2,76857000.0,731972.0,Condo,18.365262423934503,8.500519653191658,9.823798418159228,9.236561436582011,0.022243654302141112,0.02071949939366171,Q3,2023
Bukit Timah,Singapore,65,1,1,81053000.0,1246971.0,HDB,7.956388061500959,8.823609071044746,9.78254257476216,9.60295717504922,0.023951218147153567,0.04544930113172834,Q2,2024
Jurong West,Singapore,65,2,2,40399000.0,621530.0,Landed,12.567726407039958,8.617468472769648,9.228346500942784,9.906699472269844,0.024758688376767184,0.040743673278802815,Q4,2023
Novena / Toa Payoh,Singapore,45,2,1,37673000.0,837171.0,HDB,21.134728935330536,7.048075875651347,9.147567724877552,9.886381873529148,0.019383691235429105,0.02777351835897366,Q3,2023
Jurong West,Singapore,75,2,3,42446000.0,565950.0,Condo,20.625588439424295,8.181502342301343,9.675754452714576,9.697349086413093,0.014620827495334124,0.014499961862102055,Q3,2024
Orchard / Marina Bay,Singapore,65,2,2,90319000.0,1389525.0,HDB,1.2104255571628588,7.696460317505964,9.34574369038889,9.443119580677873,0.012054684613019444,0.04575065786132396,Q3,2023
Bukit Timah,Singapore,65,2,3,107148000.0,1648437.0,Landed,13.785514980163207,8.432982908831935,9.796507229886302,9.811213730575812,0.02665613840534594,0.02927355073263735,Q2,2024
Orchard / Marina Bay,Singapore,90,1,1,192639000.0,2140436.0,Landed,19.386871539936088,7.062974290982024,9.232662432536365,9.807094286866903,0.0422190286549369,0.0386318286049002,Q1,2024
Woodlands / Yishun,Singapore,140,3,4,60545000.0,432461.0,Condo,20.74490816074091,7.094884795949769,9.953813686082283,9.644552307937188,0.017431904493469794,0.011884190417758464,Q4,2023
Jurong West,Singapore,90,3,4,49851000.0,553899.0,Condo,18.18977086048941,7.458443624261302,9.657159464545485,9.58621055627931,0.04872131424265212,0.015253635778463477,Q4,2024
Tampines / Bedok,Singapore,140,4,5,90889000.0,649209.0,Condo,16.85865640229451,8.88310949962018,9.896895391197633,9.525806232240928,0.04685670903212711,0.04152817295189102,Q3,2023
Jurong West,Singapore,45,2,2,30093000.0,668744.0,Landed,23.661342226424143,7.867126143529301,9.159770990238304,9.49924582682634,0.03450699036965772,0.023785943783847192,Q4,2023
Bukit Timah,Singapore,55,1,2,86317000.0,1569400.0,Landed,7.5518525559290826,7.784798733119784,9.738641974282965,9.06949224967877,0.027218379428621396,0.015073517633140465,Q3,2024
Bukit Timah,Singapore,120,2,1,227231000.0,1893595.0,Landed,3.312944089037087,7.0988568470144955,9.92337186677909,9.161050523552264,0.04628319361700475,0.047782895294702914,Q1,2023
Novena / Toa Payoh,Singapore,55,2,1,56750000.0,1031821.0,Condo,24.923837078482016,8.920240916807614,9.921103788801522,9.889148460584606,0.039017434082148375,0.04669426702404438,Q4,2023
Woodlands / Yishun,Singapore,45,1,1,21946000.0,487698.0,Condo,24.21977648767684,7.780381836459754,9.262846844725416,9.460890485320046,0.02635725356251717,0.031022044803336354,Q3,2023
Tampines / Bedok,Singapore,38,2,2,36612000.0,963466.0,Landed,5.058324918620748,7.154176416676141,9.516563836090155,9.6616606820143,0.016716724938828267,0.012467684137681156,Q4,2024
Orchard / Marina Bay,Singapore,120,4,5,248480000.0,2070668.0,Landed,19.706096303925705,7.857813224883708,9.075768957113604,9.13511985340152,0.02167057853335902,0.018478687291534488,Q2,2024
Bukit Timah,Singapore,105,3,3,114805000.0,1093385.0,HDB,17.569694430757604,8.970798675226334,9.452141335486102,9.079203431910004,0.01979496552027219,0.04424045151756959,Q4,2023
Novena / Toa Payoh,Singapore,65,1,2,80496000.0,1238405.0,Landed,7.7228866065697,8.074135502486731,9.924408405875308,9.738176914232794,0.028582629645117937,0.011836440439890138,Q2,2023
Jurong West,Singapore,45,1,2,31994000.0,710978.0,Landed,11.491390019089636,8.273700874216596,9.851885172034656,9.478975404952607,0.048437755519291206,0.042359994655439576,Q1,2023
Bukit Timah,Singapore,90,2,3,131472000.0,1460796.0,Condo,1.0746725089031788,7.131553684297166,9.409839047468308,9.336702306637827,0.02768652770560618,0.0492185251771586,Q3,2024
Woodlands / Yishun,Singapore,45,2,3,25168000.0,559288.0,Landed,18.807200788949103,7.836053936820972,9.430383511877686,9.595462983232878,0.030866060302298562,0.011262494826065379,Q2,2024
Bukit Timah,Singapore,45,1,2,53188000.0,1181958.0,HDB,17.526776858020394,8.523343563314217,9.157066992681566,9.081165367004749,0.02757606433775063,0.04297574352213914,Q4,2023
Novena / Toa Payoh,Singapore,90,1,1,72200000.0,802223.0,HDB,7.062946954726517,7.345976497424225,9.378719151909587,9.208355839789965,0.043735064792804625,0.03173158138197404,Q2,2024
Woodlands / Yishun,Singapore,65,1,2,42166000.0,648710.0,Landed,4.614222201087499,8.012200447722426,9.806007283734255,9.953706152643644,0.045315879416002056,0.02549528572461756,Q2,2024
Novena / Toa Payoh,Singapore,105,2,3,115879000.0,1103611.0,Condo,7.957749383864282,7.20760926920397,9.054176774064747,9.556225177041494,0.04391179044579356,0.044235680859034746,Q2,2023
Novena / Toa Payoh,Singapore,120,3,3,109963000.0,916360.0,HDB,3.9182473124385613,8.419732133373802,9.222695498283732,9.681323639823596,0.03524147179643549,0.02634818557676122,Q4,2024
Novena / Toa Payoh,Singapore,75,3,4,65887000.0,878489.0,HDB,1.7353928877163236,8.51542490235328,9.886320066687212,9.556528796416062,0.037581655059308904,0.04649995466653594,Q3,2023
Tampines / Bedok,Singapore,90,1,2,65256000.0,725068.0,Condo,15.447471349093611,7.49653885082933,9.994755609068633,9.896513456336141,0.022047093509144737,0.039310458336154805,Q4,2023
Orchard / Marina Bay,Singapore,105,2,3,159272000.0,1516881.0,Condo,16.112369720245614,7.001002697227079,9.460828960855112,9.71765136266016,0.014307855395817054,0.02024481681738867,Q3,2024
Tampines / Bedok,Singapore,120,4,3,70810000.0,590085.0,HDB,5.078182802567604,7.951823821514508,9.700981000606129,9.734003044646444,0.014885067432757242,0.02338435601602893,Q2,2024
Tampines / Bedok,Singapore,38,2,2,26398000.0,694674.0,Condo,8.157115685925952,8.296124588048695,9.756631081272257,9.51945664416146,0.03215586837309871,0.030971799605887612,Q3,2023
Woodlands / Yishun,Singapore,90,2,3,36027000.0,400297.0,HDB,7.67061527930914,7.204314132620766,9.9648556121901,9.634809265225046,0.025089744261154925,0.016664468526621463,Q4,2024
Tampines / Bedok,Singapore,140,3,4,95861000.0,684719.0,Condo,23.86754798343276,8.342270627444766,9.653571654043063,9.796777272080632,0.0167536160902707,0.04012790279387606,Q2,2024
Bukit Timah,Singapore,38,2,3,41421000.0,1090035.0,HDB,13.224316614981799,7.689820881201271,9.991707547183085,9.23444582698141,0.033373769376112986,0.024036258113650504,Q3,2024
Woodlands / Yishun,Singapore,120,2,2,57134000.0,476114.0,Condo,5.908973703431252,8.806236905161061,9.547474348086553,9.071330504627708,0.045782838316221396,0.04274032622068983,Q1,2024
Orchard / Marina Bay,Singapore,38,1,1,51395000.0,1352513.0,HDB,15.02934407982002,7.065286305211417,9.236178045861,9.785208645330169,0.010955907554430704,0.02817715679605238,Q1,2024
Tampines / Bedok,Singapore,90,1,1,67544000.0,750493.0,Condo,3.0291528339719997,7.302282159811076,9.782923173587998,9.413960613697542,0.030956497535147072,0.0491435036096856,Q2,2023
Orchard / Marina Bay,Singapore,90,2,1,161000000.0,1788886.0,Landed,17.55284911333102,7.050573482965715,9.99306584671739,9.978258543923964,0.023606877508579403,0.03157479349316749,Q4,2023
Orchard / Marina Bay,Singapore,38,2,3,75996000.0,1999891.0,Landed,13.606993061198638,7.442891886950408,9.76693059011906,9.26119620990935,0.03218649422652409,0.03705048065218341,Q1,2023
Woodlands / Yishun,Singapore,140,4,3,63010000.0,450070.0,Condo,23.622832111510693,8.749544840496027,9.449503284426774,9.514256547712675,0.01525649497425902,0.027309242040543934,Q4,2023
Bukit Timah,Singapore,120,2,2,176673000.0,1472276.0,Condo,2.078324318360427,8.497543082609678,9.985145681097393,9.756903177469152,0.037563234770299186,0.04063164943246661,Q1,2024
Jurong West,Singapore,75,2,3,36069000.0,480918.0,HDB,3.590170838446384,7.290908266020747,9.65900673342498,9.809878814835647,0.025097744252105772,0.014366734854251058,Q1,2023
Novena / Toa Payoh,Singapore,140,4,3,121607000.0,868621.0,HDB,7.987170213550491,7.563891513970351,9.620945415400511,9.214517001520926,0.01595209896185186,0.04095425758094247,Q4,2024
Bukit Timah,Singapore,105,3,2,186567000.0,1776827.0,Landed,18.173879392152184,8.789626599022307,9.460289267456632,9.321073123037625,0.028140723951225313,0.03363363271330293,Q2,2024
Novena / Toa Payoh,Singapore,105,3,3,140406000.0,1337203.0,Landed,15.105768925943138,7.074260457287741,9.29968423281312,9.884161525440822,0.03336190054949809,0.016577281642686584,Q3,2024
Novena / Toa Payoh,Singapore,120,4,5,108308000.0,902567.0,HDB,7.302211946092323,8.44251425678817,9.111554725761671,9.42367822314894,0.02571063889240635,0.033891852869655445,Q4,2024
Novena / Toa Payoh,Singapore,38,2,3,34022000.0,895306.0,HDB,1.2866204790587066,8.96974431092944,9.403052973106632,9.834471360131534,0.02596419804751316,0.04414758104221424,Q1,2023
Woodlands / Yishun,Singapore,65,1,1,29215000.0,449462.0,Condo,23.33847778287404,8.37747872742093,9.91491666197449,9.727239929454141,0.03717026936945626,0.026697150586415253,Q3,2024
Tampines / Bedok,Singapore,140,3,3,107981000.0,771294.0,Condo,24.00274875525315,7.60886397370358,9.665550153426725,9.404318744511949,0.03852246422672596,0.03611520907800257,Q4,2023
Novena / Toa Payoh,Singapore,75,3,4,86929000.0,1159051.0,Landed,19.639465005823087,7.671423868318789,9.525205059987776,9.577832136627809,0.011171393406891857,0.047441707808703805,Q1,2023
Tampines / Bedok,Singapore,140,5,5,95175000.0,679822.0,Condo,9.939083886120716,8.343431709368037,9.73374092440215,9.062985323253606,0.03366176850287282,0.018727387805033243,Q1,2023
Novena / Toa Payoh,Singapore,65,2,1,57862000.0,890189.0,HDB,14.952115387524296,7.695784341215914,9.846892850606189,9.648382337082184,0.013911329426901636,0.032327268665002885,Q4,2023
Jurong West,Singapore,55,2,3,31329000.0,569625.0,Condo,5.874977149779996,7.123838884476477,9.293646052990175,9.28597435658477,0.03426174276542933,0.04894642213323898,Q2,2024
Jurong West,Singapore,45,2,3,23055000.0,512332.0,Condo,10.967729675516695,7.091768727846868,9.22278575781436,9.654146503270615,0.04531660238784016,0.04370686942140972,Q2,2024
Bukit Timah,Singapore,75,1,1,127969000.0,1706252.0,Landed,13.176604403334391,7.378748953605437,9.805098636960288,9.687889977838722,0.040200889903525425,0.01099251588074084,Q4,2024
Novena / Toa Payoh,Singapore,90,3,4,85390000.0,948783.0,Condo,23.082271096890686,8.78354180393542,9.502781322360573,9.197202814336102,0.013422078728369313,0.025950984396057357,Q2,2024
Novena / Toa Payoh,Singapore,90,2,3,89652000.0,996135.0,Condo,4.293174709269258,7.645325175203062,9.103547816685273,9.070166856702956,0.023977551937287143,0.018574601030964186,Q1,2024
Orchard / Marina Bay,Singapore,140,4,4,214482000.0,1532012.0,Condo,6.445227631672057,8.438847087798928,9.937634045657095,9.459674829896676,0.041502726492149596,0.04837410450738993,Q4,2023
Jurong West,Singapore,75,1,1,35670000.0,475597.0,HDB,19.52526099799934,7.910068170411531,9.241335462623905,9.969235560222774,0.033307994692514296,0.026647453342226,Q2,2024
Orchard / Marina Bay,Singapore,45,1,1,61629000.0,1369528.0,HDB,18.98664443128282,7.635004157438498,9.318542456482072,9.833809553231767,0.014582248625627302,0.034344467161974625,Q2,2024
Orchard / Marina Bay,Singapore,65,1,1,77309000.0,1189376.0,HDB,24.105238234314168,7.189715974789765,9.488962807571689,9.211373159224113,0.0397512764051723,0.04993872122915154,Q1,2024
Novena / Toa Payoh,Singapore,90,2,1,107849000.0,1198323.0,Landed,5.975980539507946,7.787026596383754,9.411816125806538,9.470282772319052,0.04875941247909732,0.02151823798629512,Q3,2023
Woodlands / Yishun,Singapore,90,1,1,33207000.0,368962.0,HDB,7.6316896329467925,8.251121621319616,9.848230643140266,9.700425172366417,0.010227385717162711,0.022409838743799607,Q3,2024
Woodlands / Yishun,Singapore,105,4,4,63052000.0,600494.0,Landed,20.903595452698028,7.090323263222052,9.424943132627607,9.394946618394723,0.048915136684441266,0.04601313327038476,Q3,2023
Tampines / Bedok,Singapore,140,3,4,109247000.0,780335.0,Condo,14.418426521544774,7.921634828608932,9.248261320129906,9.088006066309436,0.02400514273631317,0.039069080159930526,Q4,2023
Orchard / Marina Bay,Singapore,38,1,1,81485000.0,2144351.0,Landed,23.086641884739343,7.0789066011146105,9.303292210193234,9.360286525699776,0.04331044825355569,0.04080192242940903,Q2,2023
Bukit Timah,Singapore,55,1,2,91619000.0,1665792.0,Landed,14.731848993229569,8.425943469876003,9.122333325244789,9.028439931063303,0.022405771518694887,0.04198877208281541,Q3,2024
Woodlands / Yishun,Singapore,38,1,1,15148000.0,398621.0,HDB,14.649217660977238,7.649765605337365,9.844238895365505,9.512452295472697,0.04670300429898648,0.01978997537282008,Q2,2023
Woodlands / Yishun,Singapore,38,1,2,16772000.0,441376.0,Condo,10.172426990535051,7.461936892847467,9.58571208041267,9.02976346697061,0.021786854787267808,0.011037410305486231,Q1,2023
Woodlands / Yishun,Singapore,65,2,1,38050000.0,585389.0,Landed,24.331491563712678,7.6342435613477555,9.03388080570285,9.358314269374729,0.011657868868483506,0.035342762281853304,Q3,2024
Woodlands / Yishun,Singapore,38,1,1,17476000.0,459883.0,Condo,22.017843394468912,7.722281874180966,9.265798156089957,9.788500286770429,0.014769663390058013,0.0340477628739363,Q1,2023
Tampines / Bedok,Singapore,55,2,2,50992000.0,927118.0,Landed,10.030982186823628,8.455449603053776,9.307430621213433,9.149458980185974,0.04729315776743484,0.03283169015081869,Q1,2023
Woodlands / Yishun,Singapore,140,5,6,60474000.0,431955.0,HDB,19.244505843144502,8.942536176863928,9.708936461732529,9.352154077338563,0.03899254846312081,0.01965911442675177,Q1,2023
Woodlands / Yishun,Singapore,75,3,4,32881000.0,438416.0,HDB,11.188454394756295,7.434166641836947,9.743017008773874,9.457156154035186,0.03590344457714918,0.02385210845114029,Q4,2024
Novena / Toa Payoh,Singapore,140,3,3,178725000.0,1276605.0,Landed,18.247765729217914,7.213303035721624,9.481715667289107,9.850865162144789,0.025418567558924684,0.014156942551082269,Q2,2024
Woodlands / Yishun,Singapore,65,1,1,29407000.0,452419.0,Condo,9.93432851794165,8.979838677395461,9.19846373645213,9.160608703605655,0.03918918384095495,0.03110830685718991,Q1,2024
Woodlands / Yishun,Singapore,75,1,2,36951000.0,492679.0,Condo,2.9736756650882175,7.40694195471926,9.493999821450243,9.558058599974927,0.03678587866833784,0.02826976336995833,Q4,2024
Tampines / Bedok,Singapore,90,1,1,69527000.0,772524.0,Condo,13.591478798633887,8.074219910863027,9.790257028183142,9.34510694466937,0.023994991010991167,0.028564592292336363,Q4,2024
Bukit Timah,Singapore,75,2,3,84561000.0,1127477.0,HDB,5.5893267582076165,7.73802708290613,9.840688354842712,9.944702187990355,0.030347104758281847,0.02910539917687012,Q3,2023
Bukit Timah,Singapore,105,2,2,130050000.0,1238576.0,HDB,22.798090484852573,8.709837424440392,9.410154578880285,9.702070362235178,0.025921958713659786,0.024194175260693954,Q3,2023
Tampines / Bedok,Singapore,38,1,2,24275000.0,638811.0,HDB,13.007825670641449,8.784106871354526,9.346694332029783,9.820036085119703,0.04134977674398125,0.019529278621285964,Q4,2024
Woodlands / Yishun,Singapore,105,3,2,45636000.0,434631.0,HDB,17.45511156033564,8.63083941265477,9.68283303286542,9.95779544413705,0.011347646775455265,0.04470191224571323,Q2,2024
Orchard / Marina Bay,Singapore,105,2,3,137988000.0,1314175.0,HDB,8.263704763122238,7.9061846604809505,9.71527597566141,9.69279332235346,0.04274715273103393,0.03948806415327245,Q3,2024
Orchard / Marina Bay,Singapore,90,1,1,120937000.0,1343741.0,HDB,13.869436533032221,8.641674730034515,9.840759826723428,9.502416622345622,0.03513837281510618,0.040337628071701326,Q1,2024
Woodlands / Yishun,Singapore,105,3,2,49816000.0,474439.0,Condo,20.674505992238625,7.948803281218217,9.89773341724684,9.3624137586411,0.04669065498991127,0.013053398271493358,Q2,2023
Woodlands / Yishun,Singapore,65,1,1,40026000.0,615784.0,Landed,23.78827369262905,7.601870963127164,9.758752447674453,9.687288451245083,0.02848663165230402,0.017018685124191378,Q3,2024
Tampines / Bedok,Singapore,90,1,1,81110000.0,901225.0,Landed,9.066038171933936,8.59886920813037,9.629935381967456,9.581582426671599,0.017115363171200024,0.03847727279101604,Q1,2023
Bukit Timah,Singapore,75,1,1,133519000.0,1780256.0,Landed,17.460069880863216,7.642512368913954,9.887413798654272,9.927581718702845,0.02780629372808189,0.04761040745200527,Q4,2023
Orchard / Marina Bay,Singapore,140,3,4,255487000.0,1824909.0,Landed,11.454033866845544,7.823179843787361,9.31553906089826,9.018512354080013,0.03291349317274784,0.048005675064313705,Q1,2024
Jurong West,Singapore,38,1,1,16117000.0,424132.0,HDB,9.563402044816574,8.850230653807404,9.424676395377618,9.036697383111399,0.029147399476694466,0.04237523412461819,Q3,2024
Jurong West,Singapore,120,4,3,51980000.0,433167.0,HDB,11.093754325222854,7.025525994203851,9.832069488925974,9.622490684160958,0.044876839209942135,0.0356760694780157,Q4,2024
Orchard / Marina Bay,Singapore,75,2,3,89932000.0,1199091.0,HDB,15.127477997477452,7.778017440117961,9.083927792742081,9.3602499869895,0.010907146196672435,0.02641495897966388,Q4,2023
Woodlands / Yishun,Singapore,140,3,3,67935000.0,485251.0,Condo,17.71443901226879,7.260261350917414,9.930057140213615,9.83070433069482,0.03962972858283466,0.03305831678847731,Q3,2024
Orchard / Marina Bay,Singapore,55,2,2,76498000.0,1390868.0,HDB,11.270331174360358,8.434423027406316,9.914916424622108,9.460230210808797,0.048539853906959904,0.04525570507699534,Q1,2024
Orchard / Marina Bay,Singapore,105,3,3,224748000.0,2140457.0,Landed,24.982442553071532,8.555376503374433,9.470763803783969,9.674849874162188,0.045053847965625025,0.04046162333792293,Q2,2024
Tampines / Bedok,Singapore,65,1,1,42501000.0,653865.0,HDB,19.21041797927905,8.013174831279716,9.835355350901672,9.3626072569268,0.03993401706057857,0.04261588619986469,Q3,2024
Tampines / Bedok,Singapore,90,1,2,61346000.0,681622.0,Condo,1.0933760988798467,8.681814507088866,9.43265005445507,9.785120285595685,0.049053825469571176,0.04475162424784635,Q1,2023
Woodlands / Yishun,Singapore,140,4,5,72570000.0,518358.0,Condo,21.988026578977603,7.013724061839458,9.100689158666306,9.637554651245665,0.0436865604666689,0.03394757760537051,Q1,2024
Bukit Timah,Singapore,105,4,5,124122000.0,1182110.0,HDB,16.209598821895483,7.2026290038549465,9.615445377180336,9.273570513912437,0.03095514112813253,0.017234203678486017,Q2,2024
Bukit Timah,Singapore,120,3,4,143443000.0,1195355.0,HDB,22.030012012751147,8.308986300472002,9.748917390700484,9.985168755054177,0.013429949670405419,0.01495002731752169,Q4,2024
Jurong West,Singapore,55,1,1,29659000.0,539263.0,Condo,5.610243704837853,8.361735669567334,9.579413554380588,9.333086522407203,0.033278950219354744,0.03631798752396882,Q1,2024
Woodlands / Yishun,Singapore,120,4,4,75468000.0,628902.0,Landed,19.04421484674711,8.05168054463219,9.684114434079719,9.341952185002329,0.049342962457498515,0.04862003470498976,Q1,2023
Woodlands / Yishun,Singapore,55,2,2,26124000.0,474986.0,Condo,24.128162023385663,7.822876260173594,9.471265545708146,9.17390576823407,0.03871120980376343,0.048121718646591566,Q2,2024
Novena / Toa Payoh,Singapore,65,1,2,69811000.0,1074019.0,Condo,11.172618188039216,8.442011916298869,9.523217646782857,9.98100966513525,0.04384604523687509,0.024414069132508636,Q2,2023
Woodlands / Yishun,Singapore,38,2,1,18794000.0,494579.0,Condo,11.082609152486715,7.428026593781681,9.529947087518407,9.274263990346297,0.04273515921806469,0.0321221266301983,Q2,2023
Novena / Toa Payoh,Singapore,38,1,1,29785000.0,783820.0,HDB,8.552503094652693,7.988659574236632,9.58038150363527,9.423733832875374,0.04359263975557693,0.030877301601389455,Q1,2023
Tampines / Bedok,Singapore,120,2,3,67279000.0,560662.0,HDB,5.676279320890331,8.343202879681863,9.977139997124256,9.745161084280591,0.019848488573565783,0.029525796640014958,Q2,2023
Tampines / Bedok,Singapore,75,2,2,72358000.0,964768.0,Landed,24.137208045180316,7.199794364086372,9.598675368915554,9.984078338321032,0.01306746790364075,0.02415606541295625,Q4,2024
Novena / Toa Payoh,Singapore,90,1,1,71966000.0,799627.0,HDB,18.40192319295086,7.120315974669834,9.832979661918474,9.850612789262955,0.03023435994006822,0.04551454354509795,Q2,2023
Jurong West,Singapore,90,2,3,56079000.0,623103.0,Landed,1.7017628184722007,7.70987656368426,9.231045414754993,9.660147418321992,0.019560838864670332,0.023022345123973886,Q4,2024
Tampines / Bedok,Singapore,45,1,1,43841000.0,974236.0,Landed,24.367877451566912,7.964204964067349,9.273585440114923,9.671895496481012,0.018424949276278305,0.04436973780418887,Q3,2023
Tampines / Bedok,Singapore,65,1,1,48271000.0,742628.0,Condo,21.083303730909893,7.318329016360581,9.494567685788573,9.668767309926602,0.021930617936695783,0.015479582579804113,Q1,2023
Jurong West,Singapore,140,3,4,100720000.0,719426.0,Landed,1.4857265479033828,8.536391317522499,9.594796190101954,9.460542640728036,0.03158465241602244,0.01693743589548085,Q4,2023
Jurong West,Singapore,65,1,1,30101000.0,463090.0,HDB,12.713765977808816,7.80271243692782,9.939173418082312,9.289600303663958,0.031363651359508096,0.022264887766136967,Q2,2024
Tampines / Bedok,Singapore,140,5,6,77954000.0,556817.0,HDB,21.477479673964208,8.439219140497244,9.086228305262004,9.627840455501476,0.03385954162694825,0.0418975478058734,Q4,2023
Orchard / Marina Bay,Singapore,45,1,1,70438000.0,1565279.0,Condo,2.312696109878936,8.206229809084238,9.610404421383292,9.785769374775137,0.02618825633129193,0.028867032142430478,Q1,2024
Bukit Timah,Singapore,105,4,4,180378000.0,1717887.0,Landed,6.8987913137342805,8.350469050410545,9.504266646906625,9.332274423400495,0.035774764624572124,0.022209988898020724,Q1,2024
Jurong West,Singapore,45,2,1,32369000.0,719316.0,Landed,5.166017379909724,8.732419723167302,9.546966251111083,9.35289274695363,0.02599513121636223,0.02613274473092881,Q4,2023
Woodlands / Yishun,Singapore,90,2,2,43459000.0,482882.0,Condo,13.891434198633771,7.958848071109325,9.373250554095957,9.003661821761309,0.040200918843253705,0.043272626738180095,Q1,2024
Orchard / Marina Bay,Singapore,120,3,2,249699000.0,2080821.0,Landed,4.665691421687491,8.02746940218238,9.869252372534943,9.774818573294565,0.042558764614902586,0.042519681312748206,Q2,2023
Jurong West,Singapore,75,2,1,42204000.0,562718.0,Condo,13.098481849113629,7.814871819091226,9.237101585406334,9.760399585495112,0.02812203765151358,0.0390486747543916,Q2,2023
Bukit Timah,Singapore,90,3,3,96875000.0,1076387.0,HDB,11.63344906437916,8.329897296332405,9.766847956820756,9.131011001622639,0.04153985915263793,0.04130195335196065,Q4,2024
Tampines / Bedok,Singapore,140,5,5,89873000.0,641951.0,HDB,2.173677987465908,8.656075160264832,9.18265232103304,9.485593140855558,0.031403544412116687,0.031825653056627934,Q2,2024
Tampines / Bedok,Singapore,120,4,4,65628000.0,546899.0,HDB,11.336147790575637,8.353495235839418,9.130611252687352,9.348046298282513,0.033203389155485985,0.01632636366455119,Q3,2023
Jurong West,Singapore,55,1,1,36173000.0,657693.0,Landed,3.9379915124472262,8.952558272542737,9.818802571664717,9.987616313374575,0.0229693202978938,0.021135034447525472,Q2,2024
Novena / Toa Payoh,Singapore,120,4,3,108923000.0,907689.0,HDB,3.6245217399543694,8.835857931592466,9.456834444731316,9.812791797803213,0.03597102215220989,0.024366538704293648,Q1,2024
Bukit Timah,Singapore,38,1,2,48114000.0,1266157.0,Condo,2.5878892004336045,7.157177900149859,9.471302842610864,9.488439852674858,0.0389198640514875,0.04549256043658132,Q4,2024
Novena / Toa Payoh,Singapore,65,1,1,52539000.0,808292.0,HDB,20.50755783884905,8.544159463417879,9.28869432897759,9.218730929001529,0.04008502831702391,0.02419608093774545,Q4,2024
Orchard / Marina Bay,Singapore,75,1,2,133621000.0,1781613.0,Landed,12.925019031208311,8.821941384227356,9.707794538436143,9.485156051296867,0.028583487861148768,0.03073523347107847,Q2,2023
Orchard / Marina Bay,Singapore,140,5,6,296049000.0,2114636.0,Landed,6.0114402346001405,8.050688039771517,9.892239269193748,9.2801029331439,0.02991767066195103,0.04446865533530182,Q1,2024
Bukit Timah,Singapore,45,1,2,63601000.0,1413361.0,Condo,4.475021818233441,8.362456872468679,9.324933653930263,9.92701542850994,0.03575656036345214,0.04801632457299484,Q2,2023
Novena / Toa Payoh,Singapore,65,1,1,77763000.0,1196356.0,Landed,7.0366919428061445,8.326356601346143,9.662651902850063,9.43815996145988,0.014534099844909828,0.044345620487803356,Q1,2024
Tampines / Bedok,Singapore,55,1,2,35775000.0,650448.0,HDB,20.59799021284793,7.874612279974549,9.251799670098386,9.039618870623121,0.041688223102882435,0.02891473585630394,Q2,2023
Bukit Timah,Singapore,120,4,5,159454000.0,1328780.0,Condo,14.432237255582196,8.448674293779145,9.424318111684846,9.939306268091377,0.015283403407991506,0.040784149201073726,Q3,2024
Orchard / Marina Bay,Singapore,120,2,2,163948000.0,1366234.0,HDB,20.40040567690439,8.91170359139091,9.0891955683637,9.588812112793848,0.012251347574217695,0.02213189731733682,Q2,2023
Novena / Toa Payoh,Singapore,65,1,2,58929000.0,906605.0,HDB,13.529682165198793,7.697799656422455,9.792240245515949,9.682609745985696,0.01604995722231049,0.037574185165726914,Q2,2023
Woodlands / Yishun,Singapore,38,2,1,18415000.0,484592.0,Condo,21.274457826289673,8.014055030795427,9.409388175283947,9.762726302813215,0.04104515049730256,0.017382852635472134,Q1,2024
Orchard / Marina Bay,Singapore,55,1,1,69235000.0,1258825.0,HDB,14.279946343371389,8.426453487137085,9.291193753820277,9.976232852442395,0.047193978545330244,0.011479148332650077,Q2,2024
Woodlands / Yishun,Singapore,65,1,1,26724000.0,411132.0,HDB,16.640872393694604,7.145876318752707,9.299575761347814,9.942703632993776,0.037696347995005736,0.016099085912269603,Q1,2023
Orchard / Marina Bay,Singapore,45,2,2,80262000.0,1783598.0,Landed,18.184436310381926,7.671908621874015,9.81007301092555,9.506287930048483,0.018783206228820133,0.024661438128026528,Q1,2024
Jurong West,Singapore,65,2,3,41441000.0,637555.0,Landed,11.60642284479495,7.755430250274863,9.168383765279756,9.002074508925327,0.01567604375414284,0.022707458974131463,Q3,2024
Bukit Timah,Singapore,55,2,3,61685000.0,1121552.0,HDB,4.159988042360229,7.996247494692959,9.649948361883263,9.996212763593245,0.040736836891928425,0.044039100457934785,Q4,2024
Orchard / Marina Bay,Singapore,65,1,1,83709000.0,1287828.0,HDB,22.12137856292373,8.509154228549054,9.995054978780335,9.058928444502833,0.04615263007599695,0.02943889848945333,Q4,2023
Bukit Timah,Singapore,65,1,1,81305000.0,1250847.0,Condo,7.690872809977603,7.1891318650304035,9.123668625307056,9.577668218574345,0.04637987525866136,0.04689392556769746,Q3,2023
Novena / Toa Payoh,Singapore,55,2,1,56966000.0,1035737.0,Condo,24.171035810144325,7.673879769646859,9.590288924310082,9.366384889717624,0.03161034777418162,0.010443003692052652,Q4,2023
Orchard / Marina Bay,Singapore,105,2,3,186671000.0,1777816.0,Landed,18.57449155153749,8.177394287906285,9.893318538319328,9.48332461162534,0.04540352314585929,0.03275032542545042,Q2,2024
Jurong West,Singapore,105,4,3,47437000.0,451776.0,HDB,12.905554043932383,8.194061462560532,9.898874668016264,9.435080299687517,0.025665265034672806,0.045856537547396235,Q3,2023
Tampines / Bedok,Singapore,65,1,2,40273000.0,619577.0,HDB,22.255045983232122,8.0472286581261,9.150153679183298,9.022389724008598,0.028998568426936933,0.04060700892398476,Q2,2023
Jurong West,Singapore,45,1,2,29565000.0,656990.0,Landed,20.97521085437946,8.79584183904096,9.681298646032232,9.573478577831448,0.03405598060910256,0.03818420977587491,Q1,2023
Jurong West,Singapore,38,1,1,24166000.0,635944.0,Landed,8.482319422045286,8.402528403287603,9.76114686578588,9.110225017894372,0.01830486711290996,0.03079316169435057,Q4,2023
Bukit Timah,Singapore,38,1,1,46710000.0,1229217.0,HDB,1.2725597684305434,8.222570748586657,9.239485676717909,9.298545651868709,0.046059462686321384,0.045514250588935566,Q4,2023
Jurong West,Singapore,65,1,2,29199000.0,449220.0,HDB,3.691364648006516,7.09913015451945,9.91933217550415,9.029808689698733,0.03806863878776598,0.04945153868048687,Q1,2023
Tampines / Bedok,Singapore,55,1,2,37191000.0,676206.0,Condo,4.380107684609729,7.890012898212712,9.498681063547052,9.44959190492018,0.0369800322237594,0.04823650254032848,Q4,2023
Jurong West,Singapore,65,1,1,36101000.0,555407.0,Condo,20.62190739078409,7.668737177444154,9.260832853025004,9.712502308243248,0.02292597720785615,0.024962496643155564,Q1,2024
Jurong West,Singapore,75,1,1,50118000.0,668246.0,Landed,1.1618068007176152,8.58176307960754,9.964663771713015,9.285360598045777,0.01340643506006646,0.034705997970787474,Q1,2024
Tampines / Bedok,Singapore,38,1,1,21721000.0,571605.0,HDB,13.371593511092657,8.795032844623249,9.882487515660719,9.109873460086256,0.04082445211495733,0.033988949750473924,Q4,2024
Novena / Toa Payoh,Singapore,65,1,1,60376000.0,928864.0,Condo,13.400943694835197,8.954424355016794,9.727922177660703,9.17059052399088,0.03996829437049729,0.013563011341840698,Q2,2024
Jurong West,Singapore,65,1,1,36043000.0,554503.0,Condo,9.241178507796057,8.364454816569559,9.673232427312943,9.650155688642137,0.01291745276355592,0.02375211512825654,Q2,2024
Tampines / Bedok,Singapore,45,1,1,38116000.0,847012.0,Landed,3.783915335460173,8.457430469014028,9.36136390112595,9.00062343537704,0.02856497827976045,0.01325484217556168,Q2,2023
Woodlands / Yishun,Singapore,38,1,1,17895000.0,470910.0,Condo,21.521550661559953,7.477774042451919,9.735580198923918,9.897904210962112,0.025446620344052512,0.046907201188821204,Q2,2024
Woodlands / Yishun,Singapore,65,2,1,28828000.0,443513.0,Condo,14.1576706433376,7.8047618896095035,9.33572800477709,9.696859769973537,0.02896461718847107,0.045292365546528116,Q3,2023
Bukit Timah,Singapore,45,2,1,56795000.0,1262118.0,HDB,16.98937169767538,7.396314311245493,9.37656787506696,9.846135064413337,0.0388505022924,0.039029789036602355,Q1,2024
Woodlands / Yishun,Singapore,105,4,5,39605000.0,377194.0,HDB,17.2529194661605,8.504963074514896,9.442685403512455,9.665770207433258,0.048668909528127934,0.04623709483887865,Q1,2024
Orchard / Marina Bay,Singapore,65,1,1,114699000.0,1764604.0,Landed,13.11813658102214,8.833196758049182,9.224216494912593,9.278815701605572,0.022772865707226246,0.013192984815014706,Q3,2023
Novena / Toa Payoh,Singapore,75,3,4,79649000.0,1061989.0,Condo,24.387792010249758,7.517341521606248,9.174343697635088,9.293609562604543,0.04542216107393027,0.02826045345031189,Q2,2023
Novena / Toa Payoh,Singapore,120,2,3,126928000.0,1057736.0,Condo,10.834382248343648,7.4279116330163495,9.33567451688544,9.902352808399826,0.03733310676920585,0.03592847342714577,Q4,2023
Bukit Timah,Singapore,140,5,5,152606000.0,1090044.0,HDB,4.405201828388793,8.152422379255471,9.375742264569567,9.348518697079653,0.032933510123825456,0.029193167772490446,Q1,2024
Bukit Timah,Singapore,105,2,2,172816000.0,1645871.0,Landed,18.76448785500919,7.342451485639559,9.504946312539772,9.256908332370745,0.013076888874713807,0.011408694315328427,Q3,2023
Orchard / Marina Bay,Singapore,38,2,3,56661000.0,1491082.0,Condo,19.571321453330118,7.603111126200996,9.426012133570577,9.141701792606822,0.0263479623138934,0.03404095536638318,Q1,2024
Jurong West,Singapore,38,1,2,20766000.0,546466.0,Condo,11.091860324369232,7.751240492961985,9.504878452151544,9.239009511602887,0.01860144473332754,0.028279852672447946,Q2,2023
Novena / Toa Payoh,Singapore,140,3,2,120991000.0,864221.0,HDB,19.874898385581936,7.056435120944911,9.973449563168812,9.443837139957413,0.01732354884375399,0.026158295090814895,Q1,2023
Novena / Toa Payoh,Singapore,120,2,3,134277000.0,1118976.0,Condo,18.703860697220826,7.3019265013826224,9.570465898531202,9.85434185846191,0.028067555126266616,0.0476132430068196,Q4,2023
Orchard / Marina Bay,Singapore,75,1,1,118172000.0,1575626.0,Condo,6.8070502676074005,7.21767483888705,9.430547626126774,9.625188090088722,0.02681794561564877,0.024600177592412096,Q2,2024
Woodlands / Yishun,Singapore,38,2,1,20988000.0,552303.0,Landed,10.525800137339022,7.041222566727336,9.378480328037845,9.76121059781308,0.02430379279546895,0.046272309076518435,Q4,2024
Orchard / Marina Bay,Singapore,140,3,4,167684000.0,1197742.0,HDB,3.0399651004666186,8.716325666805082,9.291448152291215,9.618118433878868,0.035815668887124945,0.048355640566106035,Q4,2024
Bukit Timah,Singapore,45,1,1,48455000.0,1076775.0,HDB,6.226890128342594,7.900055589819116,9.487187523247137,9.21922590503891,0.030949171504578113,0.030479730282088488,Q3,2023
Orchard / Marina Bay,Singapore,38,1,1,49956000.0,1314620.0,HDB,14.714805737768835,8.198780179503167,9.935736828460493,9.353034980042775,0.043756325782034984,0.026987154262298585,Q3,2024
Bukit Timah,Singapore,105,4,4,157820000.0,1503047.0,Condo,7.727745675165797,8.485170226315992,9.394352343646029,9.891020151349823,0.045565425395637564,0.04271374304140659,Q2,2023
Tampines / Bedok,Singapore,120,3,2,82686000.0,689054.0,Condo,20.839906333399448,8.111383925654804,9.940597290944641,9.598712160245913,0.02952031925318365,0.025648417383712416,Q3,2023
Orchard / Marina Bay,Singapore,55,1,1,68499000.0,1245439.0,HDB,15.439025557397457,8.854623324333703,9.427514004003804,9.606052949910687,0.03339472536309243,0.043257007450558375,Q4,2023
Woodlands / Yishun,Singapore,45,1,1,26452000.0,587821.0,Landed,18.437785568567993,7.7611191969921585,9.624884496748484,9.178542991586426,0.029660352206533964,0.0428953894586613,Q3,2023
Novena / Toa Payoh,Singapore,75,2,1,100128000.0,1335036.0,Landed,1.5952404370203093,8.832777603475598,9.103971379058628,9.015923513421233,0.038915028570134215,0.01126048344492304,Q1,2024
Tampines / Bedok,Singapore,90,3,2,63554000.0,706155.0,Condo,24.84036637565215,8.605767217101112,9.062488832636797,9.492217901431259,0.029329003604941464,0.04017316079936197,Q3,2024
Orchard / Marina Bay,Singapore,140,3,4,209387000.0,1495620.0,Condo,15.08635550226878,7.643301118524218,9.44694998353214,9.287136337664503,0.04790224424158725,0.02903877516910132,Q2,2023
Novena / Toa Payoh,Singapore,55,1,2,54565000.0,992090.0,Condo,8.002536091433356,8.867335072661774,9.726959907326568,9.333555925355284,0.03794152759513048,0.04580721478447282,Q2,2023
Woodlands / Yishun,Singapore,105,3,4,66304000.0,631470.0,Landed,20.6025105590093,8.657946486549916,9.29787489959531,9.76447208082858,0.042197285616252245,0.04584188418814826,Q1,2024
Tampines / Bedok,Singapore,38,1,1,24796000.0,652529.0,HDB,4.965625446269183,7.634502186478422,9.451813040195649,9.52300902294925,0.011049276107747695,0.04987579166785604,Q1,2023
Jurong West,Singapore,65,1,2,30095000.0,462999.0,HDB,4.260507775472667,8.758183958662963,9.7696647627513,9.59384514118326,0.013081442849258638,0.03793418734704868,Q3,2023
Orchard / Marina Bay,Singapore,90,2,1,138514000.0,1539044.0,Condo,9.314279737777293,7.449287643641821,9.931496399282818,9.157576116832104,0.04478397359262125,0.020939380419208953,Q4,2023
Tampines / Bedok,Singapore,38,2,2,28184000.0,741681.0,Condo,14.985361723549637,8.83679917995961,9.848012745562944,9.795950060101704,0.0248670522939662,0.026820800584004288,Q3,2024
Woodlands / Yishun,Singapore,45,2,2,19730000.0,438444.0,Condo,21.14772353616107,7.418792041679011,9.929055396425523,9.928870060166817,0.03570684421993792,0.04714061482862156,Q4,2024
Novena / Toa Payoh,Singapore,38,2,2,33534000.0,882464.0,HDB,1.8733906586467501,7.288369142671485,9.138704127330051,9.916499502305651,0.03744567582406223,0.016309338982717598,Q2,2024
Tampines / Bedok,Singapore,105,3,3,66710000.0,635330.0,HDB,15.741522190832143,7.2186445744621475,9.885984960136101,9.50033761338426,0.024915178245579955,0.013558359117718775,Q4,2023
Woodlands / Yishun,Singapore,120,4,3,43564000.0,363034.0,HDB,16.838753734563866,7.160971018397726,9.276701978565377,9.014554642110014,0.03153139597481273,0.0252571892580703,Q4,2024
Tampines / Bedok,Singapore,120,3,2,109735000.0,914459.0,Landed,21.63728257688353,8.841506045339262,9.425225144007147,9.365915538695166,0.02978232711283125,0.01816016228887388,Q2,2023
Novena / Toa Payoh,Singapore,140,3,4,139744000.0,998174.0,Condo,9.740822338658347,8.406885347594706,9.335798093570386,9.77380837402962,0.044712112076437896,0.03678376986761043,Q2,2024
Novena / Toa Payoh,Singapore,105,2,1,114472000.0,1090208.0,Condo,17.94263854820548,8.706770384033746,9.1780266026551,9.653048735338482,0.028969438244864434,0.040693884583365814,Q2,2024
Tampines / Bedok,Singapore,75,2,2,46715000.0,622862.0,HDB,8.8658324888344,8.693196524016214,9.70406791392815,9.419170947076429,0.01889250664677959,0.023195138242907577,Q3,2024
Woodlands / Yishun,Singapore,45,2,2,21540000.0,478668.0,Condo,18.25756809407432,8.60180534005003,9.105119470868516,9.7464305301366,0.014917162575441602,0.027077716305071976,Q2,2024
Orchard / Marina Bay,Singapore,90,1,1,139106000.0,1545618.0,Condo,16.591862158766347,8.923867009556101,9.657377756714133,9.827360825999207,0.034288408422116674,0.01323418689445605,Q1,2023
Bukit Timah,Singapore,65,1,1,81346000.0,1251483.0,HDB,10.431618814479744,7.750220961759397,9.96786685040274,9.236384303807183,0.011151308311806383,0.02680845524285208,Q3,2023
Tampines / Bedok,Singapore,55,1,2,44837000.0,815224.0,Landed,14.572218301896067,8.984407309277575,9.787852044566161,9.37164023586357,0.01522821118174404,0.024835154207913324,Q1,2024
Orchard / Marina Bay,Singapore,120,4,5,253213000.0,2110110.0,Landed,11.963472659333839,8.260915865169785,9.622363517697758,9.972766468434267,0.026088099577742246,0.03121169272746939,Q1,2023
Bukit Timah,Singapore,140,5,6,187726000.0,1340902.0,Condo,13.672374596942795,8.207016728281786,9.481768123777961,9.955364631918222,0.016514130815844085,0.036855782334432416,Q2,2024
Jurong West,Singapore,120,2,1,60472000.0,503932.0,Condo,16.20136043302948,8.839348660197375,9.229070881418838,9.416043143671178,0.03322270939786036,0.036724256817000214,Q4,2023
Bukit Timah,Singapore,38,1,1,68290000.0,1797096.0,Landed,17.9421500986738,8.952670566933122,9.893102823805247,9.578846737737818,0.03493781709083887,0.021675488642071875,Q4,2023
Novena / Toa Payoh,Singapore,65,1,1,65609000.0,1009368.0,Condo,4.58330698771259,7.180923141099766,9.841483790369953,9.57799469496197,0.02480870008352704,0.027807951350160884,Q1,2023
Novena / Toa Payoh,Singapore,65,1,2,88830000.0,1366615.0,Landed,20.19728132325701,7.758945928705286,9.34615867967829,9.243449413189959,0.049328361049657245,0.0169235407852253,Q4,2024
Tampines / Bedok,Singapore,105,4,4,99602000.0,948588.0,Landed,21.574248848474568,8.73214568516205,9.31944349351966,9.434241701130386,0.04776440755280848,0.030560673442884323,Q2,2023
Bukit Timah,Singapore,105,4,3,154354000.0,1470043.0,Condo,1.1226495613668703,8.801260937765166,9.08628228104564,9.729150367994727,0.012084177598463178,0.03901509866110432,Q2,2024
Woodlands / Yishun,Singapore,140,5,4,77338000.0,552413.0,Landed,14.00023000837161,7.754439224142603,9.743973156409412,9.441791453067832,0.035098449348878735,0.023414476467406523,Q1,2023
Jurong West,Singapore,38,1,1,25640000.0,674744.0,Landed,3.9212368269782623,7.121860169537543,9.480014766184794,9.500150610098782,0.03796721468284931,0.01431687701156906,Q1,2023
Novena / Toa Payoh,Singapore,140,4,3,189699000.0,1354994.0,Landed,2.0104090211806964,7.370911902880613,9.758523696286943,9.080902993377604,0.023854111567565076,0.018258480014645376,Q2,2024
Novena / Toa Payoh,Singapore,65,2,1,71635000.0,1102072.0,Condo,13.276916734453671,7.7015294277315824,9.027276187262833,9.581641609464853,0.029730364040307516,0.04270058392116793,Q3,2024
Woodlands / Yishun,Singapore,90,3,4,36705000.0,407835.0,HDB,5.924012055901041,8.013471358282946,9.957690407008759,9.677759265750828,0.039158323586931304,0.03111934109521712,Q1,2023
Bukit Timah,Singapore,140,4,4,209128000.0,1493774.0,Condo,15.119994833693834,8.608768557503875,9.611318254933643,9.262212156696524,0.026672446643793715,0.040544872638396824,Q1,2024
Jurong West,Singapore,55,1,2,26779000.0,486891.0,HDB,10.575607779645956,8.810930670657307,9.64772149821003,9.114285128670303,0.044622014795178404,0.049259118679240675,Q4,2024
Jurong West,Singapore,55,1,2,37218000.0,676695.0,Landed,15.182518721611805,7.945222293107539,9.640912550656157,9.12663589724068,0.04846708027491023,0.012971805760955624,Q4,2024
Jurong West,Singapore,90,1,2,59497000.0,661081.0,Landed,1.9343918008503245,8.206085923093285,9.828558504164162,9.455867455960068,0.04577771481555781,0.04450894772760192,Q4,2024
Orchard / Marina Bay,Singapore,75,3,4,90041000.0,1200553.0,HDB,16.82099626923727,8.689120533231552,9.956372106818547,9.952174772147359,0.017084005966919138,0.014832220762088717,Q2,2023
Bukit Timah,Singapore,55,1,1,97853000.0,1779146.0,Landed,18.669205385251402,7.715046873056604,9.613377606397895,9.220665909502943,0.04569609846585246,0.04662863413846377,Q4,2023
Orchard / Marina Bay,Singapore,105,2,3,175147000.0,1668063.0,Condo,22.695668244130513,7.47700969782424,9.687001973398653,9.267645977390258,0.0264536972510266,0.03702939810399122,Q1,2024
Tampines / Bedok,Singapore,75,2,2,57916000.0,772216.0,Condo,2.910049050537845,8.620082639713397,9.857031563081692,9.564972529198986,0.018734334970158795,0.01938887551413887,Q3,2023
Orchard / Marina Bay,Singapore,75,3,2,112962000.0,1506155.0,Condo,17.90335406036751,8.47006426248195,9.503552197959765,9.098675425300828,0.01819601346197727,0.03818331009207958,Q1,2024
Woodlands / Yishun,Singapore,120,2,3,66890000.0,557415.0,Landed,5.343646390357205,8.398550918043895,9.88583839622499,9.34409375459209,0.03259752943069882,0.027665793559873822,Q3,2024
Jurong West,Singapore,90,1,1,59630000.0,662561.0,Landed,1.4261349688264602,8.431530071244559,9.738981501099586,9.37661612137835,0.017870434950633445,0.011756172695661676,Q3,2024
Orchard / Marina Bay,Singapore,105,4,4,201069000.0,1914944.0,Landed,19.91014493548811,8.791060249970267,9.811929688578797,9.188006767935361,0.025883630505027164,0.010589050144901982,Q4,2024
Novena / Toa Payoh,Singapore,45,1,1,34640000.0,769779.0,HDB,9.37542953327181,8.544089780464134,9.74233086141144,9.228683991213925,0.04614497681624592,0.017072102515222252,Q3,2023
Orchard / Marina Bay,Singapore,120,3,4,177430000.0,1478586.0,Condo,19.602473954528023,7.966659467230148,9.628831242891273,9.764999528472343,0.041959601592202196,0.04513426012746361,Q4,2024
Tampines / Bedok,Singapore,140,3,2,125498000.0,896418.0,Landed,14.288215174297353,8.882168145776633,9.500845923024658,9.72047921637849,0.02325696511836113,0.04558851692159789,Q4,2023
Jurong West,Singapore,65,1,1,36040000.0,554465.0,Condo,2.2597404227471127,7.926471277262543,9.448390492996532,9.633366953692445,0.0493091200175179,0.013053565533499553,Q3,2024
Orchard / Marina Bay,Singapore,120,4,5,174843000.0,1457024.0,Condo,4.059893562162793,8.568180983735303,9.588862051452843,9.438584894992655,0.04594684625904068,0.03888274933742953,Q4,2023
Woodlands / Yishun,Singapore,90,3,4,52153000.0,579482.0,Landed,12.309420727165286,8.372324015308045,9.614314859369959,9.820394404036293,0.019817058021843706,0.027209156424044312,Q2,2023
Jurong West,Singapore,140,3,4,58370000.0,416930.0,HDB,14.788686007483912,7.922645066729407,9.006926632062513,9.213833370131383,0.039259849289605915,0.04362544300671551,Q3,2023
Novena / Toa Payoh,Singapore,140,3,4,186623000.0,1333021.0,Landed,2.780460520634265,8.641002139306538,9.624841793912939,9.095943343981942,0.016774815992461084,0.03496434447983559,Q3,2023
Novena / Toa Payoh,Singapore,105,3,4,134024000.0,1276417.0,Landed,4.800492509324076,7.103403151093132,9.980662746785429,9.208410311459478,0.02324848454299589,0.017730975972454464,Q1,2024
Novena / Toa Payoh,Singapore,45,2,2,37451000.0,832249.0,HDB,23.08826018814967,8.447611886294455,9.813470478121285,9.44720131692395,0.010668888394517531,0.03388236414801443,Q4,2024
Orchard / Marina Bay,Singapore,55,1,2,83754000.0,1522803.0,Condo,9.79092622961613,8.755433225033698,9.240038210112793,9.433947843321416,0.04214565774464189,0.0109435089525343,Q3,2024
Orchard / Marina Bay,Singapore,75,3,4,158722000.0,2116289.0,Landed,17.771942184425065,8.02566325622822,9.857747873892201,9.629661033153884,0.01952302602488701,0.04979919021014544,Q3,2024
Orchard / Marina Bay,Singapore,140,4,4,200969000.0,1435496.0,Condo,8.638556847721475,7.215976307776286,9.257007580023371,9.76820147319077,0.044845292079123064,0.04717872838401766,Q4,2024
Tampines / Bedok,Singapore,105,4,3,98601000.0,939056.0,Landed,14.174281745525477,7.162001895181538,9.677648796976946,9.32570565072591,0.049342113861917856,0.020134484066948045,Q2,2023
Jurong West,Singapore,38,1,1,15737000.0,414123.0,HDB,3.541170058197877,8.219723777854606,9.87051760354372,9.295728079033331,0.030156489594084637,0.04596674686954361,Q3,2024
Orchard / Marina Bay,Singapore,140,3,3,275068000.0,1964771.0,Landed,17.934440910738562,8.968346860832867,9.123361816038406,9.275562745337373,0.036970832271863346,0.025865909959710706,Q1,2024
Orchard / Marina Bay,Singapore,38,1,1,60217000.0,1584671.0,Condo,15.51695504838411,7.317284704244575,9.788602882299601,9.108440651902361,0.011811594561683512,0.014757165926443473,Q1,2023
Novena / Toa Payoh,Singapore,120,4,5,91850000.0,765418.0,HDB,2.187413338230849,7.913038361363822,9.913866498788215,9.693528945571742,0.04057721044252189,0.025367402988182342,Q2,2023
Tampines / Bedok,Singapore,90,1,1,80026000.0,889178.0,Landed,17.181549217389513,7.756052264345765,9.235005288927717,9.314555761544844,0.022354934682314462,0.022191887806814612,Q3,2023
Bukit Timah,Singapore,55,1,2,88026000.0,1600473.0,Landed,6.253405103009936,8.384784214713239,9.12214143182843,9.181793304218832,0.03413785118297607,0.029458228715897025,Q2,2024
Bukit Timah,Singapore,75,3,4,99075000.0,1321003.0,Condo,15.173044023953427,7.674536417293096,9.805732102328408,9.831911316602339,0.0313409537412824,0.030452864572385108,Q4,2023
Jurong West,Singapore,75,3,4,38938000.0,519169.0,Condo,16.50987738742947,8.446867601478363,9.701937354892806,9.676627976433997,0.03951441406355794,0.04385945325120373,Q3,2023
Woodlands / Yishun,Singapore,75,3,3,31485000.0,419805.0,HDB,6.550361188729543,7.358039161918223,9.547909767074572,9.970914599666518,0.04105440893041539,0.02765578673522103,Q1,2024
Novena / Toa Payoh,Singapore,90,1,2,76043000.0,844922.0,HDB,5.2115097741987375,7.950149898966664,9.000955892093808,9.587468548349914,0.02171071337634554,0.015611071826107206,Q2,2024
Novena / Toa Payoh,Singapore,55,2,2,46072000.0,837680.0,HDB,5.95201653617301,8.23952331834097,9.14203299350451,9.035741988345876,0.02767337136664915,0.04776745434587061,Q4,2024
Novena / Toa Payoh,Singapore,55,1,2,43600000.0,792731.0,HDB,17.520401629420075,8.08255238035598,9.693860069587618,9.674145638669689,0.039022356761446754,0.03547383929488403,Q1,2024
Novena / Toa Payoh,Singapore,38,1,2,51308000.0,1350221.0,Landed,8.904921685450379,7.103131704287553,9.66419534480962,9.202838667745711,0.03721858940386388,0.046409220866101,Q2,2024
Jurong West,Singapore,65,1,1,33297000.0,512262.0,Condo,16.617878958530262,7.043904963021916,9.850791847878467,9.575440391580667,0.047094536203689294,0.015390115586220046,Q1,2024
Orchard / Marina Bay,Singapore,65,2,1,77505000.0,1192382.0,HDB,4.833525835478509,8.174190903226044,9.187979983960826,9.139973219082163,0.030536345262817954,0.03790106895852895,Q3,2023
Jurong West,Singapore,90,3,3,61044000.0,678262.0,Landed,9.564260829450077,7.50459482228101,9.40984716147605,9.111393956439352,0.022202015541419914,0.013706496843603717,Q4,2024
Orchard / Marina Bay,Singapore,120,4,3,196548000.0,1637898.0,Condo,23.03777024648026,7.711089131062303,9.317778047694325,9.99600050351055,0.04455769756869454,0.043746393990285605,Q1,2023
Jurong West,Singapore,38,2,3,17486000.0,460147.0,HDB,19.261215540872165,7.6835556949290105,9.573520184201287,9.42786508189842,0.026263583561507514,0.01906337878623782,Q1,2023
Tampines / Bedok,Singapore,45,2,2,42746000.0,949920.0,Landed,15.780926848459565,8.100331169280713,9.162362299113754,9.278110699861745,0.038243759578475936,0.03159979393810708,Q2,2024
Tampines / Bedok,Singapore,75,1,1,69934000.0,932454.0,Landed,4.931427852124218,7.899294101679063,9.464837036259036,9.758028449464208,0.0240818247894436,0.04035546201626414,Q1,2023
Tampines / Bedok,Singapore,38,2,2,22679000.0,596815.0,HDB,22.61954934825976,7.64373647230404,9.961454288322846,9.690847109410502,0.013935223721886013,0.015048177075545892,Q3,2024
Tampines / Bedok,Singapore,55,2,2,51653000.0,939137.0,Landed,12.815797379020697,8.657326485978162,9.55964346467985,9.516669352122976,0.041893676012728746,0.04869060022171161,Q4,2024
Tampines / Bedok,Singapore,90,2,3,75881000.0,843117.0,Landed,8.69305837280521,8.926907510117001,9.581248747071598,9.037741045247735,0.044710132321954026,0.014496258115781795,Q1,2023
Tampines / Bedok,Singapore,120,2,1,91693000.0,764107.0,Condo,3.453124492560229,8.240277693726707,9.166380678391455,9.43892460485638,0.02369685369910724,0.01881070912454904,Q2,2024
Orchard / Marina Bay,Singapore,105,3,4,173227000.0,1649786.0,Condo,4.717447299426588,7.303955189449912,9.607795481276828,9.509076521603628,0.019416609129424,0.03608182726889203,Q4,2023
Orchard / Marina Bay,Singapore,75,2,1,119467000.0,1592890.0,Condo,18.858063616633544,8.60490241261667,9.848989759796194,9.52022089231338,0.013774213050443183,0.012869858126400109,Q1,2023
Jurong West,Singapore,120,2,1,56464000.0,470537.0,HDB,11.943913990746013,7.765763422467855,9.66017375874194,9.486710045301416,0.0188960998880316,0.010106431323351282,Q3,2023
Tampines / Bedok,Singapore,75,3,3,40774000.0,543650.0,HDB,24.29912803929813,8.917982125220247,9.999721079874469,9.938838344454277,0.017560352861183036,0.01863494566386184,Q1,2024
Bukit Timah,Singapore,38,2,2,41391000.0,1089239.0,HDB,17.853922055271706,7.230781847859884,9.387719583379832,9.078313733467887,0.03183167425033686,0.04356802499917034,Q4,2023
Tampines / Bedok,Singapore,65,2,3,40768000.0,627204.0,HDB,3.1407497397080064,8.235083010492987,9.79387929202318,9.778985193238132,0.02420811429443589,0.037250559645810775,Q2,2023
Novena / Toa Payoh,Singapore,140,3,4,126944000.0,906743.0,HDB,24.28137939066952,7.584065915163173,9.659796638438657,9.309976533576561,0.02854707694918089,0.04585098315382705,Q2,2023
Woodlands / Yishun,Singapore,140,3,3,60527000.0,432337.0,Condo,19.936645375075365,7.882372149370347,9.30508385734082,9.915654277413,0.02494657510182318,0.019520839725980565,Q2,2023
Tampines / Bedok,Singapore,65,1,1,62652000.0,963870.0,Landed,7.860248717652379,8.093895752372315,9.884862083313116,9.189224202948946,0.034838986152147235,0.045535096260389964,Q2,2024
Orchard / Marina Bay,Singapore,90,3,2,117530000.0,1305894.0,HDB,14.629442589112893,8.986410678958048,9.077176861130548,9.383301961708549,0.021997566724733675,0.035456995419464454,Q1,2024
Bukit Timah,Singapore,105,4,5,142192000.0,1354207.0,Condo,14.658701782071358,8.17423097374753,9.197846765576754,9.99282577846834,0.03345870659498605,0.04793328551728702,Q4,2024
Woodlands / Yishun,Singapore,45,1,1,29072000.0,646053.0,Landed,16.439395094401103,7.411536976898292,9.17594266575189,9.500076944846233,0.03873712360336293,0.02436417611671384,Q3,2024
Bukit Timah,Singapore,55,1,1,63961000.0,1162928.0,HDB,13.676305595245557,8.345799766747257,9.396626071037742,9.119211130789132,0.03911559771095652,0.029459991801507206,Q4,2023
Bukit Timah,Singapore,65,1,1,81082000.0,1247410.0,HDB,8.809288073808649,7.191717269873735,9.0633639689323,9.566803935570176,0.02104503585279284,0.020630349052177158,Q4,2023
Jurong West,Singapore,65,2,2,31478000.0,484280.0,HDB,13.985545012552887,7.212214759023925,9.186479238140752,9.779567387733245,0.018355615918568227,0.01202204710659768,Q2,2024
Bukit Timah,Singapore,75,1,1,121003000.0,1613377.0,Landed,24.71840250606243,8.240188485191672,9.282461669050875,9.417655389341341,0.029475273226530804,0.045671751988064946,Q3,2024
Novena / Toa Payoh,Singapore,38,2,1,47122000.0,1240057.0,Landed,5.872111363333306,8.359654021261628,9.038328291620443,9.921048590496385,0.015704833780512212,0.022338674474560914,Q4,2024
Orchard / Marina Bay,Singapore,75,2,1,160812000.0,2144158.0,Landed,10.66774880813261,8.185033547637971,9.601031926517841,9.702845681255257,0.04686030005924476,0.03847082916254682,Q2,2024
Tampines / Bedok,Singapore,140,5,5,95264000.0,680454.0,Condo,6.782631658587001,8.683529193059563,9.479416159829091,9.768295263012849,0.034306241707296556,0.02638795880488496,Q3,2023
Novena / Toa Payoh,Singapore,38,1,2,46518000.0,1224166.0,Landed,22.294342746855435,8.627595614542985,9.819547466605801,9.240852619675607,0.02140879518799007,0.012384319732075188,Q1,2024
Bukit Timah,Singapore,55,1,1,90340000.0,1642541.0,Landed,3.0652166796482616,8.15324353706089,9.158513430019852,9.97656563568572,0.04558415787845958,0.023717204251001503,Q2,2023
Bukit Timah,Singapore,75,2,2,110146000.0,1468609.0,Condo,12.655001034403682,7.494088645146754,9.650721801267832,9.206553141454298,0.01647195428117606,0.01525587184125282,Q4,2024
Tampines / Bedok,Singapore,75,1,2,48123000.0,641643.0,HDB,24.440078080467064,8.043667044991519,9.6132877560126,9.202822839859932,0.03024877846294085,0.04732652099482749,Q2,2024
Orchard / Marina Bay,Singapore,45,2,1,73130000.0,1625104.0,Condo,19.32151706920613,7.075411167887731,9.248293693729375,9.806074045659742,0.04031818839983534,0.0465329719798851,Q3,2023
Woodlands / Yishun,Singapore,120,2,3,58433000.0,486938.0,Condo,17.42734435024734,7.445509131408939,9.285680858663833,9.580641068152152,0.018575501337191665,0.023722470645825933,Q2,2023
Tampines / Bedok,Singapore,38,1,2,26610000.0,700267.0,Condo,19.792564214438126,8.73272733989172,9.369445605607176,9.533756380488056,0.04217186135443116,0.034968844990210836,Q2,2024
Orchard / Marina Bay,Singapore,120,2,3,172505000.0,1437542.0,Condo,1.5617804217213331,8.104288812529827,9.029022836464632,9.990789588164658,0.048634618424491856,0.018327209498262054,Q3,2023
Tampines / Bedok,Singapore,140,4,3,135189000.0,965636.0,Landed,15.991145135250862,7.510302087160966,9.178582191423162,9.632996223339683,0.04034713700771256,0.03824314724727498,Q3,2023
Tampines / Bedok,Singapore,90,3,4,58813000.0,653483.0,Condo,7.776163266903205,8.833203803753323,9.61615044080237,9.86638578101818,0.01527358428266902,0.014647514646976516,Q4,2023
Orchard / Marina Bay,Singapore,65,2,3,78302000.0,1204653.0,HDB,10.88455151441271,7.155311163862317,9.884023803129004,9.52290138889455,0.013172646632002256,0.04216288951881196,Q3,2024
Tampines / Bedok,Singapore,105,2,3,57054000.0,543370.0,HDB,12.899535797286411,8.98796031362018,9.258499824749112,9.287869075154031,0.04532537181469894,0.029823467011055677,Q2,2023
Tampines / Bedok,Singapore,45,1,2,26525000.0,589443.0,HDB,21.109501873403413,8.686847881839574,9.341103727615698,9.910455055366217,0.042554125832984686,0.0160312696450874,Q3,2024
Jurong West,Singapore,38,1,1,19517000.0,513604.0,Condo,21.735955172681187,8.845981212307771,9.63532033837592,9.861521489773194,0.011531118729317589,0.026416958508401575,Q2,2024
Tampines / Bedok,Singapore,65,2,2,39532000.0,608184.0,HDB,16.757972829209542,8.797239268438258,9.614042182644406,9.451358089279596,0.032384849594028375,0.027951655289981746,Q3,2023
Orchard / Marina Bay,Singapore,45,2,3,64065000.0,1423658.0,Condo,1.6692615286692298,7.436422450747386,9.64195112798985,9.418593744949698,0.03325960643775082,0.015788532660956582,Q1,2024
Tampines / Bedok,Singapore,45,1,2,30322000.0,673825.0,Condo,12.434105320409824,7.599195324008226,9.455792467868967,9.444290382866102,0.02474747212513167,0.018067943872283457,Q1,2023
Novena / Toa Payoh,Singapore,38,2,2,29259000.0,769969.0,HDB,23.693190041148775,7.573806354960386,9.529545335592479,9.99928117579888,0.02544653437584548,0.026104571234468493,Q3,2024
Novena / Toa Payoh,Singapore,55,1,1,60152000.0,1093677.0,Condo,13.166931061386876,8.914855017920692,9.136447299522231,9.199455437176846,0.010808271419916946,0.023538631423535624,Q3,2024
Novena / Toa Payoh,Singapore,55,2,1,42698000.0,776333.0,HDB,6.735885344280974,8.660020786132906,9.405296985101865,9.46593534465426,0.0487666739614522,0.03903245169758715,Q2,2024
Woodlands / Yishun,Singapore,75,2,1,46119000.0,614920.0,Landed,22.169565587083383,8.675412673470378,9.731512266492704,9.563167479656805,0.04833570541741783,0.028316810934833313,Q2,2023
Bukit Timah,Singapore,140,5,5,190162000.0,1358304.0,Condo,6.229967745465039,7.69810021871357,9.287499081345867,9.886547859879169,0.033719185890634704,0.026154780441859107,Q2,2024
Tampines / Bedok,Singapore,55,1,1,31489000.0,572532.0,HDB,23.12890252959518,7.567039430713333,9.118770836453256,9.161326258138853,0.011626103505455263,0.02213898822836209,Q1,2024
Jurong West,Singapore,55,1,1,35094000.0,638080.0,Landed,12.658533579523406,8.879289254712162,9.585099820334442,9.817995849908563,0.04973562535599325,0.011235000227929485,Q3,2023
Woodlands / Yishun,Singapore,140,5,4,85852000.0,613227.0,Landed,3.6372973831775752,7.985485812819791,9.886962093023103,9.480155277055177,0.022216218233426156,0.02768724899136496,Q1,2023
Jurong West,Singapore,140,4,5,91446000.0,653186.0,Landed,5.07789188841181,8.142873280117438,9.115322604526758,9.087079302281422,0.04782419094627218,0.015483340264550352,Q2,2023
Tampines / Bedok,Singapore,120,2,1,70953000.0,591276.0,HDB,18.40971993149622,8.636045682397874,9.77861715489537,9.501418107861229,0.03787837776859985,0.013641749007605859,Q3,2024
Woodlands / Yishun,Singapore,90,2,2,46653000.0,518372.0,Condo,4.039192841291855,8.22934437205547,9.128477795536861,9.514024682395197,0.02144878754075359,0.03228491321852775,Q1,2024
Novena / Toa Payoh,Singapore,105,2,2,143253000.0,1364315.0,Landed,7.923383957881594,7.237442713005876,9.057471052509209,9.830887441682304,0.032627368884350215,0.03552230232417183,Q3,2024
Tampines / Bedok,Singapore,65,2,1,50604000.0,778519.0,Condo,21.021576938899415,8.059667018765014,9.723240746764958,9.26824427894472,0.026435212573014386,0.02765034899235895,Q4,2024
Tampines / Bedok,Singapore,45,1,2,30936000.0,687461.0,Condo,6.150820763120346,7.820612051284387,9.089896976266532,9.880020393146573,0.018863569790651086,0.04874993758008081,Q2,2023
Novena / Toa Payoh,Singapore,75,3,4,82029000.0,1093722.0,Condo,5.752440866642221,7.100462872768805,9.830676750977766,9.397953039661273,0.02806328791617487,0.03802419817869288,Q2,2023
Tampines / Bedok,Singapore,105,4,4,85402000.0,813350.0,Landed,12.546103193129618,7.238476259672559,9.780622664829027,9.713520775638024,0.04959195430159354,0.038432140589141954,Q2,2023
Orchard / Marina Bay,Singapore,38,2,3,47470000.0,1249215.0,HDB,20.91908992322839,8.934390267703805,9.931387160910857,9.662747442201134,0.046182333545252,0.042594728514299324,Q4,2023
Novena / Toa Payoh,Singapore,105,4,4,143152000.0,1363353.0,Landed,6.64500373071773,8.121548405562567,9.90392097367375,9.080645169963837,0.048048989873087526,0.03676867535688085,Q4,2023
Bukit Timah,Singapore,105,2,1,110974000.0,1056895.0,HDB,13.272960989260165,7.99736001719004,9.28801584262461,9.679439558057691,0.025811761815376165,0.03529646880519958,Q3,2023
Novena / Toa Payoh,Singapore,105,4,3,115084000.0,1096038.0,Condo,16.984076090690586,7.3309596208887555,9.980475407700384,9.278197382805741,0.022637536652431334,0.03913757204094135,Q3,2024
Novena / Toa Payoh,Singapore,55,1,1,65715000.0,1194815.0,Landed,23.33537518756952,7.779887246145838,9.745797491039944,9.016126157512554,0.046969145335071,0.03873957142005525,Q2,2023
Novena / Toa Payoh,Singapore,65,1,2,84796000.0,1304556.0,Landed,24.07870837273097,7.9216279399338845,9.524758688749102,9.580148282952056,0.04032638435571336,0.019853875425172703,Q3,2024
Orchard / Marina Bay,Singapore,90,3,4,179527000.0,1994740.0,Landed,16.366940294212156,7.810049977923347,9.899109054487527,9.117854087800973,0.01762311272466615,0.012173824517383603,Q3,2023
Tampines / Bedok,Singapore,55,2,3,34069000.0,619445.0,HDB,16.533156095561175,7.584004813228601,9.787466838057338,9.25699554995461,0.022640695412355454,0.022375833774457524,Q2,2024
Orchard / Marina Bay,Singapore,65,1,1,82975000.0,1276542.0,HDB,24.106255061295123,8.36171655961217,9.837358535514387,9.849773111888231,0.018053122507165828,0.03664161641354276,Q4,2024
Bukit Timah,Singapore,90,1,2,109362000.0,1215129.0,HDB,20.428757494967392,7.364097124687382,9.34879257366024,9.03598361910064,0.014171625241637537,0.01013097972640098,Q2,2024
Woodlands / Yishun,Singapore,140,4,4,60886000.0,434902.0,Condo,19.278667183991946,8.993800438520603,9.952355548887729,9.159314564927664,0.024258016861837515,0.038666202166904355,Q2,2024
Tampines / Bedok,Singapore,75,3,3,53141000.0,708551.0,Condo,14.157564398484471,8.20250658828266,9.686637165867458,9.078307546391805,0.04306147214514543,0.022109429193656105,Q1,2024
Tampines / Bedok,Singapore,75,2,2,49551000.0,660678.0,Condo,7.150298655854132,8.762472327488652,9.498115243652563,9.946553841731054,0.04374643428738739,0.03126648091701307,Q1,2023
Orchard / Marina Bay,Singapore,140,4,4,289261000.0,2066149.0,Landed,7.092608223346376,7.793249467671481,9.18065085041861,9.12386951544162,0.022675112866657986,0.03704036930229698,Q3,2024
Novena / Toa Payoh,Singapore,140,4,5,185155000.0,1322534.0,Landed,16.90395649515838,7.137384580971432,9.724024613507199,9.645394236465862,0.014061620871138474,0.0402437692790254,Q1,2024
Novena / Toa Payoh,Singapore,65,1,1,79934000.0,1229751.0,Landed,18.936007883944047,7.981043369614084,9.314844503409992,9.769967543693515,0.026956698260014907,0.012029782915839546,Q3,2024
Bukit Timah,Singapore,75,2,1,118706000.0,1582748.0,Landed,14.253322643354872,8.165522580276505,9.287604150687294,9.381086508212912,0.04708200107995651,0.02971560925159042,Q4,2024
Woodlands / Yishun,Singapore,45,1,1,17376000.0,386144.0,HDB,17.3633442270108,8.55366718493319,9.970058677752178,9.99237673718513,0.04381976851516648,0.039261619164623555,Q2,2023
Bukit Timah,Singapore,55,1,1,70630000.0,1284177.0,Condo,2.7301990240423866,7.852581783280173,9.548648225505747,9.099851616331454,0.024221737235297112,0.031931392225598064,Q2,2024
Woodlands / Yishun,Singapore,45,1,1,22592000.0,502042.0,Condo,19.213776408427734,7.122956194515807,9.647790256816453,9.906244959628879,0.04303526073459478,0.012431182966537842,Q4,2023
Jurong West,Singapore,90,3,4,62228000.0,691421.0,Landed,20.49339725233444,8.218684525094911,9.46126934846154,9.823380470453282,0.01787225232352261,0.04952251292627647,Q3,2023
Novena / Toa Payoh,Singapore,65,1,2,70759000.0,1088596.0,Condo,7.931712208009512,7.031766196959078,9.18902563906439,9.387591043091753,0.02488908796774622,0.032250176566111996,Q4,2024
Jurong West,Singapore,45,1,2,22308000.0,495737.0,Condo,4.379620340045113,7.792737182489231,9.326316599892806,9.730847750792726,0.0484084368422808,0.031485425318497635,Q4,2023
Novena / Toa Payoh,Singapore,75,2,2,72278000.0,963711.0,Condo,9.133926030235713,7.650895812896708,9.02183224874005,9.512448265428118,0.019435189613919296,0.037587714342290045,Q2,2023
Orchard / Marina Bay,Singapore,140,3,2,185842000.0,1327444.0,HDB,4.870508697951472,7.026621899330628,9.84249607450263,9.016206521244445,0.01926537433908508,0.019708862736250575,Q1,2023
Tampines / Bedok,Singapore,65,1,2,39769000.0,611830.0,HDB,22.02624069948017,8.61671601067334,9.044219400192103,9.602653881561311,0.027082784278303122,0.04368394235327286,Q1,2023
Orchard / Marina Bay,Singapore,55,1,2,79029000.0,1436890.0,Condo,23.967963853451394,8.702600666856453,9.15934153625124,9.072423176699086,0.020719735350787985,0.017508710576405045,Q4,2024
Orchard / Marina Bay,Singapore,38,2,1,58799000.0,1547332.0,Condo,15.896206122389675,8.470862657626142,9.648201945387438,9.658252408696505,0.026681425884951204,0.02227652724629673,Q4,2023
Orchard / Marina Bay,Singapore,140,3,4,251877000.0,1799119.0,Landed,8.00158464170094,7.499642844926301,9.867810544828348,9.408185325477634,0.02986119685345498,0.017350285822273884,Q2,2023
Jurong West,Singapore,140,4,5,87141000.0,622433.0,Landed,2.6557210729886256,7.576088030886723,9.759126673870165,9.414173063214303,0.02672356466333499,0.03456413496365233,Q2,2023
Bukit Timah,Singapore,55,1,1,92676000.0,1685016.0,Landed,7.6214405604714,7.723230469614721,9.162724261172048,9.447373247449983,0.040954873403967126,0.028643949896275785,Q4,2023
Tampines / Bedok,Singapore,105,4,5,94261000.0,897726.0,Landed,13.853373833041838,8.555767054648225,9.34153749194654,9.619422289294347,0.020455420702361282,0.02405917774716674,Q2,2023
Tampines / Bedok,Singapore,90,2,3,50585000.0,562057.0,HDB,23.383491408935956,7.19714658519604,9.415372992557593,9.761305957032478,0.038492836188229414,0.017916734029568518,Q3,2024
Woodlands / Yishun,Singapore,120,3,2,47851000.0,398755.0,HDB,16.71016262855057,8.631834896225048,9.39984052481295,9.594368510367122,0.02107167495715418,0.026380832813038803,Q3,2023
Orchard / Marina Bay,Singapore,75,1,1,142696000.0,1902618.0,Landed,10.386300166620272,8.398938106729275,9.576904181215252,9.24892383264592,0.020578270245378658,0.028913713956445583,Q2,2024
Bukit Timah,Singapore,75,3,4,78953000.0,1052709.0,HDB,4.276000093617816,8.614705002232569,9.979346695428433,9.229544708676807,0.015064415209655683,0.03505165331025113,Q1,2023
Jurong West,Singapore,45,1,1,24098000.0,535508.0,Condo,3.254640245031343,7.918365662714221,9.63599923367198,9.85482529529321,0.017161532021250255,0.04410484512079395,Q4,2024
Tampines / Bedok,Singapore,55,1,1,29956000.0,544653.0,HDB,11.626362388794519,7.829161677843527,9.699695873751699,9.990908574236386,0.022033705528573873,0.0385732255169065,Q2,2023
Novena / Toa Payoh,Singapore,65,1,1,54808000.0,843204.0,HDB,21.33040225789529,7.812384337631152,9.772457454339118,9.341262919833765,0.04986514356779537,0.029290059020428666,Q1,2023
Bukit Timah,Singapore,90,1,1,141229000.0,1569216.0,Landed,2.917538922279257,7.174009831165591,9.1605901126441,9.425629763352187,0.018499695625608603,0.03330167539157072,Q3,2024
Jurong West,Singapore,120,2,2,53639000.0,446988.0,HDB,6.97867755178727,8.692081183867254,9.448135717881245,9.096770444303358,0.011351069183712158,0.027775279987396775,Q4,2024
Tampines / Bedok,Singapore,65,1,1,37548000.0,577660.0,HDB,6.955360291387334,8.36420356502661,9.747361387985224,9.619869154324295,0.03672256722306369,0.013992822071274408,Q2,2024
Orchard / Marina Bay,Singapore,55,2,2,69681000.0,1266936.0,HDB,13.505461058606826,7.771461223369358,9.272435100136832,9.692352038077964,0.018558252582199987,0.03491844403091544,Q1,2024
Woodlands / Yishun,Singapore,105,3,2,55388000.0,527505.0,Condo,12.655900799829304,7.773978234038385,9.24957612162407,9.266296984222247,0.012262055277965223,0.03293785396069506,Q2,2023
Orchard / Marina Bay,Singapore,65,1,2,139117000.0,2140263.0,Landed,10.816665540068666,8.954066019885527,9.101012504500627,9.96370813474372,0.04676166022763673,0.049138013015146136,Q3,2023
Novena / Toa Payoh,Singapore,65,1,2,90598000.0,1393815.0,Landed,18.306507609247607,7.537748949197497,9.389670466822277,9.607742449042915,0.026924174484576215,0.028796193006743402,Q2,2023
Jurong West,Singapore,45,2,2,20146000.0,447688.0,HDB,12.86608705746448,8.718515863471126,9.087568448890517,9.718375958846076,0.0351403088787613,0.01938416084823391,Q2,2023
Tampines / Bedok,Singapore,75,2,3,64190000.0,855868.0,Landed,4.125035983472176,8.18647520642931,9.476181968312783,9.997535972488825,0.01181058179169641,0.048442239139582614,Q4,2024
Jurong West,Singapore,65,2,2,46537000.0,715949.0,Landed,9.794953847863445,7.78182325964165,9.347247131943725,9.643943468810434,0.04715859567066278,0.04098349219857326,Q4,2024
Bukit Timah,Singapore,120,4,5,179326000.0,1494383.0,Condo,17.331795649245564,7.353191010648267,9.763056540846064,9.44925865543173,0.01770201379315115,0.011872359000308625,Q4,2024
Woodlands / Yishun,Singapore,105,3,2,60714000.0,578229.0,Landed,2.1360851005216324,7.250912771376541,9.268355813261557,9.447180815480115,0.016914433836791358,0.02762875277984881,Q3,2023
Orchard / Marina Bay,Singapore,105,3,4,159133000.0,1515555.0,Condo,14.462833112455883,8.85689973940515,9.790575999461677,9.421640113162493,0.010352869841919427,0.04284898527523405,Q2,2024
Woodlands / Yishun,Singapore,55,1,1,25956000.0,471920.0,Condo,23.72798463968048,7.701851580752107,9.674919147580523,9.526127653618953,0.0258988885689347,0.012164050184814194,Q4,2023
Bukit Timah,Singapore,140,3,3,170017000.0,1214410.0,HDB,20.67079855534716,8.45868390737422,9.569769059713181,9.24589062839736,0.031057550258647676,0.036319110981435414,Q4,2024
Jurong West,Singapore,105,4,3,72413000.0,689646.0,Landed,2.14357310190832,7.3864975463418485,9.117274830057063,9.779567799637189,0.049328151637280104,0.02286497977116256,Q3,2023
Tampines / Bedok,Singapore,55,1,2,41836000.0,760653.0,Condo,8.053355429371695,7.081870213302582,9.179106224769452,9.625156604825666,0.04703099753201856,0.023049033214005338,Q1,2024
Novena / Toa Payoh,Singapore,55,1,1,63433000.0,1153330.0,Landed,7.264622787877232,7.854002263269718,9.909952002302946,9.103397969777978,0.03545696779820143,0.010961611460340945,Q1,2024
Woodlands / Yishun,Singapore,45,2,1,25094000.0,557645.0,Landed,5.487054628584507,7.983563224923225,9.901342157674364,9.261489644315978,0.0381420852866495,0.033012393277984255,Q1,2024
Orchard / Marina Bay,Singapore,105,3,4,157195000.0,1497093.0,Condo,12.036494748816814,7.70445494737105,9.421931209861247,9.308646294621964,0.013423212295401065,0.03394723972243313,Q4,2024
Bukit Timah,Singapore,65,1,1,71444000.0,1099144.0,HDB,11.216555968729198,8.586382990810488,9.63539343142679,9.091457529614836,0.03721882701316519,0.025838301086597452,Q1,2024
Bukit Timah,Singapore,55,2,1,63261000.0,1150194.0,HDB,2.18092566621322,7.512735648469789,9.395891706912007,9.006639649600132,0.010290577442932563,0.03514937833871202,Q4,2023
Tampines / Bedok,Singapore,45,2,3,43320000.0,962657.0,Landed,13.142172086816853,8.437848085403973,9.485356178570909,9.669328439536375,0.049129633081209594,0.01649059711778536,Q1,2023
Jurong West,Singapore,45,1,1,23594000.0,524301.0,Condo,2.4474578152503943,8.167268976455974,9.840842262596986,9.768318562582271,0.024445894749553762,0.025719833012695086,Q1,2024
Bukit Timah,Singapore,120,2,1,148216000.0,1235137.0,HDB,22.22227769318991,8.984599093838204,9.252948114040597,9.852996417099225,0.03505013933450974,0.024287204332959514,Q3,2023
Woodlands / Yishun,Singapore,45,1,1,17410000.0,386885.0,HDB,6.281270394078211,7.422903938911839,9.916240870255729,9.947119976757145,0.023753605303106155,0.01763989123958119,Q3,2024
Bukit Timah,Singapore,65,1,1,122548000.0,1885354.0,Landed,1.505213883511967,8.732779895649267,9.087837281891074,9.068508061591636,0.03481578231421666,0.020975958526726433,Q2,2023
Novena / Toa Payoh,Singapore,55,2,3,76193000.0,1385323.0,Landed,8.63438365418789,8.309964271488425,9.684697077165394,9.529561034464438,0.048263664479083146,0.01853712344701519,Q4,2023
Orchard / Marina Bay,Singapore,90,2,3,176153000.0,1957260.0,Landed,6.942833779587496,7.274434164269525,9.642352282202095,9.0399122270816,0.04528376481930086,0.045287153750744005,Q1,2023
Jurong West,Singapore,140,3,4,80588000.0,575628.0,Condo,16.427947519320757,8.721613250128032,9.054495129951954,9.921233342282502,0.018684315453794648,0.037810320371770796,Q4,2024
Jurong West,Singapore,105,4,3,42883000.0,408410.0,HDB,23.859062274702012,8.520977067353746,9.85933257667453,9.255600279562652,0.0367468890534686,0.047483339479928645,Q4,2024
Jurong West,Singapore,38,1,1,20481000.0,538980.0,Condo,19.29272438987475,7.502629476355994,9.0386290520843,9.73275652192795,0.027000533026474517,0.0426870781054168,Q4,2024
Orchard / Marina Bay,Singapore,75,1,1,133486000.0,1779807.0,Landed,5.5652777561449875,8.446106076411096,9.876792592439287,9.405283634228171,0.025982782569797802,0.01209722778792285,Q3,2023
Orchard / Marina Bay,Singapore,45,1,2,56185000.0,1248554.0,HDB,10.836542223357023,8.432461994224315,9.679184090749368,9.571739207972199,0.015566299478951367,0.0481472865492602,Q4,2023
Jurong West,Singapore,140,4,4,65582000.0,468444.0,HDB,15.518336649504787,8.735534953835359,9.074890752560178,9.336168523576545,0.03410073319719341,0.011614400137678617,Q1,2023
Bukit Timah,Singapore,140,4,5,150848000.0,1077483.0,HDB,2.6079267646381172,8.341160005527827,9.20286709497378,9.880034942559575,0.01738216440000532,0.03355693695272944,Q4,2023
Woodlands / Yishun,Singapore,45,1,2,26096000.0,579909.0,Landed,17.982209590381625,7.024073009836375,9.804207345279302,9.219996053935125,0.019132477409775757,0.04518123250760881,Q2,2024
Tampines / Bedok,Singapore,38,1,2,29966000.0,788581.0,Condo,8.893270201250916,7.549477969471972,9.111079787029448,9.471319775264233,0.018346931032120657,0.02653963838239381,Q3,2024
Jurong West,Singapore,120,3,2,58766000.0,489718.0,HDB,12.93241317564775,8.618127463937356,9.697812142695337,9.757328575146927,0.028299292697581926,0.025728075751954183,Q1,2024
Jurong West,Singapore,65,1,1,36116000.0,555628.0,Condo,18.63932410879539,7.728106273767919,9.730858142729577,9.355252211573937,0.015429549772498205,0.018865453464225156,Q1,2023
Orchard / Marina Bay,Singapore,75,2,1,112118000.0,1494910.0,Condo,3.2798458520598377,7.354053350031844,9.361387706149417,9.937725126525377,0.011168521909449086,0.02622397682574875,Q3,2023
Novena / Toa Payoh,Singapore,45,1,1,61662000.0,1370256.0,Landed,9.59423961674645,8.426876458218613,9.299700757308827,9.547700862808998,0.014808327366138841,0.026604454395355602,Q4,2024
Bukit Timah,Singapore,90,3,3,115226000.0,1280283.0,Condo,11.232480676435591,7.96613133806387,9.929315130012803,9.663079786481164,0.025810413416109436,0.017023810525020916,Q4,2024
Woodlands / Yishun,Singapore,105,4,3,41673000.0,396888.0,HDB,5.803312645667542,8.853349211639998,9.743283480106722,9.12812115680791,0.03902186879708459,0.030362505681796964,Q1,2024
Novena / Toa Payoh,Singapore,140,5,6,183694000.0,1312103.0,Landed,5.651861473794818,7.790981807774961,9.892224283242292,9.278271168855987,0.04385889603791684,0.02107325699210548,Q3,2024
Bukit Timah,Singapore,120,3,2,211139000.0,1759493.0,Landed,4.26476097889679,8.472186819526923,9.856879412803258,9.212414458826062,0.042639763624129634,0.016012334355214618,Q2,2023
Woodlands / Yishun,Singapore,120,3,3,44039000.0,366991.0,HDB,21.592651354016652,8.440643737216279,9.408783035151737,9.373714417853241,0.02943832970691214,0.04037542586752822,Q1,2023
Woodlands / Yishun,Singapore,45,1,1,20943000.0,465394.0,Condo,11.814383401033524,8.75013437261902,9.6986239302003,9.22705390337845,0.0456912993834072,0.015244890578439235,Q2,2023
Tampines / Bedok,Singapore,38,1,1,31385000.0,825917.0,Landed,15.478595735563808,7.504460275161059,9.977394566310345,9.979024670629927,0.021831207434074323,0.046935793119808986,Q4,2023
Bukit Timah,Singapore,105,3,4,191950000.0,1828094.0,Landed,11.746968971166599,7.033416926282598,9.798464462909768,9.293445259005098,0.03665579339501895,0.026706351038317165,Q2,2023
Bukit Timah,Singapore,105,4,5,133909000.0,1275319.0,Condo,15.44558000521944,7.69517093234972,9.135704159094928,9.474284849628404,0.02088454739272646,0.028915917398144912,Q3,2023
Bukit Timah,Singapore,120,3,3,187883000.0,1565690.0,Landed,14.689427297673086,7.983163787912571,9.851274454652508,9.507624298313585,0.014785616775996347,0.04226829139531457,Q2,2023
Orchard / Marina Bay,Singapore,120,3,2,198014000.0,1650114.0,Condo,21.78107688395879,8.723409859605702,9.283124891368075,9.472554865997997,0.018875213033888043,0.031322162816148864,Q3,2023
Novena / Toa Payoh,Singapore,90,2,3,73835000.0,820391.0,HDB,6.651210648179206,7.110540272046897,9.922916127779414,9.824714974927037,0.02135336880065167,0.021140753373359404,Q1,2023
Novena / Toa Payoh,Singapore,38,1,1,44815000.0,1179344.0,Landed,7.538593600067566,7.767864944034411,9.766689494411658,9.195032509159372,0.03454361642203657,0.0371775048094529,Q4,2023
Orchard / Marina Bay,Singapore,75,3,2,154095000.0,2054597.0,Landed,19.574108618221963,7.83815354980228,9.692268599769347,9.502511266987145,0.04566682041704959,0.03900857072063078,Q4,2024
Tampines / Bedok,Singapore,55,1,1,53306000.0,969203.0,Landed,23.831344782400855,8.527847833776393,9.199380820088678,9.225818949760573,0.028201659612543957,0.015570731374601313,Q3,2023
Novena / Toa Payoh,Singapore,90,1,2,79404000.0,882264.0,HDB,18.65733059539583,7.408545176618558,9.679306113244408,9.247532504069031,0.017052414209985454,0.015780125253188965,Q2,2023
Bukit Timah,Singapore,120,4,5,198464000.0,1653866.0,Landed,13.21120614691527,7.398441546105903,9.682404102423003,9.58799807085086,0.026769154407829995,0.014304660457254972,Q2,2023
Bukit Timah,Singapore,45,1,1,59313000.0,1318057.0,Condo,19.588286982523286,7.21893902120461,9.346578209119507,9.777213197738579,0.024017468127201555,0.02783767583066296,Q4,2023
Woodlands / Yishun,Singapore,140,3,3,68495000.0,489249.0,Condo,13.130277717929356,7.0221577510425375,9.277810257577265,9.009860203952003,0.03845634586013168,0.019120546065609735,Q2,2023
Woodlands / Yishun,Singapore,75,3,2,32456000.0,432748.0,HDB,10.578971330683977,7.585798888500164,9.469658185681595,9.489181684695133,0.018399498603347754,0.04783184144217582,Q3,2024
Orchard / Marina Bay,Singapore,55,2,3,114868000.0,2088510.0,Landed,10.877856122105936,7.806799734555322,9.562958521405866,9.598440340387606,0.04998965531832273,0.033571120379211575,Q4,2023
Bukit Timah,Singapore,105,4,3,190489000.0,1814181.0,Landed,6.564240079274591,7.933507049619682,9.77125562959659,9.342916261305524,0.02976715002897487,0.041186464213765976,Q4,2024
Orchard / Marina Bay,Singapore,45,1,2,54879000.0,1219530.0,HDB,6.721153212301646,8.224443172681104,9.6753242026788,9.496449188022693,0.04839079949465219,0.014579987195336156,Q3,2023
Orchard / Marina Bay,Singapore,90,3,3,165029000.0,1833661.0,Landed,9.724788008683062,7.368717052454075,9.75086495557173,9.725548387768809,0.04605289116062435,0.02493098255154977,Q3,2024
Bukit Timah,Singapore,120,3,3,158675000.0,1322288.0,Condo,24.640795227726823,7.7616525230947,9.636224400938522,9.064640923158144,0.030192661384970218,0.03588853086747429,Q3,2023
Bukit Timah,Singapore,105,3,4,189616000.0,1805864.0,Landed,7.261046360619063,8.053006271799914,9.67431552318237,9.157985077515312,0.03577096120693326,0.0265222291217969,Q1,2023
Tampines / Bedok,Singapore,90,3,3,66033000.0,733705.0,Condo,13.317216946177584,8.175655160496888,9.01014476318105,9.81636655588855,0.014393754757790074,0.014940152636492114,Q2,2023
Tampines / Bedok,Singapore,75,1,2,70153000.0,935372.0,Landed,14.999237560740017,8.557395319251539,9.014012414978177,9.634377212645088,0.023603340478319197,0.037034136973489354,Q1,2023
Novena / Toa Payoh,Singapore,65,1,1,60176000.0,925782.0,HDB,8.902044832331454,7.616262701365126,9.7506532695855,9.015034705269404,0.015771792599068527,0.012776729934146577,Q1,2023
Woodlands / Yishun,Singapore,75,2,1,46458000.0,619443.0,Landed,17.079498789140402,8.484972593993641,9.70306734058129,9.536477798717907,0.034514654565375856,0.01013835441173736,Q3,2023
Woodlands / Yishun,Singapore,45,1,2,21102000.0,468933.0,Condo,24.33121550135848,7.032695019448262,9.42806533314176,9.01110330465405,0.042294352034608254,0.024056385860268686,Q4,2023
Orchard / Marina Bay,Singapore,90,2,3,140109000.0,1556763.0,Condo,19.152998890009634,8.969261674180498,9.695735571403455,9.45429718473899,0.01332266789806825,0.022928698720701836,Q1,2023
Woodlands / Yishun,Singapore,65,1,1,23678000.0,364269.0,HDB,8.938718532192425,8.912072046415105,9.585730705554802,9.55935855884354,0.028617900575338424,0.015823630864392077,Q4,2023
Orchard / Marina Bay,Singapore,45,2,1,57294000.0,1273200.0,HDB,3.1274101102385945,8.053178261669434,9.660750785087584,9.458743589323625,0.03180189704917483,0.021829056749289484,Q2,2023
Tampines / Bedok,Singapore,65,1,1,61979000.0,953524.0,Landed,1.9429808355219063,8.490153030912976,9.552945006372754,9.509578199956351,0.022607079455875596,0.03418091375317848,Q4,2023
Woodlands / Yishun,Singapore,38,1,2,19833000.0,521915.0,Condo,23.9450093868435,8.524996197979052,9.786774405723868,9.912966390519427,0.03645650918479291,0.02088145236017925,Q2,2024
Jurong West,Singapore,90,1,1,46538000.0,517092.0,Condo,19.654829543425027,7.5237256355559685,9.207908766983925,9.00138077923198,0.017843280828855144,0.01155311814341458,Q3,2024
Jurong West,Singapore,45,1,2,24207000.0,537928.0,Condo,10.361148650556654,7.3942083883248095,9.648554126867957,9.994314916550138,0.03156534329862401,0.03566187722237756,Q3,2024
Jurong West,Singapore,45,2,1,18568000.0,412618.0,HDB,18.664115112681124,8.690983995550008,9.394217372438364,9.824293752984008,0.012279034226887857,0.024416815932040144,Q4,2024
Woodlands / Yishun,Singapore,90,3,3,51735000.0,574838.0,Landed,16.402641842054926,7.5024440317372045,9.188807550375314,9.502961593908648,0.04439007177212455,0.030980823608019098,Q2,2024
Bukit Timah,Singapore,55,1,1,80333000.0,1460593.0,Condo,10.886029423620311,8.098186821803715,9.629539554734755,9.331234370612481,0.04406470906469408,0.012022903403284931,Q2,2024
Jurong West,Singapore,75,2,2,31348000.0,417973.0,HDB,16.429516059433766,7.09953449024881,9.535045495847573,9.458637698791328,0.03177278229682451,0.02501833731729573,Q3,2023
Woodlands / Yishun,Singapore,45,1,2,25657000.0,570158.0,Landed,8.465964735608964,7.7192155464954455,9.49143207964704,9.905824728826584,0.018630271991965104,0.02407451965658712,Q4,2023
Bukit Timah,Singapore,75,2,1,124072000.0,1654294.0,Landed,17.809531516468816,8.825440027916336,9.480927306674975,9.223534653281945,0.047695090871316605,0.023703178200613833,Q3,2023
Orchard / Marina Bay,Singapore,45,2,3,57296000.0,1273252.0,HDB,21.513486197932142,7.656586020690176,9.622927539774793,9.09905286830403,0.02037241526544275,0.025500306555559023,Q2,2024
Bukit Timah,Singapore,55,2,3,88376000.0,1606836.0,Landed,10.319393013144069,8.794385099765188,9.63476813847932,9.136914870821286,0.013241376454525118,0.013695704094424048,Q1,2024
Jurong West,Singapore,45,2,1,24210000.0,537995.0,Condo,7.348314786289226,7.357299569203541,9.93491503411287,9.897575909111504,0.024943001539601148,0.03958914013087995,Q2,2023
Woodlands / Yishun,Singapore,90,3,3,49150000.0,546115.0,Landed,22.060487875003474,8.971457931616087,9.386155043312165,9.98647961702946,0.027596141270987994,0.043159416604898575,Q4,2023
Jurong West,Singapore,65,1,1,26948000.0,414585.0,HDB,8.28507189788074,8.888813499954237,9.642389728027593,9.370443603208992,0.022550247419882728,0.0418599265482515,Q2,2023
Tampines / Bedok,Singapore,38,1,2,37289000.0,981301.0,Landed,24.900042796906693,7.44133446585569,9.201484146946203,9.970996412289134,0.011433086613748667,0.01909894247265112,Q3,2023
Tampines / Bedok,Singapore,120,3,2,115848000.0,965402.0,Landed,18.596508519485997,8.656763110926425,9.561124725399862,9.313667135459896,0.010476823519685352,0.041053216366671745,Q1,2024
Jurong West,Singapore,38,1,1,21993000.0,578761.0,Condo,3.083912098266473,8.950762478347208,9.934543243845123,9.248182921201405,0.011153950262857903,0.01983172001283317,Q3,2023
Novena / Toa Payoh,Singapore,140,5,6,111749000.0,798205.0,HDB,6.456652374973097,7.971091716671614,9.876069763190554,9.998491903368997,0.0244802593634526,0.015661540391719284,Q3,2024
Bukit Timah,Singapore,45,2,1,50037000.0,1111943.0,HDB,21.03731268855228,8.856062004910424,9.107376505992924,9.080622836137042,0.016622308936859377,0.04450521633336239,Q2,2023
Woodlands / Yishun,Singapore,55,1,1,26911000.0,489284.0,Condo,18.00934142700503,7.400210385375042,9.622717275986078,9.29638407292413,0.025524264428077505,0.03268744716097025,Q2,2024
Orchard / Marina Bay,Singapore,120,3,3,166308000.0,1385903.0,HDB,11.689530887888575,8.029796284412608,9.073875134462064,9.885598223898851,0.02290783089104715,0.022424078212658186,Q4,2024
Tampines / Bedok,Singapore,105,4,5,67276000.0,640719.0,HDB,14.416531519025515,7.47828659981763,9.44499024779096,9.989528875741271,0.04662127399979389,0.03171156327370393,Q4,2024
Bukit Timah,Singapore,75,3,2,117461000.0,1566141.0,Landed,14.645098207516082,8.525858859298292,9.278349554745244,9.115042204927514,0.016390508686387566,0.02777081751248687,Q1,2024
Jurong West,Singapore,120,4,4,54287000.0,452388.0,HDB,1.229810549452008,8.216729045083696,9.919431400591085,9.453621911385525,0.03943542448008253,0.042778175934591524,Q4,2024
Novena / Toa Payoh,Singapore,38,2,2,51841000.0,1364239.0,Landed,17.682938938043904,7.377627603919628,9.059301652013856,9.932237864869519,0.022704769589382175,0.013154020118332471,Q4,2024
Jurong West,Singapore,105,2,2,64175000.0,611188.0,Landed,8.210423904509833,8.147444162372237,9.127356151087797,9.493255889293595,0.034967213682384944,0.04595471043234513,Q1,2024
Bukit Timah,Singapore,55,2,2,96254000.0,1750070.0,Landed,23.967514519484382,8.355146436508864,9.959375720939214,9.709319523294308,0.04148648488439276,0.022072029683211335,Q3,2024
Tampines / Bedok,Singapore,75,1,1,46723000.0,622980.0,HDB,19.12769829168976,8.00326420933014,9.307260884165695,9.503877439209294,0.028667310403401133,0.03156527475847701,Q2,2023
Woodlands / Yishun,Singapore,65,2,1,28328000.0,435820.0,HDB,2.244685076667876,7.955861482565655,9.419619064217148,9.443805379248488,0.031958876393040146,0.028088435416032932,Q1,2023
Jurong West,Singapore,90,1,1,44654000.0,496160.0,Condo,1.6709554994277482,7.344366538431335,9.935563875330558,9.11535556680087,0.01969882955944293,0.0270097918467374,Q4,2023
Orchard / Marina Bay,Singapore,75,3,4,154983000.0,2066437.0,Landed,7.431126851056533,8.252594606972533,9.358164183917847,9.448504371694666,0.04547667995425278,0.019584320368836193,Q2,2024
Woodlands / Yishun,Singapore,55,1,2,22246000.0,404467.0,HDB,3.137651422082951,8.50617079758256,9.523850613091971,9.68130601837692,0.04531954208802854,0.020376205211333796,Q3,2023
Tampines / Bedok,Singapore,45,1,2,31545000.0,700990.0,Condo,22.749373782186403,7.491924833827216,9.19229902259654,9.017892470660744,0.02178840226538574,0.03579359427768263,Q3,2024
Jurong West,Singapore,45,1,1,20908000.0,464621.0,HDB,14.614954722781167,8.046109933287525,9.184267059011846,9.810243290530135,0.032941656928017274,0.03670039327654093,Q3,2023
Orchard / Marina Bay,Singapore,55,1,1,65170000.0,1184900.0,HDB,12.839397984622975,7.650106560853174,9.22594275448227,9.625577152468757,0.031025160845901123,0.04779743360111779,Q2,2023
Woodlands / Yishun,Singapore,65,1,2,42108000.0,647820.0,Landed,20.57236574886549,7.339038851810514,9.507234515681432,9.37992676315102,0.024045424307537637,0.014872520550084856,Q4,2024
Woodlands / Yishun,Singapore,75,3,4,31826000.0,424341.0,HDB,9.580988236472615,7.101316659281733,9.352928295683071,9.695584973092192,0.046971000087212215,0.0471660042155382,Q4,2024
Orchard / Marina Bay,Singapore,90,3,4,172463000.0,1916253.0,Landed,13.917388067886801,7.7247785040391435,9.19318567784974,9.440448129718602,0.014801475966105052,0.020161246736733744,Q1,2024
Novena / Toa Payoh,Singapore,90,3,4,90243000.0,1002705.0,Condo,11.066611594344984,7.494577344401167,9.52186776254043,9.50024568441425,0.03418629019435523,0.039797977939715276,Q1,2024
Orchard / Marina Bay,Singapore,55,1,1,111361000.0,2024745.0,Landed,20.057349881998327,8.403630276935559,9.628737175573121,9.063538402098008,0.013469075216495097,0.03626711502991397,Q1,2023
Woodlands / Yishun,Singapore,45,1,1,22282000.0,495148.0,Condo,15.802726035378942,8.73418621449914,9.533115377465121,9.889350807426247,0.04485538956230192,0.04027063688675922,Q4,2024
Jurong West,Singapore,45,2,2,32806000.0,729022.0,Landed,4.091180613098708,7.052664577241237,9.622644787158794,9.484856565059944,0.014243512379977404,0.0497582402166335,Q1,2023
Jurong West,Singapore,90,2,1,47790000.0,531003.0,Condo,8.295722825625923,8.005526456128488,9.348643872462503,9.214829246785204,0.04417978806782644,0.02348854647181324,Q4,2024
Tampines / Bedok,Singapore,55,1,1,47570000.0,864901.0,Landed,22.055320310322372,8.566985720588105,9.08007270841576,9.030796980177088,0.03705824846628044,0.0453936246245606,Q4,2023
Tampines / Bedok,Singapore,105,2,2,68715000.0,654426.0,HDB,18.223420672532182,7.11665211091853,9.402124784193571,9.601352296613637,0.014166375226546388,0.039231030420229136,Q3,2024
Orchard / Marina Bay,Singapore,75,1,1,148471000.0,1979608.0,Landed,14.31211546302912,7.8903001513126565,9.218700857344459,9.269004076595824,0.017825551478124844,0.032528884306009136,Q3,2023
Tampines / Bedok,Singapore,105,4,3,66583000.0,634122.0,HDB,15.802923508751494,8.665825037598657,9.034722986141883,9.327478118144104,0.0196939566840625,0.038087665405781006,Q2,2023
Orchard / Marina Bay,Singapore,45,1,1,68550000.0,1523333.0,Condo,3.811071162340549,8.036693145230533,9.844311866255133,9.398838316584104,0.013586430239012019,0.027492146499851287,Q3,2023
Tampines / Bedok,Singapore,75,3,3,47966000.0,639551.0,HDB,9.017335006768693,8.34361139003295,9.411999904773445,9.512491080426273,0.010009485642503924,0.015134721714321092,Q4,2024
Woodlands / Yishun,Singapore,55,1,2,28705000.0,521917.0,Condo,7.674387871074512,7.5286983751570755,9.94462597778246,9.890805899215358,0.04812285700749745,0.04280687641484461,Q3,2024
Woodlands / Yishun,Singapore,65,1,2,42354000.0,651593.0,Landed,2.0689506629407415,8.04393858808438,9.530835633276315,9.041806136531406,0.020426838819558837,0.014852957131225492,Q2,2024
Woodlands / Yishun,Singapore,45,2,2,26884000.0,597429.0,Landed,8.960842140784587,7.408999982404659,9.32929323606347,9.013450724243382,0.04063563654699574,0.04654589964041421,Q4,2024
Novena / Toa Payoh,Singapore,75,3,2,103636000.0,1381813.0,Landed,4.114098284770566,8.496101200990664,9.5023260592492,9.273769347244585,0.020180200504724445,0.023575799420258507,Q4,2024
Bukit Timah,Singapore,65,2,2,89755000.0,1380839.0,Condo,22.84788460045003,8.65460248153234,9.55472490387096,9.229393047346857,0.038420227910475335,0.030025165331403238,Q2,2023
Woodlands / Yishun,Singapore,65,1,1,42193000.0,649123.0,Landed,15.531585734999158,8.66763475203707,9.402084125735273,9.153006316169645,0.048569315558670584,0.0412283427762296,Q4,2023
Bukit Timah,Singapore,75,2,3,81365000.0,1084869.0,HDB,19.054876920166915,7.803302644640123,9.754634512420528,9.826416122870928,0.014811067576322596,0.03295403405387197,Q1,2024
Novena / Toa Payoh,Singapore,120,3,3,95528000.0,796064.0,HDB,17.397814438031947,7.749069206144531,9.027738050152216,9.467774540010515,0.013482397309578911,0.04446498513058694,Q2,2024
Orchard / Marina Bay,Singapore,65,2,2,93437000.0,1437485.0,Condo,9.64194818373192,7.942480837299086,9.891429892296742,9.319110744208668,0.04684505368279008,0.011211955941155219,Q4,2023
Jurong West,Singapore,140,5,4,57855000.0,413251.0,HDB,3.3649851132480615,8.764983585506304,9.979737454390168,9.787853781891556,0.0342307919718131,0.01775086054482845,Q3,2024
Novena / Toa Payoh,Singapore,140,5,4,173763000.0,1241165.0,Landed,1.0566678485798668,7.109024669669979,9.230889994275142,9.16785776823069,0.030634090272858502,0.016508895689629145,Q4,2023
Bukit Timah,Singapore,38,2,3,55105000.0,1450141.0,Condo,23.726066328763075,7.46662493983928,9.80925212827911,9.719487084016798,0.03664553016055642,0.029761871136010323,Q3,2024
Tampines / Bedok,Singapore,55,1,1,50803000.0,923693.0,Landed,14.345265919211517,8.151461701774965,9.74531304923533,9.283113651589916,0.038143194234189694,0.02935543224237877,Q3,2023
Woodlands / Yishun,Singapore,55,2,2,36029000.0,655076.0,Landed,10.23412034826643,8.645120847176868,9.636145050346595,9.383649563549806,0.02140447196351642,0.03774445693695559,Q4,2024
Jurong West,Singapore,65,1,2,27256000.0,419330.0,HDB,11.667705116884546,7.92061396982219,9.141458141241339,9.678885165716894,0.012486267597197235,0.02629799954644301,Q2,2023
Orchard / Marina Bay,Singapore,45,2,3,82077000.0,1823940.0,Landed,13.061123552006029,7.568800738661971,9.481544809298477,9.029206490379531,0.046827183315946895,0.021274304720313122,Q4,2023
Novena / Toa Payoh,Singapore,65,1,2,65455000.0,1007004.0,Condo,17.43889036386503,7.183099999152752,9.121911339795158,9.433172607733594,0.04110809869819593,0.04616049466365826,Q2,2023
Orchard / Marina Bay,Singapore,75,2,3,146252000.0,1950027.0,Landed,13.550376505811052,7.450710512558099,9.40720879148712,9.448902834444068,0.028866191048240633,0.019582051462700343,Q3,2024
Novena / Toa Payoh,Singapore,140,5,4,188616000.0,1347254.0,Landed,6.370720894936058,7.450864207544749,9.769990340221035,9.000809805777795,0.013280185290659668,0.02402070228215223,Q4,2024
Woodlands / Yishun,Singapore,120,3,4,66220000.0,551837.0,Landed,11.533023606165388,8.014357754397093,9.823274386846311,9.292647825399127,0.033273128011938415,0.04920866756040729,Q3,2024
Orchard / Marina Bay,Singapore,105,2,3,198912000.0,1894396.0,Landed,6.507534832090559,8.525677444265238,9.596086671364237,9.272659401232383,0.022904074452910456,0.012727377116809673,Q4,2023
Jurong West,Singapore,140,4,4,71838000.0,513129.0,Condo,9.043167533773016,7.198057483222195,9.000367285138557,9.16511571236636,0.017226350308249698,0.03518848840836295,Q4,2023
Jurong West,Singapore,75,2,3,41131000.0,548410.0,Condo,12.083485164755086,8.952518798894285,9.431106451064077,9.14823620210293,0.029046346734591555,0.045796099545476004,Q4,2023
Jurong West,Singapore,120,3,2,56250000.0,468754.0,HDB,13.278738472574307,8.292337537296692,9.237783326785436,9.749024871379145,0.029625472482196623,0.03914114798499436,Q3,2024
Novena / Toa Payoh,Singapore,105,3,3,124507000.0,1185779.0,Landed,4.434979115738681,8.25919968148731,9.73678666393159,9.48583379250339,0.03555830628887273,0.026371705227244066,Q1,2023
Orchard / Marina Bay,Singapore,75,3,4,152553000.0,2034046.0,Landed,16.7234465339171,8.194808697394219,9.817701349926876,9.680292930433499,0.01843615201532059,0.017631780212195226,Q2,2024
Woodlands / Yishun,Singapore,90,3,4,40938000.0,454872.0,Condo,11.91558262101881,8.25271020149091,9.495225228348561,9.094636197420282,0.03171453233045848,0.03897490647159514,Q3,2024
Novena / Toa Payoh,Singapore,90,3,3,125187000.0,1390969.0,Landed,23.797148366932987,7.137365582989739,9.43768685151653,9.284328750441757,0.04087407995505359,0.040960518058865567,Q2,2024
Bukit Timah,Singapore,45,1,1,63267000.0,1405924.0,Condo,11.055656266316578,8.695624944016648,9.92285471580926,9.962278397889003,0.026194325924815055,0.024354774716062122,Q2,2024
Novena / Toa Payoh,Singapore,90,3,2,76008000.0,844529.0,HDB,17.766495263920387,8.063115238667436,9.210410288780864,9.29209320799488,0.026818407983657512,0.016219345016016865,Q3,2023
Orchard / Marina Bay,Singapore,45,1,1,84171000.0,1870458.0,Landed,20.507003630453333,7.124886070847131,9.364816903964357,9.789116819717176,0.03572244861732628,0.03979621685136732,Q2,2023
Bukit Timah,Singapore,75,3,3,109741000.0,1463216.0,Condo,3.1898842566498997,7.029429653181546,9.62200507522945,9.223973340697816,0.02134447534954853,0.04940375989963196,Q2,2023
Novena / Toa Payoh,Singapore,120,4,3,150690000.0,1255750.0,Landed,17.595284024364226,7.852627107854217,9.459008574070019,9.289045410103313,0.03900563828807093,0.024510947613528393,Q4,2023
Orchard / Marina Bay,Singapore,55,1,2,101717000.0,1849393.0,Landed,19.147626670605767,8.93924921686044,9.420753892177691,9.329229480304171,0.03989732079206966,0.011013659020723843,Q1,2024
Bukit Timah,Singapore,90,3,4,106376000.0,1181955.0,HDB,15.193214169933217,8.813270266392784,9.391082021370467,9.495546660181212,0.0493450714981218,0.04389860553618769,Q4,2024
Orchard / Marina Bay,Singapore,120,3,2,230752000.0,1922930.0,Landed,19.72783677913144,7.3554268529767475,9.03094017770729,9.896001635087908,0.04579275889383573,0.02492830273022724,Q2,2024
Tampines / Bedok,Singapore,45,1,1,28228000.0,627299.0,HDB,7.342781712033171,7.17388765594602,9.675101716826306,9.984056461376742,0.023151911005392607,0.030384233500780608,Q3,2024
Orchard / Marina Bay,Singapore,55,2,1,77202000.0,1403665.0,HDB,19.851036494230165,7.3710678762670785,9.474955042763355,9.912765936757243,0.023542883560295467,0.03680792353568607,Q2,2023
Woodlands / Yishun,Singapore,105,2,2,67609000.0,643899.0,Landed,10.591484593125028,7.633204874752214,9.697613027443815,9.405157434277555,0.04059996300261847,0.027174669870522056,Q1,2023
Tampines / Bedok,Singapore,55,1,1,49242000.0,895316.0,Landed,9.146960463630926,7.45217572487803,9.515701876591109,9.864880472356866,0.049626497159936986,0.04053219201970143,Q3,2023
Tampines / Bedok,Singapore,120,2,1,117196000.0,976630.0,Landed,21.777467844643855,7.063772914812924,9.553612752669181,9.28905386749384,0.04541562973352104,0.02298467263035894,Q1,2024
Orchard / Marina Bay,Singapore,90,1,1,109410000.0,1215664.0,HDB,6.600523896871526,7.557250071271884,9.767178085128684,9.685660963435748,0.010440360936767217,0.024689414999772293,Q2,2023
Novena / Toa Payoh,Singapore,140,4,3,132331000.0,945221.0,Condo,6.2610540012915585,8.640789308509085,9.275033617228672,9.16822170830227,0.014835349517111011,0.024890568132197095,Q4,2024
Woodlands / Yishun,Singapore,38,1,2,17925000.0,471711.0,Condo,5.152562819039036,7.633140010867175,9.9700192598343,9.251631983039054,0.039398451283624604,0.04762131168915649,Q3,2024
Novena / Toa Payoh,Singapore,90,2,3,96138000.0,1068203.0,Condo,16.209951255962437,8.821010039685687,9.893712509735689,9.76692410439302,0.037673183783298224,0.015495553352305794,Q1,2024
Novena / Toa Payoh,Singapore,120,3,4,131409000.0,1095079.0,Condo,16.617586984005634,8.605714915433714,9.128102281492264,9.356557924276707,0.04838682283821095,0.035644419219956286,Q1,2023
Jurong West,Singapore,140,5,6,80950000.0,578213.0,Condo,17.62780605067711,7.203835550688478,9.758443676615496,9.994476223227528,0.020097806009249816,0.02401528216555718,Q2,2023
Tampines / Bedok,Singapore,105,4,5,77168000.0,734930.0,Condo,21.92147592889822,7.994778195008334,9.013710448128492,9.261524891489325,0.03299514073978269,0.018694403178836656,Q2,2023
Tampines / Bedok,Singapore,38,2,1,27490000.0,723427.0,Condo,18.554610714802507,8.434286167291903,9.252524019156361,9.378001061314414,0.04421970261433507,0.014086588167444018,Q4,2024
Woodlands / Yishun,Singapore,55,2,1,32512000.0,591125.0,Landed,15.298779438705676,7.063195904786561,9.770883973783095,9.224089084760907,0.038648576411734914,0.04982546874126257,Q1,2023
Tampines / Bedok,Singapore,38,1,2,28590000.0,752375.0,Condo,13.691794475013072,8.06048716876389,9.047753696076688,9.145206623208187,0.03941841295904945,0.032481599662595284,Q2,2023
Novena / Toa Payoh,Singapore,75,3,4,100933000.0,1345778.0,Landed,7.8578418672684975,8.55881757666358,9.896184060513107,9.353753906145123,0.04575339391613015,0.03934176540413229,Q1,2023
Tampines / Bedok,Singapore,140,4,3,95518000.0,682269.0,Condo,19.399512964714425,8.89987366890826,9.124852708945964,9.19562223993542,0.04577453726120087,0.01989012582825273,Q1,2024
Bukit Timah,Singapore,140,3,4,205219000.0,1465850.0,Condo,17.89282281288941,8.653957558070143,9.081422966475863,9.48051507184495,0.03653472538759507,0.024853543403488918,Q2,2024
Jurong West,Singapore,38,1,1,26916000.0,708324.0,Landed,16.474670567137313,7.187149038341955,9.963069264333038,9.282653676595041,0.03966274351071747,0.04520144632292426,Q4,2023
Tampines / Bedok,Singapore,75,1,1,42821000.0,570944.0,HDB,15.634639865071623,7.1279038080088055,9.805702941453378,9.051483422694732,0.016751648407299428,0.03285910282296193,Q2,2023
Jurong West,Singapore,38,2,2,16879000.0,444184.0,HDB,14.648145096788546,7.114987115320984,9.294744471369036,9.675622453640912,0.0320174013717334,0.01169208023904023,Q3,2023
Novena / Toa Payoh,Singapore,38,1,2,40819000.0,1074191.0,Condo,4.789190542930282,8.510265729804113,9.371036186754425,9.114692262181945,0.03852432780775779,0.0353968393251547,Q3,2023
Bukit Timah,Singapore,90,3,2,123209000.0,1368993.0,Condo,11.472759315659195,8.519991810887616,9.416944201344926,9.81901575534783,0.03225051785552048,0.014219771885828129,Q1,2023
Jurong West,Singapore,90,2,2,52386000.0,582064.0,Condo,21.574456587535085,8.158289810043497,9.28230992706329,9.840466035983841,0.010116651385202232,0.017295555381286937,Q4,2023
Orchard / Marina Bay,Singapore,65,1,1,124855000.0,1920852.0,Landed,15.558531233332118,7.164982909363119,9.971798125483494,9.43208866861744,0.030602060072718963,0.037542098260156705,Q1,2023
Bukit Timah,Singapore,90,3,3,99831000.0,1109232.0,HDB,14.536066969395439,8.333027462968923,9.074999533874994,9.186350409263436,0.03396272687598139,0.04213107419610617,Q4,2023
Woodlands / Yishun,Singapore,120,4,4,58275000.0,485622.0,Condo,4.8001002817879375,8.983092313449031,9.50531909978532,9.865035435673333,0.03561610875964034,0.049012664972194524,Q1,2024
Jurong West,Singapore,45,1,2,20701000.0,460027.0,HDB,10.980747883754253,8.56552868627617,9.442247743894821,9.9216720292955,0.01560037324219887,0.025654437007815452,Q1,2023
Tampines / Bedok,Singapore,55,1,1,37773000.0,686778.0,Condo,6.847171193220143,7.809554518129692,9.317018861828524,9.047522700774737,0.026342157996104065,0.03748474045170828,Q4,2024
Woodlands / Yishun,Singapore,105,3,3,49296000.0,469484.0,Condo,20.57474167876811,7.588503082561724,9.796931040427678,9.287665649908115,0.044253285640781376,0.0172585307271269,Q1,2024
Tampines / Bedok,Singapore,45,1,1,29454000.0,654526.0,HDB,11.298720614752387,8.508811933467737,9.248696345007138,9.589750651133357,0.040801350328079106,0.0397852458865196,Q3,2023
Tampines / Bedok,Singapore,90,1,1,60136000.0,668177.0,Condo,11.330969033938361,7.765782914190028,9.806100574273414,9.325136095487803,0.036810326408445775,0.028179075228371736,Q4,2024
Tampines / Bedok,Singapore,55,1,1,45659000.0,830165.0,Landed,15.950337384013213,8.738694167532552,9.366426960072847,9.476615133914098,0.0315607492563582,0.02464888485193851,Q2,2023
Bukit Timah,Singapore,55,1,1,68969000.0,1253981.0,HDB,7.029558227450676,8.41594938859546,9.77784557103535,9.219158041145624,0.02561813476626571,0.021894716853398992,Q1,2024
Woodlands / Yishun,Singapore,75,1,2,44866000.0,598212.0,Landed,23.710826974365723,8.264132972078423,9.445309105189091,9.852412094266148,0.035644836209446536,0.034971157964879346,Q3,2024
Novena / Toa Payoh,Singapore,90,1,1,115079000.0,1278652.0,Landed,19.846974317730226,7.29118235020022,9.760410384249504,9.756755913195912,0.031494562260862086,0.019114964226149084,Q3,2023
Woodlands / Yishun,Singapore,90,1,1,36152000.0,401694.0,HDB,19.946701113562405,7.618948938428428,9.878371915271622,9.943345511878306,0.023763124280208728,0.03906026180219818,Q2,2024
Orchard / Marina Bay,Singapore,55,1,1,115769000.0,2104893.0,Landed,19.55762262933517,7.620372503598926,9.804672891731768,9.424997070411365,0.031109114821519665,0.030329323010865016,Q2,2024
Novena / Toa Payoh,Singapore,38,1,2,35782000.0,941632.0,Condo,8.62559307987546,7.451248030499067,9.790251498627864,9.5204687971594,0.028217595894321976,0.02898271192058642,Q3,2024
Jurong West,Singapore,120,3,3,56468000.0,470569.0,HDB,22.586485015102326,8.189201310082776,9.183284783138078,9.827097789713287,0.022745778530708124,0.04814580247064302,Q1,2024
Bukit Timah,Singapore,75,2,1,128102000.0,1708027.0,Landed,19.703633423032176,8.431359243352436,9.110564587477487,9.94368330567219,0.038048629364543875,0.0493459764409823,Q4,2023
Orchard / Marina Bay,Singapore,38,2,1,68471000.0,1801872.0,Landed,1.5633722841355437,7.186550939304287,9.324338538932412,9.90740812591884,0.04542208730340391,0.019078580332687875,Q2,2023
Woodlands / Yishun,Singapore,120,3,4,62776000.0,523132.0,Condo,9.776637634678561,7.096053998486121,9.743045861238945,9.064134486965038,0.040325107766660866,0.03287060428318179,Q2,2023
Tampines / Bedok,Singapore,120,2,1,85832000.0,715264.0,Condo,1.9500850435959647,7.072235282708975,9.266330147384355,9.134938885290243,0.031556457142696046,0.049921119016870304,Q4,2023
Jurong West,Singapore,55,2,1,39537000.0,718856.0,Landed,20.508012796545927,8.451479274393797,9.818639203206809,9.72038668137072,0.023161375044732795,0.02230312399424366,Q4,2024
Orchard / Marina Bay,Singapore,75,3,2,149538000.0,1993838.0,Landed,20.281042812971073,8.425293253223291,9.797695956339096,9.93942755068871,0.04156513428117466,0.03172268489348934,Q1,2023
Woodlands / Yishun,Singapore,75,2,2,40522000.0,540293.0,Landed,19.198409001567555,8.138783706370933,9.710411205823894,9.699335662486819,0.030625096431693852,0.032260343553484956,Q4,2024
Bukit Timah,Singapore,65,1,2,82585000.0,1270545.0,Condo,9.274016705240424,8.289526008789183,9.17018459522804,9.99359727489286,0.04013309439895993,0.027965235252896167,Q4,2023
Bukit Timah,Singapore,38,1,1,44645000.0,1174873.0,HDB,6.138856424685427,8.18101150482913,9.116080103319163,9.691458463430468,0.016275005957410844,0.010711152132031878,Q1,2023
Novena / Toa Payoh,Singapore,90,3,4,117069000.0,1300763.0,Landed,9.501325415363437,8.319488443285413,9.663597564498648,9.7018950999547,0.04130278778259035,0.04075307536541457,Q1,2023
Woodlands / Yishun,Singapore,55,2,3,20485000.0,372458.0,HDB,12.521531328170322,8.45861803308023,9.674103257519684,9.653938407223158,0.022370932707131565,0.04390339124227938,Q2,2024
Woodlands / Yishun,Singapore,75,1,2,30618000.0,408241.0,HDB,2.402998641761269,7.2384647432484615,9.818556239735807,9.573254305148645,0.032035581419128295,0.01679026111620071,Q1,2023
Bukit Timah,Singapore,45,2,3,78986000.0,1755247.0,Landed,1.1078375520589265,7.1081006403222755,9.014604716184783,9.213589511491671,0.04724005401952519,0.029648202476415184,Q3,2024
Jurong West,Singapore,65,1,2,28479000.0,438137.0,HDB,19.34221707406791,8.210184679300154,9.578036638307431,9.549325205012158,0.030957138095894732,0.021328152645802574,Q4,2024
Bukit Timah,Singapore,45,2,1,70128000.0,1558404.0,Landed,12.984466394961874,7.551170448500573,9.847560667464057,9.6072456731274,0.010216160696810986,0.02865079321186588,Q3,2024
Tampines / Bedok,Singapore,38,2,2,23135000.0,608803.0,HDB,21.501490592938765,8.503722675895748,9.44776893628773,9.343964995195146,0.04553678010971313,0.022828037352846917,Q2,2023
Bukit Timah,Singapore,75,2,1,84717000.0,1129559.0,HDB,8.378962159964253,8.725172537392972,9.1759844834232,9.107488835160552,0.01910882497169494,0.029942277599109904,Q4,2024
Orchard / Marina Bay,Singapore,120,2,1,251339000.0,2094493.0,Landed,16.895361468150593,8.284685258924888,9.027451548312353,9.451466841757355,0.045478205833361054,0.0190632900830211,Q4,2024
Jurong West,Singapore,45,1,2,33205000.0,737892.0,Landed,7.307928281833257,7.069497408488808,9.942633845340193,9.433759742679458,0.0233884002112264,0.013170436465009039,Q1,2024
Bukit Timah,Singapore,140,5,6,157278000.0,1123417.0,HDB,13.394807792765928,7.348981105228405,9.06436141689709,9.542068361620737,0.04152431910488098,0.0310810840498294,Q2,2024
Novena / Toa Payoh,Singapore,90,3,3,114848000.0,1276084.0,Landed,12.641420790185311,8.007955961491477,9.455815301885693,9.835573258957748,0.03778287865646627,0.03307492461610478,Q1,2024
Novena / Toa Payoh,Singapore,75,3,2,69857000.0,931426.0,Condo,15.181720202853263,8.743321371900707,9.090539042080922,9.329760197833401,0.013957329342224219,0.03145441441432422,Q2,2023
Orchard / Marina Bay,Singapore,75,1,2,99770000.0,1330269.0,HDB,19.33234158096057,7.61086562445499,9.066085354030777,9.006676028101975,0.019029675249801065,0.016711775012818585,Q2,2024
Tampines / Bedok,Singapore,90,1,1,87151000.0,968349.0,Landed,13.787112718371347,8.427032251949603,9.895840001326249,9.329444613910262,0.0309268919112958,0.013169531463163846,Q2,2023
Woodlands / Yishun,Singapore,55,1,2,24742000.0,449859.0,Condo,2.759478508523351,8.149672469005406,9.057341252343038,9.705575495574779,0.04020031620078315,0.029448824815920198,Q3,2023
Bukit Timah,Singapore,45,1,2,52275000.0,1161661.0,HDB,12.449975259740278,7.992558726006465,9.786751418186938,9.656951723977958,0.029315287840381066,0.031386074525648004,Q1,2023
Novena / Toa Payoh,Singapore,105,3,3,100551000.0,957628.0,Condo,12.934120292398143,8.39180600640674,9.611227293115308,9.626736905578733,0.0462814619498456,0.034842833484020196,Q1,2023
Orchard / Marina Bay,Singapore,55,2,2,113844000.0,2069899.0,Landed,15.029548716212677,7.052401182766557,9.37335584029369,9.20581652216856,0.03728840051603415,0.03580418718164296,Q4,2023
Jurong West,Singapore,90,2,2,62261000.0,691784.0,Landed,16.365549898671212,8.481274742800093,9.494008040789064,9.138529074969128,0.018636280252264364,0.031510586152808606,Q1,2024
Orchard / Marina Bay,Singapore,55,1,1,78510000.0,1427462.0,HDB,6.926080796157493,7.680450494667386,9.789506358128243,9.745423840823337,0.04451501154218287,0.04810778541909779,Q1,2024
Orchard / Marina Bay,Singapore,38,1,2,53829000.0,1416561.0,HDB,15.583466757756394,8.935619613188708,9.36358882983094,9.98857474011526,0.026445184845463918,0.03587727507731482,Q4,2023
Jurong West,Singapore,140,3,4,100173000.0,715524.0,Landed,18.84567439347044,7.341324981985772,9.97764986600029,9.207585753073054,0.032393727856106745,0.04995609695453894,Q1,2024
Jurong West,Singapore,65,1,2,40429000.0,621978.0,Landed,5.5251386703299055,7.913958555866881,9.489462591607666,9.758614438733751,0.04584814339688052,0.039811382980447924,Q2,2024
Tampines / Bedok,Singapore,105,4,5,70222000.0,668778.0,Condo,22.157648770349642,7.977866615841739,9.235586960714317,9.595002822334287,0.03294340135053321,0.013604451139173065,Q4,2024
Orchard / Marina Bay,Singapore,105,4,5,173798000.0,1655216.0,Condo,7.309425167951951,7.565434232515452,9.86994573893039,9.300012758525881,0.014910233363172435,0.04098790170364881,Q1,2024
Novena / Toa Payoh,Singapore,120,3,4,148294000.0,1235782.0,Landed,21.848322424722788,7.897007542184266,9.577458450366503,9.521745919038208,0.03175599077220105,0.03178677772675784,Q4,2023
Jurong West,Singapore,55,1,2,35873000.0,652244.0,Landed,23.98219827810922,8.067957563041116,9.377594329327405,9.948613330336176,0.03682853457133169,0.013316567890921008,Q2,2024
Tampines / Bedok,Singapore,75,3,3,45063000.0,600841.0,HDB,13.5934477730248,7.006750142595917,9.940213836415294,9.714178661911285,0.024996633415191698,0.011051041762591415,Q1,2024
Orchard / Marina Bay,Singapore,65,1,2,127611000.0,1963252.0,Landed,22.358825003598497,7.085525127810468,9.083881872562948,9.585617651912006,0.04287248883369668,0.04965304160487769,Q1,2024
Tampines / Bedok,Singapore,140,5,5,88708000.0,633631.0,HDB,13.896733497038012,7.220777025173531,9.899009431896255,9.593838379689041,0.011942534073936858,0.014572408054182317,Q3,2024
Tampines / Bedok,Singapore,45,1,1,31589000.0,701973.0,Condo,20.761763706805,7.840344071833078,9.568285701970872,9.096475663660904,0.046429183865276905,0.04282141971035137,Q2,2024
Orchard / Marina Bay,Singapore,55,2,2,91119000.0,1656710.0,Condo,11.813247697928151,7.160454125670845,9.773599099564859,9.21537822251679,0.04900453306491484,0.03559058072169153,Q2,2023
Jurong West,Singapore,45,1,1,22271000.0,494911.0,Condo,6.744429496415847,7.897658416821654,9.817207771810391,9.27086563314424,0.010344725463723519,0.01173988019405324,Q2,2024
Jurong West,Singapore,90,1,1,43910000.0,487885.0,Condo,17.415746349452927,7.759218419790567,9.963878607986162,9.435914374429231,0.03947054572294924,0.019140619106995105,Q1,2023
Novena / Toa Payoh,Singapore,38,1,2,51820000.0,1363688.0,Landed,17.03842561657025,8.066061365803916,9.468817829463237,9.784218475813425,0.02037590003294213,0.03143768025077575,Q3,2023
Bukit Timah,Singapore,140,5,6,184215000.0,1315822.0,Condo,1.091042497218794,7.525072136156013,9.90238245676087,9.756941523574149,0.03791985270734849,0.03818842513957673,Q3,2024
Bukit Timah,Singapore,90,2,1,107026000.0,1189178.0,HDB,3.031035997722327,8.206968864840183,9.133735750272852,9.364073290681084,0.04014734398652827,0.034366471339973885,Q3,2023
Orchard / Marina Bay,Singapore,65,2,1,122069000.0,1877985.0,Landed,22.638486803332817,7.852049773977643,9.297585735487415,9.447042528078992,0.0391941847504394,0.014650870507678033,Q3,2024
Woodlands / Yishun,Singapore,120,4,3,70158000.0,584651.0,Landed,15.549291516697116,7.355259100833954,9.112811084555137,9.348284133898964,0.04065171489909268,0.04144253376231144,Q1,2023
Jurong West,Singapore,38,1,1,27619000.0,726803.0,Landed,18.814810498229235,8.31051889449925,9.295052758575988,9.17129344398897,0.038178387427359815,0.04257739320792191,Q1,2024
Woodlands / Yishun,Singapore,140,5,4,72054000.0,514669.0,Condo,24.04334036141645,8.286475202840618,9.619024889513739,9.282897762731794,0.048469039060527006,0.035637899436058065,Q1,2023
Bukit Timah,Singapore,105,4,4,126541000.0,1205156.0,HDB,16.022515207060984,8.900566810520845,9.715668439685562,9.43780278668012,0.013103504714741244,0.021639770450256907,Q4,2023
Orchard / Marina Bay,Singapore,120,2,3,216348000.0,1802897.0,Landed,13.538367078682363,8.243021166877359,9.277883348477332,9.656610793535474,0.030147702395784556,0.02191858167637819,Q4,2024
Bukit Timah,Singapore,55,1,1,63149000.0,1148170.0,HDB,19.638446424411203,7.699743184526423,9.010658186940274,9.553216438555635,0.017401684230500786,0.021858978949606138,Q1,2024
Tampines / Bedok,Singapore,75,2,1,41334000.0,551122.0,HDB,15.2285408692326,7.2978386220059885,9.150426198094156,9.400602772930863,0.02248874338564837,0.030072273567412253,Q1,2023
Jurong West,Singapore,120,4,5,53073000.0,442277.0,HDB,15.091195391871864,7.4184832696335254,9.75112474443502,9.50412421219173,0.013976332454758534,0.04624888819411653,Q3,2024
Tampines / Bedok,Singapore,55,2,3,47586000.0,865208.0,Landed,21.88833418985623,7.4776691861770175,9.354539464808912,9.37402800366433,0.037197103807025414,0.045210665131408874,Q4,2024
Woodlands / Yishun,Singapore,38,1,2,15673000.0,412439.0,HDB,14.310721206548425,7.597993455761456,9.84617419134306,9.377343494672283,0.03697021167398445,0.027708379102048854,Q1,2024
Woodlands / Yishun,Singapore,65,1,2,33507000.0,515489.0,Condo,11.494290218211656,8.548130589425087,9.56922528888648,9.226167716937574,0.013867569764447283,0.025738817726312174,Q4,2024
Tampines / Bedok,Singapore,105,4,3,96757000.0,921498.0,Landed,15.198922918827488,8.17271072131232,9.112616702887522,9.915913238408447,0.032482455257210975,0.03400452596650257,Q4,2023
Jurong West,Singapore,140,3,4,71046000.0,507471.0,Condo,7.572674382354193,8.729117699506766,9.336051274743165,9.523951705680986,0.024006084530074308,0.02441579528416738,Q4,2023
Bukit Timah,Singapore,55,2,3,97057000.0,1764671.0,Landed,16.467654092635343,7.039328009249086,9.11627945214094,9.761049300730473,0.04813330788533712,0.04571561149055463,Q1,2023
Woodlands / Yishun,Singapore,90,1,1,46948000.0,521639.0,Condo,13.380387277307573,7.770323428513514,9.192197162319525,9.858516109161451,0.02482320567939656,0.030156927780295946,Q4,2023
Novena / Toa Payoh,Singapore,55,2,2,65263000.0,1186607.0,Landed,15.821177888243461,7.095244106398738,9.334536288107435,9.586664119314806,0.017860869291155594,0.012844006345017088,Q4,2023
Orchard / Marina Bay,Singapore,45,1,1,61975000.0,1377233.0,HDB,1.9875317106334522,7.94494325097177,9.880381321193205,9.41103754137307,0.03400653917164559,0.04821634791721893,Q3,2024
Tampines / Bedok,Singapore,38,1,1,24112000.0,634528.0,HDB,17.132098068993383,8.190528698911539,9.614739961320112,9.407249206190036,0.02177431118817688,0.03568026380046986,Q3,2023
Bukit Timah,Singapore,38,1,1,40656000.0,1069883.0,HDB,17.135342736681537,7.573411302611512,9.073546328419695,9.624800119386723,0.02894703709988787,0.017917303886082366,Q3,2024
Tampines / Bedok,Singapore,65,1,1,59561000.0,916326.0,Landed,6.44167806671315,7.421798950154786,9.330598802668657,9.27649366690672,0.02767585242255194,0.048125352226559844,Q3,2023
Novena / Toa Payoh,Singapore,45,1,1,46341000.0,1029809.0,Condo,5.107054563276547,8.66588900745411,9.466293320765052,9.573384101506226,0.020924425750610445,0.01305717062096786,Q3,2023
Woodlands / Yishun,Singapore,90,2,3,41155000.0,457276.0,Condo,6.496774055433323,7.396347163825035,9.326566330771351,9.079839652909692,0.03445966351877631,0.02391235713374004,Q2,2024
Novena / Toa Payoh,Singapore,65,1,1,51473000.0,791898.0,HDB,9.90362830119158,8.413026268353416,9.794999002965666,9.95043191388749,0.03040504138072448,0.017312588040584033,Q2,2024
Orchard / Marina Bay,Singapore,140,4,5,175143000.0,1251021.0,HDB,10.855977640899244,7.378736872403889,9.492870298098573,9.283827395739323,0.04641843845697559,0.02129354690631642,Q4,2024
Orchard / Marina Bay,Singapore,120,3,2,158609000.0,1321740.0,HDB,13.89029974110365,8.02932907933054,9.65994800416048,9.09485204938199,0.026242548415819154,0.04139674146914257,Q1,2024
Tampines / Bedok,Singapore,140,5,4,91875000.0,656248.0,HDB,15.086056460669607,8.28021473786024,9.90610331704395,9.073611258245277,0.01582916921830513,0.04337559146513309,Q1,2024
Novena / Toa Payoh,Singapore,105,2,3,112200000.0,1068573.0,Condo,15.547397699180857,8.439477363455211,9.031908009485402,9.101820064080956,0.03707595039175476,0.02934362343924278,Q3,2023
Tampines / Bedok,Singapore,120,3,3,86077000.0,717305.0,Condo,5.4658536293430915,7.504027996191921,9.148867565727352,9.860755478991887,0.027304494910200407,0.017637771727568086,Q3,2024
Woodlands / Yishun,Singapore,55,1,1,23821000.0,433110.0,HDB,12.533600126807304,7.762722759548863,9.60311584963469,9.100509073953232,0.04761915982310524,0.01940678247988304,Q3,2023
Jurong West,Singapore,90,1,1,38818000.0,431308.0,HDB,14.060905222779482,8.07797115931463,9.902587714966183,9.54788730439274,0.04896931920378856,0.025684798268958697,Q1,2023
Orchard / Marina Bay,Singapore,120,4,5,226257000.0,1885471.0,Landed,4.45827387283285,8.589481105103555,9.188906099823617,9.619605585148786,0.028196103759671298,0.04980119555492144,Q3,2024
Novena / Toa Payoh,Singapore,38,1,1,41716000.0,1097778.0,Condo,22.700405499973147,8.753193387639291,9.734007317925002,9.797727062131283,0.02556304304376867,0.037271606315902255,Q1,2024
Novena / Toa Payoh,Singapore,90,1,1,79244000.0,880492.0,HDB,21.14145913897089,7.174461305407546,9.936655246855866,9.483972796250946,0.016272687402386913,0.01679223036219775,Q4,2023
Tampines / Bedok,Singapore,140,3,4,104392000.0,745659.0,Condo,24.281101857312407,8.431593050908853,9.549337834469506,9.228042180733276,0.039781512400299826,0.02296399387955087,Q3,2024
Woodlands / Yishun,Singapore,105,4,4,39544000.0,376608.0,HDB,11.617189434714895,8.289207273658441,9.110961092038252,9.460398580501426,0.038742260748209134,0.03998952674617628,Q2,2024
Orchard / Marina Bay,Singapore,90,1,1,189335000.0,2103723.0,Landed,18.023787188650765,8.601234283960697,9.300370900132414,9.936749066024591,0.02093384698403169,0.03154893953275937,Q2,2023
Orchard / Marina Bay,Singapore,38,1,2,49887000.0,1312829.0,HDB,17.01836367773767,7.835209249743408,9.429259318151622,9.983761075238238,0.02080926473613738,0.031387345933386074,Q3,2023
Woodlands / Yishun,Singapore,140,3,2,60960000.0,435428.0,Condo,13.82827085752017,7.015755885827039,9.903956055277142,9.956674772204822,0.02943139847115509,0.03494747450051568,Q2,2023
Woodlands / Yishun,Singapore,65,1,1,38450000.0,591534.0,Landed,12.96658418227371,8.212358694852666,9.486148392057103,9.286604429453629,0.04483371179326099,0.032574347507983284,Q3,2023
Bukit Timah,Singapore,45,2,3,85374000.0,1897193.0,Landed,23.56546025362404,7.791160002961427,9.28951449617968,9.869373755461464,0.012207263944984352,0.030318534007916342,Q1,2023
Bukit Timah,Singapore,90,1,1,95522000.0,1061359.0,HDB,13.35970527381416,7.1795074974930575,9.42802465340295,9.898865379367674,0.049703260118136236,0.023580348641961898,Q4,2023
Orchard / Marina Bay,Singapore,90,3,3,143442000.0,1593795.0,Condo,20.40119034639485,8.020173360153954,9.761717498415516,9.656932974612205,0.04964632209452351,0.04684766843248088,Q3,2023
Tampines / Bedok,Singapore,105,2,2,90250000.0,859527.0,Landed,19.420830475838862,7.767157165749088,9.634707362632946,9.28359616798638,0.013143282304497066,0.04833308565863687,Q3,2024
Woodlands / Yishun,Singapore,55,2,1,30957000.0,562862.0,Landed,10.76099210597804,7.61136945821708,9.257349308156329,9.594892624845986,0.0464630716028292,0.013766273082830174,Q3,2023
Bukit Timah,Singapore,140,5,6,246149000.0,1758207.0,Landed,17.264633406871628,7.3976863825532675,9.651641694963851,9.231416667597353,0.027045493824471627,0.014668884117514717,Q1,2024
Tampines / Bedok,Singapore,105,4,5,72052000.0,686211.0,Condo,17.27750335850919,7.121932816179005,9.7960453314437,9.095062767723169,0.029455896002741823,0.040561759032731126,Q1,2024
Jurong West,Singapore,140,4,4,99296000.0,709260.0,Landed,24.257443235389076,7.270030107888025,9.097600996222514,9.44201287468626,0.026715213272432835,0.028086415055165223,Q3,2024
Tampines / Bedok,Singapore,55,2,1,40358000.0,733774.0,Condo,8.536097691415524,7.319506374747113,9.33144929842297,9.588935426874015,0.024114645713690784,0.03703142267363948,Q1,2024
Tampines / Bedok,Singapore,120,2,1,67591000.0,563258.0,HDB,11.372170271047665,8.868344410234807,9.106842027981545,9.72782216152357,0.02926771533111932,0.041931532561745845,Q3,2024
Jurong West,Singapore,55,1,2,31894000.0,579887.0,Condo,13.368832078519416,7.055696714309327,9.447527204675724,9.48522390116296,0.03599450822877613,0.016873153166270242,Q2,2024
Orchard / Marina Bay,Singapore,90,1,1,148037000.0,1644853.0,Condo,21.275254690163905,7.757385119115947,9.85027263322623,9.709575362620086,0.043034115639886295,0.03744549083833583,Q4,2023
Jurong West,Singapore,105,3,4,65622000.0,624972.0,Landed,9.075518933219168,8.513375847276762,9.238594885635331,9.93338968538855,0.02673472943512705,0.011198809912185208,Q1,2024
Jurong West,Singapore,140,5,6,102444000.0,731743.0,Landed,13.631797272274369,7.852204230935027,9.133119613055973,9.011979966510399,0.02870476468883488,0.017573193384835043,Q1,2023
Novena / Toa Payoh,Singapore,90,3,3,113445000.0,1260502.0,Landed,20.607615260207947,7.18406184116656,9.830750753702311,9.56753199708944,0.01238285839114794,0.03563297767961689,Q2,2024
Orchard / Marina Bay,Singapore,75,3,4,157115000.0,2094873.0,Landed,8.84146783071824,7.7502077036376225,9.569147497305195,9.102788752056204,0.011205648357426554,0.02263302722384558,Q4,2024
Bukit Timah,Singapore,90,1,2,145119000.0,1612434.0,Landed,20.28709897388668,7.809172121008498,9.583155146690016,9.712265123794992,0.03200862498885195,0.017166896568947175,Q4,2023
Orchard / Marina Bay,Singapore,38,1,1,72996000.0,1920953.0,Landed,11.932152803321365,7.059483763972027,9.00300339127823,9.407162864495243,0.019911451124191022,0.01223147480895979,Q2,2024
Orchard / Marina Bay,Singapore,140,4,5,221417000.0,1581549.0,Condo,23.66215988633747,8.505262549327279,9.668028706676028,9.972457126801896,0.04430788047661003,0.018321502294102114,Q4,2024
Novena / Toa Payoh,Singapore,140,4,5,156868000.0,1120482.0,Condo,16.77123440058051,7.9207864507970305,9.461115788363564,9.707791333262204,0.010346229249876783,0.044697718931276685,Q2,2023
Tampines / Bedok,Singapore,55,1,2,38288000.0,696148.0,Condo,24.91149851836071,8.659262195441196,9.99785005945443,9.314454429266934,0.04878516333425775,0.025172140544196666,Q3,2023
Jurong West,Singapore,140,4,3,74375000.0,531247.0,Condo,1.5991990669482075,8.847494672052802,9.36273544859539,9.178458493054078,0.045528469045020885,0.046243869506080365,Q3,2024
Tampines / Bedok,Singapore,105,4,4,76783000.0,731268.0,Condo,1.3666621106944579,7.825582552591573,9.579946072106939,9.904834472380205,0.017118198567677555,0.015869671684756375,Q4,2024
Jurong West,Singapore,105,3,2,65260000.0,621528.0,Landed,22.834039511926832,7.0111239283395985,9.903307172852703,9.168980799036543,0.012697189870316183,0.03947563094236037,Q1,2023
Orchard / Marina Bay,Singapore,75,3,4,108792000.0,1450561.0,Condo,24.576701418227227,7.501133775692616,9.36342346454165,9.617265502321409,0.014837948185093874,0.033008972033432615,Q3,2023
Novena / Toa Payoh,Singapore,45,1,2,42586000.0,946351.0,Condo,21.198650720117712,7.171792951018408,9.14193983814236,9.745794941776616,0.014204060810770885,0.04441114678901958,Q4,2023
Orchard / Marina Bay,Singapore,65,1,1,92412000.0,1421725.0,Condo,4.376779982676594,8.777573142863483,9.039879699279924,9.710918200104,0.021422528931378252,0.03239030424912863,Q3,2023
Bukit Timah,Singapore,90,1,1,117988000.0,1310977.0,Condo,19.163833206457003,7.323709959147077,9.927408714925637,9.035525519724342,0.026927451452801662,0.031245325660951936,Q2,2024
Novena / Toa Payoh,Singapore,105,2,2,112383000.0,1070319.0,Condo,18.30745236391634,8.341884049917107,9.691909297108435,9.952590881248263,0.047301942118093354,0.04399690527905156,Q2,2024
Tampines / Bedok,Singapore,55,2,3,48396000.0,879925.0,Landed,9.952930836884825,7.601158134227861,9.528584572931617,9.61255350107004,0.025030770588825635,0.03179879253718775,Q2,2023
Orchard / Marina Bay,Singapore,75,3,2,150899000.0,2011983.0,Landed,13.386073877524709,8.75794955581707,9.99320547193435,9.40696791958396,0.04626395280725418,0.04678054881164734,Q1,2024
Woodlands / Yishun,Singapore,75,2,2,39508000.0,526778.0,Condo,22.23016870733401,8.38426255960061,9.873656868401492,9.596696533298116,0.044950710190194726,0.01250709928077134,Q1,2023
Orchard / Marina Bay,Singapore,65,2,1,101815000.0,1566380.0,Condo,14.273179863272496,8.884716521355204,9.063784439024344,9.964201184865844,0.0403089727945722,0.015550339534904048,Q3,2023
Bukit Timah,Singapore,55,1,1,93730000.0,1704186.0,Landed,21.257540309904755,8.714046955195595,9.597482246351355,9.152571202116116,0.027697360161808154,0.01900757295393594,Q4,2023
Woodlands / Yishun,Singapore,75,3,3,38516000.0,513553.0,Condo,2.92194874614356,7.985693174680323,9.247700744080324,9.415745336916055,0.04251474582020425,0.03422959041753832,Q1,2024
Tampines / Bedok,Singapore,120,2,3,78372000.0,653097.0,HDB,9.260808468569794,7.0342455999152715,9.782419980103125,9.272964253977822,0.039698337015978157,0.03892484906822659,Q3,2024
Bukit Timah,Singapore,120,4,3,157834000.0,1315287.0,Condo,17.115505576591392,8.972439001811562,9.422188353938438,9.088721471464208,0.0235256397809891,0.03230742816988695,Q1,2023
Woodlands / Yishun,Singapore,120,3,2,65694000.0,547449.0,Landed,21.361207657718488,7.0478914891331605,9.858366972320518,9.381829044656246,0.04920267152695982,0.03670754344227351,Q2,2023
Novena / Toa Payoh,Singapore,38,1,1,29583000.0,778508.0,HDB,1.00019307745508,7.446210598262282,9.55827245022409,9.965132558735357,0.02453836046980538,0.0439438470072488,Q2,2024
Woodlands / Yishun,Singapore,65,2,1,41242000.0,634495.0,Landed,15.917679544994057,7.4342352757350545,9.650012688388705,9.406613499697848,0.024507565812867498,0.044095760113147336,Q3,2024
Tampines / Bedok,Singapore,45,2,2,39814000.0,884762.0,Landed,5.29339671008863,7.822609255104613,9.895785185020479,9.29723872590675,0.010579414876938684,0.027997086081137337,Q3,2023
Woodlands / Yishun,Singapore,38,2,2,21599000.0,568387.0,Landed,6.458908797117913,8.311898278929647,9.718364366509995,9.564743028095991,0.02560251888974481,0.049642304132639425,Q3,2023
Jurong West,Singapore,38,2,2,19679000.0,517875.0,Condo,22.53567557570709,7.619770048183184,9.042641235504846,9.077372403157918,0.012353080443475882,0.011118153853115938,Q2,2023
Tampines / Bedok,Singapore,45,1,1,32200000.0,715558.0,Condo,9.138990776279522,7.224335304156888,9.32611031210962,9.216093343637365,0.023543824241818334,0.01628028558167793,Q4,2023
Woodlands / Yishun,Singapore,105,2,1,42606000.0,405767.0,HDB,18.02861734218433,7.179087551384747,9.233069612778836,9.93672100296542,0.04777543956275394,0.03483485144918167,Q3,2023
Orchard / Marina Bay,Singapore,45,2,1,94665000.0,2103662.0,Landed,10.796089252457017,8.658428401494042,9.087999101126393,9.63951671115198,0.02444019725213015,0.012221800717242912,Q4,2024
Jurong West,Singapore,45,2,1,22299000.0,495522.0,Condo,7.222853163590748,7.372286416190563,9.097938020076997,9.714038318709468,0.025331327605977602,0.01701254464629331,Q1,2024
Orchard / Marina Bay,Singapore,120,3,2,159242000.0,1327017.0,HDB,2.9686711928175296,8.07293090072669,9.548734303264732,9.07367704920462,0.01899055369577853,0.012603170211048079,Q4,2023
Woodlands / Yishun,Singapore,120,4,4,50221000.0,418504.0,HDB,8.064662736280624,7.722711747535569,9.884780773167686,9.170071944067871,0.012664975866237419,0.04879352574879333,Q3,2024
Tampines / Bedok,Singapore,45,1,2,37186000.0,826347.0,Landed,7.619566110435915,7.389809410433142,9.412148651979539,9.069279397711279,0.01712212409489859,0.039151615386784626,Q4,2024
Woodlands / Yishun,Singapore,105,3,4,40650000.0,387139.0,HDB,15.182213203844027,7.791134569292151,9.008284771446553,9.437128607219643,0.015289132204667991,0.04031072134443116,Q3,2024
Bukit Timah,Singapore,140,3,3,151972000.0,1085514.0,HDB,18.32013742604289,7.683611834023574,9.626772237926687,9.208270332573406,0.011934447400144559,0.030366075038664023,Q2,2024
Tampines / Bedok,Singapore,75,3,2,49237000.0,656497.0,Condo,12.823594577810553,7.6567200889013565,9.811600612806654,9.801545841288887,0.02393070040517569,0.04028975235773809,Q2,2024
Jurong West,Singapore,140,3,3,67406000.0,481474.0,HDB,22.243064249784364,8.694606256464525,9.580551063897438,9.514972861514108,0.02616372156638163,0.016264083199587654,Q2,2023
Bukit Timah,Singapore,65,1,1,78671000.0,1210330.0,HDB,21.94503221873609,7.387277998986997,9.663020623470201,9.767681638124259,0.033841256036017835,0.026378203520561125,Q3,2024
Woodlands / Yishun,Singapore,55,2,3,26632000.0,484225.0,Condo,20.08738298093583,8.770218767349588,9.37758584156063,9.339463558243459,0.026325562438818666,0.038414317805383784,Q3,2024
Woodlands / Yishun,Singapore,38,2,2,18794000.0,494583.0,Condo,20.497766637543233,8.863240545771236,9.918315806892556,9.381565702342828,0.014397617382184903,0.031214964641846116,Q3,2023
Orchard / Marina Bay,Singapore,38,1,1,69655000.0,1833030.0,Landed,21.63541389479541,7.121319285010915,9.138098913769843,9.426989378933513,0.03880075657633565,0.017131337227903342,Q4,2023
Orchard / Marina Bay,Singapore,120,3,4,232804000.0,1940037.0,Landed,14.1883867470319,8.397305322554777,9.79784676105256,9.56411381377654,0.030217333599198176,0.015393574207162596,Q1,2023
Tampines / Bedok,Singapore,45,1,1,35574000.0,790531.0,Condo,6.380120016635074,7.330196065598651,9.752646473280565,9.099494694001411,0.03156175350643654,0.02045088119782419,Q1,2024
Jurong West,Singapore,105,2,3,45568000.0,433983.0,HDB,21.799656274362206,8.63997490020929,9.6355171179653,9.848052836682553,0.04660636631924617,0.011189808891695937,Q1,2023
Orchard / Marina Bay,Singapore,140,3,3,278617000.0,1990121.0,Landed,8.971785215599192,7.475453068674631,9.154454318420411,9.885848178835342,0.04327838353522782,0.0198519006420143,Q2,2023
Woodlands / Yishun,Singapore,105,2,3,45696000.0,435197.0,HDB,4.81779443404284,8.42811776505391,9.197441310184374,9.697407370899338,0.04406497500751209,0.049004682414342,Q3,2024
Novena / Toa Payoh,Singapore,120,2,3,112220000.0,935163.0,Condo,2.1650049408077985,7.938303810740241,9.77429846796719,9.670879447993247,0.02162411848726517,0.010075530452954737,Q3,2023
Novena / Toa Payoh,Singapore,120,3,2,158727000.0,1322724.0,Landed,20.824895819057577,7.098699725184237,9.588111311590625,9.158467412350337,0.03715284395758615,0.02160810981060963,Q4,2023
Woodlands / Yishun,Singapore,38,1,2,14223000.0,374294.0,HDB,2.407733785865993,7.6577547015091945,9.059748672780934,9.179258509063557,0.01702700523589746,0.048655186137712476,Q4,2024
Woodlands / Yishun,Singapore,38,2,3,14878000.0,391535.0,HDB,12.107041555507868,7.626938092427556,9.637292356628185,9.347379534964004,0.042233922173575134,0.03773678236328598,Q3,2023
Bukit Timah,Singapore,105,3,3,134849000.0,1284278.0,Condo,12.46528386344989,7.098483554760613,9.558660516735149,9.477148871433482,0.023805759996804975,0.013370674574052877,Q3,2024
Orchard / Marina Bay,Singapore,75,3,3,116903000.0,1558707.0,Condo,14.273059852105927,7.486160019205937,9.208682844727878,9.52507533878068,0.03764910278339986,0.030889882411958662,Q1,2023
Woodlands / Yishun,Singapore,65,2,1,34271000.0,527246.0,Condo,24.24638641641072,7.56612076929286,9.781078818279425,9.591889598962446,0.04598322375587405,0.026893382355165835,Q2,2023
Woodlands / Yishun,Singapore,140,5,4,64035000.0,457396.0,Condo,8.415882511590645,7.260149042351548,9.332311558388808,9.883264834996258,0.011979787238425663,0.012583951961417044,Q2,2024
Jurong West,Singapore,75,2,3,36834000.0,491124.0,HDB,13.345771206513582,8.845421536084762,9.076375696951525,9.84662656229511,0.04717295738323893,0.03604181116800959,Q1,2023
Tampines / Bedok,Singapore,120,2,3,71497000.0,595812.0,HDB,7.041820138704858,7.570012097106049,9.562846516181777,9.95234208082007,0.014977220677937036,0.024561793166903968,Q3,2023
Novena / Toa Payoh,Singapore,140,3,3,163519000.0,1167993.0,Landed,3.6216537815668604,7.548492697322624,9.486390758109017,9.153308393306801,0.017701229445128752,0.012665894302383029,Q4,2024
Orchard / Marina Bay,Singapore,55,2,3,64562000.0,1173857.0,HDB,13.789507342556323,8.16038440910689,9.514137077228614,9.045500240919516,0.01253990733835315,0.010402111490971104,Q3,2024
Jurong West,Singapore,55,1,2,30835000.0,560636.0,Condo,21.676137611197525,8.639736858358592,9.36547482260254,9.33470644973075,0.04341842362169844,0.030220025607465402,Q3,2024
Orchard / Marina Bay,Singapore,140,4,5,179538000.0,1282414.0,HDB,6.186041826556127,8.643166084357627,9.699706449027726,9.671559030617816,0.03839703267275091,0.029425511571779077,Q3,2023
Tampines / Bedok,Singapore,55,2,3,41363000.0,752051.0,Condo,9.177626671775482,7.43775728303462,9.192931544899544,9.223199705956246,0.011748880037989538,0.018589297714617353,Q4,2023
Orchard / Marina Bay,Singapore,55,1,2,70838000.0,1287970.0,HDB,3.893730723736666,7.346843102701171,9.678837674322708,9.001397925533432,0.0233549828404805,0.04524551815247315,Q3,2023
Orchard / Marina Bay,Singapore,65,2,1,110294000.0,1696836.0,Condo,15.224725294627723,8.041544618211546,9.989315798136138,9.164828480696947,0.02269330316329639,0.033623218751138696,Q1,2023
Orchard / Marina Bay,Singapore,75,3,3,145117000.0,1934896.0,Landed,4.980272514589656,7.6053506026364674,9.11270256688531,9.361634676003256,0.0173653682704483,0.019340473968790482,Q4,2024
Jurong West,Singapore,90,1,1,63531000.0,705901.0,Landed,10.499310550302702,8.853265823595766,9.698564842176726,9.521489672309164,0.0226404604882557,0.03768730283541384,Q4,2024
Woodlands / Yishun,Singapore,55,2,1,35580000.0,646907.0,Landed,23.989344791850556,8.72666383236603,9.708039092346258,9.39344711547536,0.016865407509389932,0.03800297453286447,Q3,2024
Orchard / Marina Bay,Singapore,90,2,2,110880000.0,1232002.0,HDB,13.93668046254708,7.396948576549123,9.783272862146317,9.917316761492303,0.016597479199205893,0.01573133958643757,Q2,2023
Woodlands / Yishun,Singapore,45,2,3,22304000.0,495653.0,Condo,12.538599458505221,8.630385841896107,9.852290873300454,9.073735746349003,0.037501182980317654,0.04715635456846179,Q1,2023
Jurong West,Singapore,105,4,3,76296000.0,726625.0,Landed,4.268143271560882,8.911691506874998,9.020483307478573,9.67834751151867,0.039597289354542646,0.030676992351578322,Q2,2023
Tampines / Bedok,Singapore,65,2,3,54656000.0,840865.0,Landed,4.04059920837841,7.753764451093225,9.105164182820994,9.098460735491475,0.04954189418031832,0.014896238705230297,Q1,2023
Tampines / Bedok,Singapore,105,3,4,77774000.0,740708.0,Condo,18.46440810847168,7.485526312098635,9.345681868360995,9.667775295775899,0.02822744552450704,0.03857139813994595,Q4,2024
Jurong West,Singapore,140,3,4,59589000.0,425633.0,HDB,13.947908081309578,7.688640445273794,9.153286547272163,9.220694688852493,0.035382473963911004,0.019944072897697486,Q4,2024
Orchard / Marina Bay,Singapore,38,1,1,71811000.0,1889761.0,Landed,11.874056893829856,8.061700560293755,9.10044725307998,9.847609197822385,0.03438558403675073,0.011317741635291263,Q2,2024
Bukit Timah,Singapore,38,1,1,53339000.0,1403657.0,Condo,15.445758593048286,8.46771569587064,9.956577189910858,9.617986992474222,0.04046500471280117,0.015867017237823668,Q4,2023
Woodlands / Yishun,Singapore,120,2,2,46536000.0,387797.0,HDB,11.948417703270072,8.536112758625077,9.686022765878183,9.356786066596408,0.022517294830988986,0.016831648685716905,Q1,2024
Bukit Timah,Singapore,65,1,1,67722000.0,1041875.0,HDB,5.019113412083653,8.614055668497413,9.611840057776986,9.792252303867906,0.04934644007860779,0.02599937932718626,Q2,2024
Woodlands / Yishun,Singapore,45,1,1,26828000.0,596181.0,Landed,19.66752087110975,8.359469106182045,9.495656180465952,9.14069164386975,0.045007784111358605,0.03226407604838422,Q3,2024
Bukit Timah,Singapore,120,3,2,176616000.0,1471798.0,Condo,9.975954407149175,7.027047290809261,9.299090450440177,9.517377007199215,0.021879117892273987,0.024329273521669772,Q4,2024
Bukit Timah,Singapore,140,4,4,156462000.0,1117584.0,HDB,14.511721986860715,7.849241639810725,9.728190577511343,9.817556142271918,0.0222127902190303,0.03833051208482509,Q2,2024
Bukit Timah,Singapore,105,4,5,129039000.0,1228946.0,HDB,9.744330101095015,7.96524603955452,9.317185018498284,9.452349062524528,0.013098125382512241,0.010468160608567634,Q4,2024
Tampines / Bedok,Singapore,105,2,1,69759000.0,664367.0,Condo,15.035496096617894,8.60969336443809,9.532695267746899,9.059540097712926,0.043078462823171605,0.02762851233094117,Q2,2024
Woodlands / Yishun,Singapore,55,1,1,22261000.0,404737.0,HDB,5.031168776174612,8.535550149194616,9.800632812225134,9.513030138808203,0.04004526313848388,0.02311245909023117,Q1,2023
Orchard / Marina Bay,Singapore,45,1,1,55099000.0,1224423.0,HDB,23.378621358187615,7.576115505318269,9.352270593184835,9.017708190968166,0.03465454785340707,0.03207228594720372,Q2,2024
Woodlands / Yishun,Singapore,55,1,1,22579000.0,410535.0,HDB,5.878866093979211,7.385635163169478,9.810633986216486,9.819297912768286,0.02026820260230826,0.043956088983338956,Q4,2024
Novena / Toa Payoh,Singapore,120,2,1,138542000.0,1154518.0,Landed,11.801380629082537,8.769103983467401,9.162669121275153,9.11676279009976,0.03649175139986627,0.03751821545552959,Q2,2023
Orchard / Marina Bay,Singapore,65,1,2,137212000.0,2110960.0,Landed,23.82176590192585,7.6648481144656335,9.517948758357086,9.743418949844834,0.01325021953850804,0.03226226332276824,Q2,2023
Jurong West,Singapore,55,1,1,40347000.0,733585.0,Landed,17.932983410716275,7.35656180039167,9.709074405818033,9.714640180150631,0.011971082132281938,0.018468629349491558,Q1,2024
Tampines / Bedok,Singapore,75,1,2,62237000.0,829826.0,Landed,9.8841078083376,7.810375240515316,9.971448675871327,9.922921792383043,0.022085507299244703,0.04975546849380762,Q1,2023
Orchard / Marina Bay,Singapore,140,4,5,210598000.0,1504275.0,Condo,6.2901996745959865,7.765116290487958,9.47593180847446,9.633571323692058,0.038196461472578845,0.03491634809237045,Q1,2023
Bukit Timah,Singapore,120,3,4,162140000.0,1351169.0,Condo,3.209881209826589,7.724426729597168,9.861692465903147,9.691820948061347,0.03853148616267707,0.030775525289479265,Q2,2023
Orchard / Marina Bay,Singapore,75,2,3,88145000.0,1175272.0,HDB,10.337200474251059,7.034475861959448,9.244863438353399,9.470612021222585,0.03474961520947118,0.025669836909559318,Q4,2024
Tampines / Bedok,Singapore,65,1,1,55305000.0,850853.0,Landed,11.86975590022211,7.969656378403338,9.87598046344619,9.229326466582096,0.043061246308091494,0.015286623758567429,Q1,2023
Jurong West,Singapore,75,3,4,47869000.0,638258.0,Landed,24.20455285520211,8.450533379378237,9.95336857238422,9.356805034349145,0.03549665793256472,0.0294555739799936,Q3,2024
Jurong West,Singapore,75,1,2,39190000.0,522540.0,Condo,13.694928858577981,8.073209946570444,9.468903810380473,9.293094855662371,0.0411959671051767,0.014949736198299198,Q3,2023
Orchard / Marina Bay,Singapore,45,1,2,52995000.0,1177660.0,HDB,1.8156168597614064,7.515546364019907,9.831919492655395,9.215795519688896,0.02034703201423595,0.04236980729534551,Q4,2023
Jurong West,Singapore,38,2,1,19367000.0,509662.0,Condo,16.298950695600684,8.760404292993417,9.5339817700786,9.424541791339921,0.02574027573993544,0.0334491176821519,Q2,2024
Jurong West,Singapore,38,1,1,20581000.0,541606.0,Condo,17.693172482087068,7.588087680972199,9.791029015422033,9.55959617744377,0.048137375040168746,0.030138295464278368,Q1,2024
Novena / Toa Payoh,Singapore,140,4,4,179309000.0,1280779.0,Landed,3.2609260704191456,8.707395748849182,9.614631021447842,9.191483950584708,0.013841591886684452,0.046161083483901716,Q3,2024
Bukit Timah,Singapore,45,1,2,74812000.0,1662478.0,Landed,1.3230887171477752,8.08242640831673,9.237721048458893,9.205067161882342,0.04532132942223487,0.048672655548095564,Q2,2023
Jurong West,Singapore,90,2,2,41596000.0,462179.0,HDB,18.179269949438233,7.0817705953289,9.17863870563032,9.535943136460226,0.01143792098158599,0.0196472697168156,Q1,2024
Novena / Toa Payoh,Singapore,120,2,3,129408000.0,1078402.0,Condo,18.0499031918775,7.274918734105899,9.442344349422386,9.17335895919309,0.011764193847946941,0.042868722347969075,Q2,2024
Tampines / Bedok,Singapore,45,2,1,32832000.0,729601.0,Condo,21.393831143529066,7.142642937793424,9.804625411548269,9.741208298669303,0.022215633958837154,0.0381905727217351,Q4,2023
Bukit Timah,Singapore,75,1,1,105225000.0,1403006.0,Condo,18.56983505944763,8.57766879803957,9.652253708561316,9.959766293625533,0.03856059895111085,0.04658736156592335,Q3,2024
Woodlands / Yishun,Singapore,38,2,3,22395000.0,589340.0,Landed,19.259077099154894,8.317143940953535,9.027786091134004,9.715975669531957,0.0477563967667028,0.0266540408136524,Q1,2024
Novena / Toa Payoh,Singapore,120,4,4,147773000.0,1231443.0,Landed,3.0001601238103826,7.958412036672983,9.845395761821141,9.018111510683646,0.01640247599442672,0.0374151023985354,Q4,2024
Bukit Timah,Singapore,120,2,3,170671000.0,1422261.0,Condo,7.783489526144309,8.97856375672621,9.78067246475482,9.065819839473226,0.02111060824649734,0.017637558932955155,Q1,2023
Woodlands / Yishun,Singapore,38,2,2,16489000.0,433930.0,HDB,12.586452553520036,7.460491200893969,9.108093619298707,9.360960631582286,0.027335388694552216,0.030397392883663,Q2,2023
Bukit Timah,Singapore,65,2,3,114229000.0,1757374.0,Landed,14.720630414149653,7.495802284117538,9.240031905875593,9.040014881124964,0.04364900813227762,0.03767841909746593,Q4,2024
Jurong West,Singapore,140,3,3,100861000.0,720437.0,Landed,16.78957969165597,7.247746817432066,9.21277508991619,9.640719434708279,0.048194528974689226,0.029052236124117295,Q3,2023
Woodlands / Yishun,Singapore,55,2,2,23034000.0,418792.0,HDB,1.8169781930662685,8.598391111924913,9.759366204099292,9.270370766064897,0.022299345696948955,0.04122075373603483,Q3,2023
Novena / Toa Payoh,Singapore,105,3,3,128655000.0,1225285.0,Landed,19.519095144276356,8.07522692254459,9.677274878654773,9.207427461386832,0.027539655479209432,0.014423109890673738,Q1,2024
Novena / Toa Payoh,Singapore,75,2,3,67034000.0,893791.0,HDB,5.351589747799712,8.121737684013214,9.687554876797826,9.83544359035997,0.020488043919027886,0.03448587045504546,Q1,2023
Tampines / Bedok,Singapore,120,3,4,92350000.0,769580.0,Condo,10.97959410778337,8.098282607435785,9.336857522745133,9.177926360308003,0.015866766400172226,0.04241580331720846,Q1,2023
Novena / Toa Payoh,Singapore,105,3,2,107347000.0,1022354.0,Condo,11.869757204243733,7.089971345156065,9.94096731770025,9.003647067809684,0.04141710237213512,0.013235381887285187,Q1,2024
Bukit Timah,Singapore,38,1,1,47243000.0,1243247.0,Condo,3.6297946674870936,8.300713520865788,9.53827112222826,9.737787295208046,0.044212635110856685,0.040478103914657976,Q2,2023
Novena / Toa Payoh,Singapore,120,2,2,146417000.0,1220144.0,Landed,1.9712867449416986,7.952319207699433,9.01893512003328,9.194652237342158,0.017164041762469787,0.026863875096008086,Q1,2024
Novena / Toa Payoh,Singapore,75,3,2,66318000.0,884242.0,HDB,8.599578083600422,8.47252266358133,9.592818819267928,9.99231780504249,0.01562821951855372,0.01458120770024551,Q2,2023
Tampines / Bedok,Singapore,120,4,3,67131000.0,559427.0,HDB,16.54104113728236,7.514467518683889,9.04917729480191,9.072628399354617,0.016517121928887876,0.04527492780161317,Q3,2023
Tampines / Bedok,Singapore,120,4,3,66535000.0,554458.0,HDB,6.76243740058959,7.311764695500621,9.342907578217027,9.78759982280861,0.010436966263879728,0.023709596244932372,Q3,2024
Tampines / Bedok,Singapore,45,1,2,44503000.0,988963.0,Landed,1.5598003482683271,7.698337928455026,9.356182593706976,9.123436702495585,0.03352768656411147,0.04230860847186563,Q1,2023
Tampines / Bedok,Singapore,75,3,2,47098000.0,627977.0,HDB,4.100630905305564,7.427117841489773,9.657104396449231,9.762790945815444,0.03394454430645562,0.01186550373616194,Q1,2024
Tampines / Bedok,Singapore,55,1,1,37367000.0,679397.0,Condo,6.376395141602278,8.434620948344872,9.549979057936676,9.745746128620684,0.031095427445762026,0.026273138121306147,Q3,2024
Bukit Timah,Singapore,45,1,2,52887000.0,1175262.0,HDB,20.839532730130294,8.102549241040705,9.705449088300037,9.932100065494964,0.04976404989222647,0.040372373614523255,Q1,2024
Novena / Toa Payoh,Singapore,55,1,1,51358000.0,933777.0,Condo,18.56535465414205,7.119965886779065,9.602712794994408,9.63649852707989,0.031233128121279784,0.04015687814409002,Q4,2023
Novena / Toa Payoh,Singapore,140,3,3,129889000.0,927775.0,HDB,10.285846475489073,7.7773145382067135,9.078277608832556,9.0169063562538,0.0427517795528772,0.03392022347902237,Q1,2023
Tampines / Bedok,Singapore,45,1,2,27796000.0,617693.0,HDB,4.405629611690218,7.08128590218488,9.647660047103253,9.435577920346383,0.03846825969486637,0.030355882728140826,Q1,2024
Jurong West,Singapore,90,3,4,44542000.0,494909.0,HDB,24.282713306134553,7.009159812479756,9.82630824770506,9.482349376700864,0.040305261771334096,0.013521353964388525,Q2,2024
Bukit Timah,Singapore,140,5,4,176055000.0,1257539.0,HDB,22.98415987950809,7.351695381669805,9.332843348299455,9.538073601814004,0.0489694086485255,0.025663411202939065,Q4,2024
Novena / Toa Payoh,Singapore,55,1,1,63780000.0,1159639.0,Landed,4.1232901608635295,7.2448063465604,9.77020829618036,9.892636312590833,0.01765958411931373,0.011350605491158069,Q3,2024
Jurong West,Singapore,65,1,1,31741000.0,488320.0,Condo,24.6619309904812,8.523121408040284,9.863680697568583,9.257424062600442,0.04832354056686553,0.03371476637750769,Q1,2024
Jurong West,Singapore,120,3,3,87491000.0,729092.0,Landed,14.834042933175517,8.50900165955603,9.56016885100168,9.100363316527085,0.01608736192985094,0.04076034604791725,Q1,2023
Novena / Toa Payoh,Singapore,55,1,2,51004000.0,927348.0,HDB,8.982843897580677,7.543724205680368,9.261133956760368,9.58646041879888,0.01579754502332356,0.01129971073217146,Q3,2023
Tampines / Bedok,Singapore,55,1,2,33243000.0,604425.0,HDB,19.52179991427457,7.860496566344986,9.505114280375127,9.008689764798309,0.02176670001844143,0.04825580297476586,Q3,2023
Jurong West,Singapore,75,1,1,38370000.0,511599.0,Condo,11.29338707934886,7.642331079483809,9.400530820688568,9.421324053380582,0.010713652518714532,0.02392677283282798,Q2,2023
Novena / Toa Payoh,Singapore,75,2,2,79867000.0,1064896.0,Condo,6.611043378168152,7.6143682423159476,9.606093103028792,9.97130065056592,0.032984097454071035,0.04050560107203145,Q2,2023
Orchard / Marina Bay,Singapore,75,2,1,125528000.0,1673700.0,Condo,10.440322134306983,8.314358125589669,9.780616299133722,9.764989958586423,0.028252901300696083,0.024222926102468574,Q4,2023
Orchard / Marina Bay,Singapore,75,3,4,93014000.0,1240193.0,HDB,7.709064378242585,8.010169894982816,9.03802357579993,9.842858671923615,0.031108717573010286,0.032796582032465146,Q4,2023
Woodlands / Yishun,Singapore,105,2,1,49429000.0,470754.0,Condo,1.812738278194817,7.392854504588112,9.459271202955195,9.86326687738406,0.04191147968295841,0.028009913017307528,Q4,2023
Bukit Timah,Singapore,38,1,1,70049000.0,1843395.0,Landed,13.842302589288465,8.411170858410888,9.380365003803814,9.172648347330949,0.035332176741875644,0.013332179775007443,Q4,2023
Jurong West,Singapore,105,4,5,76558000.0,729126.0,Landed,9.407157276700106,8.506184821890333,9.98000111708786,9.919237468398338,0.04377245873438995,0.03178926468246329,Q4,2024
Tampines / Bedok,Singapore,38,2,2,30923000.0,813776.0,Landed,20.437562638139536,8.88104636400518,9.163585931020286,9.752954873052817,0.04536008535711719,0.01930676163170876,Q3,2024
Bukit Timah,Singapore,65,1,1,88328000.0,1358899.0,Condo,11.294898046154437,7.4286828473242235,9.696003419460304,9.681127584061477,0.04680326304524318,0.016987268991980387,Q2,2023
Orchard / Marina Bay,Singapore,105,3,2,223596000.0,2129485.0,Landed,11.785823744128294,8.385212968526973,9.581862826381709,9.095168853550765,0.028345659151995738,0.011849729145302619,Q2,2023
Bukit Timah,Singapore,65,1,1,68831000.0,1058934.0,HDB,15.501996798143665,8.614956421812828,9.036443365750948,9.314320042963885,0.013944909729380627,0.02937693866313619,Q2,2024
Woodlands / Yishun,Singapore,38,2,2,18374000.0,483525.0,Condo,14.64356390818373,7.771461595980359,9.745803685656032,9.75382507947457,0.033018403104047245,0.040549223918993474,Q1,2023
Jurong West,Singapore,90,1,1,45201000.0,502233.0,Condo,20.6843944549664,8.967000237524283,9.178622948773626,9.22440908340673,0.03439449888821249,0.026039610741344588,Q2,2023
Tampines / Bedok,Singapore,65,1,2,35793000.0,550654.0,HDB,19.30232513258842,8.06255146059893,9.005648504653648,9.444036967228074,0.035310971563816455,0.014773811887830104,Q3,2023
Novena / Toa Payoh,Singapore,140,4,5,155321000.0,1109439.0,Condo,12.6687029601243,8.094351527215455,9.807027647940988,9.45216487168419,0.025780855994935556,0.023889148019022324,Q4,2023
Bukit Timah,Singapore,65,1,2,87739000.0,1349835.0,Condo,14.21401691491027,7.264851655514485,9.814589312077205,9.893915988024869,0.024113087797177163,0.039475143630152025,Q3,2023
Woodlands / Yishun,Singapore,45,2,1,17615000.0,391438.0,HDB,19.528838599576577,7.3853769266006,9.02771069494719,9.377767734586884,0.04508363216538988,0.03578851964498396,Q1,2024
Orchard / Marina Bay,Singapore,38,1,2,75794000.0,1994569.0,Landed,4.2963218361012325,8.744493080940186,9.383146969466608,9.807478941079149,0.011726621157687687,0.0395244962734642,Q3,2023
Jurong West,Singapore,120,4,3,88065000.0,733877.0,Landed,12.33081922555733,8.036114257713123,9.42885071344946,9.147195989914193,0.041729531808903375,0.02781265582131951,Q1,2024
Bukit Timah,Singapore,140,4,3,158982000.0,1135586.0,HDB,16.751072254180876,7.995684523752182,9.76565443411491,9.60918587477373,0.036287153215412864,0.032569375533496134,Q3,2023
Tampines / Bedok,Singapore,55,1,1,33382000.0,606950.0,HDB,2.0758983905656816,8.212203685381226,9.474372691335429,9.498763448304564,0.036968197172729506,0.04235240482269203,Q3,2024
Bukit Timah,Singapore,140,4,3,193225000.0,1380176.0,Condo,7.432590366958874,7.061771409419311,9.866078897376703,9.828467924935174,0.038258782850974116,0.011716162185029605,Q2,2023
Bukit Timah,Singapore,120,3,3,186890000.0,1557419.0,Landed,4.412135104475346,7.069381279120454,9.653348910294673,9.633564211165668,0.025378062822148766,0.04325897611799563,Q1,2024
Woodlands / Yishun,Singapore,55,2,3,34853000.0,633694.0,Landed,7.186559234708923,8.740462030876046,9.323002730873151,9.882372549475448,0.04031032270559527,0.021956576965198447,Q4,2024
Tampines / Bedok,Singapore,45,2,3,32620000.0,724888.0,Condo,16.333874163746085,8.318906040934884,9.100980049041128,9.068549663843402,0.026609788136544375,0.021472475319099307,Q3,2024
Tampines / Bedok,Singapore,90,2,2,50552000.0,561689.0,HDB,2.3169783454807957,8.140643084790032,9.910224847293895,9.449010045095095,0.015522383583905373,0.034360392942288515,Q2,2023
Jurong West,Singapore,90,3,4,40457000.0,449520.0,HDB,11.179316208815482,7.968863974117237,9.092514906733008,9.399208822993504,0.03690364064862371,0.04082877210586875,Q1,2024
Tampines / Bedok,Singapore,45,1,1,26639000.0,591968.0,HDB,14.320816877590039,8.828603074378261,9.226828748248964,9.530004440761076,0.03807115696437039,0.03411720752638948,Q4,2024
Tampines / Bedok,Singapore,45,1,2,41290000.0,917554.0,Landed,13.08099316496199,8.444946137807989,9.997134819635143,9.242916810148403,0.02702308389644817,0.012857096857119865,Q2,2023
Tampines / Bedok,Singapore,65,2,1,59562000.0,916343.0,Landed,11.816483059539298,8.75095494526826,9.054720076443393,9.21088361981634,0.021421262539455324,0.022900784620988195,Q3,2024
Jurong West,Singapore,90,2,3,49084000.0,545375.0,Condo,2.4019760482218073,7.664134792305816,9.48509918812822,9.152067433874969,0.010652366210780945,0.04093345601157982,Q4,2023
Tampines / Bedok,Singapore,45,1,2,29175000.0,648342.0,Condo,1.5694411303788307,7.531058165745799,9.169001027961968,9.501087846743003,0.0486197499120551,0.021610298483765715,Q1,2023
Bukit Timah,Singapore,140,4,3,146566000.0,1046897.0,HDB,17.057359002971587,8.274478462162417,9.711755965258794,9.829523844201333,0.0234654141611158,0.03992240056531119,Q1,2024
Orchard / Marina Bay,Singapore,105,4,4,169244000.0,1611852.0,Condo,12.850685770198602,8.131475974393007,9.945891024978652,9.689486534538998,0.0165445598607339,0.042850931713489,Q4,2024
Tampines / Bedok,Singapore,75,3,3,41386000.0,551814.0,HDB,4.078234633989538,7.285886277168878,9.618535086559994,9.480691363168308,0.02746602351646106,0.01044637137440711,Q3,2023
Orchard / Marina Bay,Singapore,38,1,2,64089000.0,1686562.0,Condo,21.29216211400794,7.333558267659209,9.948412975923082,9.808658763745735,0.026553560946052157,0.023473590783259543,Q1,2024
Novena / Toa Payoh,Singapore,105,3,2,112399000.0,1070469.0,Condo,19.987074954550625,7.352943616678555,9.168635120715338,9.64195644268466,0.04434438160172442,0.0295851906697083,Q2,2024
Orchard / Marina Bay,Singapore,65,1,1,83078000.0,1278122.0,HDB,22.825037913897667,7.943301529073999,9.039591524658679,9.366197377720566,0.03292884702294434,0.016116572421849718,Q3,2023
Tampines / Bedok,Singapore,65,2,3,62488000.0,961349.0,Landed,10.939018738430583,7.153253457705134,9.345134630398293,9.594348555764528,0.010280738133111438,0.01324445812454422,Q1,2024
Novena / Toa Payoh,Singapore,55,1,1,49419000.0,898525.0,HDB,5.252566149570985,8.45526683162394,9.459734648599564,9.353830420690503,0.029120074383735657,0.011139803431865403,Q3,2023
Jurong West,Singapore,55,1,2,27506000.0,500110.0,Condo,9.856245585246988,7.1744171480400745,9.788923471202928,9.547642373995961,0.043783459431157544,0.012805838227337416,Q3,2023
Woodlands / Yishun,Singapore,105,3,2,45538000.0,433699.0,Condo,10.256304073465447,7.926268970188332,9.68148990550851,9.576869767747121,0.01637965521796672,0.038538810195278994,Q4,2023
Woodlands / Yishun,Singapore,140,4,4,52692000.0,376374.0,HDB,5.635475795971259,7.678441124469318,9.89088060616054,9.589421411364533,0.025493049128141577,0.038671788807363654,Q2,2023
Bukit Timah,Singapore,105,3,3,170729000.0,1625987.0,Landed,16.33497454228857,8.434849421648785,9.191817999632605,9.814800849199834,0.011713037161041733,0.018245744691560366,Q1,2023
Bukit Timah,Singapore,65,1,2,77466000.0,1191791.0,HDB,7.668742773321517,7.432824222600967,9.18301690862034,9.92249474913446,0.018477057586810966,0.0232867487468428,Q4,2023
Tampines / Bedok,Singapore,140,4,3,95781000.0,684149.0,Condo,16.084345244624686,8.635006268853022,9.656372944396733,9.734063666438175,0.013381244507931994,0.027522271750762863,Q4,2024
Woodlands / Yishun,Singapore,65,2,1,24961000.0,384009.0,HDB,6.630609280359054,7.7582327806881635,9.689856044707705,9.383630580928358,0.041443024522822856,0.03257119429170762,Q2,2024
Woodlands / Yishun,Singapore,140,3,4,73394000.0,524242.0,Condo,14.661330798886897,7.9837936103279645,9.853162027946157,9.791144583846902,0.04571227980400028,0.03952738428755986,Q3,2024
Orchard / Marina Bay,Singapore,75,3,4,115424000.0,1538983.0,Condo,15.328526342883606,8.542661528395676,9.584403704118902,9.02441578646799,0.03250000506306192,0.038255489737360385,Q3,2023
Novena / Toa Payoh,Singapore,120,2,3,94872000.0,790600.0,HDB,11.297173501722707,8.885792782415747,9.277211872787646,9.126637083848662,0.03311990061052517,0.01987201092202035,Q1,2023
Tampines / Bedok,Singapore,140,5,6,105988000.0,757059.0,Condo,16.827801387518342,7.415724340714181,9.114088454529574,9.007777463717467,0.04758356264076732,0.043447388943901225,Q3,2023
Bukit Timah,Singapore,38,2,3,47151000.0,1240816.0,HDB,15.041833492487125,7.205517012864542,9.228579316938813,9.746499987354941,0.03625113486881921,0.020289242286272487,Q2,2024
Woodlands / Yishun,Singapore,75,3,3,38759000.0,516781.0,Condo,3.6969352120620336,7.3261525411635455,9.808953103245807,9.931338466917468,0.0481670813362269,0.045496634795836974,Q4,2024
Tampines / Bedok,Singapore,75,3,3,45204000.0,602723.0,HDB,3.625484906167113,8.118614216943946,9.545013375005729,9.77677266692292,0.04015871396217322,0.026722264528899108,Q4,2024
Bukit Timah,Singapore,75,2,3,83433000.0,1112436.0,HDB,13.112269012741642,8.820523154785112,9.921058272146931,9.682004353624958,0.012132635864335191,0.01632882035339104,Q4,2024
Jurong West,Singapore,120,4,5,81443000.0,678695.0,Landed,17.181861818503258,8.309113198750945,9.060832304923506,9.892122955431212,0.030851141685564944,0.03203019889517888,Q2,2024
Woodlands / Yishun,Singapore,55,1,1,23810000.0,432910.0,HDB,2.0952497464123994,8.800568001712895,9.139559471832637,9.420893108960158,0.024592229336149102,0.02165795066492749,Q2,2023
Orchard / Marina Bay,Singapore,55,1,2,114498000.0,2081787.0,Landed,2.0401962971640595,8.020404649752926,9.03999259053478,9.92554133140888,0.012208281391268594,0.017854645342420983,Q1,2024
Orchard / Marina Bay,Singapore,120,3,2,216644000.0,1805371.0,Landed,15.483179285048152,7.961584943024411,9.93582011240266,9.53591831546682,0.04744734324768483,0.03434864854343131,Q4,2023
Jurong West,Singapore,65,1,1,32124000.0,494209.0,Condo,21.860428762247324,7.068065372450167,9.77239636728138,9.3465079055172,0.01729089319032735,0.04554196318591995,Q1,2023
Novena / Toa Payoh,Singapore,45,1,2,44531000.0,989575.0,Condo,1.5436052729485565,8.688341785542848,9.453736369523519,9.842359314996267,0.035979770398842974,0.01423210641571715,Q2,2023
Novena / Toa Payoh,Singapore,55,1,1,56030000.0,1018726.0,Condo,16.180134550357447,7.055657158027432,9.291316047071954,9.5400571628206,0.023003866196507593,0.03994461228474556,Q4,2023
Tampines / Bedok,Singapore,65,1,2,38772000.0,596486.0,HDB,20.652718434102894,7.516105775223676,9.877352589704074,9.992807826537566,0.014280125328817053,0.02162184968842517,Q4,2023
Tampines / Bedok,Singapore,38,2,1,25243000.0,664297.0,Condo,24.84101580919956,8.372307009920675,9.219655403168584,9.438458474884042,0.010930687473514365,0.028937059664915304,Q1,2023
Orchard / Marina Bay,Singapore,120,2,2,234114000.0,1950949.0,Landed,19.91523481491589,7.702903643390021,9.714431100166419,9.147753461434384,0.03894308721183839,0.023007303549868175,Q1,2024
Orchard / Marina Bay,Singapore,55,1,2,106445000.0,1935369.0,Landed,6.071443108596716,8.57499050011115,9.411581231629013,9.995761040038522,0.01612112264964398,0.03410246429586541,Q1,2023
Tampines / Bedok,Singapore,65,2,3,48229000.0,741981.0,Condo,15.606202924678378,8.537778111345839,9.026636997957404,9.467627241298826,0.047487019284081056,0.016907585140416403,Q3,2024
Bukit Timah,Singapore,55,1,2,90637000.0,1647949.0,Landed,3.2607930192842227,8.44727354831022,9.443146163952118,9.81508016480154,0.04832863721845102,0.018725820977711922,Q3,2024
Jurong West,Singapore,55,2,3,23832000.0,433306.0,HDB,9.62361878381345,8.001993999321314,9.593615105786611,9.821947867360457,0.024043231609251897,0.04037978488683444,Q3,2024
Tampines / Bedok,Singapore,105,2,2,79436000.0,756537.0,Condo,14.205681269312013,8.721863783311155,9.687851835497648,9.547066381384079,0.03860191565130105,0.020338884659754843,Q3,2024
Tampines / Bedok,Singapore,90,1,1,66195000.0,735496.0,Condo,22.350953724945526,7.67801327452125,9.333304869787694,9.362250436928472,0.014975758587954614,0.0364120735202477,Q1,2024
Novena / Toa Payoh,Singapore,38,2,1,30071000.0,791340.0,HDB,7.503621309075886,7.61748358697456,9.918551433034228,9.019707683417558,0.0397961534378644,0.045708471611666385,Q3,2024
Orchard / Marina Bay,Singapore,75,1,2,120254000.0,1603387.0,Condo,11.221025999646315,7.6299417022021965,9.296825810295893,9.776073468261808,0.04923674151266139,0.010575604883537903,Q3,2024
Bukit Timah,Singapore,90,3,4,134693000.0,1496587.0,Condo,6.884937511423312,8.441990545272224,9.531418739943591,9.721605774501004,0.0299588611180511,0.031126242887723442,Q2,2023
Woodlands / Yishun,Singapore,90,1,1,46680000.0,518666.0,Condo,11.803834153631104,8.464518948470419,9.267660496069155,9.484775746853295,0.0303598822823075,0.033029936018357436,Q1,2024
Bukit Timah,Singapore,120,2,2,206309000.0,1719241.0,Landed,6.900882870316215,7.799233939094348,9.578243544264058,9.606413398815949,0.027547559058591138,0.04535724361062484,Q1,2023
Woodlands / Yishun,Singapore,120,3,3,46473000.0,387273.0,HDB,4.012206406323941,8.46525707012176,9.315096978584497,9.422697642760921,0.04522499891259034,0.031562453643320276,Q2,2023
Jurong West,Singapore,90,3,2,54984000.0,610938.0,Landed,8.86717127940019,7.868778122058756,9.837445083933256,9.949533881230339,0.023557259101463578,0.02052691975109277,Q2,2023
Tampines / Bedok,Singapore,120,2,3,67636000.0,563637.0,HDB,18.072830780495227,8.964834628867226,9.040553787731039,9.933621254914648,0.028485248010345486,0.01362219113203246,Q2,2024
Orchard / Marina Bay,Singapore,38,1,2,57138000.0,1503638.0,Condo,1.511835180587708,8.046289115277396,9.539731342555903,9.919330305914892,0.04780013041922657,0.028200694224739073,Q3,2023
Tampines / Bedok,Singapore,90,1,1,58220000.0,646888.0,HDB,20.752521696839775,8.643706856196943,9.137917424081296,9.836628052518032,0.015866432213837184,0.04714379771019959,Q1,2024
Jurong West,Singapore,75,1,1,40265000.0,536870.0,Condo,6.7616294044908445,7.67045815541076,9.129621880810797,9.828842264000876,0.03869346246644903,0.04188850823027203,Q1,2024
Tampines / Bedok,Singapore,105,4,3,72476000.0,690252.0,Condo,18.200684928274026,8.982866708380545,9.990666810945614,9.21741240794259,0.028927629733318756,0.010055760707646423,Q1,2023
Bukit Timah,Singapore,55,1,1,81473000.0,1481330.0,Condo,10.014369416681149,8.188257983879376,9.915542075152993,9.042796435146725,0.04461150848416576,0.046201982103313576,Q4,2023
Jurong West,Singapore,65,2,2,42227000.0,649642.0,Landed,11.114785672615646,8.300113525367841,9.708022738608975,9.998388196838622,0.02500775589566797,0.04290066376787007,Q4,2024
Novena / Toa Payoh,Singapore,90,2,2,119268000.0,1325204.0,Landed,19.831261312930017,7.476193466697003,9.65584796240296,9.773108972253393,0.012404689223108596,0.02585605279073381,Q2,2023
Tampines / Bedok,Singapore,45,1,1,34975000.0,777212.0,Condo,11.255861599914677,8.801052186054937,9.934765366027808,9.716563744852666,0.018342287828394106,0.039895236605791334,Q2,2023
Tampines / Bedok,Singapore,38,1,1,35702000.0,939539.0,Landed,17.910449702093853,7.408393713850655,9.887048026911923,9.021135005823673,0.028330267968349962,0.04952842108318154,Q2,2023
Orchard / Marina Bay,Singapore,38,1,2,54039000.0,1422070.0,HDB,9.877924300232975,7.981345763569762,9.79911485201945,9.376558624777388,0.014781632966276898,0.012253268281528512,Q1,2024
Orchard / Marina Bay,Singapore,105,3,3,147621000.0,1405916.0,HDB,11.835627826196752,8.579282552936226,9.547903275318474,9.203369069640695,0.029787044598005727,0.03758307090499982,Q2,2023
Tampines / Bedok,Singapore,65,1,1,43736000.0,672865.0,Condo,20.630921116716088,8.772963218495551,9.629398033157607,9.378988391768289,0.01307192754079157,0.03666596970410595,Q4,2024
Woodlands / Yishun,Singapore,65,1,1,35545000.0,546849.0,Landed,18.666151635120315,7.257091589801597,9.779740936633823,9.324942234544054,0.011104139487277518,0.0402215512389611,Q2,2023
Bukit Timah,Singapore,38,2,3,71044000.0,1869580.0,Landed,13.60910203183105,8.488442140810738,9.074883050781285,9.11370420601685,0.011705545829863708,0.023047057978925055,Q4,2024
Bukit Timah,Singapore,45,1,2,72693000.0,1615398.0,Landed,1.4826630568154826,8.55885487903868,9.592555177491189,9.304675387863227,0.03227800500334707,0.028489990202206057,Q4,2024
Woodlands / Yishun,Singapore,105,2,1,66411000.0,632482.0,Landed,4.137758714719304,7.045294819753867,9.010436035792713,9.30279622837109,0.029815728234966178,0.048323052942369396,Q4,2023
Woodlands / Yishun,Singapore,38,2,3,19632000.0,516641.0,Condo,3.226350599946443,8.355465812092838,9.795656757994799,9.643883348477615,0.045098224588393514,0.016746694405314344,Q3,2024
Tampines / Bedok,Singapore,75,1,1,48236000.0,643152.0,HDB,11.242276012366286,7.8177749360836035,9.312165075138317,9.984352313225836,0.04167961268873318,0.018019262276404473,Q2,2023
Orchard / Marina Bay,Singapore,105,2,3,198280000.0,1888383.0,Landed,8.21389349992883,8.549081918953286,9.97389416137794,9.483995719404412,0.039329164364325826,0.038222730772452966,Q2,2023
Tampines / Bedok,Singapore,90,2,3,82493000.0,916584.0,Landed,24.440864751419497,7.582896387240508,9.749628700654583,9.115767633902426,0.015792478662620537,0.021361948496140305,Q3,2023
Orchard / Marina Bay,Singapore,38,1,1,81427000.0,2142820.0,Landed,5.495815500194093,7.149887397895349,9.079944388878983,9.147172176681241,0.04870382169072017,0.03425735562227872,Q4,2023
Jurong West,Singapore,120,4,3,64675000.0,538957.0,Condo,17.23099502427865,8.941978510130117,9.67327131560844,9.285957516476044,0.03954275903592726,0.039290815221837,Q2,2024
Woodlands / Yishun,Singapore,105,2,1,51391000.0,489437.0,Condo,12.0877399804114,8.512312646223425,9.129459674489091,9.485956106535877,0.0495396868618976,0.03774580873933116,Q4,2023
Tampines / Bedok,Singapore,55,2,1,30801000.0,560010.0,HDB,4.301679397986603,7.8350555230510555,9.553344867683379,9.237945522946085,0.0158310422285209,0.038798384792744764,Q4,2024
Tampines / Bedok,Singapore,65,2,2,46178000.0,710433.0,Condo,20.547974399162733,8.054335425215339,9.960887734725475,9.724537585976597,0.04382047841269436,0.04769040444976299,Q2,2024
Woodlands / Yishun,Singapore,105,2,2,42802000.0,407641.0,HDB,23.151290308195133,8.344978733396127,9.794722154665822,9.048464984085042,0.023513106992451842,0.03563754878987825,Q3,2024
Jurong West,Singapore,90,3,2,41089000.0,456540.0,HDB,18.116556715434882,8.018638823116422,9.672864337798691,9.604538979848268,0.043265485209213535,0.02854158603974727,Q2,2023
Tampines / Bedok,Singapore,105,3,2,82211000.0,782958.0,Condo,16.46590621353441,8.909606039898392,9.115052483731402,9.787758218355894,0.03750882566581578,0.0266904857959668,Q2,2024
Novena / Toa Payoh,Singapore,38,1,2,29554000.0,777731.0,HDB,1.7155407660549349,7.129122820090378,9.00339396103,9.870916484329863,0.03753160691731536,0.043583163604447264,Q2,2024
Novena / Toa Payoh,Singapore,105,2,3,112939000.0,1075608.0,Condo,17.62177887489399,8.19997084614182,9.143292766015701,9.649355475373781,0.014841918700191603,0.015829305462212364,Q4,2023
Novena / Toa Payoh,Singapore,90,2,2,78102000.0,867805.0,HDB,2.730815900591293,8.033334165962968,9.139091561558834,9.121911027749368,0.046423991062309704,0.042868605056241155,Q2,2024
Woodlands / Yishun,Singapore,120,4,4,66237000.0,551978.0,Landed,8.049526063637966,7.512664882591371,9.40102358522145,9.825322141911045,0.046391729622952495,0.03533979961668175,Q3,2024
Woodlands / Yishun,Singapore,38,1,2,23997000.0,631505.0,Landed,12.121198749159591,8.073571224903448,9.202924867755709,9.866990995135032,0.015293591141814802,0.031293521883498134,Q2,2023
Jurong West,Singapore,45,1,2,29236000.0,649698.0,Landed,7.3019407146895565,7.3206626306862725,9.522970754179626,9.722113368777928,0.031761053731287736,0.031205068362927774,Q2,2023
Orchard / Marina Bay,Singapore,105,4,5,213507000.0,2033396.0,Landed,23.028572064615155,7.006973725817891,9.12223975589526,9.368783976667466,0.03744542292050981,0.032750383255683344,Q2,2024
Bukit Timah,Singapore,55,1,2,65495000.0,1190814.0,HDB,18.485606849502233,7.677565312363353,9.780838839319717,9.620496213762149,0.028415599159090296,0.025499384681768995,Q3,2023
Orchard / Marina Bay,Singapore,90,1,1,108478000.0,1205314.0,HDB,13.778967510694912,8.422842880981849,9.0884875458121,9.671782598605848,0.034601740915731864,0.036944033301291264,Q2,2023
Orchard / Marina Bay,Singapore,120,3,3,169830000.0,1415251.0,Condo,12.15890141298198,8.655230701403871,9.845869476118638,9.95341053816284,0.049805066045967454,0.04138461792531405,Q3,2023
Jurong West,Singapore,105,3,4,51793000.0,493271.0,HDB,16.253253649947155,8.814957176306168,9.172709399752545,9.618700461081717,0.03589388198625847,0.03602490492717926,Q1,2024
Bukit Timah,Singapore,45,1,1,47966000.0,1065921.0,HDB,11.314824993305336,7.253599022665958,9.783363009612188,9.898045167268839,0.02792041349321782,0.029804430847614583,Q3,2023
Bukit Timah,Singapore,65,1,2,116744000.0,1796057.0,Landed,10.374625527147924,8.088384409605947,9.232365135067404,9.589000209750782,0.03824591205396393,0.012115771015935625,Q3,2023
Tampines / Bedok,Singapore,38,1,1,29089000.0,765494.0,Condo,20.485916119500178,8.112182547282499,9.958615462937956,9.642423790245312,0.026296205163930907,0.03445300340615909,Q4,2024
Tampines / Bedok,Singapore,65,2,3,36989000.0,569055.0,HDB,5.336213262629129,8.37313961476598,9.676645520286693,9.151267149585916,0.040301051623273805,0.012143890456115724,Q3,2023
Tampines / Bedok,Singapore,38,2,2,31358000.0,825202.0,Landed,17.561787154710686,7.619478907126565,9.558004175123846,9.338431777538771,0.0426151524735258,0.025301298233713455,Q3,2023
Jurong West,Singapore,55,1,2,38407000.0,698316.0,Landed,3.6607596834615856,8.661281983829285,9.485159698026632,9.516517898841244,0.031449961685180154,0.028110081588100348,Q1,2023
Bukit Timah,Singapore,90,1,1,117605000.0,1306722.0,Condo,3.2772139565826466,8.529519350469334,9.121143259120643,9.394724426557545,0.010235726652499727,0.02264715508520546,Q4,2023
Orchard / Marina Bay,Singapore,55,1,1,111459000.0,2026520.0,Landed,13.943583262225456,8.101738869226882,9.83186114571402,9.906677165410285,0.011750030103600415,0.026991996414920352,Q1,2024
Tampines / Bedok,Singapore,140,4,5,113686000.0,812041.0,Landed,7.466485586992628,7.353116680816772,9.045381129202694,9.477074155769206,0.03466139361440996,0.018369776993142968,Q1,2024
Jurong West,Singapore,75,2,3,41622000.0,554954.0,Condo,5.24626309858298,7.408761806184176,9.302041358914693,9.956555840957348,0.015173919630214427,0.040129422101527104,Q2,2023
Jurong West,Singapore,55,1,1,36406000.0,661929.0,Landed,13.832213566212445,8.505101891552432,9.543257418900536,9.118174300258817,0.03549609980025986,0.02163949573284242,Q2,2023
Orchard / Marina Bay,Singapore,65,2,2,102351000.0,1574632.0,Condo,6.752048357501321,8.735199895051224,9.213960894949851,9.934706063436535,0.04311719671027701,0.012309787923409629,Q4,2023
Novena / Toa Payoh,Singapore,38,2,1,39976000.0,1052005.0,Condo,12.978585756739488,8.843475167269577,9.260871995584319,9.759677876418724,0.04635566606236817,0.01110669627421669,Q4,2023
Tampines / Bedok,Singapore,38,1,2,20827000.0,548072.0,HDB,5.134490057772823,8.791412587503352,9.423668058012508,9.739401369386098,0.027821717823948877,0.013345900199551215,Q2,2024
Novena / Toa Payoh,Singapore,120,4,3,141172000.0,1176432.0,Landed,6.628670243429478,7.713504016971886,9.0110868213017,9.740600774725767,0.04720908646295441,0.0478095126197109,Q2,2024
Bukit Timah,Singapore,105,2,3,122435000.0,1166051.0,HDB,10.676639768519163,8.914324221266243,9.215843495174232,9.673234753333773,0.049174982898941684,0.03373246572009068,Q1,2023
Tampines / Bedok,Singapore,55,2,1,41194000.0,748973.0,Condo,19.975555030738516,7.469746037061766,9.997911890018644,9.813611715251518,0.020301073387522642,0.01053927302920287,Q1,2024
Novena / Toa Payoh,Singapore,140,5,4,192443000.0,1374590.0,Landed,18.524934920196507,8.92548239572001,9.170156873012099,9.027308902691665,0.02323306319199126,0.028704493980692483,Q4,2024
Novena / Toa Payoh,Singapore,120,3,3,132779000.0,1106489.0,Condo,14.0569155241637,7.906783673848944,9.300451410432114,9.494584564084631,0.04182972963594891,0.034701557549609935,Q4,2023
Orchard / Marina Bay,Singapore,65,2,1,120080000.0,1847383.0,Landed,23.036028606929982,8.452041012369468,9.552433375612672,9.380015477310197,0.030111640020314162,0.04724020931646166,Q3,2024
Tampines / Bedok,Singapore,75,1,2,40593000.0,541241.0,HDB,22.111909795047854,8.545922371758826,9.79349252749827,9.135468466792178,0.025872154774676137,0.04972632622975606,Q1,2023
Woodlands / Yishun,Singapore,55,1,2,20348000.0,369965.0,HDB,12.702454677792783,7.568059274831431,9.406819387511602,9.818716740261053,0.012853151363302092,0.02847637976401663,Q4,2023
Tampines / Bedok,Singapore,65,1,1,56121000.0,863403.0,Landed,18.452369027353313,8.672423275820343,9.280211869658054,9.257333182681647,0.012981722789320114,0.034891618270227964,Q4,2024
Orchard / Marina Bay,Singapore,65,1,1,105479000.0,1622757.0,Condo,11.992844400233222,8.76417413684819,9.020456614211943,9.715009508474935,0.03216273657095388,0.020517388504220697,Q3,2023
Jurong West,Singapore,55,1,1,29703000.0,540050.0,Condo,18.99322080293848,8.55352044545231,9.853288214753793,9.865643337176289,0.03828484259984262,0.014193739576260848,Q3,2023
Bukit Timah,Singapore,38,1,2,50594000.0,1331431.0,Condo,22.750111326486273,7.8621759811676295,9.628196823605471,9.31592027608104,0.04124031085425678,0.03480657582240133,Q1,2024
Woodlands / Yishun,Singapore,45,1,1,29484000.0,655201.0,Landed,24.767255924800427,8.692469577729032,9.36667858517111,9.855188344319593,0.022560367583015953,0.036002232455109306,Q4,2024
Tampines / Bedok,Singapore,105,2,3,69131000.0,658388.0,HDB,9.238013290717117,8.510879441306955,9.385146626765208,9.42458965721643,0.03930587263751466,0.021271949290827125,Q1,2024
Tampines / Bedok,Singapore,140,5,6,106529000.0,760918.0,Condo,14.6692731433455,7.909812510974593,9.647596877902652,9.22597717609671,0.031903731771407186,0.042611078023326164,Q2,2024
Tampines / Bedok,Singapore,90,2,3,62443000.0,693807.0,Condo,2.236976249907711,8.952782084330618,9.242671808524278,9.479654259603654,0.0375095798754299,0.04226506758668907,Q3,2023
Tampines / Bedok,Singapore,105,3,2,58754000.0,559565.0,HDB,9.095438096906257,7.349296646248485,9.469081437889038,9.80093250925243,0.025208516667345714,0.024819450797902175,Q3,2023
Novena / Toa Payoh,Singapore,140,4,3,190265000.0,1359034.0,Landed,24.557777188818772,8.204153631434805,9.751592038544436,9.896508150229094,0.025777257636724518,0.015522027079766496,Q2,2023
Tampines / Bedok,Singapore,90,1,2,55788000.0,619864.0,HDB,23.907741905279828,8.508477903543852,9.017752337948915,9.377178249975648,0.04783949974908686,0.016358555732174897,Q2,2024
Novena / Toa Payoh,Singapore,65,2,1,85091000.0,1309089.0,Landed,2.263741743643811,8.641926104092093,9.514001908140315,9.990409085961423,0.03974063129348766,0.038989930632125816,Q2,2024
Tampines / Bedok,Singapore,105,4,4,68831000.0,655530.0,Condo,23.480812121514127,7.129146238839262,9.001350684444377,9.350946590670015,0.03950187182040355,0.028895935205061264,Q2,2024
Orchard / Marina Bay,Singapore,140,3,2,234351000.0,1673935.0,Condo,9.339747304529382,7.171777995025519,9.126640613020149,9.973857278236485,0.029059167203596692,0.0114634724507669,Q3,2024
Orchard / Marina Bay,Singapore,120,4,4,141321000.0,1177677.0,HDB,20.492358963695857,7.252724265715747,9.726798224795582,9.321223014206995,0.049214561690781485,0.030896591298751996,Q4,2023
Jurong West,Singapore,65,1,1,41141000.0,632937.0,Landed,9.630591487726953,7.0545761830113864,9.438558143480247,9.904973070621745,0.04310546987180248,0.035166946833230586,Q1,2024
Woodlands / Yishun,Singapore,38,2,3,14650000.0,385525.0,HDB,2.1686217944365307,8.441543568353454,9.11419249985907,9.565787331984227,0.01917091747511867,0.01113957603279896,Q4,2024
Bukit Timah,Singapore,90,3,2,131300000.0,1458893.0,Condo,21.0364054053012,8.594354646972965,9.62939089895144,9.056310117441432,0.02485129668596048,0.020995858821135794,Q3,2023
Tampines / Bedok,Singapore,38,1,1,24661000.0,648983.0,Condo,21.808789183055815,8.076661333126832,9.007988565372546,9.279297382627107,0.04275536114398859,0.04842852144024399,Q3,2024
Novena / Toa Payoh,Singapore,140,3,3,170781000.0,1219864.0,Landed,17.919581022801847,8.67663478304281,9.019413954526978,9.321790805762435,0.03185933355746273,0.024384195210650335,Q2,2023
Orchard / Marina Bay,Singapore,75,2,1,146210000.0,1949460.0,Landed,12.915367387331951,8.048728174998699,9.40120483011944,9.817228022519412,0.04695508258613384,0.04144423847454835,Q3,2023
Jurong West,Singapore,140,5,6,75602000.0,540015.0,Condo,7.079367649158014,7.524190193627746,9.389425994706222,9.649278086868208,0.022184558646902938,0.012327190117114167,Q4,2024
Woodlands / Yishun,Singapore,45,2,2,19630000.0,436227.0,HDB,4.161545008532083,7.7174774064865534,9.237150827395261,9.814182639329246,0.018538156496476627,0.02403425565007352,Q3,2023
Tampines / Bedok,Singapore,55,1,2,42909000.0,780166.0,Condo,16.558609947927753,7.405260088581392,9.98555330051171,9.169239051194008,0.0347738215246703,0.04061862392126118,Q2,2024
Orchard / Marina Bay,Singapore,120,3,2,250484000.0,2087363.0,Landed,14.280028439721711,8.272766823823332,9.402032021823393,9.915595255325247,0.04573481557145261,0.0447410976448266,Q4,2023
Orchard / Marina Bay,Singapore,75,3,3,122430000.0,1632401.0,Condo,23.43821392694945,8.482754146764842,9.065283471231279,9.302202002760016,0.045702613041143786,0.03188962855984279,Q4,2024
Tampines / Bedok,Singapore,90,1,1,59175000.0,657500.0,HDB,14.594994859554026,8.627210380818322,9.499443613789026,9.923656228362704,0.015121793348148338,0.027688367627181576,Q2,2024
Bukit Timah,Singapore,140,5,6,153212000.0,1094373.0,HDB,18.697598209861454,7.904858181520451,9.010398901598032,9.141924397088635,0.0397512505711578,0.03772426938591179,Q4,2024
Orchard / Marina Bay,Singapore,55,2,1,74341000.0,1351656.0,HDB,22.136577534956785,7.399830003288338,9.129216397335167,9.597390938977995,0.03625457572706051,0.03866086710491444,Q2,2024
Tampines / Bedok,Singapore,105,2,1,87883000.0,836979.0,Landed,20.312543975193453,7.786988935325512,9.831103017563475,9.390246396727141,0.04219148650010813,0.034080405922500556,Q3,2024
Jurong West,Singapore,90,1,1,55028000.0,611422.0,Landed,7.745117302332878,7.018116704836748,9.52535519795727,9.743646114537475,0.010792872234448874,0.0455054984750478,Q3,2023
Novena / Toa Payoh,Singapore,45,1,1,51649000.0,1147750.0,Landed,2.6891883003390777,8.032398096812022,9.575381151271284,9.854500251036033,0.013925887809094935,0.0323749643541149,Q1,2024
Jurong West,Singapore,90,3,4,66066000.0,734069.0,Landed,6.781869687121238,7.602411892882018,9.016608355130614,9.714185816120093,0.01148533766000709,0.012116615883698782,Q3,2023
Woodlands / Yishun,Singapore,75,2,3,29968000.0,399573.0,HDB,22.55628185987392,8.794454656034866,9.493152134722584,9.446025129234311,0.014226860386697213,0.03581869687288698,Q3,2023
Orchard / Marina Bay,Singapore,75,3,2,99259000.0,1323459.0,HDB,13.441021449009021,7.379752150156317,9.261329316505302,9.696593501977706,0.030016406674766932,0.03184674305915741,Q4,2024
Jurong West,Singapore,105,4,5,43438000.0,413698.0,HDB,24.128788863233808,7.857074506554326,9.975261648980696,9.08164544856077,0.04099405327440356,0.028499546088556517,Q1,2023
Tampines / Bedok,Singapore,65,2,2,62107000.0,955493.0,Landed,8.67487742914562,8.762445027182553,9.090697334630159,9.099734502190076,0.022574069596990584,0.0207902975674834,Q2,2024
Novena / Toa Payoh,Singapore,90,3,4,85226000.0,946956.0,Condo,16.12048330596362,8.223263892112824,9.11527176843222,9.552147302532775,0.010343552805859831,0.04114086809252187,Q3,2023
Woodlands / Yishun,Singapore,140,3,2,88830000.0,634498.0,Landed,11.72914053825056,7.98054827549937,9.049512393610213,9.386699023337455,0.012805093205236099,0.030937530351295303,Q4,2023
Orchard / Marina Bay,Singapore,105,4,3,179300000.0,1707615.0,Condo,9.72376880068257,8.06873670870007,9.218868483389986,9.139786220146187,0.012446925895606151,0.02075267584095508,Q3,2023
Woodlands / Yishun,Singapore,45,2,1,24522000.0,544930.0,Landed,23.62511031268275,7.6006895790785185,9.548336257072767,9.37385697382695,0.024028206551986862,0.024456472002830933,Q2,2023
Novena / Toa Payoh,Singapore,45,1,1,45110000.0,1002433.0,Condo,6.427745296991592,7.749635716489927,9.681497877822334,9.701986521306829,0.048735617780833775,0.03673830777929247,Q4,2024
Novena / Toa Payoh,Singapore,140,3,2,117744000.0,841028.0,HDB,10.27830450728462,7.780004173553234,9.61073720678457,9.251437907606347,0.0371437059980841,0.04251088844645186,Q4,2023
Tampines / Bedok,Singapore,38,1,1,21484000.0,565365.0,HDB,12.292183414544953,8.607553171184453,9.555523094946185,9.349854717983996,0.015391264747140561,0.03723836815138005,Q3,2023
Tampines / Bedok,Singapore,38,1,2,26550000.0,698675.0,Condo,13.875728012338584,8.434321679331942,9.0595944840449,9.984317304770807,0.04009422160272587,0.020597450928448353,Q3,2023
Orchard / Marina Bay,Singapore,65,1,1,105712000.0,1626332.0,Condo,14.492374347600503,7.043272184600154,9.94631872472064,9.732550494444448,0.048980792828608274,0.021448633269265355,Q4,2024
Orchard / Marina Bay,Singapore,90,3,2,143897000.0,1598850.0,Condo,5.65780878485503,7.27770236893805,9.253673266013381,9.373219311846187,0.01730400197158269,0.024266246889237356,Q2,2024
Bukit Timah,Singapore,90,1,1,113608000.0,1262307.0,Condo,2.24958989429868,7.096949273335742,9.695274209329977,9.433184067048888,0.04577739600489312,0.02087999940596332,Q2,2023
Orchard / Marina Bay,Singapore,45,2,1,81937000.0,1820818.0,Landed,8.515756797056437,8.672124426817195,9.042198282471801,9.028570212842363,0.02586765658856542,0.0490705309852354,Q1,2024
Orchard / Marina Bay,Singapore,75,3,2,137469000.0,1832919.0,Landed,24.190851466123373,8.315456216732969,9.99875206963662,9.26132474388091,0.01710844145834211,0.02122015020614971,Q4,2023
Jurong West,Singapore,38,1,1,21017000.0,553070.0,Condo,6.861123343262551,8.104314897905017,9.848815652131062,9.032144495275213,0.03804996158388268,0.043661921205213644,Q2,2024
Orchard / Marina Bay,Singapore,65,1,2,85196000.0,1310707.0,HDB,16.592979764569826,7.899972421996827,9.697809287999606,9.911302460248518,0.02818317247995116,0.036114381590945065,Q1,2023
Tampines / Bedok,Singapore,140,4,3,132892000.0,949231.0,Landed,13.462101059239629,7.485548472444766,9.685669893916893,9.265243269681163,0.01588827559644702,0.042020642062695394,Q3,2024
Bukit Timah,Singapore,90,3,2,155540000.0,1728219.0,Landed,22.151800095201477,8.206521220845346,9.13885050045833,9.890716418353737,0.021114845317515528,0.036345328344994494,Q4,2023
Tampines / Bedok,Singapore,120,4,5,87321000.0,727676.0,Condo,22.377995174678716,8.934883981259915,9.941366572018516,9.220647012027282,0.028819776614430234,0.015514518170448372,Q4,2023
Novena / Toa Payoh,Singapore,75,2,3,90529000.0,1207048.0,Landed,10.8195550098907,8.79881971218555,9.871037998185834,9.031047693837017,0.038015921798673906,0.034818426568785414,Q2,2023
Tampines / Bedok,Singapore,75,2,2,48710000.0,649467.0,HDB,7.40911918955981,8.056622795066874,9.029619628183962,9.771457564380865,0.03523750568881643,0.02879448186602622,Q3,2024
Bukit Timah,Singapore,105,3,4,197433000.0,1880314.0,Landed,3.6211491835600684,7.946668981214561,9.091300650916939,9.258444463471886,0.021462096287943655,0.045303844853728584,Q2,2024
Novena / Toa Payoh,Singapore,140,3,3,122236000.0,873117.0,HDB,21.181390027640333,8.281919838671792,9.420240375386664,9.408718341412792,0.04866836317915291,0.02361582292586566,Q1,2024
Orchard / Marina Bay,Singapore,75,1,1,143870000.0,1918261.0,Landed,7.395079065136217,8.64629464906669,9.802351011686497,9.745359518881079,0.022668029074090455,0.032238118858897526,Q2,2023
Bukit Timah,Singapore,45,1,2,49660000.0,1103564.0,HDB,15.425397768035317,8.140401144756373,9.83546696525122,9.945908347413909,0.01840982019289788,0.012951230235621863,Q3,2024
Bukit Timah,Singapore,105,3,2,195783000.0,1864601.0,Landed,17.635095113489804,8.537788865830315,9.142237658050664,9.31741603280582,0.04812394665252863,0.04957765552170368,Q2,2024
Tampines / Bedok,Singapore,55,1,2,36701000.0,667286.0,Condo,17.956081081277368,8.751851638117795,9.305693592766943,9.402998412046513,0.012893473830752806,0.017408298302884574,Q3,2024
Novena / Toa Payoh,Singapore,90,2,1,111036000.0,1233732.0,Landed,15.426716787809568,8.21694407440871,9.796160868541694,9.22816821586618,0.020214530372325887,0.011500675736255364,Q3,2024
Tampines / Bedok,Singapore,55,2,3,29779000.0,541445.0,HDB,13.715122025736683,8.459124536513873,9.669217895874299,9.37577612440938,0.017217596783052957,0.014884519346360965,Q2,2024
Bukit Timah,Singapore,65,1,2,67327000.0,1035804.0,HDB,18.08813454865902,7.740540061052042,9.20849611845753,9.438134816419348,0.022661439668788527,0.030659335615748323,Q1,2023
Bukit Timah,Singapore,105,2,1,141156000.0,1344340.0,Condo,5.75688394702793,7.891967273387801,9.83952955131631,9.791396719887008,0.01726453238014666,0.035070467732204826,Q2,2023
Orchard / Marina Bay,Singapore,65,1,2,101924000.0,1568062.0,Condo,18.17444873743948,7.804590873794236,9.162780302766363,9.62949583376692,0.04454524415895105,0.024164261037578447,Q3,2024
Jurong West,Singapore,105,3,3,51837000.0,493685.0,Condo,16.401756944623987,8.951274543104677,9.044546772927719,9.166254335503464,0.022063314753823376,0.03224154218376017,Q3,2024
Bukit Timah,Singapore,55,1,1,64912000.0,1180216.0,HDB,5.39142315394534,8.250470815592637,9.273531643223883,9.982533759910153,0.01908360499393188,0.010532843590198859,Q4,2024
Tampines / Bedok,Singapore,65,1,2,36276000.0,558100.0,HDB,15.32511429825208,8.108469955668559,9.457041516392335,9.342512344581847,0.03363782097100962,0.021821449496655834,Q2,2024
Novena / Toa Payoh,Singapore,140,3,4,130154000.0,929670.0,HDB,6.914247211376819,7.6636065712189545,9.536672253575702,9.587758074570559,0.03497501838098422,0.04312183623824473,Q3,2023
Bukit Timah,Singapore,65,2,3,114833000.0,1766659.0,Landed,19.79176040966925,7.745218200633294,9.579172757371488,9.005098175011563,0.018118108281570837,0.047987004571454495,Q1,2023
Orchard / Marina Bay,Singapore,75,1,1,109154000.0,1455387.0,Condo,20.081718686259006,7.706505207886754,9.612224652561064,9.734671127257764,0.0162901723524977,0.022147917177695813,Q4,2023
Bukit Timah,Singapore,38,2,3,42764000.0,1125372.0,HDB,16.929511630717954,7.4491534672967665,9.52007853733117,9.704697418542686,0.03466785355120668,0.020031915593760257,Q3,2023
Woodlands / Yishun,Singapore,45,2,2,28228000.0,627292.0,Landed,14.435124508517198,7.770287674383688,9.940124461015586,9.764711846078592,0.04033392851416766,0.010925639943800207,Q2,2023
Tampines / Bedok,Singapore,90,2,1,65842000.0,731575.0,Condo,17.77886099103997,8.498260620246931,9.888770512842733,9.381689230208783,0.018706026870812943,0.04106590583934443,Q1,2023
Woodlands / Yishun,Singapore,120,2,2,58412000.0,486769.0,Condo,11.549759792403478,7.861697545471334,9.840762717363495,9.564134662136635,0.02550215886715991,0.021121385699833996,Q2,2024
Woodlands / Yishun,Singapore,120,3,2,67197000.0,559973.0,Landed,7.016799682700859,8.631612552061284,9.898343475979566,9.662841760807426,0.017931929382544023,0.04001559934865039,Q1,2024
Novena / Toa Payoh,Singapore,90,3,2,124122000.0,1379130.0,Landed,15.183658855269286,7.148432135109051,9.156176032414551,9.15822219080761,0.017101190936926275,0.03146132376794856,Q2,2023
Novena / Toa Payoh,Singapore,55,2,2,64774000.0,1177707.0,Landed,3.5023871305251317,7.577841074665742,9.055521301101534,9.422256915223109,0.02679856953516177,0.025610011709724906,Q3,2023
Novena / Toa Payoh,Singapore,55,1,1,72238000.0,1313411.0,Landed,3.849292095981636,7.522656275994276,9.540457662305943,9.079723836359104,0.0453305926288747,0.010489249494581894,Q3,2024
Orchard / Marina Bay,Singapore,65,1,1,87087000.0,1339799.0,HDB,15.707347758346247,7.824630559372084,9.513175117245089,9.071394727556457,0.028730094258201347,0.03132575035737284,Q1,2023
Bukit Timah,Singapore,75,2,3,137634000.0,1835125.0,Landed,20.504332979931537,8.73176767490816,9.812712399276734,9.230391240863005,0.03788456273245145,0.021302396928324693,Q3,2024
Orchard / Marina Bay,Singapore,140,5,5,228296000.0,1630688.0,Condo,23.49994519708838,7.950447606247682,9.254180653478745,9.52535315529811,0.04776042013223325,0.02219664225701711,Q1,2023
Woodlands / Yishun,Singapore,55,1,2,27290000.0,496174.0,Condo,5.165866303726848,8.785318424109033,9.865474580895341,9.71416476598889,0.04591683483344455,0.04112479749254571,Q3,2024
Bukit Timah,Singapore,140,5,5,171433000.0,1224523.0,HDB,16.947459073065467,7.658028574244292,9.08277394534901,9.463054118288273,0.047242575070227597,0.04360707207410216,Q2,2024
Orchard / Marina Bay,Singapore,140,3,2,291013000.0,2078665.0,Landed,12.762745096120975,8.842799467388899,9.740170640796364,9.768519402986842,0.01153379639820377,0.022174418093708407,Q4,2024
Orchard / Marina Bay,Singapore,38,1,1,67151000.0,1767127.0,Landed,17.130795687447367,7.077386670885061,9.140182262851646,9.926412213885564,0.012980843662912744,0.04359638258754044,Q1,2023
Novena / Toa Payoh,Singapore,55,2,2,70051000.0,1273655.0,Landed,18.623096647384436,8.033844715389575,9.491389498766276,9.745971772580365,0.03037748389761001,0.04926246962511699,Q3,2024
Tampines / Bedok,Singapore,45,1,1,24458000.0,543516.0,HDB,8.005648562287774,8.115598947721978,9.581226990181936,9.393224795337202,0.010949443037039961,0.019613883905364123,Q4,2023
Tampines / Bedok,Singapore,120,3,2,68184000.0,568204.0,HDB,23.755677604172035,8.433526837153567,9.433598568645651,9.560978726752456,0.011078065935951181,0.04487465230299994,Q3,2024
Novena / Toa Payoh,Singapore,45,2,3,36071000.0,801578.0,HDB,2.4194431717720555,7.952510538217629,9.018457898265025,9.810663509757575,0.02538723608976578,0.039559189736195204,Q1,2023
Tampines / Bedok,Singapore,65,1,2,63001000.0,969251.0,Landed,19.17565007923222,7.648695753742507,9.237015375820969,9.253863324101882,0.01880563849744338,0.049997954922897214,Q1,2024
Bukit Timah,Singapore,120,3,4,221200000.0,1843331.0,Landed,6.336472543537626,8.188676868111859,9.229054187224651,9.598234098485229,0.011090049386190853,0.04238045962839944,Q1,2024
Woodlands / Yishun,Singapore,45,1,1,29092000.0,646490.0,Landed,3.918596004067015,7.551147212641035,9.71348436846841,9.861474661178821,0.012606198956906973,0.03689130219271831,Q4,2023
Woodlands / Yishun,Singapore,105,3,4,45649000.0,434751.0,Condo,13.960118881500463,8.34824523967896,9.667722725804326,9.699030201704042,0.012457491383769378,0.04915254883834511,Q1,2024
Bukit Timah,Singapore,90,3,2,126557000.0,1406194.0,Condo,21.413124744614,7.826099467008708,9.913782438044482,9.000330408102206,0.04874817511336412,0.020582205318619547,Q1,2024
Novena / Toa Payoh,Singapore,65,1,2,65570000.0,1008773.0,Condo,21.80158863213065,7.641225793139317,9.663084400112263,9.907215462676323,0.021977610387847017,0.04976882515464702,Q2,2023
Tampines / Bedok,Singapore,45,1,2,31556000.0,701255.0,Condo,15.425980867694488,7.246176800937713,9.243050544289327,9.606696944610261,0.019879243068326287,0.015386610590283274,Q4,2024
Woodlands / Yishun,Singapore,65,1,2,24945000.0,383769.0,HDB,16.35124136227902,8.007914498587391,9.548909806695171,9.233126027852322,0.032709246265897066,0.04857455758797935,Q1,2023
Novena / Toa Payoh,Singapore,105,3,4,133290000.0,1269433.0,Landed,12.513265437315411,8.473309211028102,9.493541722210695,9.398122086163808,0.03472317059609589,0.020700977640931234,Q4,2023
Orchard / Marina Bay,Singapore,120,3,4,165556000.0,1379636.0,HDB,4.517720807978838,7.934398772494673,9.391435386253198,9.985245595422363,0.047541577623485085,0.048167370767872204,Q3,2024
Jurong West,Singapore,140,4,3,88805000.0,634321.0,Landed,1.235152747460309,8.437820065720107,9.593767229817484,9.506548696138996,0.02023675836847018,0.034123500671095666,Q3,2024
Bukit Timah,Singapore,45,1,2,72874000.0,1619411.0,Landed,19.57100290985259,8.057210449005254,9.514943935116412,9.742449981044954,0.041730076910016026,0.024398466890191914,Q3,2023
Novena / Toa Payoh,Singapore,45,2,1,56519000.0,1255978.0,Landed,11.953421063445651,7.415398557993186,9.63124370312677,9.717078112186378,0.049834935766560305,0.02184833393806781,Q2,2023
Bukit Timah,Singapore,140,5,5,157895000.0,1127818.0,HDB,8.819824957053275,7.984454908252039,9.429485922656257,9.410738155204298,0.03047332616444403,0.02629786658662353,Q4,2023
Tampines / Bedok,Singapore,55,1,1,32528000.0,591427.0,HDB,21.91650003856314,7.173131515565987,9.137813253730501,9.343582868791517,0.014225067206199307,0.02490282224251588,Q3,2023
Novena / Toa Payoh,Singapore,140,5,5,163620000.0,1168713.0,Landed,13.551233316372688,7.605675390342193,9.428386492997586,9.923239220263497,0.04526206072227186,0.010141695278615375,Q2,2023
Orchard / Marina Bay,Singapore,90,3,2,108683000.0,1207589.0,HDB,4.767065858247623,8.316775901002464,9.635469954261307,9.423828390766847,0.03461108378177521,0.04348820380129141,Q2,2023
Novena / Toa Payoh,Singapore,140,3,2,112892000.0,806374.0,HDB,18.699416089474926,8.539244887640216,9.468906499410938,9.1087993627658,0.024695368434108488,0.04651033973880783,Q2,2024
Bukit Timah,Singapore,120,4,4,146745000.0,1222874.0,HDB,4.572787345422652,7.540148009295997,9.084650572163264,9.71838782512336,0.011058879462590916,0.02007941143102924,Q3,2024
Novena / Toa Payoh,Singapore,140,5,4,130850000.0,934646.0,HDB,6.970159711727188,8.16057396023685,9.535662890863135,9.703489043721175,0.030297828628234547,0.012200448832930061,Q2,2023
Woodlands / Yishun,Singapore,65,1,1,29238000.0,449819.0,Condo,5.8900414646230175,7.220229146709352,9.13267936167341,9.770931059741068,0.027583138016774512,0.046582134531360224,Q3,2024
Orchard / Marina Bay,Singapore,105,3,2,202258000.0,1926269.0,Landed,8.32360645730397,7.349150526444448,9.376191507295024,9.54822282942818,0.03696779771006169,0.03913346947077493,Q1,2024
Tampines / Bedok,Singapore,140,4,5,109295000.0,780680.0,Condo,16.124049619551414,8.724346179742037,9.7454757286203,9.692503208192917,0.03713875066151051,0.010625775985763877,Q3,2024
Jurong West,Singapore,75,1,1,38455000.0,512733.0,Condo,22.23162773649968,7.804941462426997,9.426762109927807,9.573580647367503,0.03384872880337374,0.02819011227255897,Q2,2023
Tampines / Bedok,Singapore,120,3,4,117451000.0,978760.0,Landed,22.87361567890699,7.2955075278770956,9.445608527403206,9.93730680332426,0.022496005932332988,0.030554044293505785,Q2,2023
Jurong West,Singapore,105,4,3,72437000.0,689877.0,Landed,13.708252411656416,7.791134440651439,9.99232908793594,9.539082890384615,0.042654162634843056,0.015849965399186074,Q4,2024
Bukit Timah,Singapore,45,1,2,78540000.0,1745331.0,Landed,11.415431640929533,7.230998633151487,9.13253288695337,9.043380650572114,0.03649242012860132,0.031807351534990466,Q3,2023
Novena / Toa Payoh,Singapore,45,2,2,36658000.0,814626.0,HDB,10.37768502284446,8.979079305893167,9.181667873068228,9.651566980863734,0.03316120520243224,0.03204693575705206,Q1,2023
Jurong West,Singapore,105,3,3,60911000.0,580107.0,Condo,22.58902924172266,8.203234044671103,9.617416501856077,9.204243892156024,0.03830856311800719,0.03770833049343884,Q3,2023
Tampines / Bedok,Singapore,75,1,2,53995000.0,719927.0,Condo,15.712403029197274,7.719816248591094,9.825420489403601,9.832186783957779,0.027709522537973402,0.049352997097279076,Q1,2023
Woodlands / Yishun,Singapore,90,3,3,36462000.0,405138.0,HDB,22.11505941118991,8.429325295899389,9.013022937155629,9.282050192520256,0.03618564989584575,0.028317237826951447,Q4,2023
Jurong West,Singapore,120,3,2,66591000.0,554927.0,Condo,16.780948058126906,7.455865638203842,9.188663558531614,9.111268665910591,0.01811191974453568,0.016060307371342328,Q2,2023
Orchard / Marina Bay,Singapore,38,1,1,71812000.0,1889799.0,Landed,13.137622646046907,8.191485047125349,9.605137302995404,9.367859276309362,0.048797198041942505,0.03762955127124202,Q3,2023
Novena / Toa Payoh,Singapore,105,2,1,101573000.0,967358.0,Condo,14.563616674497936,8.792264984709668,9.214123954835129,9.90257364286682,0.039030290800276056,0.012385609829378558,Q3,2024
Novena / Toa Payoh,Singapore,38,1,2,39753000.0,1046139.0,Condo,17.228226769583927,8.856563552351247,9.610032004060093,9.653091764365865,0.012392265407815267,0.040058308417653406,Q4,2024
Bukit Timah,Singapore,90,1,1,104492000.0,1161024.0,HDB,23.84801819278609,8.722102752046284,9.88630599416444,9.92803518467088,0.03163091383638995,0.027437735445153252,Q4,2023
Woodlands / Yishun,Singapore,140,3,2,55170000.0,394071.0,HDB,23.065774249712618,8.570342618996747,9.684540113049493,9.627038353233035,0.04829142551437848,0.0415327871784495,Q4,2023
Woodlands / Yishun,Singapore,55,2,3,34202000.0,621846.0,Landed,3.9333858675518716,8.179008006337318,9.834833626121581,9.698019663970866,0.02796815195724562,0.033386551797355175,Q1,2023
Jurong West,Singapore,65,1,1,37727000.0,580410.0,Condo,11.68895490401309,8.874942341843935,9.719030796200695,9.767537153466202,0.04494331469829969,0.041831046976030066,Q4,2023
Novena / Toa Payoh,Singapore,140,4,3,144859000.0,1034707.0,Condo,12.192534427176048,8.387645814093982,9.876999752219811,9.294190671792796,0.01807831777654159,0.02079305061757018,Q3,2023
Orchard / Marina Bay,Singapore,140,3,4,194430000.0,1388787.0,HDB,3.0571681527562564,7.496837274795734,9.300283975629577,9.027768953615597,0.014363597712882835,0.017268086402258135,Q1,2023
Orchard / Marina Bay,Singapore,45,2,1,81769000.0,1817092.0,Landed,11.993899879862147,7.995487869079157,9.590307289124581,9.727830288979781,0.028220952773667193,0.03220358504147523,Q2,2023
Jurong West,Singapore,65,1,2,31206000.0,480089.0,HDB,17.968751326100197,8.612831841427255,9.767224342799004,9.283024509231389,0.03885038608710084,0.01953773984385598,Q1,2024
Bukit Timah,Singapore,45,1,2,81567000.0,1812610.0,Landed,19.4680223153045,7.832114639394754,9.753832259897647,9.645225108789829,0.03949439275608729,0.03814950950300999,Q2,2024
Bukit Timah,Singapore,105,2,3,179016000.0,1704915.0,Landed,19.025287452772552,7.269181772707916,9.025051426265302,9.90447313287324,0.04122151944379316,0.014330053206747708,Q2,2024
Tampines / Bedok,Singapore,45,2,3,38835000.0,863007.0,Landed,13.290907759516042,8.437229004062585,9.18751220135586,9.913673769941347,0.044224041294340065,0.029857015620588463,Q3,2024
Woodlands / Yishun,Singapore,75,3,4,31410000.0,418794.0,HDB,14.939004473853721,7.311386499818129,9.828484429456068,9.620856194191955,0.04827945942920831,0.025719878569912147,Q1,2023
Orchard / Marina Bay,Singapore,140,3,3,171771000.0,1226938.0,HDB,10.92025931070038,7.051579713999334,9.96150341875825,9.493024016805713,0.035998433516734145,0.04154815457759391,Q3,2023
Tampines / Bedok,Singapore,65,1,1,60976000.0,938086.0,Landed,2.323962586001464,7.584901613718452,9.881662574381933,9.161359163756423,0.03972737001430974,0.014997779975414297,Q2,2023
Woodlands / Yishun,Singapore,120,4,4,67554000.0,562947.0,Landed,22.000692895405862,8.41593129080435,9.54692873921865,9.8991411147439,0.024767427830482896,0.02251290436481248,Q4,2023
Orchard / Marina Bay,Singapore,90,1,2,174453000.0,1938369.0,Landed,3.022854144791566,8.647432556918302,9.833491937109496,9.251393543248309,0.017173815251276037,0.028818538288649144,Q2,2024
Woodlands / Yishun,Singapore,90,3,4,44101000.0,490015.0,Condo,14.360193099915634,8.375544063179387,9.210214399893179,9.220690269808356,0.02408134717119266,0.04643293919716379,Q3,2024
Bukit Timah,Singapore,45,1,1,82721000.0,1838252.0,Landed,20.63533447586587,7.07616838500248,9.213610895818793,9.77051322172409,0.032938426901513,0.013743975959706339,Q4,2024
Bukit Timah,Singapore,90,1,1,111977000.0,1244187.0,HDB,14.908405189954424,8.56761100080031,9.996995282623871,9.58780684144628,0.02422855998058632,0.030027865511551677,Q2,2024
Bukit Timah,Singapore,65,1,2,105976000.0,1630403.0,Landed,2.968713036702127,7.251763217074414,9.410818091571372,9.202262047936216,0.020222384896909522,0.02084349053334139,Q1,2024
Orchard / Marina Bay,Singapore,140,4,4,189302000.0,1352155.0,HDB,11.619440986160196,7.381612393270192,9.953394979178944,9.804254694991812,0.038003414352192635,0.02171361811122697,Q2,2023
Woodlands / Yishun,Singapore,105,4,3,46755000.0,445287.0,Condo,24.568928449490194,7.9497994959260145,9.901925655870574,9.883773834375242,0.040051068196014165,0.03433816959440696,Q4,2024
Woodlands / Yishun,Singapore,38,2,3,16897000.0,444660.0,Condo,16.47807823673535,8.700983408898173,9.309118568875821,9.969422758219796,0.029472992155162955,0.022050938707794048,Q1,2023
Orchard / Marina Bay,Singapore,105,2,3,125888000.0,1198937.0,HDB,1.6852218158605758,7.75998934974301,9.612034838141952,9.686864255525064,0.03777799181171727,0.02073904879881673,Q2,2023
Jurong West,Singapore,140,5,6,91011000.0,650075.0,Landed,11.45976938962874,7.67371030325197,9.346327369082184,9.853677713332752,0.036225816648411305,0.03639114656828595,Q4,2023
Bukit Timah,Singapore,38,2,3,39630000.0,1042892.0,HDB,19.736363713079413,8.225900537149785,9.120486286065791,9.159590728902383,0.03064379899045492,0.03424506393076718,Q3,2023
Bukit Timah,Singapore,140,5,4,196838000.0,1405983.0,Condo,1.181692276010458,8.745390077723785,9.70535544105767,9.483982582096798,0.03832741109688632,0.0227906001609001,Q2,2023
Jurong West,Singapore,55,2,3,29410000.0,534721.0,Condo,23.180520347690123,7.172121390030178,9.934164737610715,9.646625812565839,0.02507359475781175,0.024836449825348574,Q3,2023
Bukit Timah,Singapore,105,2,3,108800000.0,1036191.0,HDB,1.615652412351884,8.905811895873798,9.488005607277461,9.394265118729072,0.03176499566998144,0.020961069238961495,Q4,2023
Novena / Toa Payoh,Singapore,90,2,1,86497000.0,961079.0,Condo,18.461375048994018,8.136010804268139,9.671099487647062,9.79933756095661,0.028516063896044365,0.048330349085040344,Q2,2023
Bukit Timah,Singapore,120,4,5,150541000.0,1254505.0,HDB,3.362900498447261,7.480356687169832,9.273352713405828,9.742559214363476,0.014129132661086308,0.014594985274448967,Q3,2024
Orchard / Marina Bay,Singapore,55,1,1,91346000.0,1660845.0,Condo,3.800267561293772,8.8946891315454,9.83388269673469,9.270340144139183,0.01904937771193594,0.02460272998626892,Q1,2023
Orchard / Marina Bay,Singapore,45,1,1,59028000.0,1311723.0,HDB,20.65190625473094,7.524950206234757,9.914495985193494,9.571825136170844,0.044714862417836385,0.019116933125236893,Q1,2024
Woodlands / Yishun,Singapore,45,1,2,24681000.0,548460.0,Landed,13.843891966598804,7.150579726265667,9.098112458703245,9.172531794979056,0.014796479949934813,0.04760471183813224,Q1,2023
Tampines / Bedok,Singapore,75,1,1,70109000.0,934792.0,Landed,8.827983363518793,7.664326460765707,9.264708822325902,9.224279339916851,0.02349313007364085,0.03946630934184375,Q1,2023
Orchard / Marina Bay,Singapore,45,1,2,67216000.0,1493685.0,Condo,24.11660199690726,8.609207664777646,9.89964775102243,9.782588430368921,0.03103229729665785,0.030117551337308333,Q4,2024
Jurong West,Singapore,90,2,3,57729000.0,641429.0,Landed,20.515707676175182,7.697526484489803,9.519642264628967,9.514171496349315,0.044257025941336216,0.029900375588065277,Q4,2024
Bukit Timah,Singapore,38,1,1,66688000.0,1754939.0,Landed,14.959411394987358,8.975837064461956,9.951238458273412,9.738399837429348,0.010042748644948753,0.025137621309997388,Q3,2023
Woodlands / Yishun,Singapore,140,5,6,71399000.0,509994.0,Condo,8.155588431338256,7.934324387004365,9.085344801269596,9.142786427460228,0.049795827319851216,0.037221187402294416,Q3,2024
Woodlands / Yishun,Singapore,90,1,2,44656000.0,496182.0,Condo,22.501635142672473,8.80173581129086,9.468181005210694,9.74015604726081,0.04644262480388097,0.02051214114436883,Q1,2023
Novena / Toa Payoh,Singapore,45,2,3,54040000.0,1200889.0,Landed,20.432664498787982,7.7988485418504725,9.281813633478581,9.743207749950233,0.01406392694695454,0.0174989931081795,Q3,2024
Jurong West,Singapore,120,4,5,77054000.0,642115.0,Landed,6.619915701607357,8.440990785043805,9.730679657388176,9.216581559107055,0.04700245597477309,0.02151324115172166,Q1,2023
Jurong West,Singapore,75,1,1,33948000.0,452640.0,HDB,7.91685809329891,7.79384680389244,9.59629229701,9.906120152465439,0.01943705892852185,0.03339759961678095,Q2,2024
Woodlands / Yishun,Singapore,75,3,2,38181000.0,509080.0,Condo,1.4061910912022704,7.957997258552472,9.542083862384963,9.517771144501708,0.03570337006419145,0.020169591974593074,Q2,2024
Novena / Toa Payoh,Singapore,90,3,3,77242000.0,858241.0,HDB,21.281056597660278,7.660955842426723,9.727810797120094,9.828861096066603,0.029796408923338076,0.01576156485401803,Q1,2024
Tampines / Bedok,Singapore,38,1,1,31056000.0,817269.0,Landed,13.143423208924865,8.285867975928847,9.336174719318972,9.888910844716898,0.0272164282782235,0.04901372222084447,Q3,2024
Orchard / Marina Bay,Singapore,105,3,3,131735000.0,1254617.0,HDB,3.3956610240448732,8.53127064940823,9.806923129090293,9.020669731376024,0.04050140450841264,0.03452030604828427,Q1,2023
Woodlands / Yishun,Singapore,65,1,1,29720000.0,457235.0,Condo,14.238741622038475,8.075281674899982,9.247179645319758,9.161019046513786,0.02665661239054453,0.03710240027682914,Q2,2023
Jurong West,Singapore,45,1,1,24214000.0,538088.0,Condo,22.600735944051895,7.881882786575357,9.773252459539801,9.504526582242018,0.012981284212021342,0.011318224988022551,Q2,2023
Tampines / Bedok,Singapore,105,3,3,63205000.0,601951.0,HDB,24.115187314763276,7.245021760161038,9.361959156825497,9.83723807724087,0.04034098616645484,0.04242676223566741,Q4,2024
Novena / Toa Payoh,Singapore,90,1,1,124466000.0,1382954.0,Landed,13.83523508200579,7.450677939289448,9.768011415981906,9.127189117545054,0.031121196708386527,0.012361905084352972,Q4,2024
Tampines / Bedok,Singapore,38,2,3,34385000.0,904857.0,Landed,13.468259484127447,8.279248930999712,9.585922225841133,9.030193219352254,0.015472190281012597,0.022174062440782173,Q2,2024
Bukit Timah,Singapore,75,1,1,118907000.0,1585432.0,Landed,4.54490433789885,7.553197159392546,9.884493280886986,9.371648697249851,0.030340621783155608,0.04655024882703888,Q4,2024
Novena / Toa Payoh,Singapore,65,1,1,71597000.0,1101497.0,Condo,1.4755056415144399,8.071589517634361,9.980719413355908,9.186924175159245,0.04155616087530871,0.028830707569501825,Q1,2024
Tampines / Bedok,Singapore,38,2,3,36165000.0,951721.0,Landed,14.603794071688842,7.998789176666783,9.975018913412669,9.610510510627353,0.010966181901789147,0.024404578616777393,Q3,2024
Tampines / Bedok,Singapore,38,1,1,29247000.0,769666.0,Condo,23.022547073518588,7.53348705009967,9.496430367643983,9.433524374379264,0.018396794231518084,0.028015525737906152,Q3,2024
Woodlands / Yishun,Singapore,75,1,2,49309000.0,657448.0,Landed,10.948557770595547,7.7775065975530255,9.26338582074442,9.13682113047889,0.04314051089248628,0.04972068157601783,Q3,2023
Novena / Toa Payoh,Singapore,45,2,3,41732000.0,927368.0,HDB,9.786005479937314,8.486527419920533,9.140354454875864,9.33035510253014,0.025969969016341278,0.03289464682373545,Q2,2023
Bukit Timah,Singapore,55,1,1,96457000.0,1753758.0,Landed,22.220219712376917,7.606188868041469,9.559771993319778,9.844526139987124,0.017307982079909922,0.04683688134940296,Q2,2023
Jurong West,Singapore,45,2,3,29887000.0,664154.0,Landed,22.371179909512925,7.362535215082678,9.847682072530764,9.284512363769295,0.01184366602784762,0.03266344127932077,Q1,2024
Novena / Toa Payoh,Singapore,105,4,5,98175000.0,934999.0,Condo,8.583849789888042,7.422270605848997,9.891708246459373,9.383235851835124,0.037200988181025074,0.04986759195459549,Q2,2024
Orchard / Marina Bay,Singapore,140,5,6,215085000.0,1536325.0,Condo,23.66307731731348,8.990505284156876,9.584029422769564,9.738286868751416,0.03730399028392778,0.018883744165465906,Q1,2024
Woodlands / Yishun,Singapore,75,3,4,31832000.0,424427.0,HDB,5.700199188388764,8.0066812219192,9.955387154797007,9.41844271233594,0.03232306734446175,0.047271275063872215,Q4,2023
Orchard / Marina Bay,Singapore,75,1,1,105683000.0,1409100.0,Condo,4.238315309374802,8.838994871555084,9.577993911550418,9.201410928201685,0.04042858391795507,0.021408480825581264,Q3,2023
Tampines / Bedok,Singapore,55,1,1,37877000.0,688667.0,Condo,14.057359371218656,7.480495171017862,9.32814466188001,9.618349166364977,0.03364359285930632,0.019536110214336294,Q3,2024
Jurong West,Singapore,120,3,2,59072000.0,492266.0,Condo,5.989555024019281,7.17316508636832,9.3140082398707,9.149985450962502,0.031152205157316003,0.03952568647215004,Q2,2023
Orchard / Marina Bay,Singapore,75,2,1,159562000.0,2127499.0,Landed,2.8780488102934854,8.736825791845837,9.452159206897377,9.159380570985235,0.04781843920635532,0.010367001661708421,Q2,2024
Bukit Timah,Singapore,75,1,2,86129000.0,1148392.0,HDB,3.584597315720747,8.966845763326871,9.641614536997594,9.395656298752334,0.02676655608247712,0.016344822471026765,Q3,2023
Orchard / Marina Bay,Singapore,55,2,3,74164000.0,1348441.0,HDB,2.5375002947225695,8.536830536732474,9.986370881544977,9.30484050686298,0.016935660888095474,0.027414193584680037,Q2,2024
Bukit Timah,Singapore,105,4,3,143092000.0,1362780.0,Condo,21.051154515657192,7.950561112972315,9.83493465113705,9.673942909350286,0.04663756789543043,0.04933170059966139,Q1,2023
Orchard / Marina Bay,Singapore,75,2,3,110906000.0,1478745.0,Condo,17.094957217451533,8.556421508594195,9.065163771345192,9.411713473252963,0.04383223112885864,0.02126237841522756,Q3,2024
Jurong West,Singapore,75,1,1,40188000.0,535839.0,Condo,21.369296559531982,8.00348529826251,9.18772508602314,9.056561351764712,0.04804357037268337,0.03282091595651727,Q4,2023
Novena / Toa Payoh,Singapore,120,4,3,140162000.0,1168014.0,Landed,11.68710640795145,8.892851549191949,9.01269320069249,9.358220362077667,0.018648047362582784,0.0478408130677102,Q3,2023
Bukit Timah,Singapore,90,1,2,123659000.0,1373993.0,Condo,24.83486779442147,8.382966978616915,9.39776578834125,9.330111278830067,0.03193056659895507,0.04813017699586464,Q2,2023
Orchard / Marina Bay,Singapore,38,1,1,49929000.0,1313918.0,HDB,22.918915847989656,8.394867478131388,9.182685579586844,9.957426497010786,0.03232856188697877,0.0463991026975958,Q4,2023
Woodlands / Yishun,Singapore,75,1,1,30702000.0,409355.0,HDB,8.353066230781081,7.563555722644732,9.785813077345857,9.070538291960467,0.02769436520475354,0.03390326451043177,Q2,2023
Orchard / Marina Bay,Singapore,65,2,3,103504000.0,1592373.0,Condo,8.827629564411115,7.2369685243279065,9.670834709987677,9.915401642333967,0.02708010984506578,0.011410365619605583,Q1,2023
Bukit Timah,Singapore,75,1,1,100889000.0,1345182.0,Condo,12.976181075242915,7.449101525947004,9.686076062598856,9.932754457615738,0.045768208883371096,0.02574896337354273,Q1,2024
Woodlands / Yishun,Singapore,55,1,1,33474000.0,608615.0,Landed,6.397391204121306,8.120747428886741,9.301854475384546,9.518159413620202,0.029116579499631035,0.0395103908899109,Q2,2024
Bukit Timah,Singapore,105,2,1,131046000.0,1248054.0,HDB,7.778184234698822,8.738194662550121,9.650569881218779,9.813880260524279,0.011727790042903825,0.042265048694674255,Q1,2023
Orchard / Marina Bay,Singapore,90,1,1,179353000.0,1992812.0,Landed,17.078768632620392,8.136051685588221,9.997996113361939,9.489305821713243,0.047030252117734025,0.029718899927147907,Q2,2024
Orchard / Marina Bay,Singapore,75,3,3,98408000.0,1312110.0,HDB,2.6736837700286413,8.975913310451281,9.929291710950421,9.887955439607342,0.02689331119429065,0.04189655859716877,Q1,2024
Woodlands / Yishun,Singapore,140,4,4,71918000.0,513702.0,Condo,8.960674495539259,8.598539053983192,9.19395922267506,9.669440215195234,0.012194198168070516,0.032371676395800124,Q2,2024
Bukit Timah,Singapore,90,1,2,105800000.0,1175558.0,HDB,7.191065440753407,8.355028467791149,9.14025023654046,9.602253387838742,0.018006731623661662,0.010772829947953371,Q2,2024
Bukit Timah,Singapore,120,3,2,131089000.0,1092404.0,HDB,3.229522323863618,7.752635014938914,9.8392970244504,9.462435712122975,0.04179726611665258,0.024434393665388333,Q3,2023
Orchard / Marina Bay,Singapore,55,1,1,107346000.0,1951743.0,Landed,3.750209566701457,8.770937812163073,9.735478945064582,9.440249361048448,0.04153664948664093,0.042278976969183556,Q1,2024
Jurong West,Singapore,90,3,2,55109000.0,612321.0,Landed,6.917907662882803,8.769123943436544,9.114285453094006,9.194239221012674,0.014073770406232634,0.041274316191033576,Q4,2023
Novena / Toa Payoh,Singapore,55,1,1,64434000.0,1171533.0,Landed,17.988898223799335,7.347082620136915,9.155136100906313,9.878946314664741,0.02785324676321585,0.02169916828191605,Q2,2023
Woodlands / Yishun,Singapore,75,3,2,27979000.0,373048.0,HDB,22.70418944289347,8.975014307353653,9.144521493034604,9.269158354683196,0.028131876323263562,0.030437007821939636,Q1,2023
Tampines / Bedok,Singapore,90,2,3,78003000.0,866703.0,Landed,14.179249828754342,7.807019144329278,9.133975466518871,9.187931610119254,0.015534618737593294,0.030698163738144275,Q1,2023
Woodlands / Yishun,Singapore,65,2,2,29246000.0,449939.0,Condo,24.18629100126389,7.264532425345661,9.413858432797806,9.66347404197072,0.022316522315347143,0.04373990007611683,Q3,2023
Woodlands / Yishun,Singapore,65,2,3,39391000.0,606019.0,Landed,11.64291828590309,7.599452941775373,9.959774911380178,9.872820366357171,0.033701486657562056,0.015386099049611133,Q4,2023
Jurong West,Singapore,90,3,3,63767000.0,708526.0,Landed,23.157046800094008,8.904451715194723,9.452096706422658,9.052341299351093,0.016566187606006796,0.01737424572211085,Q3,2023
Bukit Timah,Singapore,55,1,1,69783000.0,1268784.0,Condo,6.185059007515256,8.998818214624668,9.649387633002943,9.694823456569152,0.02724342042826404,0.02042153766078052,Q4,2024
Tampines / Bedok,Singapore,120,3,3,86154000.0,717949.0,Condo,3.602757968027624,8.175162605428229,9.422508370130693,9.094432599651432,0.030765831689423304,0.048848127062146154,Q1,2023
Bukit Timah,Singapore,140,5,4,229382000.0,1638445.0,Landed,1.1588461684203146,8.063383362398337,9.682699761219528,9.63769999328509,0.010835235755064137,0.027185982887738804,Q4,2023
Woodlands / Yishun,Singapore,120,3,2,61742000.0,514513.0,Condo,22.11319820063262,7.588490482436154,9.830236020558328,9.166596370992147,0.04751105900168859,0.033872282560501496,Q3,2024
Jurong West,Singapore,55,1,1,23499000.0,427257.0,HDB,21.10319713975634,8.29058433299552,9.61695463433708,9.166018590919153,0.03919483679316462,0.01911953383968775,Q3,2023
Novena / Toa Payoh,Singapore,65,1,1,84179000.0,1295055.0,Landed,21.097288651681275,7.319547161482801,9.879448546081518,9.435099974838524,0.010705153502078098,0.03471884811516622,Q2,2023
Bukit Timah,Singapore,55,1,2,67237000.0,1222484.0,HDB,18.529069898978335,7.237575092805181,9.9860926424487,9.439505424787692,0.03345648540443947,0.01605333038706877,Q1,2024
Bukit Timah,Singapore,120,4,3,124544000.0,1037864.0,HDB,18.159387285455157,7.052470687133212,9.29035932820594,9.241848932369123,0.037595490624444027,0.0104269304024705,Q3,2024
Novena / Toa Payoh,Singapore,38,1,1,29421000.0,774243.0,HDB,3.420406096701938,7.194377725997292,9.391665904551097,9.04846305884175,0.02375581993908095,0.04871335373761532,Q4,2024
Woodlands / Yishun,Singapore,55,1,1,20213000.0,367509.0,HDB,14.342802421476815,7.103346621226115,9.150478044698005,9.712091847578659,0.038775686443103766,0.04069347734704931,Q1,2024
Woodlands / Yishun,Singapore,65,1,1,42059000.0,647065.0,Landed,18.18433705768769,8.862561083982692,9.852070472064204,9.885484959978905,0.03149331045245028,0.017719639107811363,Q3,2023
Bukit Timah,Singapore,55,2,3,70190000.0,1276177.0,Condo,13.143296247459448,7.173495211692497,9.798194858193368,9.15571572123489,0.01820301890947302,0.04779125287548891,Q2,2023
Woodlands / Yishun,Singapore,90,3,4,53503000.0,594481.0,Landed,10.334210717572933,7.572336659335145,9.334691868311706,9.269971870613654,0.044727502947940374,0.011047654111346197,Q3,2024
Jurong West,Singapore,65,1,2,26353000.0,405423.0,HDB,18.673002180302554,7.4052388559529385,9.916518000182569,9.38517463631933,0.018099954073862216,0.029010463586700973,Q3,2024
Novena / Toa Payoh,Singapore,38,1,2,51115000.0,1345139.0,Landed,14.549303776009683,7.047064700229596,9.608490175829472,9.160768158680245,0.043708244230655335,0.02807612198270852,Q3,2023
Woodlands / Yishun,Singapore,105,3,2,38824000.0,369750.0,HDB,10.105999094592576,8.678147933811292,9.066840064592377,9.349423266664932,0.017284089275209275,0.01768866858174656,Q2,2024
Bukit Timah,Singapore,65,1,2,70453000.0,1083885.0,HDB,7.39961531447081,8.763641191561899,9.552315877004311,9.315046216472297,0.02392672492041166,0.02774767756730738,Q1,2024
Orchard / Marina Bay,Singapore,105,2,2,204115000.0,1943951.0,Landed,14.253931422613071,8.252644857731259,9.002817627802575,9.150862573723064,0.039946063599498406,0.03416854756309943,Q3,2024
Orchard / Marina Bay,Singapore,75,1,2,91969000.0,1226258.0,HDB,11.232652934332759,7.285324272444445,9.86561195330389,9.160149372934042,0.02658026556014336,0.027270608308830026,Q2,2023
Novena / Toa Payoh,Singapore,140,4,3,137372000.0,981225.0,Condo,15.668549901267745,7.725919080603343,9.832972723367721,9.592010074312476,0.04562406843541538,0.034576083476480654,Q4,2024
Woodlands / Yishun,Singapore,55,2,1,36012000.0,654758.0,Landed,23.490556124519184,7.63409143242561,9.102905471157275,9.339613503824346,0.026561302751539763,0.04235222657772787,Q3,2024
Jurong West,Singapore,75,1,2,30517000.0,406891.0,HDB,2.6869949239617084,7.602887857655572,9.76589694372159,9.037532156466261,0.025320268109909276,0.03410672117391438,Q2,2024
Tampines / Bedok,Singapore,55,2,1,33789000.0,614337.0,HDB,1.1510224895229673,7.44612117328516,9.665167837743041,9.646698022574794,0.022064995009342156,0.03210007973364663,Q4,2024
Woodlands / Yishun,Singapore,120,2,3,45118000.0,375985.0,HDB,10.892050510121393,8.874521532677466,9.17226625301201,9.705359690676397,0.02998107709065468,0.04343721594131356,Q2,2024
Jurong West,Singapore,75,2,1,35566000.0,474215.0,HDB,4.004505644106385,7.986023061253256,9.004307621796888,9.122962656975865,0.046940930362175774,0.033623890233631756,Q1,2023
Bukit Timah,Singapore,105,3,2,111982000.0,1066499.0,HDB,17.510405379637564,7.570947188360295,9.957242368101586,9.328101483852354,0.01887556176697143,0.02885932185770094,Q2,2023
Orchard / Marina Bay,Singapore,75,1,1,138709000.0,1849453.0,Landed,1.2010385869441258,7.9365333845358546,9.652453321231702,9.293771580445291,0.018158192107379553,0.027850400290548596,Q3,2024
Woodlands / Yishun,Singapore,75,3,4,43564000.0,580855.0,Landed,12.82341882153618,8.299689079495066,9.196124101272048,9.411171129998618,0.02445635644307595,0.03981133433883351,Q2,2024
Novena / Toa Payoh,Singapore,55,1,1,70385000.0,1279718.0,Landed,19.332296591650547,7.882927873766745,9.449109541273675,9.520763714658008,0.028940364788810194,0.02763327594054551,Q2,2023
Orchard / Marina Bay,Singapore,75,2,1,102919000.0,1372258.0,HDB,15.54601225485424,8.664540044058484,9.78014963635923,9.691999395029995,0.04008619913348398,0.027467234673950798,Q4,2024
Tampines / Bedok,Singapore,55,2,2,35117000.0,638492.0,HDB,9.243899449360722,7.634535168390819,9.983223485509981,9.675679145496098,0.01886144361614308,0.044322188867402204,Q3,2024
Novena / Toa Payoh,Singapore,105,3,4,111002000.0,1057165.0,Condo,6.884053958463052,8.550207875464647,9.359702398327212,9.188754617311538,0.03831885804034598,0.0204685589933609,Q1,2023
Tampines / Bedok,Singapore,65,1,1,35192000.0,541409.0,HDB,22.635366607548868,8.366463026953076,9.155591169184,9.155281871906233,0.04055009157468578,0.01926617561428818,Q2,2024
Tampines / Bedok,Singapore,120,4,3,98716000.0,822631.0,Landed,12.278828787395009,7.935932790212037,9.552169019818562,9.270096816430364,0.031076527868862502,0.04216582112430477,Q3,2023
Tampines / Bedok,Singapore,75,1,1,48620000.0,648261.0,Condo,9.406818526174849,7.420759113189108,9.012665718037079,9.632689803664015,0.012213869645953102,0.036132609898898875,Q3,2024
Bukit Timah,Singapore,90,2,3,101470000.0,1127443.0,HDB,14.776842559553913,8.210935556946207,9.223046763501173,9.26526798194923,0.046863553109806895,0.021737190997182108,Q1,2024
Orchard / Marina Bay,Singapore,55,1,2,79112000.0,1438408.0,Condo,9.320413205819133,7.752847984428074,9.196888341411503,9.94987648900916,0.024908049468039897,0.014365043108019226,Q4,2024
Novena / Toa Payoh,Singapore,45,2,2,38674000.0,859432.0,HDB,22.927261072735604,7.864241619179495,9.17293417309515,9.469626087708521,0.043182464562772124,0.03380107871347601,Q4,2023
Jurong West,Singapore,75,1,1,52748000.0,703310.0,Landed,15.094736517778058,8.998531152211273,9.098598631967848,9.893616011741804,0.02668987869726886,0.04677855777881931,Q1,2023
Tampines / Bedok,Singapore,45,1,2,40495000.0,899880.0,Landed,22.382976155022543,7.019411206406498,9.440062738018263,9.1667536055527,0.030997446244917376,0.024104942696781047,Q4,2024
Bukit Timah,Singapore,120,4,3,174714000.0,1455949.0,Condo,12.276247562628985,7.4950389514992555,9.617958885761835,9.534214261542653,0.04170361890419255,0.04446299376973915,Q4,2023
Bukit Timah,Singapore,140,4,3,146849000.0,1048924.0,HDB,24.95549819680275,7.4176081562599645,9.55051147055739,9.134935048309986,0.03636709278912489,0.014163042818445947,Q2,2024
Tampines / Bedok,Singapore,120,2,3,87858000.0,732152.0,Condo,7.672783562482589,7.926199812073834,9.599018827139643,9.751448972685683,0.032483544329854,0.027409933971355098,Q4,2023
Bukit Timah,Singapore,55,1,1,68577000.0,1246851.0,Condo,21.186621400871207,8.996992893397797,9.82212186370866,9.343568214429933,0.023450797293050944,0.010870300210916306,Q1,2023
Orchard / Marina Bay,Singapore,45,2,3,69770000.0,1550448.0,Condo,10.513716199322058,8.467631844958884,9.485342486624443,9.047103650587383,0.04353563146812391,0.010421079877440587,Q4,2023
Tampines / Bedok,Singapore,55,2,3,50357000.0,915586.0,Landed,16.62733114653272,7.363410384987066,9.778614395969429,9.921562135214955,0.01337577008960098,0.038597601932048434,Q1,2023
Woodlands / Yishun,Singapore,45,1,2,21237000.0,471942.0,Condo,4.760220109267795,7.193450684559432,9.745917028015848,9.81686586108126,0.020690544913354966,0.011648063304145376,Q3,2023
Novena / Toa Payoh,Singapore,45,2,1,60375000.0,1341661.0,Landed,7.833680400357424,8.3815044905497,9.447704707304888,9.636973761273913,0.046080635215835226,0.03672185486460143,Q3,2024
Orchard / Marina Bay,Singapore,120,4,4,214017000.0,1783471.0,Landed,23.490966241173275,8.70012844954011,9.809601823197166,9.176894726040473,0.042734799228886365,0.03391028589586282,Q2,2024
Novena / Toa Payoh,Singapore,55,2,1,45991000.0,836204.0,HDB,8.458950319725894,7.904672625196074,9.791907456830907,9.837681659623078,0.048409966816864075,0.017098649602292355,Q1,2023
Bukit Timah,Singapore,75,3,3,127690000.0,1702539.0,Landed,13.895635996537816,7.864539256795588,9.397258506621757,9.190330316176158,0.021747074923710405,0.03237766611805642,Q2,2024
Novena / Toa Payoh,Singapore,75,1,2,70027000.0,933694.0,Condo,10.631515487257875,8.549998457274748,9.696340644976493,9.127667396856406,0.02748480503547676,0.030979426850348185,Q3,2024
Jurong West,Singapore,38,1,1,15695000.0,413033.0,HDB,9.447408128673363,8.032839659792478,9.321089090638612,9.019592984646879,0.015081553865291787,0.013453146533303446,Q4,2024
Woodlands / Yishun,Singapore,120,2,2,50601000.0,421674.0,HDB,16.55115509286705,8.007159840281966,9.849547565984777,9.485211698428266,0.0355682326978495,0.019126011903356874,Q2,2024
Jurong West,Singapore,38,1,2,19332000.0,508736.0,Condo,13.235696785635927,7.769555120790533,9.809185712114878,9.570550358811499,0.03362633006869173,0.013129969970643045,Q3,2023
Tampines / Bedok,Singapore,55,2,3,45860000.0,833811.0,Landed,15.112835128056977,7.280460624591176,9.621420422320485,9.120171089994342,0.03635443019686351,0.031063942516887474,Q4,2023
Orchard / Marina Bay,Singapore,38,1,1,60996000.0,1605156.0,Condo,4.951133838312204,7.218572415535066,9.455933948485612,9.433404868669907,0.042746288849841135,0.0309058394428127,Q1,2023
Woodlands / Yishun,Singapore,55,1,1,33443000.0,608050.0,Landed,1.7602174921535072,8.6732810966755,9.371115709844227,9.822503573864212,0.04705794091386262,0.010740030331276924,Q1,2023
Woodlands / Yishun,Singapore,120,4,3,62426000.0,520219.0,Condo,20.715658932334925,8.578278302993459,9.252434089378255,9.272835339833916,0.02987372043661425,0.03549826923393934,Q4,2024
Bukit Timah,Singapore,65,1,1,109426000.0,1683480.0,Landed,4.9567642534450345,7.131820719120421,9.95534189469864,9.375288144567865,0.04481136245629627,0.017806041904311322,Q2,2024
Bukit Timah,Singapore,45,2,3,67113000.0,1491406.0,Condo,18.05045324502357,7.702576999263241,9.993017937800238,9.48045550648125,0.03866054870212862,0.03616612481607203,Q2,2024
Orchard / Marina Bay,Singapore,45,2,2,89474000.0,1988301.0,Landed,6.039634047477109,7.349728051100394,9.405101972361173,9.027411132667138,0.01699841122314797,0.03201939643811682,Q1,2024
Woodlands / Yishun,Singapore,90,3,4,58343000.0,648254.0,Landed,4.1589736474822585,8.400744127342724,9.272790310774068,9.145774853751004,0.018266690055748387,0.018255831695830775,Q3,2024
Orchard / Marina Bay,Singapore,90,2,2,132871000.0,1476348.0,Condo,21.556203338100808,8.201595482894314,9.446587448391043,9.859566888006967,0.02208001684760716,0.01774957848563028,Q1,2024
Novena / Toa Payoh,Singapore,120,4,4,160343000.0,1336192.0,Landed,4.854467705192865,7.496131733177792,9.79941815056414,9.510880861587752,0.049920468704359684,0.015100686557639856,Q4,2023
Tampines / Bedok,Singapore,65,1,1,62667000.0,964102.0,Landed,17.781692126760806,7.18443068796341,9.814698661853663,9.42285226264765,0.029657666263067463,0.021746919430813843,Q3,2023
Tampines / Bedok,Singapore,105,2,2,90198000.0,859025.0,Landed,8.912617223810395,7.695068438102357,9.563495376949627,9.643393638290195,0.042770154048079864,0.032239999004364306,Q3,2023
Bukit Timah,Singapore,90,3,4,155333000.0,1725926.0,Landed,12.645300737682156,7.706385370724049,9.80561565491587,9.248550520206335,0.02945233304254622,0.02104330779541421,Q4,2024
Novena / Toa Payoh,Singapore,55,2,1,58468000.0,1063057.0,Condo,5.775103465662118,7.369721180570643,9.961495995747212,9.391239026734356,0.031097696078030347,0.010085012484405546,Q2,2023
Woodlands / Yishun,Singapore,90,3,2,47065000.0,522946.0,Condo,14.381214505843593,7.638464050166657,9.991701513923513,9.904220767667749,0.03847976250084487,0.04394344887310042,Q3,2023
Woodlands / Yishun,Singapore,140,4,5,81226000.0,580183.0,Landed,19.535498496439796,7.3157033031753445,9.132513988939357,9.664745355499324,0.03349216216226267,0.01143690631330772,Q4,2024
Novena / Toa Payoh,Singapore,75,1,1,94438000.0,1259174.0,Landed,5.899374791449526,8.061284634663826,9.079512674516037,9.661193822122573,0.04441091184067882,0.02059907846341954,Q2,2023
Jurong West,Singapore,38,1,1,15634000.0,411428.0,HDB,23.090791954452445,8.791197738005643,9.576974075663049,9.42666231624374,0.032527311852631,0.026360689607819898,Q1,2024
Jurong West,Singapore,105,4,3,51929000.0,494562.0,HDB,6.796735985430436,7.604576942814855,9.364008435544058,9.606799110220527,0.03906673588063959,0.04153590613340302,Q2,2023
Jurong West,Singapore,105,2,3,72417000.0,689684.0,Landed,23.878066726677673,8.526236893115247,9.302875580041501,9.941008599392518,0.03754333391208988,0.02772352387435381,Q2,2023
Orchard / Marina Bay,Singapore,105,3,4,145067000.0,1381589.0,HDB,23.22608902674337,7.763403920263144,9.576722590616832,9.3584716085795,0.04632518671082508,0.038926863898201144,Q1,2023
Woodlands / Yishun,Singapore,65,1,1,30627000.0,471190.0,Condo,17.59845543231016,8.485591056019498,9.72081625818351,9.111266808153232,0.013584015061089217,0.027464159620055648,Q2,2024
Bukit Timah,Singapore,105,3,4,124964000.0,1190129.0,HDB,5.0589361600704805,8.368722737882184,9.626241273473026,9.928129316207071,0.04477534940694015,0.032913124997454066,Q2,2024
Jurong West,Singapore,120,2,3,51809000.0,431745.0,HDB,20.750177541918898,8.704138968265495,9.711126680880819,9.968957898469553,0.018098878260033383,0.045383086416045236,Q1,2024
Novena / Toa Payoh,Singapore,140,4,4,167391000.0,1195647.0,Landed,18.8694777795512,8.318163759723134,9.523917380118835,9.585841949853046,0.04155991447496424,0.03054219117177972,Q4,2023
Woodlands / Yishun,Singapore,105,4,4,59716000.0,568723.0,Landed,19.141400923693865,8.902335650313034,9.353211221215616,9.892298445338279,0.04004933295117251,0.010608309885857934,Q3,2024
Tampines / Bedok,Singapore,75,2,3,56449000.0,752659.0,Condo,18.306036495626145,8.196538539764155,9.056848192408005,9.336928920102874,0.022223433681970564,0.03478271811863993,Q3,2024
Novena / Toa Payoh,Singapore,90,1,1,105945000.0,1177170.0,Landed,16.946264894207832,7.460000947751735,9.033982750487972,9.356643911490583,0.021757738617344556,0.015322237081603296,Q3,2023
Orchard / Marina Bay,Singapore,38,1,2,59821000.0,1574243.0,Condo,19.915876566606602,7.099015451058884,9.735912513572757,9.302237847132364,0.011287869385301944,0.0226883597521188,Q3,2024
Tampines / Bedok,Singapore,105,4,3,64073000.0,610219.0,HDB,4.780501282156853,8.83110088591,9.849427368135318,9.880212505920149,0.018700792262225548,0.02114386867802187,Q2,2023
Woodlands / Yishun,Singapore,38,1,1,14873000.0,391384.0,HDB,15.817267070278731,8.88152585456509,9.564704211793876,9.830733578905841,0.023405253995753408,0.04397559196362173,Q3,2024
Jurong West,Singapore,120,3,4,60864000.0,507202.0,Condo,7.973419306501502,7.9556295272148905,9.829137004200637,9.494997886787681,0.044316403514715295,0.030547804132740913,Q1,2024
Woodlands / Yishun,Singapore,38,1,1,16621000.0,437385.0,Condo,22.12383986327489,8.278210182714814,9.417973736032739,9.269407665134342,0.0458820424818145,0.02480034111440233,Q3,2024
Tampines / Bedok,Singapore,65,2,3,49163000.0,756351.0,Condo,2.493098646628023,8.182496800600283,9.597228481490031,9.850530322817528,0.04199921606766653,0.033883843757816105,Q2,2023
Bukit Timah,Singapore,90,3,4,93604000.0,1040039.0,HDB,7.741050169607761,7.366850539325086,9.347229739400435,9.676231607285715,0.03428510593847185,0.04482579271932013,Q2,2023
Orchard / Marina Bay,Singapore,45,1,2,53594000.0,1190973.0,HDB,10.997371727992281,8.28376390771999,9.852149474955395,9.604302913969178,0.04203009281639661,0.017926627594927157,Q1,2023
Tampines / Bedok,Singapore,65,2,3,47752000.0,734651.0,Condo,18.5762761830635,8.65649420764046,9.788645654290955,9.072799077233146,0.041879807375147786,0.023180439527980923,Q4,2023
Woodlands / Yishun,Singapore,105,4,5,61611000.0,586767.0,Landed,22.863577875399542,8.856338716040227,9.674108289866753,9.954224003893232,0.045392632169865714,0.016552917236244538,Q2,2024
Jurong West,Singapore,140,3,3,91158000.0,651126.0,Landed,6.324019569825946,7.703907807628308,9.077129173155102,9.835999498006801,0.025649536041936254,0.012249279709085906,Q2,2024
Orchard / Marina Bay,Singapore,55,1,2,73339000.0,1333440.0,HDB,5.049865306416363,8.291298648634122,9.24806169905499,9.088753993888622,0.046063658661148255,0.0441622592143387,Q3,2023
Jurong West,Singapore,105,2,2,49229000.0,468844.0,HDB,11.62045036605381,8.411188861395487,9.994056941273277,9.089357203441885,0.04128486484257867,0.0261958918522699,Q1,2023
Bukit Timah,Singapore,120,4,5,167311000.0,1394262.0,Condo,19.951747782652458,8.693574235275532,9.78641923591567,9.301614652922723,0.015838283506893997,0.03189033524207474,Q3,2024
Woodlands / Yishun,Singapore,105,3,2,58747000.0,559497.0,Landed,22.62541079362785,7.030311557310732,9.335262838976089,9.493457094727399,0.03584598811751567,0.03365227257920729,Q1,2024
Novena / Toa Payoh,Singapore,45,1,1,40791000.0,906474.0,HDB,14.011614927237602,8.926305966027416,9.67710786922688,9.198202599839574,0.023440608818612547,0.03190015227261271,Q4,2024
Novena / Toa Payoh,Singapore,90,3,4,99454000.0,1105044.0,Condo,20.65116159694092,7.957963264635009,9.221955303002176,9.435240620905684,0.016946712205278443,0.03750925399748354,Q3,2024
Orchard / Marina Bay,Singapore,75,1,1,109857000.0,1464758.0,Condo,23.80280347117023,7.658556789796006,9.903038912121556,9.927932428360892,0.03477470139105707,0.030351597390063503,Q4,2023
Jurong West,Singapore,140,4,3,59299000.0,423567.0,HDB,10.139390348924826,7.579614622450648,9.3423217134492,9.260141645925543,0.015075666398823084,0.040111194224425356,Q3,2023
Tampines / Bedok,Singapore,75,2,2,52264000.0,696854.0,Condo,12.188701246264607,7.3100918751793635,9.718737357126372,9.887366615588556,0.04519545496188804,0.03160290122049396,Q1,2024
Novena / Toa Payoh,Singapore,65,2,3,55805000.0,858533.0,HDB,6.09533548198853,7.655683947535588,9.381058295854444,9.511153656694505,0.01048352363717024,0.031189031316465103,Q3,2024
Bukit Timah,Singapore,90,1,2,121189000.0,1346541.0,Condo,7.809195220668556,7.7020889409579505,9.782897523486392,9.043819954876634,0.04385616340935936,0.011136896476377651,Q2,2023
Tampines / Bedok,Singapore,140,4,3,96500000.0,689287.0,Condo,21.255477650539913,7.798525936154751,9.587564208823704,9.594323236058917,0.04903954038584874,0.04672405509005133,Q1,2023
Jurong West,Singapore,65,1,1,46986000.0,722860.0,Landed,24.32908486019153,7.046905260173508,9.415637421658786,9.60636046156662,0.022424256183284932,0.024211683040759824,Q2,2024
Jurong West,Singapore,55,2,1,29560000.0,537455.0,Condo,21.640526686226178,8.704181375859491,9.521200706351665,9.762619495093826,0.011265434031796633,0.04738547911692501,Q2,2024
Bukit Timah,Singapore,140,4,3,220574000.0,1575530.0,Landed,10.498888480265101,8.36546446524379,9.796380672021595,9.154460404301267,0.013557605981081768,0.0411397043943275,Q3,2023
Jurong West,Singapore,90,1,1,50115000.0,556834.0,Condo,13.662230223416458,8.285513086905972,9.659534100416574,9.986722299457222,0.023296774519126782,0.042519914687752736,Q3,2023
Jurong West,Singapore,105,3,2,58361000.0,555820.0,Condo,9.156122786638647,7.426754151823545,9.400575589123966,9.535837847135454,0.0227131173303888,0.03571914078552692,Q1,2023
Bukit Timah,Singapore,120,4,4,217785000.0,1814877.0,Landed,7.571568104048377,8.909533283252449,9.164220266758239,9.623835086304762,0.022778870192426498,0.01446101620232676,Q2,2023
Tampines / Bedok,Singapore,65,1,1,55272000.0,850340.0,Landed,23.238294625350317,7.9414454709960465,9.126564276265247,9.475808250599817,0.02652732335333015,0.039874711953831375,Q2,2024
Bukit Timah,Singapore,140,4,5,176405000.0,1260035.0,Condo,8.241838788536324,8.30267665414897,9.53779020561992,9.368694708646284,0.03209482753769517,0.017734504767354938,Q4,2023
Woodlands / Yishun,Singapore,55,2,2,23595000.0,428997.0,HDB,9.494858253972584,7.559851713323005,9.875848546740816,9.483567206062816,0.02846730315139242,0.04267475654657519,Q2,2023
Woodlands / Yishun,Singapore,105,4,5,39150000.0,372859.0,HDB,20.967473229368768,7.70188135278995,9.931357021570012,9.176729750087803,0.042053151652728125,0.02170081706432317,Q4,2024
Jurong West,Singapore,45,1,2,22193000.0,493174.0,HDB,24.524313027932774,7.796184112723102,9.464341248203946,9.549447457155777,0.014505531320160352,0.010175346610337024,Q2,2023
Orchard / Marina Bay,Singapore,120,2,3,162804000.0,1356700.0,HDB,1.7422424810904742,8.99871782776208,9.064691026242965,9.059949889830392,0.011374718304582507,0.031208768349672095,Q4,2023
Jurong West,Singapore,38,1,1,18707000.0,492280.0,HDB,11.44828991606136,8.71997043412693,9.427656201153237,9.309526308585525,0.02762353270415622,0.023710408046739597,Q2,2024
Bukit Timah,Singapore,45,1,2,72060000.0,1601339.0,Landed,19.30512670739499,8.325333565472631,9.529009226732926,9.80562014367145,0.04676859496174809,0.04552485300541226,Q3,2023
Tampines / Bedok,Singapore,105,3,3,99580000.0,948385.0,Landed,15.49043528380482,8.516276093916481,9.364126599545566,9.917357968700497,0.04065826869751912,0.013108837546927848,Q1,2024
Bukit Timah,Singapore,105,2,3,134599000.0,1281896.0,Condo,6.241606505567893,8.426376337079635,9.270214842792814,9.16558178661439,0.011316688773025186,0.01372077564572415,Q4,2024
Bukit Timah,Singapore,75,2,1,78701000.0,1049345.0,HDB,23.765719455513977,8.551742268550383,9.488161637609151,9.86726141632366,0.04141013669598368,0.03351254088728394,Q3,2023
Novena / Toa Payoh,Singapore,65,1,2,63431000.0,975863.0,Condo,2.2757173663118593,8.038568606887306,9.49894265740069,9.541271536336795,0.027715881359075323,0.04075907464971157,Q3,2024
Jurong West,Singapore,75,1,1,54580000.0,727731.0,Landed,13.055359193681484,7.636281403090921,9.873890741965905,9.533677616128465,0.014844155310659737,0.03259300242996971,Q4,2023
Jurong West,Singapore,75,3,2,46081000.0,614411.0,Landed,9.964463245469073,7.7907059532761975,9.857393580925933,9.614733622048446,0.038300523470197176,0.03189986969581708,Q4,2024
Woodlands / Yishun,Singapore,120,3,2,71066000.0,592218.0,Landed,9.079392497275588,8.827431803553068,9.646367091393005,9.887186782076963,0.04238094342532052,0.015355911128294762,Q3,2024
Jurong West,Singapore,120,3,2,77032000.0,641931.0,Landed,14.344232845757347,7.549454621587076,9.960395378935601,9.09966617158311,0.027983423550269074,0.019909034561507895,Q4,2023
Woodlands / Yishun,Singapore,120,3,2,73220000.0,610163.0,Landed,17.562915406003526,8.253815909678309,9.15248585314195,9.231923736920763,0.02222161516746917,0.02793957038171265,Q2,2024
Tampines / Bedok,Singapore,140,4,5,95857000.0,684691.0,Condo,11.60795163905271,7.469539110845252,9.663328825237217,9.599598207999291,0.04843383514207048,0.04458641392753091,Q3,2024
Bukit Timah,Singapore,45,1,1,76224000.0,1693863.0,Landed,6.03834186915386,8.410637109462586,9.293572243389965,9.20402088395404,0.010011778807813987,0.035947999962269835,Q2,2024
Tampines / Bedok,Singapore,90,1,1,77264000.0,858485.0,Landed,19.404468774862238,7.789778248853041,9.520490607047421,9.972117177603405,0.019347490451214318,0.019171134652649028,Q3,2024
Bukit Timah,Singapore,105,2,3,109817000.0,1045874.0,HDB,23.066933553036264,7.745605279176799,9.585648190870693,9.944571929739777,0.03583472594488472,0.03864646117266856,Q2,2024
Woodlands / Yishun,Singapore,105,4,4,42806000.0,407679.0,HDB,7.409980527577145,8.318823719863207,9.905401993357618,9.494969738600362,0.03985299075811271,0.024139036970546354,Q3,2024
Woodlands / Yishun,Singapore,90,1,2,40413000.0,449031.0,Condo,10.793167695006112,7.727373307789923,9.524920705444005,9.856577010949282,0.031026667084116014,0.042511807340422224,Q2,2024
Bukit Timah,Singapore,90,3,2,117252000.0,1302797.0,Condo,14.591628929953927,8.529066036456499,9.93729121835456,9.848623895035228,0.04198840457768371,0.03596297260693151,Q1,2023
Tampines / Bedok,Singapore,105,2,3,103692000.0,987543.0,Landed,6.11269672867604,8.069122627144395,9.477081859756014,9.22288221169738,0.041206317404120715,0.018951196468633285,Q4,2023
Novena / Toa Payoh,Singapore,120,4,3,152770000.0,1273080.0,Landed,21.763706397035293,7.258696762024105,9.234922855352712,9.82380737640696,0.030461111876354044,0.04497706215193937,Q1,2023
Tampines / Bedok,Singapore,38,1,1,29155000.0,767226.0,Condo,19.46924931089452,8.018452085514213,9.83572859700284,9.406561005753785,0.010989449427418148,0.04749198330825407,Q4,2024
Orchard / Marina Bay,Singapore,105,4,4,224544000.0,2138514.0,Landed,8.121583265336362,8.360663488403661,9.696527628518165,9.099061170458686,0.02242284121208616,0.01921769364202077,Q2,2023
Tampines / Bedok,Singapore,140,3,4,132838000.0,948840.0,Landed,19.053148069941194,7.968767690679092,9.2318641790679,9.043942092879298,0.04580143121715393,0.04513651934747831,Q4,2023
Woodlands / Yishun,Singapore,55,2,2,32650000.0,593632.0,Landed,22.352820805649557,7.509604915879646,9.449007443038225,9.839346953789406,0.012623891493809106,0.02354849087264096,Q2,2024
Woodlands / Yishun,Singapore,105,4,4,44826000.0,426918.0,HDB,15.136677670432455,8.696318543995659,9.117258933967483,9.997149660292127,0.0408678709353638,0.03507732206006246,Q1,2024
Bukit Timah,Singapore,55,1,1,74078000.0,1346879.0,Condo,13.262802407623624,7.455560297695319,9.692470026837857,9.699825673096417,0.03594615397483412,0.01852439275039465,Q1,2024
Bukit Timah,Singapore,120,2,2,137339000.0,1144489.0,HDB,20.20491408841529,8.571464027777886,9.016529231967414,9.118466424707378,0.03127929044907953,0.010446167792378539,Q2,2024
Jurong West,Singapore,120,4,3,59705000.0,497545.0,Condo,20.887702221840087,8.139220252399257,9.66747109770992,9.846096943642417,0.012273427914360898,0.01826583024887058,Q3,2023
Tampines / Bedok,Singapore,120,3,2,68729000.0,572743.0,HDB,1.851160910829254,8.425197271666615,9.260366368596625,9.151543921848177,0.049329278087440365,0.010877566625122053,Q3,2023
Bukit Timah,Singapore,65,1,2,78225000.0,1203456.0,HDB,13.38258401602809,7.220352970812339,9.149026197535687,9.015076614433902,0.03821640195539744,0.04936161275220745,Q4,2024
Orchard / Marina Bay,Singapore,120,3,3,198426000.0,1653548.0,Condo,7.821344996205608,7.143269572473229,9.184774495189485,9.994641314636368,0.04517680649262328,0.024709935351191634,Q3,2023
Novena / Toa Payoh,Singapore,55,1,1,44812000.0,814770.0,HDB,10.807238594200477,8.597007107206709,9.256854575432323,9.076294666836443,0.029073400805345914,0.032900159723141364,Q4,2023
Tampines / Bedok,Singapore,38,2,1,25700000.0,676327.0,Condo,17.848579998964045,7.454186452972114,9.013009638224327,9.303738059766994,0.022586765686221894,0.03184553528974402,Q4,2023
Tampines / Bedok,Singapore,120,3,3,115669000.0,963908.0,Landed,19.228221206681056,8.932514695870951,9.699166943225674,9.70429648013982,0.028018172344378665,0.04254723970471495,Q3,2023
Orchard / Marina Bay,Singapore,105,4,3,162074000.0,1543561.0,Condo,15.582052323419394,8.982980782239343,9.04738728825262,9.029460153315833,0.015166458709381039,0.011688474109636027,Q2,2024
Bukit Timah,Singapore,38,1,1,45994000.0,1210372.0,HDB,9.851613028490554,8.720155871713528,9.625781868705625,9.673959929286422,0.048733186523348966,0.033505464499730575,Q3,2023
Tampines / Bedok,Singapore,65,1,1,49477000.0,761190.0,Condo,10.910514919727293,8.964824483024277,9.374314767961181,9.367015721908158,0.023000444281055344,0.04565927427250027,Q1,2023
Novena / Toa Payoh,Singapore,120,4,5,127895000.0,1065794.0,Condo,15.673753317984925,7.188878399324555,9.336456469509253,9.205344633209357,0.03597839739309166,0.02316798004143504,Q4,2024
Novena / Toa Payoh,Singapore,38,1,2,38822000.0,1021633.0,Condo,22.300993208535928,8.855307898498307,9.212338720100405,9.022370794107564,0.03371938605871115,0.04329482746779421,Q1,2023
Novena / Toa Payoh,Singapore,45,2,3,42052000.0,934483.0,HDB,21.822380238922463,8.021284276107613,9.157462452745646,9.526546405681009,0.03436361275609184,0.03230437674580284,Q1,2024
Tampines / Bedok,Singapore,45,1,2,29477000.0,655046.0,Condo,6.2484736974183415,8.987646170471766,9.692435049290186,9.252874005800434,0.042896885045386676,0.03452708638907803,Q2,2024
Bukit Timah,Singapore,105,3,3,112074000.0,1067368.0,HDB,7.460432970815544,7.630539845986272,9.543690273061811,9.152559758872966,0.04080667395717347,0.012618480476206267,Q4,2024
Tampines / Bedok,Singapore,120,2,2,78531000.0,654425.0,Condo,18.39801019797439,8.346812356880449,9.69752831347796,9.965624791391033,0.03355091056394856,0.01901435829672922,Q3,2024
Orchard / Marina Bay,Singapore,140,3,4,207095000.0,1479247.0,Condo,24.366417576968846,7.396949375948472,9.158285404401907,9.946693051438546,0.02543824513449846,0.027471812755658465,Q4,2024
Tampines / Bedok,Singapore,38,1,1,24959000.0,656817.0,HDB,13.814353863160095,8.854456532372028,9.357677154963778,9.981258808486713,0.03465283720544563,0.02339612992468741,Q3,2023
Woodlands / Yishun,Singapore,140,4,3,81156000.0,579685.0,Landed,6.928028051021239,8.405815614879753,9.607590832288052,9.95901417799372,0.030730357128722047,0.015006589784543967,Q4,2024
Jurong West,Singapore,45,2,3,19184000.0,426304.0,HDB,19.170690836158315,8.791252625233366,9.99821326990954,9.791346490230499,0.03523800312180532,0.022670935816673735,Q3,2023
Tampines / Bedok,Singapore,105,4,5,69172000.0,658785.0,Condo,7.453332340204814,8.398759266708819,9.676592743383546,9.832619964156079,0.017793830771719428,0.021083274437627968,Q1,2023
Novena / Toa Payoh,Singapore,120,4,3,159775000.0,1331459.0,Landed,22.777208266301905,8.395598333035135,9.728101843218463,9.951388958768165,0.010743834626006619,0.03161183088347933,Q2,2024
Bukit Timah,Singapore,55,2,3,59299000.0,1078162.0,HDB,21.824732066270425,8.172851214006057,9.986160186754667,9.12229475657885,0.0410350781972534,0.02927439072880117,Q2,2023
Bukit Timah,Singapore,38,1,1,49273000.0,1296669.0,Condo,2.1300189483514433,8.929380681930475,9.51433257531717,9.225866815160533,0.02342890861714757,0.02299391636105035,Q3,2023
Tampines / Bedok,Singapore,140,5,5,93579000.0,668423.0,Condo,9.877269468786693,8.28948949549809,9.638941851482231,9.661819902088435,0.046333890715730304,0.04110749834257114,Q1,2023
Tampines / Bedok,Singapore,65,1,1,44740000.0,688313.0,Condo,5.250601317800628,7.883524268374124,9.658050875523173,9.76287911451894,0.04080554382703742,0.02106066716208797,Q4,2024
Tampines / Bedok,Singapore,38,2,2,21211000.0,558196.0,HDB,9.894847828887942,8.749307976957953,9.502342730600146,9.431156214453821,0.028167928723855214,0.04523232392197258,Q3,2024
Bukit Timah,Singapore,105,4,4,130008000.0,1238173.0,HDB,16.92218761403906,8.916546365833655,9.836050908889296,9.00903946862998,0.030818045332186704,0.028302831389928854,Q1,2024
Bukit Timah,Singapore,140,5,4,163472000.0,1167658.0,HDB,17.78117285546609,7.462992027223503,9.21296455795376,9.393911326180369,0.01958786844216604,0.03479163954887309,Q4,2023
Woodlands / Yishun,Singapore,75,3,4,30412000.0,405491.0,HDB,17.444610000814198,8.986415533983338,9.45803331973847,9.822620788989038,0.04850783606824628,0.0434186469377553,Q1,2023
Orchard / Marina Bay,Singapore,120,3,3,161490000.0,1345748.0,HDB,14.2889918570271,8.428566203500813,9.380786789718822,9.640981614977541,0.01590797660839539,0.01798887795307741,Q2,2024
Woodlands / Yishun,Singapore,90,1,2,50798000.0,564427.0,Landed,24.765703461545172,7.75025901564623,9.843365873571562,9.104399985290993,0.045706185302920456,0.024808344304449156,Q3,2024
Jurong West,Singapore,120,4,3,53211000.0,443422.0,HDB,23.306659810576285,8.079604223857896,9.585973217556932,9.733321164689622,0.028046944736379975,0.04418784582565422,Q1,2023
Jurong West,Singapore,120,3,3,88493000.0,737440.0,Landed,16.807013586701437,8.156880901703804,9.055590895751028,9.39029171290633,0.03508833097884829,0.024638522895159103,Q4,2024
Bukit Timah,Singapore,45,2,1,56294000.0,1250979.0,HDB,20.3583890196486,7.049483192177827,9.157906770385551,9.807648012953733,0.03972881111133796,0.029622491603983135,Q2,2024
Woodlands / Yishun,Singapore,38,2,1,22603000.0,594827.0,Landed,4.033896586793998,8.738283662729874,9.897002766456376,9.126083607426507,0.010473591704459549,0.04155502464795852,Q3,2024
Bukit Timah,Singapore,65,1,2,88750000.0,1365382.0,Condo,24.745756917746657,7.320556340166689,9.488499036825042,9.79789267022424,0.033340963549911395,0.02920321315200064,Q3,2024
Tampines / Bedok,Singapore,140,3,2,109153000.0,779666.0,Condo,1.1002044271880624,8.03873138097671,9.744208155683936,9.513171894827614,0.030175458776674692,0.028666981871819985,Q4,2023
Bukit Timah,Singapore,105,2,2,193743000.0,1845171.0,Landed,13.714932963096455,8.432613927976504,9.674709960451644,9.664424363653065,0.0264547192277651,0.020248184709645296,Q3,2023
Woodlands / Yishun,Singapore,140,3,4,72287000.0,516336.0,Condo,3.580888044320294,7.228499126772267,9.80122838546108,9.165557360913569,0.01737055930371076,0.04102869200920261,Q2,2023
Novena / Toa Payoh,Singapore,75,1,2,70132000.0,935092.0,Condo,22.078720042486946,7.9039977165737,9.4294423905376,9.873830836721478,0.04077200252070472,0.029368990444074802,Q3,2023
Tampines / Bedok,Singapore,75,2,2,61681000.0,822411.0,Landed,11.792129432863412,7.943836475961679,9.186861062853986,9.396030306891639,0.025146302001181394,0.017382480791666544,Q1,2024
Jurong West,Singapore,65,2,1,32694000.0,502988.0,Condo,9.85091271978058,7.906409663553836,9.129919934169532,9.76195371140007,0.023604250633232376,0.019582026612300803,Q4,2024
Novena / Toa Payoh,Singapore,38,1,1,39435000.0,1037773.0,Condo,24.57028460630918,7.993201039910984,9.413131263903145,9.321464810860821,0.049232148901169025,0.013187589994849192,Q2,2024
Orchard / Marina Bay,Singapore,105,4,4,193730000.0,1845044.0,Landed,20.720613317825123,7.214852155492178,9.107537787722354,9.370805075650894,0.020531707066617007,0.020064482658340876,Q2,2024
Jurong West,Singapore,55,2,3,33489000.0,608895.0,Landed,21.138562238462058,7.38508305167147,9.516167461011053,9.260912187966115,0.01683044165555427,0.010948935624533656,Q1,2023
Orchard / Marina Bay,Singapore,55,1,2,70423000.0,1280413.0,HDB,24.736410164729175,8.64175349463798,9.71336625175424,9.257012036917827,0.039377195836266914,0.014456749005405622,Q1,2024
Tampines / Bedok,Singapore,38,1,1,29950000.0,788154.0,Condo,8.036767002072812,7.630451086453345,9.498014081995905,9.8874438052152,0.04756240150782058,0.03660434417776075,Q1,2023
Novena / Toa Payoh,Singapore,90,2,2,113132000.0,1257027.0,Landed,12.4550508115217,8.624455958553186,9.598648350676953,9.602434017521798,0.049869974259003705,0.03960566956816466,Q4,2023
Bukit Timah,Singapore,90,1,1,95624000.0,1062490.0,HDB,17.84451426153836,7.620501244408206,9.135486326668047,9.073933730577517,0.04554384943460991,0.02796313059057612,Q3,2023
Tampines / Bedok,Singapore,140,3,4,107095000.0,764965.0,Condo,17.068237817558785,8.275505989564858,9.95463810298855,9.001849919020618,0.026720342868455788,0.01546838044521428,Q2,2024
Novena / Toa Payoh,Singapore,45,2,2,49714000.0,1104764.0,Condo,20.838762207195465,8.552614090807324,9.947703064219365,9.800791530934678,0.036502598102174016,0.043377788202683495,Q3,2023
Tampines / Bedok,Singapore,75,3,3,63464000.0,846191.0,Landed,21.64860929452262,8.921076241306777,9.378431169672096,9.500474337131806,0.03253129699130209,0.03573682655714227,Q2,2024
Bukit Timah,Singapore,55,1,1,69197000.0,1258124.0,HDB,12.183221688774818,7.058816984953534,9.694872429675579,9.626721670136646,0.04285588458604536,0.020447977361227387,Q4,2024
Bukit Timah,Singapore,65,2,1,92386000.0,1421318.0,Condo,13.039192773704197,8.96310898332201,9.850755022180328,9.4467065933453,0.020540186881794043,0.01613264360357442,Q3,2024
Tampines / Bedok,Singapore,38,2,1,36247000.0,953876.0,Landed,8.486382877078423,7.574886999704919,9.407473840057119,9.995909596069952,0.03363182026777283,0.01418814737083078,Q3,2024
Jurong West,Singapore,105,4,3,55962000.0,532974.0,Condo,2.139007212014379,7.2601778118839295,9.343936142866664,9.859996448487157,0.016013129308476495,0.043113563123021566,Q1,2024
Orchard / Marina Bay,Singapore,45,1,2,79864000.0,1774751.0,Landed,14.58285028075861,8.04661548063756,9.403828979610838,9.765228769121151,0.02042754862409764,0.03221329747755978,Q3,2023
Jurong West,Singapore,105,3,4,48621000.0,463054.0,HDB,12.994194069808445,7.858858412664857,9.054671396964775,9.174297626121879,0.03581660005346839,0.0208589293262016,Q2,2023
Woodlands / Yishun,Singapore,65,2,1,28300000.0,435382.0,Condo,22.67895550949909,7.819229706382913,9.438765664961123,9.132777491682955,0.03566089819109718,0.048360334634276476,Q3,2024
Woodlands / Yishun,Singapore,120,4,5,77828000.0,648564.0,Landed,21.85447106537355,8.327676756766346,9.168185008502983,9.388244955062572,0.024427147932080236,0.026006610820260907,Q2,2024
Bukit Timah,Singapore,140,3,4,158694000.0,1133526.0,HDB,13.970957994420218,8.787514895665325,9.198664728189408,9.591003546697342,0.048112240944796054,0.0331597975795547,Q3,2024
Bukit Timah,Singapore,55,1,1,63736000.0,1158834.0,HDB,4.181781494778549,8.755682496603528,9.873173769856603,9.574111259454282,0.04663474478522261,0.04863701324039772,Q3,2024
Woodlands / Yishun,Singapore,120,2,2,46445000.0,387043.0,HDB,12.56176589653711,8.24561806174814,9.800027494795783,9.778241302858754,0.0291590156919231,0.03364511394573926,Q2,2024
Orchard / Marina Bay,Singapore,38,2,3,59418000.0,1563627.0,Condo,11.544859015492174,7.836149977656673,9.150961033245679,9.398944041601117,0.032222903859727155,0.04607712265297698,Q4,2023
Jurong West,Singapore,90,2,1,55228000.0,613644.0,Landed,22.748271106122868,7.229100922312785,9.829657526616154,9.751149299924387,0.029312798834348272,0.015997829474105805,Q4,2023
Bukit Timah,Singapore,120,3,2,199626000.0,1663554.0,Landed,5.360700702947949,8.929458738103886,9.061971639056665,9.063020520101714,0.02457932845433067,0.04849842669429043,Q4,2023
Tampines / Bedok,Singapore,55,1,1,35992000.0,654396.0,HDB,16.385844186391942,8.138403238649685,9.107263932090431,9.88149449026639,0.03697461642358266,0.03556049142921413,Q4,2024
Jurong West,Singapore,38,1,1,24228000.0,637567.0,Landed,13.738784204888347,7.480165552280121,9.7896432655281,9.679337255024913,0.012779194872799483,0.041587900551191014,Q3,2023
Novena / Toa Payoh,Singapore,38,1,1,47761000.0,1256880.0,Landed,9.038370354020671,7.929145079459057,9.421744863354771,9.722817321555118,0.03898725784795156,0.04113199847230594,Q3,2024
Bukit Timah,Singapore,140,4,3,203780000.0,1455573.0,Condo,17.920320893336132,8.037542450805104,9.413251982882262,9.02257422102367,0.03456071241586758,0.03610891337018753,Q4,2024
Orchard / Marina Bay,Singapore,105,4,3,152311000.0,1450579.0,Condo,22.443660100424147,7.43715339600832,9.446709348277201,9.433488245095718,0.029548166517126037,0.012194495997485469,Q2,2023
Woodlands / Yishun,Singapore,90,3,2,39529000.0,439210.0,Condo,20.832109795531185,8.064419211463608,9.394333792269778,9.850422338087334,0.033102312835741825,0.03809827380803697,Q2,2023
Tampines / Bedok,Singapore,105,4,4,81156000.0,772910.0,Condo,22.187517892167083,8.45726057861303,9.10418108942481,9.474393939921395,0.04215861724552708,0.02337615025471267,Q4,2024
Tampines / Bedok,Singapore,45,1,1,32031000.0,711807.0,Condo,18.57952258030982,7.890315199486641,9.937061358783614,9.672758339891441,0.02303782251662679,0.03122629705259894,Q3,2024
Novena / Toa Payoh,Singapore,55,1,1,56551000.0,1028208.0,Condo,16.928303719198503,7.69567404091877,9.629359743326122,9.312038395824842,0.01544475248401382,0.04494869199329486,Q3,2024
Jurong West,Singapore,75,3,4,37029000.0,493721.0,Condo,21.124057552896403,7.102865560773066,9.874843907255835,9.630430544512905,0.014247344498525497,0.037656076396328605,Q2,2024
Novena / Toa Payoh,Singapore,120,2,1,151404000.0,1261701.0,Landed,13.169471578085961,7.476539226165461,9.478960165501498,9.733690883518992,0.013918458508047404,0.02959084735809968,Q1,2024
Orchard / Marina Bay,Singapore,45,2,3,66387000.0,1475267.0,Condo,15.302706687232735,8.975177788357627,9.021097796709332,9.949020918443114,0.04122201015669907,0.023808137580707864,Q2,2024
Novena / Toa Payoh,Singapore,45,1,1,38538000.0,856403.0,HDB,14.603868671896796,8.557044346021813,9.161828224364145,9.557185331363009,0.0179023655146489,0.03291818882238033,Q2,2023
Jurong West,Singapore,120,4,5,64320000.0,535997.0,Condo,15.094338428752613,7.114802733827041,9.960273310196413,9.136502630168922,0.019036560734110385,0.012126173223534372,Q2,2024
Tampines / Bedok,Singapore,140,5,6,122905000.0,877891.0,Landed,13.393274686043005,7.089832375933588,9.672606027999086,9.017891660859533,0.03503674710109752,0.01490255129726608,Q2,2024
Novena / Toa Payoh,Singapore,105,3,2,103807000.0,988635.0,Condo,17.635285595132082,8.696982290347327,9.065894318440751,9.428061013781841,0.028937809156255052,0.019393600424295568,Q4,2023
Tampines / Bedok,Singapore,75,1,1,48802000.0,650699.0,HDB,17.741404091686466,7.759938388141331,9.195865416517716,9.001683389730612,0.02349220990176948,0.03303151344423546,Q4,2023
Orchard / Marina Bay,Singapore,75,3,4,91929000.0,1225717.0,HDB,24.870716066339135,7.405054381942445,9.520955011351324,9.882281539786678,0.04218558952021067,0.028233217463479232,Q3,2024
Jurong West,Singapore,45,1,2,21905000.0,486771.0,HDB,13.176969583067484,7.654399988590606,9.657776503120044,9.987224464854059,0.03614265409148018,0.04471438710305727,Q4,2024
Tampines / Bedok,Singapore,55,1,1,50845000.0,924450.0,Landed,13.817431038089229,8.601063086329829,9.265965064006885,9.228082461790043,0.014978338495508347,0.02652255936451505,Q4,2024
Novena / Toa Payoh,Singapore,75,1,1,86460000.0,1152803.0,Landed,11.79680738045954,8.398126141896817,9.377985231570488,9.891927509226928,0.039771023338031,0.012933281650509332,Q2,2024
Novena / Toa Payoh,Singapore,65,1,2,87270000.0,1342615.0,Landed,2.2145567145992464,7.6003590033328665,9.186705456684004,9.01184977539584,0.03627307664243351,0.031124777488881795,Q3,2023
Orchard / Marina Bay,Singapore,55,1,1,66161000.0,1202934.0,HDB,17.234786739464496,7.762933899313652,9.428339449333393,9.323933818395085,0.039560910959415524,0.04462277911123124,Q3,2023
Jurong West,Singapore,65,2,1,28486000.0,438254.0,HDB,20.166916322005875,7.713212293383998,9.689868069736521,9.293852600141488,0.023132206071154522,0.03435939430656934,Q2,2024
Novena / Toa Payoh,Singapore,55,2,2,73432000.0,1335134.0,Landed,14.762973763042378,7.0583581491057075,9.113268415572524,9.409134038419673,0.03360839300467439,0.03663336794078694,Q3,2023
Orchard / Marina Bay,Singapore,65,2,2,111214000.0,1710989.0,Condo,7.4663459644549075,7.78253907323484,9.605830288261446,9.358237045863747,0.030578383428654536,0.01841191924387481,Q1,2023
Novena / Toa Payoh,Singapore,105,2,1,84699000.0,806659.0,HDB,7.389969843640569,8.978505569478738,9.208770486809208,9.314898284907555,0.04926628799723158,0.01179095667130464,Q2,2023
Woodlands / Yishun,Singapore,65,1,1,36748000.0,565358.0,Landed,24.1672336945387,7.290782439569837,9.403508857329095,9.436411370645324,0.03660307820812826,0.011818498365787277,Q4,2024
Tampines / Bedok,Singapore,65,1,1,54825000.0,843460.0,Landed,16.05118633821041,8.53019331899882,9.241039773050566,9.019230881313652,0.04142232470331731,0.041768108604557805,Q1,2023
Novena / Toa Payoh,Singapore,140,3,2,108389000.0,774205.0,HDB,14.89810299799898,7.6347149132844905,9.369279329126066,9.456074268035973,0.04436704203331347,0.022280728435321757,Q2,2023
Jurong West,Singapore,120,2,2,78453000.0,653777.0,Landed,21.791605610754107,7.82952670694668,9.018098236297387,9.999925265010386,0.030288231232457136,0.022095669004116903,Q2,2024
Orchard / Marina Bay,Singapore,90,3,3,119916000.0,1332398.0,HDB,2.632515039495808,7.754841485781142,9.722058876168846,9.156637910587525,0.04501572019508229,0.03877388279434969,Q2,2024
Bukit Timah,Singapore,140,4,4,179359000.0,1281132.0,Condo,1.6170784897632835,8.930518560184789,9.620515224284249,9.294459675181878,0.03174397598709046,0.048967999026234735,Q1,2024
Tampines / Bedok,Singapore,105,4,4,98384000.0,936994.0,Landed,13.188057116138559,8.45472514638954,9.883149011981756,9.925379856260065,0.02081187759059472,0.03477834463315247,Q3,2023
Tampines / Bedok,Singapore,120,2,3,100945000.0,841205.0,Landed,11.9102179331101,8.52425629458495,9.811851191380617,9.607762072945603,0.010514434543781235,0.04572176140539858,Q3,2024
Woodlands / Yishun,Singapore,65,2,1,31377000.0,482723.0,Condo,15.0442612498324,8.59626923703626,9.025538794438818,9.06464845791675,0.04149439158241693,0.016884139633886863,Q2,2024
Woodlands / Yishun,Singapore,120,3,4,55307000.0,460889.0,Condo,10.533623639400208,8.673836724487778,9.215959365387242,9.765951053148983,0.021692629748335343,0.012465268210934691,Q4,2023
Jurong West,Singapore,90,2,3,37372000.0,415240.0,HDB,15.243598223518603,8.802103983546267,9.533758503905355,9.154949930881045,0.010021867789823667,0.043616094589286974,Q1,2024
Tampines / Bedok,Singapore,55,1,2,31288000.0,568874.0,HDB,19.868604320105945,7.83145399491209,9.216904008688863,9.490228741556022,0.024567989064486852,0.03834282133461309,Q1,2023
Tampines / Bedok,Singapore,65,2,3,43578000.0,670437.0,Condo,23.832835349166878,8.894469545523256,9.924024395355268,9.985429258833674,0.04901405863877886,0.012323921366475803,Q2,2023
Woodlands / Yishun,Singapore,140,5,4,85500000.0,610715.0,Landed,16.049497029652464,7.866637785326612,9.822797755534864,9.85986517288739,0.03701495380139426,0.034947311814846074,Q2,2023
Woodlands / Yishun,Singapore,140,5,6,72064000.0,514746.0,Condo,18.723541986986667,8.893198654673991,9.53253899557997,9.814240005035732,0.023595631154357012,0.026256547853127782,Q4,2024
Orchard / Marina Bay,Singapore,105,2,1,173690000.0,1654192.0,Condo,11.444521111300649,7.800583426762405,9.929434917747583,9.889233229380133,0.048363092895800805,0.01582290513541944,Q3,2024
Orchard / Marina Bay,Singapore,90,3,3,149340000.0,1659332.0,Condo,14.820768385149707,8.700928766495988,9.640446666479352,9.71412412423311,0.030377572856987632,0.013730835355827815,Q1,2023
Bukit Timah,Singapore,45,1,2,55515000.0,1233662.0,HDB,18.500113401520036,7.659082228838074,9.194189129720051,9.211707459113764,0.022384187931682772,0.040689371307598914,Q1,2024
Woodlands / Yishun,Singapore,55,1,1,24438000.0,444322.0,Condo,11.26455267949217,7.803149367732273,9.561771814896705,9.740681962627638,0.03789643082535836,0.02644630410257867,Q3,2023
Woodlands / Yishun,Singapore,38,2,1,22887000.0,602295.0,Landed,8.730572956954477,8.974211986218663,9.024636282965423,9.459761691427538,0.03794162632983755,0.0303427211396362,Q3,2024
Woodlands / Yishun,Singapore,105,2,2,47950000.0,456663.0,Condo,13.258845060903443,7.278449575372946,9.384341548608583,9.573728461596042,0.04585392188319615,0.023188216834379244,Q2,2024
Bukit Timah,Singapore,38,1,1,61165000.0,1609609.0,Landed,9.786984621633462,8.647550423005164,9.44740794706173,9.921263792508512,0.042293162608349234,0.045584349981719396,Q1,2023
Woodlands / Yishun,Singapore,38,2,2,17424000.0,458518.0,Condo,22.19324750311401,8.402770630954228,9.907890198729387,9.068551865068383,0.027098821872798814,0.03993106295077909,Q4,2024
Novena / Toa Payoh,Singapore,120,4,4,131233000.0,1093607.0,Condo,19.998008060182038,8.325650997635352,9.663455888236959,9.610119691021634,0.02600458822540714,0.0428881711620624,Q2,2023
Novena / Toa Payoh,Singapore,105,2,2,132031000.0,1257433.0,Landed,23.224151006976335,7.7980607240853645,9.518733202407093,9.24326008392878,0.020532816045406743,0.04027210279377435,Q3,2023
Orchard / Marina Bay,Singapore,105,2,2,184324000.0,1755466.0,Landed,10.187398297719938,7.56945263127582,9.24795393233817,9.203633344111028,0.015404442679085447,0.022253039116775966,Q4,2023
Novena / Toa Payoh,Singapore,38,2,1,41321000.0,1087387.0,Condo,17.484339655314848,8.425059739982924,9.578007864406608,9.538072096484122,0.01770215610914529,0.046048446985855244,Q3,2023
Novena / Toa Payoh,Singapore,38,1,1,35980000.0,946833.0,Condo,5.32823280472282,8.559169546066531,9.512990385121002,9.836581907193102,0.042718640820688186,0.021279766021966247,Q4,2023
Woodlands / Yishun,Singapore,38,1,2,15122000.0,397944.0,HDB,20.200352676811843,7.196386726090386,9.518305331812904,9.79572955846006,0.04366893061929843,0.03271695102215798,Q2,2023
Novena / Toa Payoh,Singapore,38,1,2,52659000.0,1385758.0,Landed,17.197605218450562,7.002744585742656,9.18158405061981,9.446786748630824,0.012983624436750857,0.0345541729277573,Q3,2024
Orchard / Marina Bay,Singapore,140,4,5,194040000.0,1385998.0,HDB,9.643644343907418,8.660291101922091,9.610600101958346,9.233421834608828,0.010351830327025384,0.03175073583555999,Q1,2024
Novena / Toa Payoh,Singapore,120,4,5,107046000.0,892046.0,HDB,19.35669406090474,7.225610585075162,9.998563903005317,9.30352611880057,0.010989280901453511,0.018500266739186397,Q4,2023
Jurong West,Singapore,90,3,2,51012000.0,566801.0,Condo,11.841765197641887,8.639199377696542,9.808860249711866,9.633803685878023,0.04766430606145768,0.044668132113108126,Q2,2023
Bukit Timah,Singapore,140,4,3,153105000.0,1093610.0,HDB,3.9418516268118067,7.289562756600959,9.687817415161527,9.52178939462659,0.04893611896491149,0.01826017587453343,Q4,2024
Woodlands / Yishun,Singapore,90,1,2,42240000.0,469335.0,Condo,21.64319711132951,7.7975316214327215,9.15311207657526,9.024556272646826,0.02611557635809416,0.02995254671474617,Q3,2023
Orchard / Marina Bay,Singapore,65,1,2,100288000.0,1542893.0,Condo,22.463069507591385,7.630298099223095,9.264500620854315,9.697219553109147,0.03299484772134162,0.03885248755715172,Q1,2023
Bukit Timah,Singapore,90,3,3,122015000.0,1355725.0,Condo,22.709380111641575,8.205067283286564,9.469246072547026,9.000315719330539,0.01918942554091143,0.03204136980690165,Q3,2024
Tampines / Bedok,Singapore,105,4,3,92423000.0,880222.0,Landed,23.07021757447436,8.06421024598791,9.672112158418342,9.191418316319185,0.020811408658058243,0.021763615575380077,Q1,2024
Novena / Toa Payoh,Singapore,120,3,4,110674000.0,922285.0,Condo,6.9042812924131916,7.143679664081515,9.27862203862638,9.62070604548995,0.028231326559575436,0.02938846401953931,Q1,2024
Woodlands / Yishun,Singapore,105,3,2,39156000.0,372913.0,HDB,16.49817375813324,7.811539499596205,9.061266730969113,9.998858463101541,0.010815423807933149,0.023101091755492558,Q2,2024
Jurong West,Singapore,45,1,1,20541000.0,456473.0,HDB,3.680152294951224,8.394328515184538,9.395273848720816,9.924881644357836,0.041109604822974787,0.04230660811758139,Q2,2023
Jurong West,Singapore,55,1,1,25555000.0,464643.0,HDB,21.785868501267675,7.488252935002355,9.806437433277619,9.621191614814563,0.04410172214958362,0.01012021314168603,Q2,2023
Jurong West,Singapore,120,2,2,65223000.0,543521.0,Condo,10.361435163351807,8.830689289106914,9.552733073506012,9.305960315483865,0.040717255407538046,0.024805200310837258,Q3,2024
Woodlands / Yishun,Singapore,65,1,1,23811000.0,366327.0,HDB,10.676483145323331,8.133056149701497,9.495122476859926,9.603858037929601,0.01423860625873669,0.02115209380473091,Q3,2023
Tampines / Bedok,Singapore,120,3,3,75466000.0,628887.0,HDB,7.652380383202744,8.209823945805738,9.374868661022063,9.191307832406476,0.03320583102385043,0.026642381671469713,Q2,2023
Jurong West,Singapore,65,1,2,31659000.0,487068.0,HDB,6.613764129528342,7.155269927550812,9.401485811877155,9.412772994070952,0.03368413762933692,0.0337141600551291,Q1,2023
Novena / Toa Payoh,Singapore,65,1,2,56945000.0,876083.0,HDB,5.689880596234427,8.245223218278392,9.06907076399959,9.634009150036723,0.026249881877407587,0.020024145160328077,Q3,2023
Woodlands / Yishun,Singapore,55,1,1,25176000.0,457749.0,Condo,15.378385010767825,7.482126982959203,9.074833241780155,9.779008408612961,0.049078268149661576,0.03867927688020805,Q3,2024
Novena / Toa Payoh,Singapore,65,1,1,76936000.0,1183631.0,Landed,17.141515227206003,7.346769680611717,9.004966702658049,9.992670577134694,0.03923791177356534,0.02696416589177942,Q4,2023
Novena / Toa Payoh,Singapore,140,4,3,117012000.0,835799.0,HDB,10.062713952406416,7.028763925399102,9.891683540934055,9.895250271453522,0.03405160330366209,0.046208456451525846,Q1,2023
Jurong West,Singapore,65,2,1,32005000.0,492389.0,HDB,20.55257512896203,7.53076027692336,9.206523445164901,9.300768484738105,0.04330112382469186,0.034748919861997914,Q3,2024
Woodlands / Yishun,Singapore,38,1,1,21343000.0,561654.0,Landed,4.7787728181214195,8.700255228783325,9.47040114200495,9.842337523941758,0.028001836216062205,0.038512729331865975,Q4,2023
Novena / Toa Payoh,Singapore,65,2,2,80705000.0,1241609.0,Landed,16.117964628625572,8.543161430398158,9.685027560010969,9.95762647430882,0.038731634540620286,0.020727437851200427,Q2,2023
Novena / Toa Payoh,Singapore,105,4,5,122291000.0,1164674.0,Landed,13.764399998761402,7.409834111899842,9.543046344979164,9.934603091697435,0.04123113760687157,0.01722237184731396,Q1,2023
Bukit Timah,Singapore,140,5,4,198339000.0,1416711.0,Condo,24.320045943268756,8.786652832586338,9.17357060744222,9.688728196032978,0.018371402165402558,0.012860293869373419,Q3,2023
Woodlands / Yishun,Singapore,65,1,2,28888000.0,444433.0,Condo,1.838498502848732,8.12744014791637,9.136015201946705,9.089777035880406,0.01626799554301117,0.010079642162864113,Q3,2024
Jurong West,Singapore,120,4,4,54048000.0,450404.0,HDB,7.313350652346006,7.240266623348209,9.327725221670875,9.044548406594783,0.03601576035586169,0.04298355412874412,Q3,2024
Bukit Timah,Singapore,120,3,2,211985000.0,1766545.0,Landed,3.9600080682873573,8.037678923708427,9.812988302510679,9.782429791306491,0.026974952915907777,0.0136919309712124,Q3,2023
Jurong West,Singapore,55,1,1,27786000.0,505195.0,Condo,1.3047589424634145,8.092644951458373,9.98950902852408,9.691281705985942,0.026051201149797823,0.03468998916025936,Q3,2024
Jurong West,Singapore,45,1,1,29009000.0,644650.0,Landed,9.75071408179824,7.867983366364178,9.529266260980119,9.666780893834217,0.026321238015024964,0.04885780765086192,Q3,2024
Tampines / Bedok,Singapore,105,2,3,63263000.0,602509.0,HDB,14.097036950026009,8.64243927277879,9.535923627874636,9.838628355406266,0.036239274413574094,0.01214923430805658,Q1,2024
Tampines / Bedok,Singapore,120,4,3,103693000.0,864108.0,Landed,8.471334763930788,7.557386355000319,9.592106100877789,9.61345251082412,0.01048994070322903,0.01899893037892693,Q3,2023
Novena / Toa Payoh,Singapore,120,3,2,97203000.0,810025.0,HDB,7.476365192606028,7.022899772299581,9.786837079733141,9.512843534645805,0.03876161562442774,0.01517755553104986,Q3,2023
Novena / Toa Payoh,Singapore,65,1,1,52102000.0,801564.0,HDB,12.780624901700339,8.378507681822704,9.972563695386452,9.24402335783377,0.02977063074676181,0.0158318298424671,Q4,2024
Jurong West,Singapore,65,1,2,29789000.0,458287.0,HDB,18.288512164990436,7.3966132476660755,9.958686842233933,9.189360041234089,0.0398582093956432,0.049498839986562015,Q3,2024
Bukit Timah,Singapore,140,5,4,180635000.0,1290254.0,Condo,15.244743954152302,7.507123843027244,9.452785182483158,9.972039809385908,0.03861773587803859,0.04287822110105667,Q1,2024
Jurong West,Singapore,45,1,1,20443000.0,454292.0,HDB,11.176952513514935,8.353317825396047,9.349081172535966,9.993578310065635,0.048575000004596386,0.026712813030362492,Q2,2024
Tampines / Bedok,Singapore,75,1,1,62005000.0,826728.0,Landed,5.607508496233403,7.745684872387854,9.91745793442349,9.597159963290684,0.02815745191239661,0.040973143906245124,Q4,2023
Novena / Toa Payoh,Singapore,120,3,2,158481000.0,1320677.0,Landed,19.85242447952727,8.637020255429533,9.438449832207324,9.533254876806934,0.04585044636069223,0.04900879357167008,Q2,2024
Jurong West,Singapore,90,2,2,43753000.0,486147.0,Condo,23.158281624971618,8.803644750669118,9.096242659969466,9.388068458415438,0.019102469345542463,0.014362210826745896,Q3,2024
Jurong West,Singapore,55,1,1,37535000.0,682461.0,Landed,16.149833564062348,8.782172560307409,9.270778443018314,9.668684158570816,0.020143642196407425,0.015045993518843427,Q3,2023
Jurong West,Singapore,90,2,3,53341000.0,592680.0,Condo,24.313911242914795,7.722894801079824,9.945161745908829,9.306197190677592,0.02864073688489152,0.024016409948915136,Q3,2024
Novena / Toa Payoh,Singapore,105,4,5,97284000.0,926518.0,HDB,14.921413308685633,8.556515209936963,9.655862546043592,9.65856728708299,0.043837726010899476,0.02891957720568117,Q3,2024
Novena / Toa Payoh,Singapore,140,5,5,173298000.0,1237845.0,Landed,17.85083278927259,7.942740664795047,9.421829478435713,9.334154200284376,0.017098202995151468,0.023018852187587226,Q2,2023
Bukit Timah,Singapore,140,5,4,164179000.0,1172707.0,HDB,10.28882175537086,7.357682935533721,9.99873499491055,9.367123793567188,0.04190292371633909,0.02047968297901308,Q4,2023
Bukit Timah,Singapore,55,1,2,96978000.0,1763231.0,Landed,23.315516279967248,7.885112451106074,9.640985883272009,9.387025504744136,0.028692187943196987,0.02035868991002497,Q2,2023
Woodlands / Yishun,Singapore,38,1,2,14623000.0,384821.0,HDB,6.466851087560984,7.964183251413518,9.389899051777208,9.002685527751865,0.024052856152091427,0.02659009565111832,Q3,2023
Novena / Toa Payoh,Singapore,45,2,2,36999000.0,822194.0,HDB,15.561166379470606,7.814063058019434,9.718887360836286,9.212856834900183,0.022834127578299803,0.01742750295747434,Q2,2024
Tampines / Bedok,Singapore,55,1,2,38357000.0,697403.0,Condo,22.22713446184594,7.272448638282777,9.570015711893594,9.077188964274882,0.03213012367118624,0.04760423157476881,Q2,2024
Novena / Toa Payoh,Singapore,140,4,4,119664000.0,854744.0,HDB,6.0740984719399815,7.1180198155426515,9.830151140118076,9.810320264282584,0.042155414421500774,0.04021587741470977,Q1,2023
Novena / Toa Payoh,Singapore,75,1,1,84046000.0,1120611.0,Condo,17.284680801745207,8.292878751533566,9.75553076586999,9.826901370746683,0.010327429007282531,0.03488289568050621,Q1,2023
Orchard / Marina Bay,Singapore,75,1,2,92033000.0,1227111.0,HDB,19.046939993484504,7.567345740802835,9.117925229771394,9.21830865949486,0.021884208513493382,0.023558129350094416,Q2,2023
Novena / Toa Payoh,Singapore,75,2,3,61884000.0,825121.0,HDB,18.226034868205268,8.537367007016234,9.919694048674767,9.742720531075856,0.0259897814628786,0.04003055831589523,Q4,2023
Jurong West,Singapore,105,4,3,56070000.0,534000.0,Condo,9.480415330149956,7.8357119342855945,9.749710392158153,9.859390025344604,0.014309510754991588,0.018554967338778774,Q1,2024
Jurong West,Singapore,65,2,3,40879000.0,628904.0,Landed,1.1180165589430544,7.393488330755356,9.394599785930055,9.058398570930136,0.02501922637481288,0.044201571366880896,Q4,2023
Tampines / Bedok,Singapore,105,3,2,95962000.0,913926.0,Landed,20.19126557786243,7.0592151816784074,9.147786789518813,9.058518041617294,0.011492251193438358,0.02469598954811164,Q3,2023
Tampines / Bedok,Singapore,65,2,1,36754000.0,565452.0,HDB,6.57167208267862,8.489740015572206,9.781633133513825,9.076528028048928,0.04757949814929721,0.017125619343905246,Q3,2024
Tampines / Bedok,Singapore,45,2,1,41028000.0,911734.0,Landed,11.770886529241638,7.3683622195927,9.441641091893228,9.974037137390571,0.0474054073438662,0.04929086972702536,Q1,2023
Tampines / Bedok,Singapore,55,1,2,39100000.0,710918.0,Condo,14.067631703033896,8.32598211978849,9.76946079642976,9.459297616140953,0.024695012930846364,0.03424537308517773,Q2,2023
Tampines / Bedok,Singapore,140,3,2,132800000.0,948574.0,Landed,9.555424216180363,7.870578849377116,9.477143757022986,9.713307542976988,0.01335047163357043,0.04844741130581628,Q3,2023
Woodlands / Yishun,Singapore,120,3,4,69274000.0,577280.0,Landed,5.301370334901174,8.114048983842704,9.677698549068218,9.262736658732521,0.03198806742989948,0.012941740937761154,Q3,2024
Orchard / Marina Bay,Singapore,105,2,3,191118000.0,1820168.0,Landed,22.779542927615065,8.94638941459773,9.710384650393923,9.363482088701756,0.02510955577182288,0.0368563665860318,Q1,2024
Jurong West,Singapore,45,2,3,25131000.0,558457.0,Condo,7.602560413512042,8.312767247569782,9.429139810385395,9.87112704792726,0.028178550814412742,0.03838414262377404,Q1,2024
Tampines / Bedok,Singapore,140,5,6,131102000.0,936445.0,Landed,13.972819955500894,8.411963646955249,9.057557450468941,9.933551064038621,0.03931377072232966,0.03714197409564568,Q2,2023
Woodlands / Yishun,Singapore,65,1,1,31608000.0,486283.0,Condo,5.874858563433944,8.254719686395644,9.609484673129002,9.106559859179997,0.02737662867257961,0.03714115045691742,Q3,2024
Tampines / Bedok,Singapore,105,4,3,99815000.0,950617.0,Landed,6.090789168021237,8.963940541100593,9.917111754646974,9.613048528268768,0.025571711124786463,0.04635540858629666,Q2,2024
Novena / Toa Payoh,Singapore,55,1,1,64811000.0,1178376.0,Landed,20.409081630259333,8.348852189705942,9.604536310653172,9.417770490008522,0.012189812683176635,0.04749062287288623,Q2,2023
Tampines / Bedok,Singapore,65,2,2,42059000.0,647067.0,HDB,23.423356723480033,7.9420431149116855,9.049726817376715,9.074047182283094,0.012840869585781726,0.010621077065115309,Q2,2023
Tampines / Bedok,Singapore,105,3,2,66645000.0,634710.0,HDB,10.759019294258003,7.899616884608199,9.191555668915923,9.841812370349942,0.029806788754873956,0.04551084433333781,Q1,2023
Jurong West,Singapore,140,4,4,80007000.0,571478.0,Condo,13.917693819545002,7.028137931614802,9.186587498602455,9.801398072335719,0.034402605200064475,0.046220913545815555,Q3,2023
Tampines / Bedok,Singapore,90,3,2,67641000.0,751570.0,Condo,3.995545629181705,7.134456640584523,9.801170128817368,9.879163611773942,0.028945034379252728,0.048121017494508075,Q2,2024
Bukit Timah,Singapore,55,1,2,91234000.0,1658796.0,Landed,7.013463292804174,8.43778624387802,9.060013296581934,9.41023213131363,0.046285394875967056,0.011297485283590009,Q2,2023
Jurong West,Singapore,105,2,2,76013000.0,723931.0,Landed,19.4950559354696,7.498295570880126,9.486716752241513,9.738356713733427,0.01913686819703911,0.04657731750882882,Q2,2024
Jurong West,Singapore,75,1,1,48973000.0,652969.0,Landed,21.95949912318206,8.450840520726416,9.524455926084077,9.528415289768203,0.04449083561196812,0.048773402585036624,Q1,2024
Novena / Toa Payoh,Singapore,38,2,1,43712000.0,1150308.0,Landed,12.893170579446197,7.385526226293454,9.721630402761669,9.971297051233197,0.028133372034492204,0.02208441664377496,Q1,2023
Bukit Timah,Singapore,90,3,4,103975000.0,1155274.0,HDB,14.748304346410766,8.421596384634967,9.197239197141005,9.126351394585157,0.036974843954300625,0.012331852668948508,Q1,2024
Orchard / Marina Bay,Singapore,120,2,3,217729000.0,1814411.0,Landed,11.90491579589516,8.086821496206657,9.382233120383486,9.474568919551341,0.043810436243546386,0.04418657269956587,Q3,2024
Bukit Timah,Singapore,65,2,3,105926000.0,1629624.0,Landed,2.8727698586350296,7.027481785924698,9.238013870463456,9.821160865755617,0.04708503412417893,0.012435192011650026,Q2,2024
Tampines / Bedok,Singapore,38,2,2,26695000.0,702510.0,Condo,1.3580596702505199,8.395489226362406,9.77806750976006,9.040929049343085,0.04675161254121917,0.02702428935849774,Q4,2023
Bukit Timah,Singapore,38,1,1,65381000.0,1720544.0,Landed,2.2467894081998363,7.186826654700731,9.136146662942387,9.126442436107741,0.04216399536931585,0.024969595296841444,Q1,2024
Bukit Timah,Singapore,65,2,3,94956000.0,1460867.0,Condo,11.478621511874909,7.92578204276927,9.947138864948231,9.925177876578811,0.036424609731718786,0.024114357170923775,Q4,2024
Tampines / Bedok,Singapore,45,1,1,42048000.0,934404.0,Landed,4.5694385146711,7.847930369818158,9.839297634217566,9.663193358962145,0.036610149495565805,0.040378221093894745,Q3,2023
Orchard / Marina Bay,Singapore,105,3,2,173619000.0,1653515.0,Condo,9.50797135015782,7.038545655459879,9.824951125461178,9.256235562486557,0.01129961455398408,0.03944123180124082,Q1,2023
Novena / Toa Payoh,Singapore,45,2,2,44835000.0,996338.0,Condo,9.608736558797277,8.158311011177439,9.836194468848783,9.60190345013329,0.03715097652832072,0.042453289889393044,Q2,2023
Tampines / Bedok,Singapore,75,2,1,47638000.0,635172.0,HDB,11.484509661205852,8.590786389696866,9.175893741926505,9.725704558349312,0.03341736130490612,0.02943166171442401,Q1,2024
Orchard / Marina Bay,Singapore,38,2,2,67061000.0,1764752.0,Landed,15.584418682934611,7.3506371842804645,9.907281665878513,9.752031160787212,0.01770220595847344,0.02794702115908404,Q2,2023
Bukit Timah,Singapore,55,1,2,58273000.0,1059503.0,HDB,6.473585133578063,7.730636764501311,9.163334593867372,9.130361472132094,0.036286639911256996,0.022796343037309347,Q1,2024
Jurong West,Singapore,75,3,2,36720000.0,489597.0,Condo,1.7465646623360493,7.633955287367993,9.644126769641394,9.153809359251467,0.017315313724620317,0.02749119594049477,Q3,2023
Tampines / Bedok,Singapore,55,2,1,43534000.0,791521.0,Condo,1.7203633510862408,8.355422827257621,9.252515435337994,9.263225362580227,0.041212332620113486,0.02596487387314382,Q4,2023
Tampines / Bedok,Singapore,38,2,2,29174000.0,767742.0,Condo,20.931429112279627,7.709117376353558,9.966991131768582,9.85993622392297,0.015022318859618546,0.01959165428526575,Q1,2024
Tampines / Bedok,Singapore,105,4,4,98304000.0,936231.0,Landed,6.850474572281537,7.898547519103186,9.683387347680993,9.202414159582792,0.028929739208855304,0.04355954758643389,Q4,2024
Bukit Timah,Singapore,55,1,1,69509000.0,1263803.0,HDB,14.943814189847673,7.271245673514361,9.223095285625691,9.710719698228854,0.017584194858763013,0.024009309838281992,Q1,2023
Woodlands / Yishun,Singapore,75,3,2,33384000.0,445127.0,Condo,21.545169291081052,7.070066341986957,9.773756258766001,9.438452006990948,0.011628821107121467,0.016058774994845534,Q1,2023
Novena / Toa Payoh,Singapore,45,1,1,44287000.0,984149.0,Condo,9.82210213972923,8.620773940591077,9.851436254585725,9.696453489994473,0.04934374290116391,0.02313475162956645,Q2,2023
Woodlands / Yishun,Singapore,55,2,2,27221000.0,494923.0,Condo,21.40785959780177,8.50485671788257,9.697256023567432,9.014432261133367,0.022233655722812037,0.013064636196770807,Q3,2024
Woodlands / Yishun,Singapore,75,1,1,39055000.0,520731.0,Condo,7.7011501587674935,8.213395336691363,9.747848790059518,9.464852612400508,0.017229351873423688,0.01651430463199775,Q4,2024
Novena / Toa Payoh,Singapore,45,1,1,49635000.0,1102998.0,Condo,22.277608253138013,7.874455423729746,9.578086755458145,9.120776033502306,0.02116329254029472,0.024534907556881994,Q2,2023
Woodlands / Yishun,Singapore,140,5,4,86204000.0,615740.0,Landed,8.639310851564705,8.7503020836048,9.701514720891806,9.267433141178223,0.04668772016635256,0.049765438089744526,Q3,2024
Woodlands / Yishun,Singapore,75,3,3,38373000.0,511635.0,Condo,7.127140586143349,8.975081013999672,9.571323574381296,9.923354711932696,0.03530601141621911,0.022460524455334467,Q4,2024
Tampines / Bedok,Singapore,38,1,1,23582000.0,620566.0,HDB,16.143807169184235,8.20590507438593,9.902374826287343,9.949106361832389,0.03987308715860646,0.010742735316774285,Q2,2024
Tampines / Bedok,Singapore,65,2,1,60604000.0,932366.0,Landed,6.466167354439491,8.752414483494995,9.058958738214365,9.555079911920968,0.03794315691851407,0.026711415911417555,Q2,2023
Bukit Timah,Singapore,45,2,2,56712000.0,1260270.0,HDB,13.742135204306958,8.13715476026031,9.382882434701912,9.813963905022302,0.04894263646165303,0.03587012210890869,Q1,2024
Woodlands / Yishun,Singapore,65,1,1,41810000.0,643234.0,Landed,2.5714697594678464,8.801220988023587,9.930017699290172,9.292908533104923,0.046198962158912754,0.024840670763162126,Q2,2024
Novena / Toa Payoh,Singapore,38,1,2,48473000.0,1275616.0,Landed,20.44296461518729,8.297185720289209,9.093111502543069,9.530576920320598,0.03701080577266004,0.03156504102502697,Q1,2024
Tampines / Bedok,Singapore,45,1,1,29211000.0,649123.0,HDB,19.440267794570502,7.3946921731310935,9.389302153154482,9.142276106163234,0.0414532674628085,0.037294819819974186,Q3,2024
Orchard / Marina Bay,Singapore,38,1,1,45275000.0,1191451.0,HDB,15.055966027197613,7.679148866113307,9.610358742160157,9.352287189823885,0.038787535281201255,0.03293954996150705,Q4,2023
Tampines / Bedok,Singapore,90,1,1,66455000.0,738391.0,Condo,12.718352948930669,7.458630691438722,9.79418782261494,9.703851516642333,0.010397252738701943,0.042604951830762426,Q1,2024
Bukit Timah,Singapore,65,1,1,89084000.0,1370521.0,Condo,19.389838285701593,7.293249500030448,9.52344774503273,9.1655976984363,0.039286343951127616,0.02171618911886975,Q1,2024
Woodlands / Yishun,Singapore,120,2,1,47120000.0,392666.0,HDB,5.744133189158273,7.591977333511708,9.095519372081581,9.568001161053354,0.02794944356744232,0.04887306326924921,Q1,2024
Novena / Toa Payoh,Singapore,45,1,1,38494000.0,855429.0,HDB,8.224725959668188,8.905211112088626,9.123843647976964,9.130626718832398,0.029028352223779127,0.02707891355231378,Q2,2023
Bukit Timah,Singapore,105,2,2,151776000.0,1445487.0,Condo,24.282981297513977,7.687426308163547,9.334864173055658,9.301129079312663,0.04647866956666296,0.04824946383921902,Q2,2023
Novena / Toa Payoh,Singapore,65,1,1,85095000.0,1309157.0,Landed,7.6561191546283425,8.019561323691171,9.954297757012935,9.390935885878669,0.01146097122078027,0.013488844935861652,Q4,2023
Woodlands / Yishun,Singapore,38,2,3,22191000.0,583961.0,Landed,16.209173178814986,7.8619069035249,9.192876048826262,9.840791755471166,0.011264185221033096,0.046991118752728225,Q4,2023
Tampines / Bedok,Singapore,55,1,2,53604000.0,974617.0,Landed,17.263761723302046,8.625004926788662,9.081475704990824,9.40419762747406,0.043635369874273126,0.022501006750027176,Q4,2024
Woodlands / Yishun,Singapore,38,1,1,14911000.0,392406.0,HDB,14.303413901883529,8.091156335084253,9.540369543308435,9.177880376935112,0.047276048466458845,0.014872411885242106,Q4,2023
Jurong West,Singapore,75,2,3,52451000.0,699345.0,Landed,21.844228855755336,8.665408219849413,9.944701837364986,9.986090781685009,0.025255095973622826,0.04250363307555236,Q4,2024
Jurong West,Singapore,65,1,1,36283000.0,558205.0,Condo,12.784433596557989,8.390099807115336,9.026427866808415,9.94804847499854,0.019184585372506585,0.0468040387508937,Q1,2024
Novena / Toa Payoh,Singapore,38,1,1,38081000.0,1002138.0,Condo,14.612725623435544,8.700609600041481,9.909692120446303,9.079436225968397,0.04664376569930753,0.010672984813062957,Q1,2023
Orchard / Marina Bay,Singapore,38,2,2,78153000.0,2056646.0,Landed,10.57532861847055,8.722021665870301,9.676718119035199,9.95569179258574,0.0405672830851079,0.04174645225603787,Q3,2023
Bukit Timah,Singapore,65,2,2,107927000.0,1660416.0,Landed,3.9396401077999466,8.49346405969453,9.817792033025942,9.903670750941762,0.045522644115824164,0.016524616635358296,Q1,2024
Jurong West,Singapore,120,4,5,59668000.0,497230.0,Condo,17.62392227982028,8.121638611769201,9.858835873998478,9.606816647514067,0.039756759957915985,0.022354830072657622,Q4,2024
Jurong West,Singapore,120,4,4,78175000.0,651462.0,Landed,18.962588144191585,8.538188261515854,9.885830200132187,9.03790315434865,0.01682402737739061,0.03316509575287069,Q3,2024
Orchard / Marina Bay,Singapore,75,3,2,106535000.0,1420469.0,HDB,20.263448132365546,7.208507364409384,9.709111647736371,9.114708978383769,0.011824609760617588,0.045830641165247196,Q1,2023
Orchard / Marina Bay,Singapore,140,3,2,246609000.0,1761492.0,Landed,7.107997245670053,8.98922590839621,9.025073085813883,9.513964844315586,0.016514404976435016,0.04819541503784135,Q2,2023
Novena / Toa Payoh,Singapore,38,2,3,38112000.0,1002940.0,Condo,20.58794727989848,7.837278311788381,9.546785815496222,9.994179271364198,0.037909825726838896,0.0225143914924524,Q4,2023
Orchard / Marina Bay,Singapore,55,1,1,91808000.0,1669238.0,Condo,9.725955061815231,8.618513426312012,9.34988562093641,9.563193792491363,0.01728421570637333,0.04297671654579364,Q1,2024
Jurong West,Singapore,90,2,3,62685000.0,696499.0,Landed,20.206801500604932,8.526709777284685,9.984445521506249,9.203261105070814,0.033960515993606645,0.04299154204400468,Q4,2023
Tampines / Bedok,Singapore,105,3,3,98912000.0,942015.0,Landed,24.76423835216555,7.562482249412848,9.450150714480777,9.163020520596701,0.025769555370967576,0.013591512210782435,Q2,2023
Bukit Timah,Singapore,55,2,3,76403000.0,1389153.0,Condo,12.017399461721343,8.348324739449698,9.465266579370788,9.01335403785791,0.016890163674984353,0.04032264534570539,Q3,2023
Woodlands / Yishun,Singapore,120,2,1,70474000.0,587284.0,Landed,10.587409148304285,7.7923135721199,9.124027904300988,9.569212306009934,0.04261807517064849,0.0229411935236793,Q4,2024
Orchard / Marina Bay,Singapore,120,4,5,249066000.0,2075554.0,Landed,12.010661396573349,7.686412047458946,9.758886428944678,9.514339216530995,0.04575276029577539,0.02289406364141872,Q3,2024
Novena / Toa Payoh,Singapore,120,2,3,107453000.0,895444.0,HDB,4.880685746692203,7.193128436968004,9.457024717798856,9.755397027315633,0.01472263855388645,0.04923350893369695,Q4,2024
Bukit Timah,Singapore,65,1,1,75979000.0,1168914.0,HDB,19.911042541687195,8.190315492975758,9.517912165313446,9.369728302527818,0.029090535060543272,0.04145810305897297,Q2,2023
Jurong West,Singapore,120,4,3,77848000.0,648733.0,Landed,20.5718192961545,8.32707896043923,9.098779309773741,9.185075235959488,0.03382604137017154,0.012007529527513739,Q1,2024
Orchard / Marina Bay,Singapore,38,1,1,48133000.0,1266649.0,HDB,18.28856468188934,8.649182990397794,9.30162044451932,9.811609203743874,0.02303789820069876,0.03331404699710015,Q1,2023
Bukit Timah,Singapore,105,4,4,120127000.0,1144063.0,HDB,7.457869274214334,7.851905377084904,9.300965179254117,9.001791619185353,0.013531199214311482,0.01614357520484826,Q3,2023
Novena / Toa Payoh,Singapore,45,1,1,50321000.0,1118246.0,Condo,7.523779718067679,7.755333494895503,9.381118398830314,9.712594046932484,0.037574355692616884,0.02538549295071827,Q2,2024
Tampines / Bedok,Singapore,120,3,3,83151000.0,692926.0,Condo,24.976357723342787,7.401600749092396,9.167576726485576,9.753621322258347,0.03503481789839751,0.03334588550207113,Q4,2023
Jurong West,Singapore,120,2,3,60033000.0,500272.0,Condo,11.366465947583798,7.491211487039419,9.858864120438994,9.402806403444092,0.028602385767862656,0.022048392836735563,Q3,2023
Bukit Timah,Singapore,105,2,1,175136000.0,1667962.0,Landed,22.00258771856413,8.943936870849283,9.532963496304173,9.394780425627946,0.018411297226830547,0.02083126030092393,Q3,2024
Tampines / Bedok,Singapore,90,1,1,75882000.0,843136.0,Landed,14.679141209411782,7.721091981637168,9.44632024862343,9.266190193735198,0.035095442190441355,0.029422778438056713,Q3,2023
Tampines / Bedok,Singapore,120,2,2,92074000.0,767283.0,Condo,12.073238755453719,8.044021198099749,9.512061504462306,9.847332503617862,0.02577351953346798,0.02383516937063867,Q1,2023
Orchard / Marina Bay,Singapore,120,3,2,190367000.0,1586389.0,Condo,24.860786382559855,7.038846584230441,9.440900478004226,9.920483680390708,0.029020177135854704,0.019118059321845314,Q2,2023
Novena / Toa Payoh,Singapore,65,2,3,50775000.0,781160.0,HDB,11.618942408630108,8.76046860564505,9.753140304423297,9.094391715514572,0.038611714346396556,0.010230260340545456,Q4,2023
Jurong West,Singapore,65,2,2,39968000.0,614897.0,Landed,15.961726660172982,8.175115692196874,9.386827465093152,9.331150650592313,0.03066249522946942,0.047800191896478626,Q1,2024
Tampines / Bedok,Singapore,105,2,3,92339000.0,879422.0,Landed,22.2629695482598,8.516746942506646,9.006296517492961,9.134833193288479,0.0170481001889703,0.03730583593192831,Q3,2023
Novena / Toa Payoh,Singapore,105,3,4,104806000.0,998154.0,Condo,16.06312669854262,8.24908563546421,9.781990911394567,9.029094843732357,0.04565761239664459,0.02193107607091671,Q4,2023
Jurong West,Singapore,65,1,1,45757000.0,703961.0,Landed,20.072120069008694,7.744598731883746,9.210991013841172,9.66083038398294,0.03745643683221689,0.0213699725218183,Q2,2024
Woodlands / Yishun,Singapore,65,2,2,42242000.0,649878.0,Landed,15.930553117690721,8.737699446548152,9.889990679031847,9.792831938156912,0.04581585790429535,0.0384951455931936,Q4,2024
Tampines / Bedok,Singapore,105,2,1,66480000.0,633140.0,HDB,2.001034399760619,8.587595438438067,9.670743930823932,9.835300032625504,0.02448730480583982,0.03869621833191641,Q4,2023
Orchard / Marina Bay,Singapore,75,2,3,108103000.0,1441373.0,Condo,14.200643340826389,7.77246637533333,9.560238981102568,9.478323830200152,0.036241561010940775,0.013100759471164772,Q3,2023
Orchard / Marina Bay,Singapore,38,1,2,61536000.0,1619381.0,Condo,14.138977949041417,7.171833959703573,9.690932615609425,9.969227874874148,0.04686801268842426,0.04007335784932747,Q1,2024
Jurong West,Singapore,45,1,1,19922000.0,442715.0,HDB,7.260048784665809,8.376861238150541,9.845665401876875,9.679901123282525,0.03995332463623512,0.04411441924486099,Q4,2024
Bukit Timah,Singapore,45,1,1,71108000.0,1580186.0,Landed,7.036820569073326,8.411499265958826,9.231355345876171,9.32046370006628,0.018388477193061026,0.03850479510511488,Q4,2023
Tampines / Bedok,Singapore,45,1,1,41236000.0,916354.0,Landed,23.966542884608316,8.444616560070159,9.23017013704643,9.901704444945018,0.012516180063660181,0.029875955020597686,Q2,2024
Jurong West,Singapore,55,2,1,27506000.0,500108.0,Condo,17.485224819283037,8.18539120542621,9.91541522655591,9.680395065548273,0.028034885280736485,0.011822927529067289,Q4,2024
Orchard / Marina Bay,Singapore,90,3,3,183538000.0,2039311.0,Landed,23.658839742755546,8.905811434798052,9.076866146477409,9.26948344338218,0.026363486471369713,0.04072219519474162,Q2,2024
Novena / Toa Payoh,Singapore,90,2,1,89052000.0,989465.0,Condo,11.015644583703153,8.369623559664,9.017102373161187,9.815959222615964,0.04966552197270345,0.018022266190499167,Q4,2023
Orchard / Marina Bay,Singapore,65,2,1,78130000.0,1202001.0,HDB,9.57069294811755,7.2286682676613,9.832778501598218,9.24279328662942,0.04082434390212426,0.04515896693411078,Q2,2024
Novena / Toa Payoh,Singapore,65,1,1,50245000.0,772996.0,HDB,6.969938968041972,8.481168755622914,9.242551242387332,9.580928387053083,0.034331111785335565,0.015028037737783665,Q2,2024
Bukit Timah,Singapore,55,1,2,60099000.0,1092702.0,HDB,4.54634746576761,7.302543504304854,9.11369590405871,9.78476924980322,0.042402122785665436,0.034397597406342066,Q1,2023
Woodlands / Yishun,Singapore,90,1,1,39553000.0,439478.0,HDB,12.121887092063883,7.136950374766214,9.765715704514944,9.09130561506881,0.0235319314897112,0.02141033382027896,Q2,2024
Woodlands / Yishun,Singapore,65,1,1,42097000.0,647649.0,Landed,9.506273986815774,7.12105071842129,9.218151968459821,9.779452360905504,0.04904583645736508,0.03342956611002605,Q2,2024
Woodlands / Yishun,Singapore,120,3,2,75549000.0,629572.0,Landed,24.587986761832045,8.949722667085785,9.375827530874615,9.648157950691356,0.03982930508935722,0.03509762691545225,Q4,2023
Woodlands / Yishun,Singapore,65,1,1,38804000.0,596979.0,Landed,23.244832165679878,8.66310395862877,9.917319598465859,9.377583728356601,0.02612800227829224,0.019264714650167443,Q3,2024
Orchard / Marina Bay,Singapore,38,1,1,71693000.0,1886663.0,Landed,23.852848543261082,7.462222395732119,9.120873566565242,9.332550173096582,0.030363606256759705,0.045150497107317715,Q1,2024
Orchard / Marina Bay,Singapore,140,4,3,223757000.0,1598262.0,Condo,2.2013182044064052,8.370984273730187,9.282800627888864,9.56737035278062,0.03919067853810686,0.04462166541113871,Q4,2024
Novena / Toa Payoh,Singapore,75,3,4,81596000.0,1087953.0,Condo,3.9349630377427482,8.600934642663638,9.286047285597194,9.218995113255342,0.01601389523984858,0.01337846741896008,Q3,2024
Jurong West,Singapore,75,2,2,47859000.0,638126.0,Landed,2.8358257919691887,7.928378403651627,9.356913507673537,9.30897338489967,0.022979252164601616,0.01352272597041246,Q4,2024
Jurong West,Singapore,105,4,3,75160000.0,715812.0,Landed,5.9658470502690495,7.645185123476393,9.536126550998205,9.241739952771171,0.021768056184465777,0.043672339899131996,Q3,2024
Jurong West,Singapore,45,2,2,27647000.0,614375.0,Landed,14.653213084732862,8.192931625826509,9.574481626170703,9.345530577599224,0.021858934956224936,0.03504184856448868,Q2,2023
Tampines / Bedok,Singapore,105,2,2,94820000.0,903052.0,Landed,24.868404786767428,7.168048434911134,9.876646662404756,9.576968398927404,0.021458018284337473,0.011458670109604802,Q2,2024
Jurong West,Singapore,38,2,3,25232000.0,664011.0,Landed,22.549121536443124,7.240641496035453,9.378614046526176,9.38424966561746,0.028432887844979333,0.027544171033341364,Q4,2023
Bukit Timah,Singapore,75,3,3,137839000.0,1837856.0,Landed,24.563002074672433,8.825895268069974,9.581721654514721,9.889292788780537,0.04160642359748516,0.03655481177099264,Q3,2024
Woodlands / Yishun,Singapore,105,3,4,41829000.0,398373.0,HDB,14.489374250443454,8.039154848278468,9.062498422734805,9.991029961978839,0.04013579578820564,0.04341228208697593,Q3,2024
Orchard / Marina Bay,Singapore,65,1,2,94997000.0,1461498.0,Condo,23.792706444373515,7.30370825928447,9.92594326433951,9.421570309854639,0.025949845702734044,0.03662236941417603,Q3,2023
Jurong West,Singapore,120,2,2,80202000.0,668351.0,Landed,18.2837833987068,8.951331822896494,9.767946733047983,9.608695831807335,0.03409592768373288,0.02181827708712221,Q3,2024
Bukit Timah,Singapore,120,2,2,164827000.0,1373558.0,Condo,9.08536640060908,7.500818364354613,9.105775050508916,9.714951843349587,0.017706667366497453,0.017924829104180327,Q1,2023
Orchard / Marina Bay,Singapore,65,2,2,84534000.0,1300521.0,HDB,22.58836578583071,7.540638667627325,9.991299320135152,9.328215516411515,0.024370702025349307,0.03527690247417942,Q3,2023
Tampines / Bedok,Singapore,140,5,6,86444000.0,617455.0,HDB,8.176687678221587,8.447818200394028,9.982387774106854,9.419926148584839,0.016383487702497743,0.03847104978313827,Q3,2024
Tampines / Bedok,Singapore,45,1,1,24583000.0,546282.0,HDB,22.03054752597199,7.510076035969082,9.489843342068598,9.932259068170428,0.02087158679386644,0.013424041639045018,Q4,2023
Bukit Timah,Singapore,140,3,2,161599000.0,1154280.0,HDB,4.9895078080620525,7.988937860420014,9.690998769325965,9.890447223325266,0.044550225738957235,0.024039104679575988,Q4,2023
Jurong West,Singapore,140,5,6,69779000.0,498420.0,Condo,23.369999973264804,7.464730195084069,9.264678556756962,9.922148689039888,0.030479599859366248,0.04252909210959897,Q3,2024
Novena / Toa Payoh,Singapore,105,3,2,91558000.0,871977.0,HDB,20.084414657659515,7.392066832172348,9.453157855863102,9.750565287804134,0.04784884366300633,0.028282899783826344,Q1,2024
Woodlands / Yishun,Singapore,105,4,3,68995000.0,657098.0,Landed,17.88805738547203,7.343276808842695,9.856783254208592,9.308982602339414,0.022512054968474908,0.041444994208591386,Q2,2023
Jurong West,Singapore,105,3,4,68111000.0,648673.0,Landed,16.72772716328298,7.515879415972665,9.807161544370155,9.4629589338324,0.03204884487714477,0.03672123917796858,Q3,2023
Orchard / Marina Bay,Singapore,120,4,4,226324000.0,1886035.0,Landed,7.819511498309107,7.064689851114541,9.440106013624483,9.466510181508923,0.029539416727115977,0.02990456124165803,Q1,2023
Tampines / Bedok,Singapore,38,2,1,35773000.0,941390.0,Landed,7.540070215813501,7.26702785753318,9.759615605179562,9.491974734082016,0.011050209236064479,0.036006430556467274,Q3,2024
Woodlands / Yishun,Singapore,55,1,1,23795000.0,432635.0,Condo,6.975183413059949,7.48301800328896,9.09140601051233,9.017156160507593,0.027004572965858793,0.020015141149043406,Q4,2024
Jurong West,Singapore,75,1,2,36049000.0,480655.0,HDB,13.953729251010138,8.328514612110975,9.82088613997415,9.474384660408361,0.010292570513413875,0.0468790282217378,Q2,2023
Tampines / Bedok,Singapore,65,2,2,41024000.0,631140.0,HDB,5.467238763738559,8.177899516389338,9.265842176282556,9.321504033594405,0.016965537484053515,0.04146525912131329,Q1,2024
Woodlands / Yishun,Singapore,75,3,2,36772000.0,490293.0,Condo,17.35949534421446,8.746719330457887,9.865468872506003,9.170531622269523,0.0353226989867497,0.027181100306325805,Q4,2023
Tampines / Bedok,Singapore,120,3,3,92989000.0,774905.0,Condo,11.298391698134257,8.913845663513777,9.072003036504352,9.59890630112997,0.04356402103238044,0.0271900512480864,Q2,2024
Tampines / Bedok,Singapore,120,3,2,113808000.0,948398.0,Landed,15.324443989197722,8.281622410658434,9.523300964412098,9.262950966353563,0.03278789201941275,0.03108761500650624,Q3,2023
Tampines / Bedok,Singapore,105,2,2,65980000.0,628380.0,HDB,19.57517851845953,8.76456165522151,9.131411905996558,9.18306995441006,0.03212109003020466,0.013144923731489167,Q4,2024
Novena / Toa Payoh,Singapore,38,2,2,31010000.0,816058.0,HDB,19.53491901190778,7.983095456700818,9.43221498886009,9.640415818027813,0.04349976550275615,0.024243463939573266,Q2,2023
Novena / Toa Payoh,Singapore,65,2,3,67681000.0,1041250.0,Condo,1.8793123850800013,7.624081256883281,9.442844008195422,9.96063982688846,0.034630975599626156,0.033824643536136914,Q4,2024
Tampines / Bedok,Singapore,90,1,1,66258000.0,736205.0,Condo,1.81054246065493,7.447595085976917,9.403242245909556,9.148193546794138,0.020273726554948385,0.04312396561244108,Q1,2023
Tampines / Bedok,Singapore,65,2,3,46401000.0,713861.0,Condo,5.2150065401813785,8.838985663686675,9.29961554594552,9.01996793274173,0.020010452354364935,0.044794914721569885,Q2,2023
Woodlands / Yishun,Singapore,140,5,5,66370000.0,474071.0,Condo,4.919646567677946,8.53574772139743,9.041404210454065,9.347786252624045,0.037720333487743715,0.011806132768859166,Q3,2023
Tampines / Bedok,Singapore,90,2,2,56213000.0,624591.0,HDB,11.491395052382918,8.41418566697501,9.964897872255966,9.835950508191504,0.030405270867852753,0.02494296657333837,Q2,2024
Novena / Toa Payoh,Singapore,140,4,5,124509000.0,889349.0,HDB,12.443313101703293,7.68216491275298,9.846458341359302,9.38572538067783,0.015097246529323276,0.029016856338000892,Q3,2024
Jurong West,Singapore,65,1,2,36784000.0,565914.0,Condo,2.914338012126027,8.647770706552864,9.987530470190682,9.166073929002275,0.04682895939574421,0.049501654265827685,Q1,2023
Orchard / Marina Bay,Singapore,120,2,2,156990000.0,1308246.0,HDB,14.425198803658951,8.9796062535118,9.847732414553889,9.374225711736846,0.022246125640849483,0.03771365203112176,Q3,2024
Novena / Toa Payoh,Singapore,140,4,4,166620000.0,1190140.0,Landed,20.141792843200207,7.767831089217561,9.664440345392265,9.767192048750324,0.032623879624970334,0.0363926280195072,Q4,2024
Woodlands / Yishun,Singapore,38,1,1,19369000.0,509715.0,Condo,12.36513171285421,8.318476050521198,9.253199279941631,9.020136100930715,0.02051322844409837,0.02743327406652076,Q1,2023
Orchard / Marina Bay,Singapore,140,5,4,285106000.0,2036469.0,Landed,21.853613674775076,8.339335976666884,9.913783699146569,9.031413177046472,0.022644994904098555,0.04859396705341307,Q4,2023
Woodlands / Yishun,Singapore,140,4,3,90784000.0,648460.0,Landed,9.277353080942564,7.875931681886891,9.154576821018903,9.466225623206272,0.041699821510571576,0.049489128198822945,Q1,2024
Woodlands / Yishun,Singapore,38,1,2,19688000.0,518115.0,Condo,13.022143267370192,7.720241488541402,9.749790245468592,9.309206962625383,0.017031914443177983,0.04276338962268227,Q3,2024
Orchard / Marina Bay,Singapore,75,3,4,116980000.0,1559728.0,Condo,6.2497337734469784,8.244584398100995,9.713315515641213,9.147608450587898,0.014851455818737676,0.020669247684037738,Q1,2024
Orchard / Marina Bay,Singapore,120,4,3,200950000.0,1674585.0,Condo,5.892466756296114,8.95104343328794,9.971560483709702,9.991496863114415,0.03440863042801203,0.019958069393325346,Q1,2024
Woodlands / Yishun,Singapore,120,3,3,59170000.0,493086.0,Condo,4.144577461898459,7.540289564405965,9.628655405154376,9.32655349999085,0.041820404145903316,0.014918333277632905,Q1,2024
Novena / Toa Payoh,Singapore,45,2,2,61546000.0,1367689.0,Landed,17.76586567387612,8.835054984330563,9.993175595133934,9.921486123232599,0.022691317862210406,0.035283186089676705,Q1,2024
Orchard / Marina Bay,Singapore,45,1,2,70369000.0,1563745.0,Condo,14.300266861106703,8.858325921944495,9.68077544021782,9.389315501287683,0.020217375457786787,0.019460578247984313,Q1,2023
Woodlands / Yishun,Singapore,90,1,2,53313000.0,592372.0,Landed,16.243026836392374,7.134121892916984,9.656024969094627,9.008286840262151,0.04097165527240764,0.04162243628087861,Q1,2024
Woodlands / Yishun,Singapore,120,3,4,57084000.0,475700.0,Condo,10.993222970883703,7.405592258167846,9.423509440996458,9.666091021954752,0.030427537851112324,0.01648263386858945,Q2,2023
Novena / Toa Payoh,Singapore,38,1,2,48733000.0,1282439.0,Landed,11.547883250644606,8.468941446109012,9.505784150986422,9.718626561040834,0.02538628478709907,0.016621107587879266,Q3,2023
Tampines / Bedok,Singapore,105,3,4,56822000.0,541159.0,HDB,17.0127131208627,8.39007151875048,9.834706105263972,9.082330622126175,0.03330427806380707,0.020229420838236353,Q2,2024
Novena / Toa Payoh,Singapore,140,4,5,142994000.0,1021384.0,Condo,17.39882701621883,7.12879039604113,9.435636576218036,9.729774726527104,0.0439147698559613,0.04509196534371678,Q1,2024
Novena / Toa Payoh,Singapore,90,3,4,69605000.0,773389.0,HDB,6.813495206161856,8.939090832416134,9.215417724385253,9.674708882025586,0.02847931699794052,0.03829146876161407,Q4,2023
Jurong West,Singapore,90,1,2,47514000.0,527935.0,Condo,19.338633224467305,8.198398677759585,9.575739588488556,9.482701402887495,0.03844105414450139,0.042001719946538375,Q4,2023
Woodlands / Yishun,Singapore,55,1,2,22140000.0,402545.0,HDB,3.5888970431209177,7.788888132290838,9.734672446978498,9.207216264028212,0.04838823046715727,0.02551701036398992,Q1,2023
Bukit Timah,Singapore,120,3,3,218047000.0,1817055.0,Landed,24.64940506870327,8.034833124799171,9.450005255164077,9.919648105278434,0.028385686107675438,0.010927470116021864,Q2,2023
Novena / Toa Payoh,Singapore,90,2,3,99427000.0,1104744.0,Condo,21.081032339330957,8.124318494080748,9.134198276198493,9.533637967386362,0.014372578642439907,0.012503897401817583,Q2,2024
Novena / Toa Payoh,Singapore,75,2,2,76550000.0,1020665.0,Condo,13.17676385036477,8.14622686797685,9.463507903039506,9.987887182368892,0.044234785207836365,0.02973773565053673,Q4,2023
Tampines / Bedok,Singapore,120,3,2,78262000.0,652184.0,Condo,21.536482902901078,7.777836647854036,9.259627055515036,9.13579058951509,0.017834774875236457,0.01170172712736945,Q4,2024
Tampines / Bedok,Singapore,120,3,2,114698000.0,955814.0,Landed,24.331915717295175,8.55993150500196,9.001120667876238,9.261590274946537,0.04840711833706523,0.01942346927937663,Q3,2024
Bukit Timah,Singapore,45,1,1,80390000.0,1786443.0,Landed,15.344574433316819,8.127179844406944,9.914652555286096,9.373039307083173,0.012681786347529199,0.032216665495900784,Q4,2023
Jurong West,Singapore,38,1,1,15610000.0,410793.0,HDB,23.453208733636917,7.2375987388068665,9.269672791654529,9.540841077869121,0.03897746839092109,0.0449807100914899,Q4,2023
Jurong West,Singapore,120,2,1,59601000.0,496679.0,Condo,20.186688465563993,7.710531582158884,9.001277511959833,9.70171755312931,0.044265355355230004,0.03788018372977216,Q1,2024
Novena / Toa Payoh,Singapore,45,1,2,37494000.0,833194.0,HDB,24.611570801054768,7.2966805195027895,9.165142521731097,9.448466404363804,0.02956872553919767,0.02010600899466524,Q1,2024
Orchard / Marina Bay,Singapore,45,1,1,86860000.0,1930212.0,Landed,6.595144603499402,7.770085296035824,9.379039073782986,9.428259573623478,0.02851757328147477,0.031119358256044352,Q4,2024
Bukit Timah,Singapore,75,1,1,116658000.0,1555446.0,Landed,9.773800429782526,7.40658221020447,9.117876095175262,9.450934528380582,0.03196735203391406,0.04476207535375551,Q2,2023
Orchard / Marina Bay,Singapore,90,2,3,137861000.0,1531792.0,Condo,19.757848880163923,8.834410938951205,9.506926502608767,9.315244023964544,0.025091792766975034,0.04503736144606075,Q3,2024
Tampines / Bedok,Singapore,120,3,2,79937000.0,666141.0,Condo,1.7619125381554426,7.35227947899998,9.259776594385245,9.03725767027048,0.03790780418353904,0.02297112230526177,Q3,2023
Tampines / Bedok,Singapore,65,1,1,44949000.0,691527.0,Condo,17.4630776251462,8.85718825365792,9.169752229583468,9.064616399717796,0.0496434323253343,0.02838705010458363,Q1,2023
Orchard / Marina Bay,Singapore,120,2,2,184374000.0,1536448.0,Condo,15.31488628542652,8.112487085993324,9.234345555162157,9.752402807939971,0.04454766333772012,0.03270959448202259,Q2,2023
Orchard / Marina Bay,Singapore,75,3,4,106631000.0,1421741.0,Condo,6.09065682605937,7.059748339588864,9.323209829586718,9.236391015447778,0.040255322074644086,0.03556099341571082,Q4,2024
Woodlands / Yishun,Singapore,90,1,2,47441000.0,527117.0,Condo,20.646940704670996,7.2242497635515734,9.767945827581388,9.132101001489435,0.042727601158698926,0.03843926733295516,Q4,2023
Novena / Toa Payoh,Singapore,55,1,1,56145000.0,1020814.0,Condo,2.9512098736043457,8.364239999678576,9.73764455225142,9.703263585736991,0.025726987487813414,0.011654338399714623,Q3,2024
Jurong West,Singapore,45,2,1,18823000.0,418278.0,HDB,14.023225977605286,7.626511466000923,9.37900608559564,9.974793208832919,0.010801089340481584,0.03235894688461931,Q1,2024
Woodlands / Yishun,Singapore,65,1,2,32368000.0,497970.0,Condo,12.876105317742908,7.605445210486318,9.472277794303633,9.76168002384358,0.013369250813952932,0.012157958071593526,Q4,2023
Jurong West,Singapore,90,3,2,49728000.0,552536.0,Condo,19.536376024030865,7.7923514758383945,9.885733444501481,9.325356108141062,0.03919754664840456,0.03766150151834789,Q4,2023
Woodlands / Yishun,Singapore,45,1,2,19704000.0,437872.0,HDB,15.728716920304096,7.611278216011534,9.914996916928942,9.040350963765201,0.01889003187554563,0.03775769881968786,Q3,2024
Jurong West,Singapore,45,1,1,23053000.0,512296.0,Condo,18.924200112160463,8.895407312359259,9.72510225001886,9.349961470646807,0.02906067107770456,0.03299267471910747,Q2,2024
Jurong West,Singapore,45,1,1,23840000.0,529782.0,Condo,16.25512818079093,8.438211293111237,9.601627079574628,9.280194348506356,0.03153385826531762,0.04024520564439301,Q4,2023
Woodlands / Yishun,Singapore,105,2,1,44814000.0,426796.0,HDB,2.980972417312998,8.754230070618329,9.872665329406388,9.8453231257424,0.023518969137496782,0.034640376268962464,Q3,2024
Jurong West,Singapore,75,3,4,36235000.0,483127.0,HDB,16.710056051537116,8.034313562923247,9.696938189441703,9.460012204612687,0.027720406819109276,0.04316865589975628,Q2,2023
Bukit Timah,Singapore,120,4,5,169646000.0,1413717.0,Condo,15.358770976604072,8.68919159363401,9.107666321522451,9.734441281201272,0.032301848828641455,0.022010616138596027,Q1,2024
Orchard / Marina Bay,Singapore,38,1,2,74774000.0,1967743.0,Landed,12.821335081192414,8.795806246894996,9.441461997869826,9.537431583227855,0.03202952121622748,0.048269270587137245,Q3,2024
Jurong West,Singapore,75,2,3,37376000.0,498353.0,Condo,12.36396469596523,7.7793326723206935,9.100570867001558,9.10607978491605,0.030536133208400144,0.04913521380781805,Q4,2023
Novena / Toa Payoh,Singapore,55,1,1,74682000.0,1357855.0,Landed,11.332841266850021,7.367309665260002,9.725833253571032,9.973500694755518,0.02747664702603935,0.01972837325604005,Q1,2024
Novena / Toa Payoh,Singapore,105,3,3,134817000.0,1283967.0,Landed,2.8479055176845396,7.265645784960208,9.672880744226461,9.515478083396957,0.03456781688876446,0.03129971857962669,Q2,2024
Orchard / Marina Bay,Singapore,45,1,2,87346000.0,1941027.0,Landed,22.397774589575928,7.765218009124819,9.226736635632076,9.71121698339421,0.044083345417244575,0.04326845959986851,Q2,2024
Jurong West,Singapore,45,2,1,32799000.0,728864.0,Landed,9.392532181698664,8.69785965947716,9.48252509238872,9.31497845187242,0.01985241034170634,0.016593369088207088,Q3,2024
Bukit Timah,Singapore,38,2,3,43101000.0,1134229.0,HDB,2.8284807554043754,8.715285198324057,9.36659095983579,9.338249861024543,0.012235630093487236,0.03537646932797034,Q4,2024
Novena / Toa Payoh,Singapore,75,2,2,65398000.0,871977.0,HDB,7.259788963173445,8.107256167530998,9.403063202231088,9.231116158167167,0.02063837549282064,0.013149551919145836,Q3,2024
Woodlands / Yishun,Singapore,90,2,3,39507000.0,438964.0,HDB,16.03723728152461,7.913336745861424,9.732651534123086,9.06237523900719,0.028321442490431045,0.04581692307147382,Q3,2024
Bukit Timah,Singapore,75,2,3,89401000.0,1192016.0,HDB,7.382597610014443,7.296008288596088,9.15549411437424,9.030931926661362,0.020734397958455657,0.03752163755847396,Q1,2023
Jurong West,Singapore,45,2,1,27678000.0,615056.0,Landed,2.969150025034537,7.184099166618263,9.312220604914277,9.234350440751843,0.021893490198580046,0.02083875272518806,Q4,2023
Woodlands / Yishun,Singapore,55,1,2,22862000.0,415674.0,HDB,22.680237546313304,7.147113396497959,9.64699912059254,9.442382357638818,0.04194390377573579,0.04256642521937256,Q1,2023
Jurong West,Singapore,55,1,1,32229000.0,585978.0,Condo,14.166072003449113,8.633786144385354,9.448607738790631,9.755981271907384,0.014227017202775345,0.03701912860853972,Q2,2023
Jurong West,Singapore,90,1,1,51407000.0,571185.0,Condo,17.12203698883313,7.188353427261994,9.20242085399266,9.375895586140677,0.03399018218327509,0.011620505823859966,Q1,2023
Woodlands / Yishun,Singapore,65,1,1,32176000.0,495016.0,Condo,16.75688599611452,8.179872419903456,9.99690767941759,9.532586151199954,0.02273662728019935,0.0369509134414215,Q3,2023
Novena / Toa Payoh,Singapore,38,1,2,39091000.0,1028720.0,Condo,4.614635237903912,7.945928450528234,9.521604134802187,9.234810547404132,0.040080169946162945,0.037153192028193706,Q1,2023
Jurong West,Singapore,90,3,4,36878000.0,409750.0,HDB,15.763334749392687,7.608572429656338,9.958357635774428,9.887844383494668,0.04573025184558741,0.0402042441567645,Q1,2023
Jurong West,Singapore,65,1,2,44062000.0,677884.0,Landed,15.0342453992174,8.353658686353029,9.767608750936624,9.72207890019273,0.036377170420773396,0.012018297395623377,Q2,2024
Jurong West,Singapore,38,1,2,27511000.0,723975.0,Landed,1.5270845039531675,8.309827877086331,9.779872118152413,9.17727927622427,0.01056663940988388,0.013390196449135342,Q4,2024
Jurong West,Singapore,38,1,2,21385000.0,562765.0,Condo,23.709958807613,7.474633735741955,9.274859952682563,9.410060687717003,0.04275007134862488,0.0422982192320769,Q2,2024
Novena / Toa Payoh,Singapore,120,4,5,161238000.0,1343652.0,Landed,10.809405255499172,7.613581073976825,9.388470719516027,9.55299618410237,0.014559608229502748,0.03794280005638165,Q1,2024
Woodlands / Yishun,Singapore,140,5,5,87561000.0,625437.0,Landed,15.77247677703683,7.637055512631087,9.865686410211538,9.995540980489611,0.01079408336708925,0.04458059987941167,Q4,2023
Woodlands / Yishun,Singapore,75,1,1,30981000.0,413075.0,HDB,14.118303309729543,7.046498018666652,9.716591018700278,9.164292462431955,0.015578252354859025,0.045380136337894394,Q4,2024
Tampines / Bedok,Singapore,65,2,1,47399000.0,729209.0,Condo,17.592689224770776,8.96579420062729,9.40277636198699,9.73063994300575,0.048805709647632624,0.019888495579938242,Q1,2024
Bukit Timah,Singapore,65,1,2,119510000.0,1838617.0,Landed,3.4344814094876908,8.716553982219482,9.190412028245031,9.030737191497863,0.028610404639004654,0.04345210406576092,Q4,2024
Jurong West,Singapore,55,2,3,31069000.0,564892.0,Condo,11.047173762763565,7.049636159491122,9.051327358328349,9.606548321623992,0.016674767944253772,0.011672247109438563,Q2,2023
Woodlands / Yishun,Singapore,140,4,5,57838000.0,413130.0,HDB,14.25971408179321,8.442962702139654,9.11565059474073,9.739016605824675,0.04519667984806771,0.027761815858749025,Q2,2023
Bukit Timah,Singapore,75,2,3,88804000.0,1184053.0,HDB,14.800621560007485,7.800995687238178,9.667248236045907,9.15952321264918,0.04461074423035445,0.02345131160699994,Q2,2023
Tampines / Bedok,Singapore,55,1,1,34220000.0,622177.0,HDB,3.2050216897723525,8.772316077509645,9.458875782918897,9.32174673790958,0.024410600012372826,0.011990589880619535,Q2,2023
Bukit Timah,Singapore,90,3,2,112048000.0,1244977.0,Condo,10.995349042389247,7.5306295137641595,9.284878558838875,9.941347084915565,0.04624633239109482,0.041753425561005156,Q1,2023
Woodlands / Yishun,Singapore,120,3,4,57525000.0,479371.0,Condo,4.4926826177301615,8.289974619946637,9.206854289935139,9.832672690606152,0.026694366568562444,0.03950229613308418,Q1,2024
Novena / Toa Payoh,Singapore,140,4,5,109911000.0,785081.0,HDB,1.20651215102008,8.803648441614254,9.872356250667389,9.017126258447245,0.022031732293086283,0.03861528975288021,Q3,2023
Tampines / Bedok,Singapore,38,1,1,26608000.0,700210.0,Condo,20.71324242287074,7.769499792805697,9.112008614737375,9.247042275927473,0.027944314355699412,0.015051091425238345,Q3,2023
Orchard / Marina Bay,Singapore,120,4,3,164586000.0,1371546.0,HDB,14.037108375244074,8.340835512199867,9.198776786805542,9.212009647801061,0.04006519227446947,0.01552145447894222,Q3,2023
Jurong West,Singapore,140,4,3,99347000.0,709619.0,Landed,7.345070059511739,8.00929977408396,9.55367618814748,9.209159643345565,0.02382380606851904,0.0391534947096876,Q3,2023
Tampines / Bedok,Singapore,75,2,2,52487000.0,699831.0,Condo,22.115549192844774,7.962011316653265,9.873165021416538,9.309573268940083,0.03029800091956259,0.016311907587912473,Q3,2023
Novena / Toa Payoh,Singapore,120,2,1,111429000.0,928573.0,Condo,1.7777937856866837,8.074309299721227,9.293608227792415,9.393384767095105,0.020085803935383947,0.011773757508250866,Q1,2023
Jurong West,Singapore,65,1,2,38003000.0,584655.0,Condo,21.744708339362795,8.389399003963696,9.853144613288706,9.093185795184773,0.04650820356314705,0.027263140471777275,Q3,2023
Woodlands / Yishun,Singapore,140,3,4,73480000.0,524855.0,Condo,3.510847822756846,7.466744352658898,9.033246520308339,9.458041868974568,0.030100948788536717,0.014282902359059092,Q3,2023
Orchard / Marina Bay,Singapore,120,3,4,198744000.0,1656203.0,Condo,9.031325445285296,7.76140774041321,9.468304960328425,9.613513515490052,0.027902982217362857,0.030997923108977747,Q2,2023
Tampines / Bedok,Singapore,38,2,3,26887000.0,707559.0,Condo,16.383464885959885,8.50925904316368,9.143616873393036,9.845187746091506,0.021910937857907924,0.021794915490358387,Q1,2023
Woodlands / Yishun,Singapore,55,1,1,28933000.0,526060.0,Condo,18.117478677665872,8.147468662841037,9.175520315541004,9.73016971863862,0.013652689778794965,0.01687837515427592,Q2,2023
Woodlands / Yishun,Singapore,38,1,1,15527000.0,408610.0,HDB,18.16270771253091,7.91301822331671,9.062618685810977,9.799362907336699,0.026642531848556937,0.012828249870573991,Q3,2023
Bukit Timah,Singapore,55,2,2,72299000.0,1314528.0,Condo,22.64804342341985,8.795329622640695,9.889757455418106,9.118599511934388,0.022338629929601485,0.02962135562350173,Q2,2023
Woodlands / Yishun,Singapore,38,1,2,15789000.0,415503.0,HDB,4.845842031942341,8.44316285215295,9.401403992366001,9.310937746122335,0.01020432235637843,0.038367790185317906,Q4,2023
Tampines / Bedok,Singapore,120,3,2,78964000.0,658037.0,Condo,8.818711490820252,8.860725349006639,9.31949409394455,9.44485147201333,0.03541994732344692,0.022500202451841048,Q2,2024
Tampines / Bedok,Singapore,120,3,3,114870000.0,957247.0,Landed,4.573395682676575,7.901469267122046,9.909153820021242,9.322333023344658,0.012193438541540957,0.019825170250696997,Q4,2023
Novena / Toa Payoh,Singapore,120,4,3,106503000.0,887527.0,HDB,9.397620074140171,8.394752316093093,9.19681713438941,9.158833033832236,0.04382991999381444,0.04593793383284166,Q4,2023
Bukit Timah,Singapore,45,1,1,74564000.0,1656979.0,Landed,24.6348325825732,7.434489257410817,9.734940688184738,9.337762309978467,0.04945177461629347,0.04223644282013359,Q2,2024
Tampines / Bedok,Singapore,140,3,3,82016000.0,585825.0,HDB,2.858442917414087,8.337838896546273,9.707457456864423,9.844021647996236,0.03683462481802522,0.04427511573029441,Q4,2023
Orchard / Marina Bay,Singapore,38,1,1,49564000.0,1304324.0,HDB,22.46329849675908,7.499123342971908,9.096765804701924,9.21998137277344,0.04235529237740248,0.03318653666323581,Q2,2023
Novena / Toa Payoh,Singapore,105,4,3,81504000.0,776230.0,HDB,12.290363768732004,7.474250092804002,9.45599582521818,9.528347821668937,0.04058644472309316,0.04968346023517013,Q1,2023
Jurong West,Singapore,45,1,2,31484000.0,699646.0,Landed,2.6591261928034093,8.562660543021728,9.162361106455341,9.175214411672002,0.0412391596117845,0.04110057812242537,Q2,2023
Novena / Toa Payoh,Singapore,65,2,2,65008000.0,1000123.0,Condo,12.336539565722816,7.6802008237237445,9.14472172627428,9.983811967993928,0.014801385575755069,0.024205826494218013,Q2,2023
Bukit Timah,Singapore,55,1,2,90766000.0,1650291.0,Landed,8.289905653930392,7.787593192980371,9.718954635796297,9.430657381780154,0.045059647905878,0.04410723327869397,Q2,2024
Orchard / Marina Bay,Singapore,65,1,2,84210000.0,1295538.0,HDB,24.575668221100678,7.385924215312604,9.687172982468532,9.673350291612259,0.030658953402976974,0.026126817052019344,Q3,2023
Novena / Toa Payoh,Singapore,120,4,3,143176000.0,1193134.0,Landed,8.882350928447387,7.690424159025917,9.212796811147857,9.139684506828155,0.01046933722153847,0.028860176836152628,Q3,2024
Jurong West,Singapore,90,1,2,59048000.0,656094.0,Landed,6.7974804713196315,7.879762156920757,9.86317922231138,9.511727314390672,0.02753053256186201,0.042712812208934546,Q1,2023
Orchard / Marina Bay,Singapore,55,1,2,101435000.0,1844275.0,Landed,3.492686801820674,8.803258073128056,9.449291245107782,9.223581974617874,0.023696308600308184,0.04399504879200131,Q4,2024
Woodlands / Yishun,Singapore,65,2,1,36503000.0,561579.0,Landed,24.207823586936073,7.493361048936295,9.04118588749381,9.998251522454245,0.017569030203613428,0.020756599684027748,Q4,2024
Orchard / Marina Bay,Singapore,90,2,3,181974000.0,2021928.0,Landed,12.513659174534313,7.424714854375773,9.132235039784549,9.012461024766537,0.049946118942022805,0.03235605951425972,Q4,2023
Jurong West,Singapore,75,3,2,32947000.0,439295.0,HDB,6.021857986718475,7.065227767837918,9.995137572453261,9.880662224313017,0.040809921860508185,0.038494392982311505,Q1,2023
Woodlands / Yishun,Singapore,38,1,1,13716000.0,360940.0,HDB,19.433588248035726,8.617815896157792,9.697603195695233,9.666170577240665,0.042210369214325714,0.037124848690233136,Q4,2024
Tampines / Bedok,Singapore,120,3,2,103400000.0,861669.0,Landed,9.666814652066446,7.156580596631219,9.693419101149901,9.756752925481539,0.012417772348267783,0.041341255295213854,Q3,2024
Tampines / Bedok,Singapore,45,1,2,33414000.0,742532.0,Condo,19.06361586483758,8.443762832545392,9.883954336513444,9.486779613056232,0.018129235287228557,0.03310127466457894,Q2,2024
Novena / Toa Payoh,Singapore,140,5,5,126763000.0,905451.0,HDB,6.703959793967932,8.790867346534231,9.878432532335934,9.138758246291886,0.04064220615985515,0.023618404665746842,Q1,2024
Jurong West,Singapore,140,3,2,101541000.0,725293.0,Landed,1.1642068783654578,8.92500881647917,9.86155862211958,9.065535710733144,0.015181827608841778,0.01622993248839022,Q4,2023
Bukit Timah,Singapore,120,3,3,128473000.0,1070607.0,HDB,23.004778951025887,8.956432483883981,9.11936089840616,9.739597816886546,0.027381742751941704,0.04954091223171337,Q4,2023
Jurong West,Singapore,65,1,2,43628000.0,671205.0,Landed,24.70984416191259,7.505692497663739,9.01734245329054,9.107402078713577,0.04006925569185161,0.037246906267381905,Q3,2023
Woodlands / Yishun,Singapore,140,5,5,64161000.0,458293.0,Condo,23.601864302160212,8.544816165431307,9.69351520961787,9.856130579450005,0.029820324273244,0.04534343321687776,Q4,2023
Novena / Toa Payoh,Singapore,55,1,1,67397000.0,1225408.0,Landed,2.861265833377736,8.44760383954442,9.712518460169385,9.090729552748384,0.014027741569341914,0.04313224021938794,Q3,2024
Woodlands / Yishun,Singapore,120,4,3,71418000.0,595151.0,Landed,3.5436628318934957,7.559119992302081,9.685498981945194,9.274661002032904,0.01705200958965295,0.032849766214503626,Q4,2024
Tampines / Bedok,Singapore,65,1,1,44435000.0,683609.0,Condo,9.998914153673198,7.695030091596286,9.394185978711418,9.435367816923529,0.020116136119276266,0.04048859463760427,Q3,2023
Novena / Toa Payoh,Singapore,105,4,3,124806000.0,1188633.0,Landed,9.513209084478689,8.423709657774369,9.217304196726479,9.1894185670724,0.03645402197417086,0.026123743656353053,Q2,2023
Jurong West,Singapore,55,2,1,33607000.0,611036.0,Landed,4.074133817430502,8.46192127958878,9.77600185991628,9.409249560830244,0.031619152916744844,0.030553377399000284,Q3,2024
Woodlands / Yishun,Singapore,45,1,2,26742000.0,594256.0,Landed,11.834770946936263,8.420166419060587,9.285335823408387,9.573964206900163,0.04518465611646237,0.012181725754352652,Q2,2024
Novena / Toa Payoh,Singapore,105,2,2,116984000.0,1114136.0,Condo,15.639815391681108,7.711096064646758,9.680193185141427,9.705546560513488,0.03227946804842795,0.013532401805264303,Q3,2024
Novena / Toa Payoh,Singapore,140,4,5,152298000.0,1087845.0,Condo,20.771056480462317,8.103252003023671,9.707634595248143,9.862017037704735,0.04563084145297315,0.030642855971491384,Q2,2024
Woodlands / Yishun,Singapore,65,1,2,32443000.0,499124.0,Condo,4.1166254831073354,7.115399832785319,9.151351799870742,9.891255453698388,0.039085454095460076,0.03026935749709595,Q2,2024
Jurong West,Singapore,38,1,1,27219000.0,716283.0,Landed,14.436601718643917,8.939829484504587,9.089670647737334,9.826539078825727,0.030680958818121454,0.029700947768105376,Q4,2024
Tampines / Bedok,Singapore,120,3,4,73052000.0,608769.0,HDB,7.6977249300562365,7.548660114141333,9.276376098455795,9.07125677582501,0.027699904161831053,0.013155040110528727,Q4,2023
Tampines / Bedok,Singapore,65,1,1,43636000.0,671324.0,Condo,3.577362515712643,7.7679974187047485,9.719394062493109,9.02035066489675,0.043939459858416574,0.01836966548023223,Q3,2023
Tampines / Bedok,Singapore,90,1,1,52820000.0,586885.0,HDB,20.183558369872134,8.746018959617167,9.017259965380864,9.567171143294285,0.031650261521808644,0.030285330412545212,Q1,2023
Novena / Toa Payoh,Singapore,140,4,4,131037000.0,935976.0,Condo,18.68039981176537,8.570468989527459,9.15037321735032,9.592393238804062,0.01236090491386859,0.013153343016521957,Q1,2024
Orchard / Marina Bay,Singapore,90,2,2,149273000.0,1658586.0,Condo,16.14176634466332,8.58529153829657,9.03962726752181,9.843767549487314,0.03775466380767036,0.023879411870917352,Q1,2023
Woodlands / Yishun,Singapore,45,1,2,21934000.0,487426.0,Condo,7.449875441804694,8.04606502618027,9.199883319975577,9.842202958146759,0.020015841723728472,0.01233547074234148,Q2,2024
Jurong West,Singapore,38,1,1,24497000.0,644659.0,Landed,15.368163548393422,8.184358613685836,9.812289713599709,9.45300866443565,0.04727304729307473,0.023498783875989936,Q1,2023
Tampines / Bedok,Singapore,45,2,3,39109000.0,869092.0,Landed,14.452405190666331,7.6069812222897255,9.678339413339717,9.657594096114355,0.02576781110766043,0.02048840736407674,Q4,2023
Orchard / Marina Bay,Singapore,105,2,2,172775000.0,1645476.0,Condo,15.964373521019548,8.062640686993383,9.968686714567088,9.017692543151767,0.013139572384480599,0.023802765626898113,Q3,2024
Tampines / Bedok,Singapore,45,2,2,36667000.0,814820.0,Landed,20.21888967816332,7.189658709576253,9.511443826145662,9.741218531997971,0.04946337302134681,0.01402129058912056,Q1,2024
Novena / Toa Payoh,Singapore,105,2,3,133049000.0,1267134.0,Landed,18.201698447972372,7.394940184074442,9.362476040926712,9.04756060526568,0.02072328021935811,0.024442912342397417,Q3,2023
Tampines / Bedok,Singapore,55,1,1,43125000.0,784087.0,Condo,19.53083035187412,7.724689169238914,9.566550786940116,9.082229849989787,0.028163277703728437,0.04056313429501038,Q2,2024
Bukit Timah,Singapore,105,2,2,124979000.0,1190273.0,HDB,10.315743533741259,8.638199673730478,9.127576952620645,9.055538265497967,0.044890894657487766,0.025361219581761598,Q2,2023
Orchard / Marina Bay,Singapore,45,1,2,65196000.0,1448792.0,Condo,24.762776528967365,7.2610791669408545,9.919760652630277,9.24491183813168,0.019200002460203626,0.023541097270328624,Q2,2024
Novena / Toa Payoh,Singapore,90,3,2,111956000.0,1243959.0,Landed,6.204941069638109,7.0291229520956415,9.964406213275732,9.696795375200905,0.026335961861152793,0.04647590618587781,Q1,2024
Tampines / Bedok,Singapore,90,1,1,49257000.0,547296.0,HDB,24.581516468615693,7.942923040585559,9.78700237809022,9.37147084707583,0.024985288375779652,0.048592340947543854,Q1,2024
Tampines / Bedok,Singapore,105,4,4,94826000.0,903105.0,Landed,20.747724188467114,8.178959231985104,9.213038941976716,9.814827270255652,0.04881348123423924,0.02945908092688948,Q4,2023
Jurong West,Singapore,75,3,3,54143000.0,721903.0,Landed,21.333258960022953,8.613948326735084,9.179978329329064,9.24089677734808,0.04018287451956268,0.011948378720157304,Q4,2023
Orchard / Marina Bay,Singapore,105,4,5,189816000.0,1807772.0,Landed,11.004526472541048,8.94989515861084,9.186328797725876,9.578649215645259,0.01231439152418238,0.03430262793044185,Q1,2023
Jurong West,Singapore,120,4,5,89095000.0,742460.0,Landed,17.605095974535157,7.560596425113914,9.814833814812845,9.91586660204218,0.041063185236309904,0.04443782337091493,Q3,2023
Jurong West,Singapore,38,2,1,18347000.0,482807.0,HDB,18.51490062307056,7.487432548653738,9.30977304522989,9.211646176010715,0.021144898509802224,0.02898864963940797,Q4,2023
Woodlands / Yishun,Singapore,38,1,2,18121000.0,476879.0,Condo,22.551932717195058,8.069261275934137,9.863828555776095,9.565823834393079,0.02674652275981275,0.024782445075925055,Q3,2024
Jurong West,Singapore,38,1,2,17236000.0,453570.0,HDB,7.581357857660543,7.9084975436429135,9.737757619105848,9.172713024714323,0.017640833904651397,0.04134871439522151,Q2,2024
Orchard / Marina Bay,Singapore,105,4,4,145951000.0,1390010.0,HDB,9.693593231007938,8.1706811436222,9.9789210547199,9.906816011712657,0.04156315642434632,0.04083942362641161,Q4,2024
Woodlands / Yishun,Singapore,105,3,3,40900000.0,389524.0,HDB,17.70734607462927,7.586411131460049,9.614132865682496,9.852625897656068,0.02433133922192968,0.02496204188378145,Q1,2024
Tampines / Bedok,Singapore,75,1,2,45043000.0,600573.0,HDB,9.216395380148937,8.282193918031513,9.443544336004049,9.069915533629173,0.04132798382838341,0.04658242809319498,Q1,2024
Novena / Toa Payoh,Singapore,105,4,3,97845000.0,931857.0,HDB,15.907752670277782,8.045381974264146,9.559896731108326,9.45457002615364,0.01146391682538983,0.023341607744854418,Q4,2024
Woodlands / Yishun,Singapore,140,4,5,51511000.0,367938.0,HDB,3.942800060572721,7.665785866164728,9.208841150448645,9.641946056483299,0.04148751733769927,0.045761993805923246,Q2,2024
Woodlands / Yishun,Singapore,90,2,3,49536000.0,550400.0,Landed,22.375998048415735,7.205001321280106,9.496800596461362,9.474401902533005,0.011233424468697906,0.034801649661704646,Q2,2023
Orchard / Marina Bay,Singapore,75,2,2,117669000.0,1568926.0,Condo,12.843217268000902,7.5976242982427085,9.39467973954392,9.892345733116397,0.04985611183071086,0.019584004260344217,Q4,2024
Tampines / Bedok,Singapore,140,4,4,106922000.0,763731.0,Condo,21.427326534512602,7.62021477372531,9.422354443201089,9.58939966049135,0.03933087016054739,0.028573818019885962,Q3,2024
Jurong West,Singapore,120,2,1,85749000.0,714574.0,Landed,4.24754512481183,8.171151321338883,9.501580632107718,9.177315597525947,0.018781435438504072,0.03622946087057598,Q4,2024
Orchard / Marina Bay,Singapore,75,3,3,107213000.0,1429503.0,HDB,7.673600787818632,7.057009952225425,9.345143990617991,9.87366780750256,0.03342286980310679,0.04138705520985956,Q2,2024
Bukit Timah,Singapore,75,3,3,127914000.0,1705524.0,Landed,12.708188662465757,7.793108653629766,9.842035037181072,9.62868506733211,0.019917617808097365,0.0467804005913056,Q1,2023
Tampines / Bedok,Singapore,90,2,2,68903000.0,765589.0,Condo,15.633972147941218,8.440987143393155,9.5665113135138,9.63236211905682,0.03159915993257839,0.019828673086007116,Q3,2024
Woodlands / Yishun,Singapore,90,3,4,55679000.0,618658.0,Landed,16.80646242771752,7.446966877739808,9.926581018794066,9.421785736843567,0.03402961305978261,0.046217429249346395,Q3,2024
Tampines / Bedok,Singapore,45,1,1,32794000.0,728763.0,Condo,10.937321932187457,7.595858755042276,9.638369235554885,9.044991444913384,0.021185082734001777,0.04766924767083103,Q3,2023
Novena / Toa Payoh,Singapore,75,1,1,94351000.0,1258010.0,Landed,1.665547098762035,8.417979521096363,9.284191555147943,9.005885009493065,0.03542135795303362,0.04811124902225762,Q3,2024
Tampines / Bedok,Singapore,140,3,2,129974000.0,928386.0,Landed,19.2572161723103,8.791654618017223,9.889613303691213,9.322985343963229,0.02178278653030201,0.04431364891555824,Q3,2024
Jurong West,Singapore,120,2,2,72942000.0,607850.0,Landed,11.127976897529393,8.18933685439174,9.175444644428007,9.155043866471566,0.023720767400860106,0.020209507482882312,Q3,2023
Woodlands / Yishun,Singapore,90,3,2,37328000.0,414751.0,HDB,21.60384219797396,8.464764154003527,9.17751386498228,9.56155417292128,0.04540871462719473,0.04670245174424539,Q2,2023
Woodlands / Yishun,Singapore,140,4,4,80214000.0,572956.0,Landed,3.411621861512071,8.257715576522756,9.978845449823291,9.894997351544685,0.0242794681853418,0.01792567124621073,Q1,2023
Novena / Toa Payoh,Singapore,75,1,1,72336000.0,964474.0,Condo,5.1042674664513745,8.974458877029015,9.871688550862165,9.081688832139275,0.03038598090679647,0.010943295678982081,Q3,2023
Novena / Toa Payoh,Singapore,38,1,2,35612000.0,937145.0,Condo,17.789179770681663,7.3474127323498095,9.896421358746444,9.246477095181145,0.02798743600504333,0.03241711177038574,Q1,2023
Novena / Toa Payoh,Singapore,38,2,1,48976000.0,1288841.0,Landed,7.855561364839725,8.356924898459077,9.333341217803527,9.617203104871557,0.04342746129122346,0.044701943424319435,Q2,2023
Woodlands / Yishun,Singapore,55,1,1,23033000.0,418774.0,HDB,21.5384352597004,8.132460489104098,9.69313360044027,9.674427126373129,0.010524236666857579,0.03201747232158518,Q1,2023
Tampines / Bedok,Singapore,140,5,6,82563000.0,589735.0,HDB,6.313254920229922,8.830886182812666,9.707560845866379,9.09119063881748,0.024621940997211503,0.023720265639142604,Q1,2024
Woodlands / Yishun,Singapore,105,4,3,45450000.0,432860.0,HDB,11.072439675288582,7.397012446681769,9.745327107781948,9.11606520758839,0.014090984585336823,0.047105293771540734,Q3,2023
Tampines / Bedok,Singapore,45,1,1,41132000.0,914053.0,Landed,4.867891112636371,7.327652475077272,9.157531585931736,9.576118685172206,0.031082768895289832,0.012612930016190124,Q3,2024
Orchard / Marina Bay,Singapore,140,3,2,206559000.0,1475418.0,Condo,4.913897864488827,7.710680553928309,9.114212399262778,9.085617597368415,0.0499389635400224,0.012276281545361166,Q2,2023
Woodlands / Yishun,Singapore,90,2,1,56809000.0,631215.0,Landed,24.317526108490547,7.16082460940615,9.243327781597168,9.781969025055476,0.012274900315706022,0.02003632568359425,Q3,2024
Woodlands / Yishun,Singapore,45,2,2,23632000.0,525147.0,Condo,7.560015943111892,7.808103847811688,9.447714592273146,9.093298433442918,0.04675786805622008,0.028339036341626336,Q1,2024
Jurong West,Singapore,75,3,4,39641000.0,528552.0,Condo,9.972756741169459,8.165241636129032,9.329813898696113,9.181180936130465,0.018449040636652266,0.02946149159823997,Q1,2024
Bukit Timah,Singapore,55,1,1,81498000.0,1481780.0,Condo,10.028155277268592,7.315416969893366,9.908334155796252,9.795134970427766,0.032263939875902314,0.02318981289566853,Q1,2024
Jurong West,Singapore,55,1,1,25054000.0,455530.0,HDB,3.0211449394853815,7.231288259659532,9.73121357320069,9.801349536962663,0.015108068413984918,0.04260051207245677,Q1,2024
Orchard / Marina Bay,Singapore,90,2,3,178317000.0,1981303.0,Landed,18.071503815099227,7.634137107935908,9.836268882395213,9.516249331493619,0.045407482191276355,0.02879082469163207,Q1,2024
Bukit Timah,Singapore,65,1,1,87308000.0,1343194.0,Condo,10.927973580059513,7.159463483996076,9.534207510995367,9.48883396936581,0.020463811108821416,0.04097097996730525,Q1,2024
Jurong West,Singapore,65,1,1,27503000.0,423131.0,HDB,2.0839271512847484,8.465650332442667,9.050666386035768,9.086033222585803,0.02002438761128259,0.01775451942633168,Q4,2023
Bukit Timah,Singapore,55,1,2,102443000.0,1862608.0,Landed,19.19777208354831,7.826616965455496,9.014403742448371,9.517028712005132,0.0372798745301258,0.02024394226354108,Q3,2023
Jurong West,Singapore,55,2,3,34595000.0,628994.0,Landed,4.903062118307067,7.297806070452859,9.52754432318015,9.484343041738853,0.042257549087173635,0.018898703482968522,Q2,2024
Tampines / Bedok,Singapore,140,5,5,95465000.0,681891.0,Condo,17.584053364041484,7.896804938697961,9.871798594489933,9.704901099719647,0.010779634314162827,0.043394244029670556,Q3,2023
Novena / Toa Payoh,Singapore,90,3,4,92580000.0,1028665.0,Condo,19.557276098218566,8.75063358371586,9.932878276294671,9.136069220840703,0.01556487189072251,0.015451442018925725,Q1,2023
Bukit Timah,Singapore,105,2,1,146819000.0,1398277.0,Condo,20.7426205603886,7.615286789224322,9.69117433347385,9.431653579737139,0.03522580672078862,0.03343228372402827,Q2,2024
Woodlands / Yishun,Singapore,45,1,1,24772000.0,550496.0,Landed,1.0277385296421757,7.422738205541223,9.759712100271805,9.401381367259411,0.01057164547790697,0.01261126205417392,Q3,2024
Tampines / Bedok,Singapore,45,1,2,33644000.0,747646.0,Condo,1.7508630950566353,7.744048475529117,9.68611006573482,9.217819243410153,0.04996645667170894,0.04991903704639693,Q3,2023
Bukit Timah,Singapore,90,1,1,151712000.0,1685690.0,Landed,14.938837230252535,8.486578638105204,9.865973046693894,9.58126687957554,0.03942645880493606,0.01286648297462575,Q3,2024
Bukit Timah,Singapore,105,4,3,184312000.0,1755355.0,Landed,11.597524263207754,7.318038527802511,9.786052924523837,9.877035505864441,0.03741851925844921,0.013768625336534068,Q1,2023
Tampines / Bedok,Singapore,65,2,2,61452000.0,945419.0,Landed,13.95785724169701,7.947612235937306,9.847604803734168,9.325541556077122,0.012555103567941024,0.014707796741577663,Q2,2023
Woodlands / Yishun,Singapore,75,2,2,32349000.0,431324.0,HDB,3.579466739994019,7.852610433262842,9.245151574576747,9.094334510000415,0.04394987435394847,0.03556280542673385,Q1,2023
Jurong West,Singapore,140,3,2,75051000.0,536080.0,Condo,17.636444594494666,7.5493846203021615,9.74243393698956,9.285966791056998,0.03250513872218507,0.03742548964222532,Q2,2024
Novena / Toa Payoh,Singapore,75,1,1,73217000.0,976226.0,Condo,16.353237467171564,8.98313121723722,9.049429658489018,9.570625944044155,0.04455267294546297,0.037034834901841424,Q1,2024
Novena / Toa Payoh,Singapore,105,2,3,94172000.0,896873.0,HDB,8.5175367509909,8.435753837781846,9.380769065445737,9.513086092779998,0.018391144336924157,0.02096246451111648,Q3,2024
Jurong West,Singapore,38,1,1,23617000.0,621490.0,Landed,3.7700192195561852,7.304464506527548,9.447794129599508,9.39437122346491,0.014849164756531086,0.025470063111002236,Q3,2024
Orchard / Marina Bay,Singapore,65,1,2,114580000.0,1762776.0,Landed,5.980898083904114,8.146553195957472,9.429804859129245,9.24017499186476,0.028495451395604082,0.010643337403869397,Q3,2023
Orchard / Marina Bay,Singapore,45,1,1,62900000.0,1397780.0,HDB,3.3224303223674756,7.835997240172886,9.549973658204424,9.77069920003681,0.037949588522947685,0.04998528094583183,Q2,2024
Woodlands / Yishun,Singapore,38,1,1,21743000.0,572183.0,Landed,17.420985263524752,8.645430979736288,9.529041178016751,9.136486294704365,0.04557544673099975,0.03896056517786701,Q2,2024
Orchard / Marina Bay,Singapore,38,1,1,63131000.0,1661342.0,Condo,6.407396200461961,8.81488362717394,9.801093683910457,9.913814812833822,0.017023262925532478,0.017585235349513013,Q4,2023
Novena / Toa Payoh,Singapore,105,4,4,112907000.0,1075307.0,Condo,5.886658666399724,8.786960487843762,9.087490970107687,9.93689894387974,0.01730582111204464,0.012577030089523364,Q2,2023
Jurong West,Singapore,90,2,1,60189000.0,668765.0,Landed,18.983555659680075,8.887184984266272,9.084144469681949,9.529678581954078,0.03382254805305229,0.029243347047637744,Q4,2023
Bukit Timah,Singapore,90,3,4,98897000.0,1098859.0,HDB,6.754520723077383,7.416331076060344,9.253323651817214,9.027342013521116,0.026159668349099746,0.046863602600801975,Q2,2024
Orchard / Marina Bay,Singapore,55,2,2,105027000.0,1909574.0,Landed,2.700354405268329,8.204713853720094,9.66811453762897,9.83573578322999,0.022074759291731215,0.04730713059435695,Q4,2023
Tampines / Bedok,Singapore,105,2,3,103555000.0,986243.0,Landed,1.9385655836389182,7.125867224222514,9.077651282775784,9.210780400651634,0.03928246747149736,0.04418066759972965,Q3,2023
Bukit Timah,Singapore,90,1,2,111348000.0,1237201.0,HDB,24.48787482945154,7.600673955428033,9.08888505987236,9.607929165509677,0.018885553991846125,0.027200964766311453,Q2,2024
Jurong West,Singapore,120,3,4,73098000.0,609148.0,Landed,15.268725605113428,8.529843262134799,9.667655790603057,9.838031501500902,0.04062401192182476,0.04521250588360919,Q2,2024
Woodlands / Yishun,Singapore,90,2,3,45864000.0,509598.0,Condo,22.293307845665133,8.797289403227872,9.154876327061986,9.739941028302596,0.030270022013759085,0.04310035539940741,Q4,2023
Jurong West,Singapore,120,3,4,49852000.0,415435.0,HDB,18.148584932995284,8.960204207859041,9.308318293252816,9.71233081419026,0.036560100171585785,0.04359882434963459,Q2,2023
Jurong West,Singapore,75,1,1,42277000.0,563692.0,Condo,16.41903440191281,8.35192514890358,9.011677905460354,9.864384276667101,0.03821953791932496,0.03953238186490166,Q2,2024
Novena / Toa Payoh,Singapore,45,1,1,41846000.0,929910.0,Condo,3.448040669060993,7.032717400225163,9.913275537304157,9.432608156189731,0.013489981995930772,0.04864511472440761,Q2,2023
Bukit Timah,Singapore,75,1,2,127742000.0,1703223.0,Landed,5.747896438017133,7.872096410754363,9.814006352164533,9.139721253753489,0.04318477852762661,0.018603830551423544,Q1,2024
Woodlands / Yishun,Singapore,45,1,1,21820000.0,484890.0,Condo,4.531686635068948,8.910471534989338,9.640189283169413,9.453472049576158,0.014734602181701187,0.04172705264425404,Q4,2023
Jurong West,Singapore,45,1,2,20273000.0,450519.0,HDB,2.292516938580146,7.17554119118506,9.10339275841315,9.369442778852338,0.046930991310966515,0.045433501913181296,Q4,2023
Woodlands / Yishun,Singapore,90,3,2,34013000.0,377917.0,HDB,3.2945346847605155,8.471431124231328,9.81468984073817,9.326942265182428,0.04839772943158646,0.02087955244424082,Q2,2024
Orchard / Marina Bay,Singapore,90,1,1,142880000.0,1587553.0,Condo,1.4341170965200964,7.62589890793666,9.246673626632855,9.439074336513524,0.014361993945290905,0.03541912393316761,Q2,2023
Novena / Toa Payoh,Singapore,75,1,1,86475000.0,1153002.0,Landed,14.877617393299698,7.516149297992544,9.039441376750228,9.11855800905965,0.04487942942634736,0.03228636047987907,Q2,2023
Woodlands / Yishun,Singapore,120,3,2,56061000.0,467176.0,Condo,19.784956616695204,7.9813408095745615,9.730630667534074,9.600519456690286,0.03462522809663036,0.02218477899015621,Q3,2023
Bukit Timah,Singapore,45,1,1,48651000.0,1081139.0,HDB,10.239123755001563,7.690285627881117,9.79092745155561,9.0495832898654,0.04751039880807571,0.02272090361105009,Q4,2023
Orchard / Marina Bay,Singapore,55,2,3,73285000.0,1332461.0,HDB,19.44421044564318,7.225518253810765,9.768930311015447,9.567584822227207,0.04232189745085397,0.043183877152654905,Q2,2023
Bukit Timah,Singapore,120,3,2,147821000.0,1231842.0,HDB,12.220401700769003,8.076456553502842,9.126772477691755,9.49727374987207,0.03868583986798875,0.018931151008138084,Q2,2023
Bukit Timah,Singapore,75,3,4,81840000.0,1091204.0,HDB,24.31015522739719,7.3854900248027375,9.424123336848591,9.72024738615784,0.013073752646979351,0.03156644236430856,Q1,2023
Orchard / Marina Bay,Singapore,55,1,2,80680000.0,1466916.0,Condo,2.919156420158477,7.770547443387508,9.58699259196041,9.808601251827072,0.04711873093707106,0.028312915765888243,Q2,2023
Jurong West,Singapore,55,1,1,37877000.0,688673.0,Landed,19.865816941467237,8.990436880984948,9.64980731129231,9.649717983283573,0.036564702363385035,0.02057697516967679,Q2,2023
Jurong West,Singapore,55,1,1,23620000.0,429447.0,HDB,14.501402764215214,7.700319633388203,9.531225806391735,9.657438646816411,0.04352905334854175,0.043236444049197874,Q3,2023
Orchard / Marina Bay,Singapore,140,3,3,222299000.0,1587849.0,Condo,22.229039223967295,7.020437395021841,9.743962226993295,9.068092827517503,0.021873257368724218,0.03328220676256628,Q2,2023
Orchard / Marina Bay,Singapore,140,4,3,202890000.0,1449218.0,Condo,15.40091423872326,7.3948650956904345,9.299140639649723,9.394053422358017,0.011268286197570516,0.025127235910821874,Q1,2023
Novena / Toa Payoh,Singapore,55,2,1,76640000.0,1393460.0,Landed,5.7131119308386555,8.573445272029858,9.131326235460909,9.929479425319698,0.024950037616804706,0.04203789960295532,Q3,2024
Jurong West,Singapore,75,1,2,33181000.0,442415.0,HDB,24.160262684119918,8.27443136628051,9.389549163450043,9.24681584363298,0.04577535047177328,0.019701959539459718,Q2,2023
Woodlands / Yishun,Singapore,90,3,4,50762000.0,564024.0,Landed,15.945464598440404,8.867030142569233,9.027012824323682,9.036343452903544,0.027735613756625394,0.029644869639112746,Q4,2023
Orchard / Marina Bay,Singapore,55,1,1,84912000.0,1543846.0,Condo,14.579205632652027,7.938275330224053,9.783023632447993,9.123036959335474,0.019881973587701524,0.04996157236913579,Q2,2024
Woodlands / Yishun,Singapore,45,1,1,16954000.0,376756.0,HDB,2.747725206723575,7.359048224731449,9.614321588324326,9.04080934867106,0.03637148739121878,0.04950994625781257,Q3,2024
Jurong West,Singapore,75,1,1,52175000.0,695663.0,Landed,16.445858002033763,7.412289819460023,9.959298515690858,9.105029423450286,0.04659588882093752,0.041127385926716505,Q4,2024
Tampines / Bedok,Singapore,65,1,1,58804000.0,904682.0,Landed,23.104355186241197,7.3147947360885945,9.75279327493475,9.397909317048045,0.036561200009054357,0.025323976212170383,Q2,2023
Orchard / Marina Bay,Singapore,140,3,4,179000000.0,1278573.0,HDB,24.774477263859776,8.302604220341415,9.823323757533908,9.722103234582658,0.036171582860315965,0.010625691852699789,Q1,2024
Bukit Timah,Singapore,75,1,2,94193000.0,1255913.0,HDB,13.182447559208224,7.837061739443345,9.786991275442444,9.91872634064375,0.024073885586552157,0.03179743285862442,Q2,2024
Jurong West,Singapore,55,2,2,34025000.0,618631.0,Landed,16.271519374291984,8.911907856320438,9.96196700047553,9.164150994642206,0.04678427150587812,0.04207433689658662,Q1,2023
Tampines / Bedok,Singapore,140,3,4,78964000.0,564028.0,HDB,11.601547516967333,8.098785791950206,9.580558269143555,9.604205223870943,0.014969911390092152,0.021232596678181455,Q3,2023
Orchard / Marina Bay,Singapore,45,1,1,80587000.0,1790813.0,Landed,9.127645466407103,7.056467956457503,9.567443327225657,9.482989711202347,0.04620156111026955,0.024494140325554827,Q4,2024
Woodlands / Yishun,Singapore,90,2,1,58039000.0,644882.0,Landed,10.667088566374744,8.657760278569326,9.632872987655277,9.58363310742308,0.015175820421821414,0.04384152972606451,Q3,2023
Novena / Toa Payoh,Singapore,55,1,1,73000000.0,1327267.0,Landed,11.489882209014155,7.327840909491408,9.984058317068989,9.621407898228707,0.026881738713123195,0.015586556322775579,Q4,2024
Bukit Timah,Singapore,140,3,2,248161000.0,1772578.0,Landed,14.397701834980317,8.556499625901616,9.535371518210065,9.825689144152667,0.04516672177057778,0.02792870957381098,Q4,2023
Woodlands / Yishun,Singapore,55,1,1,28328000.0,515047.0,Condo,24.149993921908525,7.542895363640943,9.338931868847215,9.367230876577176,0.04786521018328617,0.03909361150886163,Q2,2023
Woodlands / Yishun,Singapore,140,5,5,75907000.0,542192.0,Landed,4.0619892453654876,8.397668585312005,9.916001602969311,9.08138412174839,0.03310846220713452,0.01584899182464301,Q3,2023
Bukit Timah,Singapore,55,1,1,68515000.0,1245718.0,HDB,18.306661582800444,7.943845137186935,9.174116091051902,9.027233739086364,0.03623524646814653,0.04249938365418046,Q1,2023
Bukit Timah,Singapore,45,1,1,56690000.0,1259786.0,HDB,18.60587516110629,7.653008220084349,9.839470776945745,9.047789522627351,0.039964534239389525,0.010602124335640109,Q4,2024
Bukit Timah,Singapore,45,2,3,67454000.0,1498989.0,Condo,1.8318766895962684,7.026479420540072,9.181655889838472,9.932033372251647,0.04171891204678145,0.02918011964597396,Q3,2023
Novena / Toa Payoh,Singapore,38,1,2,51535000.0,1356190.0,Landed,13.2351333257417,8.281176150925079,9.708413931961049,9.683958694890235,0.018887648649177847,0.01259139083822749,Q2,2024
Orchard / Marina Bay,Singapore,45,1,1,64064000.0,1423636.0,HDB,24.87271036958405,7.3996135593795085,9.113742423521044,9.905357806877948,0.047082456097978974,0.035489034917530186,Q3,2024
Tampines / Bedok,Singapore,38,1,1,25331000.0,666612.0,Condo,17.643368573008047,7.688347354284349,9.482281725697812,9.381327053695154,0.04124335751772906,0.01829463719600093,Q3,2023
Orchard / Marina Bay,Singapore,140,3,2,170896000.0,1220685.0,HDB,10.094322620774877,7.535133463669274,9.751951361857127,9.489635673353042,0.018136025481133154,0.033081765863222444,Q1,2024
Woodlands / Yishun,Singapore,65,2,3,37531000.0,577396.0,Landed,3.1881921529575337,7.380659112023277,9.781573819647669,9.722915940520096,0.047565195283146164,0.02849295512977091,Q2,2023
Woodlands / Yishun,Singapore,90,1,1,49040000.0,544892.0,Landed,9.079521039732672,8.387340040816575,9.412609247773558,9.621266645843432,0.028815523542072022,0.02843716412289888,Q3,2023
Woodlands / Yishun,Singapore,38,1,1,14340000.0,377378.0,HDB,7.442507454154883,8.494809727666647,9.293368625067352,9.867753483123193,0.024929446634211885,0.03891448094366952,Q4,2024
Orchard / Marina Bay,Singapore,65,1,1,106856000.0,1643936.0,Condo,23.65345289630359,8.616222137212468,9.146453021781538,9.953191136502907,0.016045284700069863,0.02677097712157985,Q2,2024
Novena / Toa Payoh,Singapore,75,2,3,66685000.0,889139.0,HDB,24.823144557332743,8.752543381994013,9.983168340691861,9.26415640686258,0.032019902070011014,0.01659798371330266,Q1,2024
Orchard / Marina Bay,Singapore,38,1,1,72790000.0,1915518.0,Landed,3.7969895972352568,8.397150935239033,9.758047678904274,9.374150411925571,0.032487423417875395,0.011448546669584005,Q2,2023
Bukit Timah,Singapore,105,2,2,165229000.0,1573613.0,Landed,15.415567698966912,7.529455814197979,9.187655050794872,9.435305211368386,0.025947197382703215,0.04797805712296002,Q1,2023
Novena / Toa Payoh,Singapore,38,1,1,50637000.0,1332553.0,Landed,10.591324936366732,7.467451104060733,9.748229693269808,9.503606786842894,0.029616182755072294,0.04389087757267165,Q1,2024
Orchard / Marina Bay,Singapore,140,4,4,266842000.0,1906018.0,Landed,14.194357631731851,7.371355175729805,9.2168186074916,9.370856053311801,0.012138505402186781,0.012985078328998815,Q2,2023
Orchard / Marina Bay,Singapore,90,3,4,160465000.0,1782949.0,Landed,20.719731105193127,8.432305187980923,9.626954733723586,9.501693086803666,0.019205952524375642,0.015867909502836786,Q2,2023
Jurong West,Singapore,45,1,2,28012000.0,622479.0,Landed,20.747019973640334,8.713524913792678,9.310433454343116,9.309276310097324,0.028757957366321064,0.0451174825277567,Q2,2024
Jurong West,Singapore,45,1,1,22502000.0,500034.0,Condo,9.208098719037869,8.144957377665914,9.594492004655482,9.88431450685815,0.012081572870740529,0.045391631245301906,Q3,2023
Jurong West,Singapore,75,3,2,32444000.0,432584.0,HDB,23.266461451183254,8.730804150889059,9.672738369089522,9.068706278586545,0.04828073480311675,0.010122586104548694,Q1,2023
Novena / Toa Payoh,Singapore,75,1,1,59299000.0,790649.0,HDB,15.060263818510279,8.455635839791773,9.63979651960452,9.948280413197548,0.04008281817566809,0.04592807812863832,Q1,2023
Tampines / Bedok,Singapore,120,3,2,87668000.0,730569.0,Condo,2.8341968684568277,7.497282853238485,9.237494588568548,9.950286873545112,0.0310438948736348,0.017924509250267878,Q1,2023
Novena / Toa Payoh,Singapore,140,4,4,181219000.0,1294423.0,Landed,13.118284291930648,7.963282767730973,9.922403783291172,9.864958948958515,0.03854828465171829,0.011984418252570225,Q1,2024
Orchard / Marina Bay,Singapore,120,2,2,144919000.0,1207656.0,HDB,20.853293293617746,7.769606202569115,9.497688552957234,9.24572707218979,0.04445447733924409,0.013881390938157066,Q4,2023
Orchard / Marina Bay,Singapore,45,2,1,53205000.0,1182329.0,HDB,18.037763821974018,8.911763016148612,9.576763038069203,9.852701639522923,0.04192954336098209,0.025187864625554668,Q3,2024
Woodlands / Yishun,Singapore,65,2,3,24958000.0,383971.0,HDB,17.2132245140272,8.969606921583518,9.285021053213178,9.273251620997549,0.04647952556304589,0.03870082704429077,Q1,2023
Orchard / Marina Bay,Singapore,75,2,1,141739000.0,1889852.0,Landed,10.66922119524104,7.438159036051271,9.040894114418233,9.143873127716796,0.025531858820728462,0.02264744347502356,Q2,2023
Novena / Toa Payoh,Singapore,75,3,4,86277000.0,1150357.0,Landed,14.170960906436626,8.78636757601419,9.807734532646725,9.680190036938262,0.029701288694400273,0.038532971267344084,Q2,2023
Orchard / Marina Bay,Singapore,55,2,1,113578000.0,2065058.0,Landed,18.31012954910894,8.825383713776311,9.330650373307975,9.032161345754535,0.032759636940705945,0.02537587597090476,Q3,2023
Orchard / Marina Bay,Singapore,140,3,3,257011000.0,1835793.0,Landed,2.9988167015845937,7.714766506649722,9.554652005335626,9.063133499801719,0.0394294921891765,0.039627140721965014,Q2,2024
Woodlands / Yishun,Singapore,45,1,2,16208000.0,360187.0,HDB,8.708834553687744,7.992564881906638,9.414934273389827,9.70015164670564,0.013801388827129401,0.019903364781570287,Q3,2024
Woodlands / Yishun,Singapore,55,1,1,34915000.0,634826.0,Landed,1.3208376569546232,7.577640921286735,9.752215482142821,9.76017111391038,0.028911694672388875,0.049432158664872584,Q3,2023
Bukit Timah,Singapore,105,4,3,138786000.0,1321772.0,Condo,20.327473040208904,7.9244547847462385,9.113867268492681,9.99493053672147,0.028444654437007902,0.04468729422266679,Q4,2024
Bukit Timah,Singapore,90,1,1,113983000.0,1266482.0,Condo,23.122130087410778,7.759898873142173,9.327509962221603,9.986262578248375,0.018394096136080326,0.02037440773360131,Q1,2023
Woodlands / Yishun,Singapore,45,1,1,19927000.0,442821.0,Condo,14.064211503615443,8.458909830864322,9.093004309032954,9.569980568726356,0.010063239747526898,0.012402030874719099,Q4,2024
Novena / Toa Payoh,Singapore,90,3,4,84670000.0,940778.0,Condo,15.368447161177707,7.034377299901149,9.35543167545577,9.397162662840435,0.020806295251673892,0.013436987896200377,Q4,2023
Orchard / Marina Bay,Singapore,105,4,3,169999000.0,1619040.0,Condo,17.114741592628718,8.716397021796363,9.407095737099324,9.73108526465093,0.04965190099343705,0.012967599844728653,Q4,2024
Tampines / Bedok,Singapore,38,2,3,21885000.0,575919.0,HDB,8.799361105323598,8.473627714743293,9.32170826274929,9.168227877747306,0.025119048074770053,0.03560477149974161,Q2,2024
Woodlands / Yishun,Singapore,65,1,1,32740000.0,503688.0,Condo,10.568972032228123,8.306289270225056,9.086547342761504,9.793279930864005,0.017276586853194623,0.03669819225826984,Q1,2023
Orchard / Marina Bay,Singapore,90,3,4,115311000.0,1281229.0,HDB,11.814885003394735,8.210322140583802,9.414499718295778,9.595664667033734,0.011156440134480512,0.03235148835735019,Q3,2023
Orchard / Marina Bay,Singapore,55,2,3,72156000.0,1311930.0,HDB,16.889150544610768,8.016418596228387,9.751837235587036,9.726184841818093,0.017695331642178395,0.030675548848783755,Q1,2024
Orchard / Marina Bay,Singapore,65,1,1,80135000.0,1232852.0,HDB,4.506723934419736,7.766187432684106,9.38608447464976,9.446678657138339,0.032615128154623155,0.04108570642860858,Q1,2024
Novena / Toa Payoh,Singapore,90,1,1,103423000.0,1149146.0,Landed,2.7501956084431303,8.850690200368083,9.292025442388866,9.793523455591274,0.03150395895095868,0.012783309588707912,Q2,2023
Orchard / Marina Bay,Singapore,38,1,1,47482000.0,1249524.0,HDB,22.832715352095622,7.306966522490391,9.109223093752076,9.042517542102873,0.022962990543327764,0.019249078129375777,Q2,2024
Jurong West,Singapore,65,2,3,46909000.0,721673.0,Landed,17.953668109922006,8.380130434948097,9.427152635603038,9.61253845047132,0.03915940103536104,0.03313939567740028,Q3,2023
Orchard / Marina Bay,Singapore,140,4,3,227181000.0,1622721.0,Condo,22.04314350665388,7.3230420171124475,9.298729580559081,9.56361407272158,0.0397332868505434,0.016676103759818126,Q1,2023
Tampines / Bedok,Singapore,120,3,3,66844000.0,557036.0,HDB,3.335942363968792,8.804014609849432,9.101616507404962,9.799701411861982,0.04429740778005902,0.04264492817474957,Q3,2024
Woodlands / Yishun,Singapore,120,2,1,55997000.0,466639.0,Condo,11.422264388056202,7.621378837159262,9.260502161307889,9.49574159206302,0.04436500255558637,0.03992584057775053,Q4,2023
Bukit Timah,Singapore,105,4,3,188465000.0,1794908.0,Landed,9.648580054913458,7.795917456111932,9.323615074396349,9.401481416495916,0.042367591461814354,0.02638383353166572,Q1,2023
Jurong West,Singapore,45,1,1,28197000.0,626608.0,Landed,19.857041681738053,7.858329304893068,9.322107637058428,9.99556120185785,0.031467880025887816,0.03641802300006185,Q2,2024
Orchard / Marina Bay,Singapore,120,3,4,197782000.0,1648186.0,Condo,19.04203672213785,7.900245127140606,9.776308605920061,9.267654079185538,0.01419823123726574,0.0426564808716894,Q4,2023
Woodlands / Yishun,Singapore,90,3,4,45041000.0,500456.0,Condo,3.0294798478053933,7.75872179815082,9.801171032636862,9.229169998969896,0.0312712042940615,0.01863310531494957,Q3,2024
Jurong West,Singapore,38,2,3,19432000.0,511373.0,Condo,18.261217328829666,8.712607753883894,9.909083114615786,9.912792784395094,0.02141222417483924,0.024144241752242657,Q4,2024
Bukit Timah,Singapore,140,4,5,150555000.0,1075393.0,HDB,7.103593505885303,8.220983215126378,9.685865808649583,9.855082451061563,0.04191403862404434,0.037265029754589056,Q3,2024
Tampines / Bedok,Singapore,65,1,1,50873000.0,782661.0,Condo,11.805709171366342,8.81966336044097,9.56782134738997,9.650322548193635,0.04547069979435419,0.022390962274649505,Q3,2023
Jurong West,Singapore,140,4,3,63252000.0,451799.0,HDB,21.703142656963983,8.420442836785341,9.756821285737939,9.448527649017256,0.011614368747961486,0.045035980058909575,Q4,2023
Orchard / Marina Bay,Singapore,90,2,2,105673000.0,1174142.0,HDB,14.92516597590756,7.840733732104289,9.598512597871672,9.47570326030064,0.026241359975815205,0.012287512737330163,Q2,2024
Bukit Timah,Singapore,120,3,3,186508000.0,1554235.0,Landed,3.277184179067084,7.353003862869267,9.415628467290032,9.03503075024574,0.023646362403303603,0.027509280975156612,Q1,2024
Bukit Timah,Singapore,90,1,1,123231000.0,1369236.0,Condo,24.142005830410078,8.819469304160043,9.793093286343131,9.350419119533528,0.03266842535679697,0.017200328976881105,Q1,2023
Tampines / Bedok,Singapore,75,3,3,48737000.0,649825.0,HDB,18.27306567383536,8.130580759945184,9.28431422584265,9.86381225521566,0.04147257043678816,0.02157546906471199,Q1,2024
Novena / Toa Payoh,Singapore,140,4,4,115651000.0,826078.0,HDB,7.523000994930181,7.9086204180300905,9.504800615555402,9.3029436348675,0.02571719802346497,0.04991711021692635,Q3,2024
Woodlands / Yishun,Singapore,140,4,3,58034000.0,414529.0,HDB,15.061193792863719,8.268233137680411,9.767268741204802,9.764580413776894,0.04651194372606639,0.017872217108115984,Q4,2024
Tampines / Bedok,Singapore,105,2,2,62840000.0,598479.0,HDB,10.269913218747138,8.763908593149022,9.975883182694721,9.965141833766639,0.049561709808658067,0.041340207190327535,Q2,2024
Bukit Timah,Singapore,140,5,5,227998000.0,1628560.0,Landed,23.493976948439432,7.098388198880656,9.35287273455853,9.441711930591826,0.04318897038623329,0.03094739557413194,Q1,2023
Woodlands / Yishun,Singapore,75,1,2,31085000.0,414461.0,HDB,13.208498032259055,7.580073689665668,9.650906528495922,9.512446395342,0.015655141385833137,0.04884365483666367,Q4,2023
Jurong West,Singapore,65,2,1,46344000.0,712982.0,Landed,3.5634116193453726,8.919016597826252,9.919676698240849,9.437720708109248,0.030931095183810896,0.01794212977462877,Q2,2023
Bukit Timah,Singapore,65,1,1,79803000.0,1227741.0,HDB,9.550738926913523,7.801237078799948,9.607318527623981,9.95806359221437,0.011716833872905275,0.02153408192088876,Q3,2023
Bukit Timah,Singapore,38,1,2,45981000.0,1210022.0,HDB,9.332575301069406,7.301774880959595,9.468078457893439,9.20174587556608,0.04898318554506836,0.02369755870292488,Q2,2023
Jurong West,Singapore,120,4,4,54077000.0,450641.0,HDB,9.031841311999397,7.988779165428726,9.033115815094543,9.566578015612583,0.01049021796566549,0.016652959164033115,Q1,2024
Woodlands / Yishun,Singapore,55,1,1,30130000.0,547815.0,Landed,12.547655776593238,7.095294373242113,9.689186280628297,9.708638343005264,0.015171178008247233,0.04636518845744051,Q2,2024
Jurong West,Singapore,55,2,3,37248000.0,677232.0,Landed,11.012340953317675,7.9934828533379,9.917827858981896,9.717405010087374,0.01665442104179361,0.049309010680420484,Q3,2023
Orchard / Marina Bay,Singapore,55,1,2,100837000.0,1833397.0,Landed,23.101566957997203,7.268759284249702,9.897774259109495,9.697115360962759,0.04289789158084164,0.03982596177823058,Q2,2024
Orchard / Marina Bay,Singapore,90,2,2,107717000.0,1196861.0,HDB,22.571878250355148,8.392774832044445,9.307355360376453,9.187062196989245,0.04139008063794223,0.03144654720632466,Q1,2023
Woodlands / Yishun,Singapore,105,2,2,60330000.0,574572.0,Landed,5.413848824010459,7.402703585900708,9.685831762991896,9.392934929507867,0.04491214814942368,0.0323114544448321,Q3,2024
Jurong West,Singapore,90,3,4,61522000.0,683573.0,Landed,17.916718593975528,8.732504697794408,9.805937958628686,9.510243253831458,0.01783839824214832,0.0343599885456788,Q2,2024
Novena / Toa Payoh,Singapore,105,3,2,107840000.0,1027051.0,Condo,18.48161542029435,8.271509370739913,9.459675340962937,9.858615448160334,0.02956610305628956,0.03131136830188927,Q1,2023
Novena / Toa Payoh,Singapore,55,1,2,54508000.0,991049.0,Condo,18.0572651487008,7.1110761673779,9.086783521440834,9.559876440513026,0.031500589654298465,0.032141872070358596,Q2,2024
Tampines / Bedok,Singapore,75,1,2,72645000.0,968598.0,Landed,18.16937520804474,8.551605294907947,9.056075157644608,9.374666722712709,0.028391575905456927,0.021761072179242356,Q3,2024
Novena / Toa Payoh,Singapore,105,4,4,123111000.0,1172490.0,Landed,22.778905112368772,8.548684240308326,9.357648063789815,9.100315778616725,0.021655653153836447,0.03556317954811168,Q2,2023
Novena / Toa Payoh,Singapore,55,1,1,53007000.0,963760.0,Condo,16.101550784387076,7.186220433158807,9.881175033881572,9.113048766069094,0.03240299860833138,0.01898092798262556,Q3,2023
Tampines / Bedok,Singapore,38,1,2,26606000.0,700147.0,Condo,4.508865773239255,8.873821514001015,9.618636776512908,9.788806432866501,0.02095760271264299,0.04138024184699419,Q2,2024
Orchard / Marina Bay,Singapore,45,2,1,71255000.0,1583451.0,Condo,24.56612243175914,7.547408094041941,9.110909331780281,9.424159833843877,0.04927266049952116,0.04591075413095001,Q2,2023
Orchard / Marina Bay,Singapore,120,3,4,159102000.0,1325852.0,HDB,23.97813092000663,7.189501316643514,9.402634014526836,9.189968359921542,0.035738101804801144,0.023560780178757193,Q2,2023
Tampines / Bedok,Singapore,45,1,1,39960000.0,887998.0,Landed,8.775208880595525,7.344313702665245,9.503213292248866,9.666111569721703,0.018414056833755577,0.03653998853099515,Q4,2023
Tampines / Bedok,Singapore,55,1,2,30824000.0,560436.0,HDB,21.50204442190046,8.057294210317872,9.54169919849232,9.873152111841248,0.013477231654384525,0.034542767465003246,Q4,2023
Bukit Timah,Singapore,140,5,5,240490000.0,1717783.0,Landed,5.563814687497037,7.788378800229989,9.371437886378093,9.05656697753633,0.04883615411337232,0.03360937398909143,Q2,2024
Tampines / Bedok,Singapore,65,2,3,38221000.0,588018.0,HDB,7.221646094630648,8.901028025403482,9.73430024318424,9.716906033059496,0.018920976543359835,0.04266237341684361,Q1,2023
Bukit Timah,Singapore,38,1,2,49323000.0,1297977.0,Condo,1.4374623673261553,7.749046638873767,9.607575818012917,9.959528456808929,0.0491433873177719,0.02209115573160226,Q3,2024
Orchard / Marina Bay,Singapore,120,2,2,175889000.0,1465738.0,Condo,11.808828981943329,7.313510167204077,9.39167464404897,9.79639147179849,0.015929913640568998,0.02365050146930342,Q3,2024
Bukit Timah,Singapore,38,2,2,71335000.0,1877229.0,Landed,11.694904454267457,7.492010345934337,9.362221846414927,9.586211693800744,0.04812805095000339,0.04482457448916283,Q1,2024
Orchard / Marina Bay,Singapore,75,3,3,124998000.0,1666640.0,Condo,20.7632102340637,8.1849944157726,9.07283843747905,9.167868300901901,0.018468331979402404,0.03911431346986429,Q2,2024
Jurong West,Singapore,45,1,2,25566000.0,568127.0,Condo,17.705589385085666,7.107310080395483,9.632260910659737,9.266838767941541,0.010586649820719489,0.039168949970051166,Q3,2024
Novena / Toa Payoh,Singapore,75,2,1,81210000.0,1082804.0,Condo,23.806914853902914,8.516395963661228,9.059750538594676,9.862011950108151,0.019119102266442506,0.012450309645337528,Q2,2024
Bukit Timah,Singapore,45,1,1,62882000.0,1397376.0,Condo,8.043281047961738,8.121401868022447,9.495431736863292,9.076369373131557,0.04900016571166492,0.013981446086341713,Q1,2023
Jurong West,Singapore,38,1,1,27177000.0,715183.0,Landed,21.51436232046009,8.832000511135806,9.959709705774435,9.551128156121841,0.014075508338810492,0.032460480491930135,Q2,2023
Woodlands / Yishun,Singapore,75,2,2,43721000.0,582942.0,Landed,4.780950709484129,7.449002497840631,9.404806716848302,9.908786129925037,0.017681164235998012,0.04393949801916402,Q2,2024
Woodlands / Yishun,Singapore,55,2,3,24559000.0,446526.0,Condo,20.362548691583896,7.095243789695506,9.512371707499952,9.028261077391369,0.012160350831349054,0.03558864207269513,Q2,2024
Bukit Timah,Singapore,65,1,1,105177000.0,1618113.0,Landed,24.069372390793333,7.8931991047625445,9.12060713759816,9.120228951413667,0.034295156125398796,0.047752612903632245,Q3,2024
Bukit Timah,Singapore,65,1,1,120920000.0,1860307.0,Landed,12.570753714399903,7.431851248282989,9.614988381606965,9.656585802068994,0.01404479862317496,0.02792587640860289,Q4,2023
Tampines / Bedok,Singapore,55,2,3,52492000.0,954401.0,Landed,8.123056351307458,7.03727895884407,9.230388754046105,9.680185623099815,0.025262995560943576,0.036945608869831,Q2,2023
Woodlands / Yishun,Singapore,120,2,3,50871000.0,423927.0,HDB,14.942538987529106,8.112461984618015,9.31760634542276,9.671770679320455,0.03208302993075171,0.03214205815942761,Q4,2023
Woodlands / Yishun,Singapore,65,1,2,28425000.0,437305.0,HDB,22.874300781750755,7.928524508070876,9.8761632223211,9.855561473706471,0.032349583392598455,0.03163960500719837,Q3,2023
Bukit Timah,Singapore,75,1,2,132355000.0,1764734.0,Landed,4.1946554515001955,8.101616852700879,9.933434713223056,9.410270429345571,0.03327170557108326,0.04908733266041294,Q2,2024
Woodlands / Yishun,Singapore,120,4,4,73837000.0,615308.0,Landed,9.208919245247916,7.519719968344516,9.990586630765133,9.159134809930874,0.043519271051160026,0.025516991975464268,Q3,2023
Bukit Timah,Singapore,90,1,1,158006000.0,1755624.0,Landed,12.364730862886068,8.740958799280804,9.662752984840832,9.323834712183288,0.046743925575054135,0.04535957861391458,Q3,2024
Jurong West,Singapore,38,1,2,26004000.0,684311.0,Landed,8.43058414749356,8.159224629534867,9.7600831099141,9.870771333564994,0.012670222556076234,0.029971042733741945,Q1,2024
Orchard / Marina Bay,Singapore,90,2,2,158813000.0,1764592.0,Landed,14.464841873650752,8.233606286743777,9.619999492987091,9.709056591001428,0.01782027733737552,0.01844936113206582,Q1,2023
Novena / Toa Payoh,Singapore,75,3,3,76842000.0,1024555.0,Condo,3.5850118480719546,7.975497085275879,9.020259672271557,9.852522933350805,0.018814799327453394,0.01740576438547286,Q2,2023
Novena / Toa Payoh,Singapore,105,4,3,101184000.0,963662.0,Condo,17.665325137787832,7.024154595428939,9.144146356511161,9.76348401862696,0.04129637282586038,0.015821061386377386,Q2,2024
Tampines / Bedok,Singapore,120,3,4,77076000.0,642300.0,HDB,18.089128224017387,7.8875690354115395,9.739970498243064,9.247354013204616,0.018513798499697788,0.04758891079304842,Q3,2023
Jurong West,Singapore,55,2,3,30552000.0,555483.0,Condo,23.426494951949863,7.428229358364215,9.520019245081913,9.852312859336124,0.010028375286335605,0.02969700073457529,Q3,2023
Woodlands / Yishun,Singapore,65,1,1,30676000.0,471934.0,Condo,19.562659903013966,8.67782593378281,9.424561775205357,9.918899582346706,0.039321555886823276,0.02323714949045942,Q4,2024
Novena / Toa Payoh,Singapore,105,3,4,101852000.0,970016.0,Condo,11.575803593122622,8.55463827471346,9.711104626852944,9.535018696346302,0.0269428979130569,0.024088433219524075,Q3,2023
Woodlands / Yishun,Singapore,105,4,4,47008000.0,447695.0,Condo,8.869933308647493,7.874294229741381,9.957459447679362,9.031905600974032,0.011244581037552295,0.017882602875491045,Q2,2024
Bukit Timah,Singapore,55,1,1,101726000.0,1849566.0,Landed,21.916342013568187,8.444596994375754,9.373507246696644,9.60318196531249,0.01281405528493491,0.03252401733541468,Q4,2023
Novena / Toa Payoh,Singapore,45,2,3,58882000.0,1308497.0,Landed,23.319796894501444,7.778216038623591,9.789115258957263,9.172651870339731,0.024450195007327938,0.017042477552035987,Q1,2024
Tampines / Bedok,Singapore,105,3,4,73114000.0,696321.0,Condo,14.603626900413323,8.006664766248596,9.818686126613866,9.47664671508243,0.013956256541115743,0.047482856665852856,Q1,2023
Orchard / Marina Bay,Singapore,55,1,2,78459000.0,1426525.0,Condo,21.19121879140211,7.302809650794664,9.737275024276176,9.411774430165792,0.038189325782275685,0.04682576463854883,Q2,2024
Orchard / Marina Bay,Singapore,90,2,3,131571000.0,1461905.0,Condo,5.267661440952234,7.684824388325646,9.166983127868054,9.70760341596757,0.030361357296264317,0.0376667500234322,Q3,2024
Tampines / Bedok,Singapore,45,2,3,29736000.0,660789.0,Condo,20.69570520678591,7.370108696848493,9.481833207737319,9.477708863344242,0.012462430050727771,0.03769995663821754,Q3,2023
Jurong West,Singapore,140,5,5,79121000.0,565150.0,Condo,11.34033271902614,7.715167970323606,9.147527525731638,9.541826642292477,0.022139394347587896,0.021906502935616384,Q2,2023
Bukit Timah,Singapore,90,1,2,100637000.0,1118184.0,HDB,20.001873606214495,7.605029590148071,9.067448431802873,9.326367328771521,0.03878513653896836,0.033379395801057046,Q1,2024
Novena / Toa Payoh,Singapore,90,2,3,76366000.0,848511.0,HDB,12.466061279045078,7.438424591550696,9.763568165676029,9.033848699746557,0.04786919732892494,0.02080121387202527,Q2,2023
Orchard / Marina Bay,Singapore,55,2,1,102015000.0,1854817.0,Landed,8.344206133969493,7.967339222850259,9.973297842109925,9.82538956926994,0.031536895183086625,0.035994516639965494,Q2,2023
Orchard / Marina Bay,Singapore,45,2,2,74160000.0,1647992.0,Condo,24.179777018831338,8.693068383990205,9.145959673253913,9.666579512104985,0.03602603621162682,0.026705214058635074,Q1,2024
Tampines / Bedok,Singapore,90,2,2,55877000.0,620852.0,HDB,7.43058162420388,7.665688869455324,9.253595043810101,9.034704408779481,0.03297275348184094,0.013063566094482688,Q3,2023
Novena / Toa Payoh,Singapore,75,2,1,78646000.0,1048617.0,Condo,7.241199262643717,8.126403499204438,9.871983492258934,9.807919644381014,0.036576257495066496,0.04556094269962536,Q3,2024
Tampines / Bedok,Singapore,45,1,1,43043000.0,956501.0,Landed,11.481735530435646,7.03669528649361,9.580373977612485,9.91549316255735,0.02678648709162733,0.033752186713866775,Q2,2023
Jurong West,Singapore,120,3,4,75550000.0,629580.0,Landed,11.567899771529898,8.271428400544757,9.584668867448409,9.528084460924504,0.035815626582959725,0.014154394927034923,Q3,2023
Bukit Timah,Singapore,45,2,3,59292000.0,1317609.0,Condo,19.316049119074567,8.445838380274814,9.523410642041206,9.186366291654824,0.029725566269750668,0.01127172843726139,Q3,2024
Jurong West,Singapore,140,4,5,75506000.0,539330.0,Condo,4.875459300320753,8.728352496427254,9.402137841576602,9.842361080428704,0.023667477645467193,0.033264810961798424,Q1,2023
Woodlands / Yishun,Singapore,120,4,4,75009000.0,625076.0,Landed,18.092075167461978,7.7500207666156005,9.82028196471774,9.314680003734427,0.03818185429649727,0.021871767832968386,Q2,2023
Tampines / Bedok,Singapore,45,1,2,25008000.0,555725.0,HDB,20.43079323744205,7.256118339843729,9.886508432267027,9.602583116124109,0.04210735830163109,0.04929949033239511,Q3,2024
Bukit Timah,Singapore,90,1,1,147217000.0,1635742.0,Landed,8.072001737007739,8.180420169435106,9.637383371938508,9.626872746762551,0.03024367115460317,0.018021911018340962,Q3,2023
Orchard / Marina Bay,Singapore,75,2,3,104144000.0,1388588.0,HDB,22.04726093855301,8.104320815072485,9.617037176045075,9.015523625937378,0.03547373500442629,0.012896592507802942,Q3,2024
Novena / Toa Payoh,Singapore,105,4,4,115653000.0,1101456.0,Condo,24.451471887216293,8.888649265772019,9.621599413494245,9.656442527491565,0.044819900848977204,0.03540591411149304,Q4,2024
Orchard / Marina Bay,Singapore,120,3,4,170328000.0,1419401.0,HDB,11.677514507270178,8.373342922141223,9.97620437957245,9.659810527004106,0.03570520820335424,0.011464410671079768,Q1,2024
Woodlands / Yishun,Singapore,55,1,1,27194000.0,494442.0,Condo,7.71462206523024,7.3560574946894794,9.643460895432568,9.87595746125827,0.019523968965894443,0.04004658845002716,Q3,2024
Bukit Timah,Singapore,55,1,1,75692000.0,1376218.0,Condo,10.895102052484923,8.53654560904369,9.438159753815308,9.616150936031548,0.02700228298377917,0.038906669274199814,Q3,2024
Woodlands / Yishun,Singapore,55,1,1,26946000.0,489927.0,Condo,24.58075599023593,8.29245918337471,9.930636948725125,9.991841812379347,0.03347938369907495,0.024370776937418563,Q3,2023
Bukit Timah,Singapore,75,3,4,93713000.0,1249500.0,Condo,14.030686752882708,8.047513391734062,9.68028154622162,9.081002796053335,0.03928065197323182,0.04334003623484018,Q3,2024
Tampines / Bedok,Singapore,105,3,2,61204000.0,582897.0,HDB,17.21961261382766,8.685812562873245,9.852181794135689,9.484935334706178,0.028214691166105012,0.014217884043009811,Q3,2024
Bukit Timah,Singapore,90,3,4,135957000.0,1510639.0,Condo,10.111472595671174,8.0248162737309,9.597106925279398,9.530932851968933,0.019132084462376065,0.042806614876608806,Q1,2024
Tampines / Bedok,Singapore,105,3,4,58368000.0,555890.0,HDB,4.053897085192286,8.000120163168479,9.411276729796503,9.05333296278078,0.031837820042654695,0.035405663358436236,Q3,2024
Bukit Timah,Singapore,38,1,1,51341000.0,1351083.0,Condo,2.5536649638226008,7.099925876858604,9.300272829026738,9.792615035060896,0.04856560950824453,0.025912257964094437,Q4,2024
Woodlands / Yishun,Singapore,90,2,1,47062000.0,522907.0,Condo,14.042126532428906,7.378291261535603,9.033048332529642,9.56030118036673,0.017060950272548538,0.011425706314565631,Q4,2023
Tampines / Bedok,Singapore,105,3,2,61031000.0,581251.0,HDB,9.397281285531587,8.055859445583039,9.93850475538353,9.756450771071917,0.04058773789498827,0.01679419678649664,Q2,2024
Woodlands / Yishun,Singapore,120,2,2,66429000.0,553577.0,Landed,22.216957804091383,7.059569520687351,9.843209252215294,9.478790017949255,0.03765251489198264,0.022426063924836336,Q1,2023
Tampines / Bedok,Singapore,120,3,4,79191000.0,659924.0,HDB,18.133417426929494,7.551976076644315,9.044107561715196,9.348982984211238,0.022321485081960885,0.04979370467821374,Q2,2023
Orchard / Marina Bay,Singapore,75,2,3,122908000.0,1638771.0,Condo,11.740275804571198,7.773431727960418,9.246601475481114,9.867250574563544,0.02463466758748363,0.03702009419242835,Q1,2024
Tampines / Bedok,Singapore,90,3,3,57143000.0,634923.0,HDB,19.408462712530877,7.972214663320706,9.972697431478062,9.734590938153794,0.04778810510770955,0.03610313604243813,Q4,2024
Orchard / Marina Bay,Singapore,65,2,2,79779000.0,1227366.0,HDB,24.312929748361245,7.072431122642918,9.2061369692525,9.614935147272128,0.028328744661390376,0.018226949355893557,Q4,2024
Bukit Timah,Singapore,55,1,1,58643000.0,1066231.0,HDB,14.561511621427293,7.797451905051881,9.556305012230776,9.64685717424776,0.025061525854726742,0.014740681021424505,Q4,2024
Novena / Toa Payoh,Singapore,65,1,2,67251000.0,1034634.0,Condo,12.94010623071182,8.026075716694503,9.605030660230408,9.620241370638503,0.03713568545277982,0.02930636535740734,Q1,2023
Jurong West,Singapore,120,2,1,67903000.0,565857.0,Condo,16.634657320012618,8.364256666375098,9.913613664738563,9.046675288864165,0.03474327347280804,0.037463160792413734,Q3,2023
Jurong West,Singapore,65,2,1,27129000.0,417362.0,HDB,11.84086806895709,7.749024204624419,9.546164573419096,9.23140274434187,0.03868416321256518,0.02988621260417814,Q2,2024
Woodlands / Yishun,Singapore,90,1,1,36981000.0,410896.0,HDB,22.392135738250317,8.693345031786208,9.281355733644524,9.437767248598806,0.04585766544312309,0.024517949941082605,Q1,2024
Woodlands / Yishun,Singapore,45,2,1,26041000.0,578692.0,Landed,8.043368867724688,7.294680207175675,9.426718959885077,9.58048673269646,0.019382629739718098,0.016831593175629884,Q1,2024
Bukit Timah,Singapore,90,1,1,125567000.0,1395185.0,Condo,6.617225435760993,7.419064119390858,9.038785113587812,9.822484068392972,0.047892272811173905,0.023435785771608156,Q4,2024
Bukit Timah,Singapore,90,2,1,143602000.0,1595582.0,Landed,10.651242808945423,7.090649886586069,9.45055944717052,9.167355298022851,0.039644789187703776,0.04019413431974949,Q1,2024
Orchard / Marina Bay,Singapore,120,3,4,164319000.0,1369326.0,HDB,9.254011885808513,7.424124016251444,9.248491393177579,9.213628622019435,0.015955415872803747,0.018308432746007845,Q2,2023
Bukit Timah,Singapore,55,2,3,57596000.0,1047195.0,HDB,2.4223131757237093,7.906442425479716,9.987593264090057,9.906957372161733,0.04512592866857165,0.02062105099900876,Q4,2023
Tampines / Bedok,Singapore,75,3,3,62515000.0,833538.0,Landed,12.625209250439653,8.332246722750451,9.308304517799932,9.855356928171092,0.03404762839893986,0.03851771541095655,Q3,2024
Orchard / Marina Bay,Singapore,65,2,1,92207000.0,1418569.0,HDB,10.122318180500464,7.099360019993788,9.731622153151873,9.67127191323571,0.03712521447051944,0.04408578515442658,Q2,2023
Bukit Timah,Singapore,90,1,2,168257000.0,1869526.0,Landed,24.741081861764318,7.720821157801532,9.165616028533385,9.06123777462878,0.03926613663421596,0.026184826915638393,Q3,2023
Tampines / Bedok,Singapore,120,3,4,110296000.0,919137.0,Landed,24.332266186999945,8.25603269447356,9.90123794218663,9.874710329148508,0.045122044179851134,0.047791423468443096,Q3,2024
Jurong West,Singapore,75,1,1,30674000.0,408987.0,HDB,5.007994226042276,8.938946785141795,9.959853251200116,9.940166874054276,0.02961773028642109,0.014444486139929897,Q2,2024
Tampines / Bedok,Singapore,105,2,3,65318000.0,622073.0,HDB,7.314990914377931,7.492154713878483,9.656376054452869,9.264520059137801,0.015165497085717279,0.015503361730933755,Q4,2024
Woodlands / Yishun,Singapore,90,2,2,54413000.0,604593.0,Landed,5.454076768416218,7.185646407476929,9.347163147332072,9.7695533216722,0.042186870517336,0.029294050979690456,Q4,2023
Tampines / Bedok,Singapore,45,1,1,33864000.0,752523.0,Condo,11.416203126325655,7.064655150398297,9.177212007237348,9.871713936881267,0.028350913969115404,0.016856635424754192,Q3,2024
Tampines / Bedok,Singapore,75,2,3,64149000.0,855323.0,Landed,23.42743097053623,7.2492579006955635,9.7712055594711,9.057516218147066,0.022063433701253916,0.04847539581130511,Q2,2024
Jurong West,Singapore,55,1,1,39951000.0,726377.0,Landed,2.988111448715493,8.922281185180665,9.456050406304398,9.025217029521492,0.03891039547453677,0.046491154373110445,Q3,2023
Orchard / Marina Bay,Singapore,105,4,4,176207000.0,1678161.0,Condo,21.018393376161338,7.634416157009502,9.253201062559848,9.717838387246193,0.04630905207772137,0.03847997620199674,Q4,2024
Jurong West,Singapore,65,2,2,46069000.0,708747.0,Landed,15.968043510540628,7.395324225833516,9.892484992746244,9.009402655605466,0.02295327513216587,0.031234848428412842,Q2,2023
Tampines / Bedok,Singapore,65,1,1,40640000.0,625233.0,HDB,19.708205394235435,8.584592448500612,9.377229597565266,9.591879952624394,0.029194308980161753,0.01503374905414955,Q4,2023
Tampines / Bedok,Singapore,75,2,2,43532000.0,580423.0,HDB,21.734485015027534,7.372694761157216,9.348927304402942,9.03756764770646,0.02784198184691069,0.04508927723397768,Q2,2023
Jurong West,Singapore,105,2,2,75196000.0,716155.0,Landed,10.060585750966892,7.520781293954367,9.109592712984712,9.233803899732141,0.02756252314004106,0.016928466893845244,Q3,2024
Novena / Toa Payoh,Singapore,45,1,1,45168000.0,1003725.0,Condo,21.838186886104566,8.107213033707076,9.70388310086067,9.39980832937601,0.03482384285443973,0.0338259438203703,Q1,2023
Orchard / Marina Bay,Singapore,140,3,3,234973000.0,1678378.0,Condo,2.7382584501376916,7.252414336714812,9.163322142288449,9.354034162315601,0.03832919725993244,0.012606988861310762,Q1,2024
Tampines / Bedok,Singapore,65,2,2,49192000.0,756795.0,Condo,13.654760589956641,8.959600610100345,9.852610116013437,9.678226423295289,0.013547202637730064,0.01572440656786084,Q3,2024
Orchard / Marina Bay,Singapore,55,1,1,110949000.0,2017256.0,Landed,24.79638626791811,7.86159865638641,9.532190595090283,9.884597151416086,0.03526706476646283,0.01945340986357829,Q1,2024
Orchard / Marina Bay,Singapore,90,3,2,119981000.0,1333118.0,HDB,16.414614474064578,8.285007276072031,9.272276028484882,9.317390057112313,0.03249790920636696,0.02703859014110272,Q4,2023
Novena / Toa Payoh,Singapore,55,2,3,67244000.0,1222619.0,Landed,22.61356013173872,7.4257322506828025,9.106257164589039,9.423634354462138,0.020482237721348794,0.020805427831889937,Q2,2024
Novena / Toa Payoh,Singapore,55,1,1,75976000.0,1381379.0,Landed,23.211897312816546,7.389262921489829,9.882234349978905,9.262974371745656,0.028108314522099026,0.04843541906232088,Q2,2023
Bukit Timah,Singapore,90,2,3,157851000.0,1753904.0,Landed,18.63872225747922,7.912123167895226,9.250882541072158,9.682512009415554,0.02204900516204923,0.03446030666879173,Q1,2023
Woodlands / Yishun,Singapore,105,4,5,43212000.0,411546.0,HDB,23.189292493615635,7.544859487349086,9.890976676933914,9.549335241424837,0.04054187129839006,0.020934305235843338,Q2,2024
Tampines / Bedok,Singapore,45,2,2,32170000.0,714888.0,Condo,10.25362602605852,8.445281992620986,9.63044465598,9.155023175976465,0.042156576522905664,0.026065596678937313,Q1,2024
Orchard / Marina Bay,Singapore,120,4,4,175638000.0,1463651.0,Condo,21.945084325626134,7.097372405428409,9.60045579015494,9.911414653682229,0.035872940427146234,0.020740265936936474,Q2,2024
Tampines / Bedok,Singapore,105,3,4,58287000.0,555113.0,HDB,2.083759278549201,7.111496526675876,9.809411879522118,9.346120829057686,0.021687779070816447,0.044465798908779906,Q4,2024
Orchard / Marina Bay,Singapore,45,2,3,66439000.0,1476414.0,Condo,14.466890161333417,8.732691418360426,9.571080359131523,9.597588514475389,0.027923210185739095,0.025403616523727315,Q2,2023
Orchard / Marina Bay,Singapore,120,4,4,160245000.0,1335371.0,HDB,19.67383074250972,7.265312935152545,9.917492760093118,9.095365246924942,0.02207725555733442,0.019277379614807084,Q1,2023
Tampines / Bedok,Singapore,45,1,2,44019000.0,978208.0,Landed,11.21923787636521,8.879122896589584,9.807687490999292,9.512882918812203,0.038350832814472824,0.04388973712605464,Q2,2023
Orchard / Marina Bay,Singapore,140,5,4,193982000.0,1385583.0,HDB,17.58826410638121,8.189300012888358,9.429686300673957,9.167380068820304,0.030813603719214273,0.01347823139792581,Q2,2023
Tampines / Bedok,Singapore,75,3,3,73113000.0,974846.0,Landed,14.970722636824522,8.13625902354915,9.53052878008028,9.56070893610791,0.04673495675670549,0.04367986861296293,Q2,2023
Tampines / Bedok,Singapore,120,4,3,86727000.0,722721.0,Condo,1.813575537825459,7.375164418822084,9.223512648348514,9.306749042024256,0.0456714892973157,0.01851476382189746,Q3,2024
Woodlands / Yishun,Singapore,75,2,3,29198000.0,389308.0,HDB,6.523637354472104,8.070066938619327,9.527219161303925,9.415123332695218,0.024847144926150203,0.030030762216488094,Q2,2024
Woodlands / Yishun,Singapore,140,4,3,57160000.0,408288.0,HDB,9.496740221432072,7.258305116929472,9.390358936289193,9.856671401409928,0.02424917640094338,0.04492059251112173,Q3,2024
Bukit Timah,Singapore,105,2,1,141523000.0,1347842.0,Condo,2.1425738308756666,7.996371152841148,9.977868179135749,9.348885492621017,0.020220711237998887,0.03669164652510422,Q3,2023
Novena / Toa Payoh,Singapore,38,1,1,35681000.0,938971.0,Condo,23.339865600593033,8.559930427077926,9.003002799420186,9.384749139380322,0.031927019448939484,0.013760234560352838,Q3,2024
Novena / Toa Payoh,Singapore,75,1,1,91342000.0,1217892.0,Landed,1.9471420370730694,8.569834339338167,9.296749233002524,9.8884991565906,0.04539956162221215,0.03083644658485967,Q3,2024
Bukit Timah,Singapore,45,1,2,54445000.0,1209894.0,HDB,19.41159748559483,7.646411208196659,9.556172501785609,9.254856855232026,0.017982787629614402,0.03206215100403384,Q2,2024
Orchard / Marina Bay,Singapore,120,2,3,188738000.0,1572813.0,Condo,13.315532506284125,8.67379325939268,9.620153014698362,9.025755583577016,0.015240047517760678,0.02477291085116384,Q3,2024
Jurong West,Singapore,65,1,2,29403000.0,452356.0,HDB,11.958810439856068,8.796354899062832,9.749990238116373,9.607316424314195,0.0199674717600331,0.027527627901838783,Q4,2024
Woodlands / Yishun,Singapore,38,1,2,21112000.0,555587.0,Landed,24.92969690620251,8.807772148157815,9.081019772137232,9.817825869409326,0.03888820442240797,0.03886533489099073,Q4,2023
Orchard / Marina Bay,Singapore,105,2,1,149852000.0,1427163.0,HDB,19.217076018560753,7.319849028717158,9.800233338721055,9.842652860758216,0.024207620679916858,0.044732736965504026,Q4,2023
Tampines / Bedok,Singapore,90,1,1,68867000.0,765185.0,Condo,21.2973893530665,7.842946246188284,9.583393443397387,9.992403813824156,0.035832773020421815,0.019396139474089073,Q1,2023
Novena / Toa Payoh,Singapore,120,4,3,110639000.0,921991.0,Condo,22.02859592046392,7.050868108091815,9.622496915611812,9.366504765917286,0.010265079471459208,0.04708008171871562,Q4,2024
Orchard / Marina Bay,Singapore,75,2,2,106605000.0,1421395.0,HDB,19.264417925970555,7.298488438021367,9.1298820275663,9.59640738437759,0.012595842900687467,0.016881190345018792,Q2,2024
Jurong West,Singapore,65,1,2,33699000.0,518446.0,Condo,4.790465814024423,7.90270740321837,9.312762000037347,9.518751368286038,0.020036673459441327,0.03438098567719511,Q3,2024
Woodlands / Yishun,Singapore,45,1,2,19947000.0,443262.0,Condo,21.740566505510966,7.212724422066498,9.01306972108328,9.79227301231895,0.03410186779712256,0.04021659881141576,Q1,2023
Jurong West,Singapore,90,2,1,50961000.0,566231.0,Condo,12.245255687147043,8.833869201317023,9.813676248325663,9.20305421101522,0.03480518683732717,0.042567447818064555,Q4,2024
Tampines / Bedok,Singapore,38,1,1,32033000.0,842980.0,Landed,1.9171390262121069,7.679243982126294,9.662661268486568,9.214640238097537,0.03990989505215712,0.021552221528852434,Q1,2024
Jurong West,Singapore,140,3,2,70628000.0,504488.0,Condo,11.635768747970875,8.532493010773184,9.023559651074537,9.899069734505849,0.02591338799336103,0.0475656083073694,Q1,2024
Bukit Timah,Singapore,38,1,1,48961000.0,1288458.0,Condo,7.130691082223369,7.592036102058229,9.327377370977784,9.120243353618147,0.04623970317525547,0.012140081899248863,Q4,2023
Tampines / Bedok,Singapore,75,3,3,40893000.0,545239.0,HDB,21.034680155725137,7.106821169882455,9.939924866269967,9.77982159542499,0.03646524805900903,0.015943137377492443,Q4,2024
Jurong West,Singapore,65,1,1,36494000.0,561446.0,Condo,3.0124379932841183,8.16952745923473,9.621643208365331,9.665003307718415,0.04839637519379807,0.04344105351750925,Q1,2024
Woodlands / Yishun,Singapore,45,1,1,19834000.0,440752.0,Condo,4.68616691651928,7.197933026554866,9.25879584372264,9.741397489067339,0.034568981721046756,0.011878279446063242,Q1,2023
Bukit Timah,Singapore,75,2,3,99055000.0,1320729.0,Condo,4.353386060501559,8.79344079976548,9.12692240858976,9.681926001396363,0.030127972655092206,0.016546798900934648,Q4,2023
Orchard / Marina Bay,Singapore,140,3,4,176860000.0,1263285.0,HDB,21.582971157477246,7.84232716026576,9.417188390030175,9.884374857051672,0.040799343033113215,0.04533962653640916,Q1,2024
Bukit Timah,Singapore,55,1,1,76512000.0,1391134.0,Condo,17.01882906298718,8.204852053449734,9.023309190640282,9.219678538492014,0.02259923374830363,0.046075859879344004,Q1,2024
Woodlands / Yishun,Singapore,55,2,3,20900000.0,379996.0,HDB,17.799970894115887,7.908603386979734,9.096764160761097,9.583322107954276,0.028776210536454183,0.027918144458362104,Q2,2024
Tampines / Bedok,Singapore,120,2,2,85391000.0,711594.0,Condo,1.0378603939086632,8.06343453329059,9.189686842000693,9.564545736813901,0.029418582786428775,0.049912866107994336,Q2,2024
Bukit Timah,Singapore,120,4,3,151209000.0,1260076.0,Condo,11.838351877378534,8.706213990306187,9.160740740145506,9.320780238640035,0.01503931114908674,0.045543421888573056,Q4,2024
Novena / Toa Payoh,Singapore,38,2,2,30012000.0,789790.0,HDB,13.46613878180105,8.950578775130854,9.009648536437094,9.472454975658495,0.04827514276072235,0.027909302467468165,Q4,2024
Bukit Timah,Singapore,65,1,1,104978000.0,1615045.0,Landed,9.294052581493723,8.42103651885819,9.430097864942061,9.099759759934418,0.030971145314804036,0.046806926280281304,Q1,2024
Orchard / Marina Bay,Singapore,45,1,2,62029000.0,1378423.0,HDB,20.597521198939205,8.994894683493762,9.901071051701676,9.229898006374734,0.040833047481192736,0.038228888706348815,Q3,2023
Tampines / Bedok,Singapore,55,2,2,47500000.0,863635.0,Landed,20.655078913653643,7.664064986332935,9.811923117972276,9.787240955252155,0.04900292938884721,0.023773295054516808,Q4,2024
Orchard / Marina Bay,Singapore,75,1,2,98235000.0,1309802.0,HDB,23.022165313243647,7.463524894587893,9.684573246742424,9.82829346561549,0.025113653365396726,0.03466834015897623,Q1,2024
Woodlands / Yishun,Singapore,120,2,3,58920000.0,491002.0,Condo,16.754549587918653,8.850298929549778,9.514683672822454,9.190129416222105,0.014933869750041025,0.03856634312353249,Q2,2023
Jurong West,Singapore,140,3,4,77905000.0,556463.0,Condo,24.116098942728037,8.309330150459614,9.86028331234208,9.423084799676051,0.014630302035245926,0.021310761647239437,Q1,2024
Jurong West,Singapore,75,3,2,36602000.0,488028.0,HDB,17.586086462179917,7.43882503395784,9.144883809869645,9.102551703096427,0.023382989923189858,0.02726082115575497,Q1,2023
Orchard / Marina Bay,Singapore,55,1,1,108495000.0,1972638.0,Landed,16.89098186079327,7.3181915756269245,9.677751306023053,9.401197803517627,0.04157842642669611,0.020174604936804973,Q4,2023
Tampines / Bedok,Singapore,120,3,3,65242000.0,543684.0,HDB,14.414519032853896,7.376150011289856,9.203841744753156,9.17681745331443,0.014208443898722157,0.04987497357925313,Q2,2023
Woodlands / Yishun,Singapore,90,3,3,39913000.0,443478.0,Condo,10.011043383842523,7.8588620316419355,9.018100591933637,9.761062254425138,0.02788818959117751,0.03335513473274824,Q2,2023
Woodlands / Yishun,Singapore,90,2,2,54736000.0,608180.0,Landed,20.74344880461293,8.56061840650558,9.58971402687298,9.260403367374527,0.016576111484283285,0.01731279601126931,Q3,2023
Tampines / Bedok,Singapore,105,2,1,61769000.0,588280.0,HDB,21.582931429319366,8.812210579940448,9.213464406467116,9.666882425239047,0.040405645753330124,0.010616433085744505,Q1,2024
Orchard / Marina Bay,Singapore,45,1,1,74634000.0,1658539.0,Condo,19.73408981935203,7.273414975770011,9.122972852785699,9.729484448196937,0.03286179613277253,0.04273210330198076,Q2,2023
Orchard / Marina Bay,Singapore,65,2,2,133877000.0,2059646.0,Landed,19.455097016260883,7.440036066404726,9.573735946546936,9.861379231758395,0.015963502838869853,0.035470891271203515,Q3,2024
Orchard / Marina Bay,Singapore,65,2,2,79163000.0,1217886.0,HDB,16.642123415275364,7.193476325490477,9.376550273897182,9.569719503573978,0.04455233363694462,0.02125523466210721,Q1,2024
Jurong West,Singapore,55,2,1,25200000.0,458173.0,HDB,24.68230241439003,8.846005454895709,9.149967984516024,9.045766964987042,0.01868386918485146,0.027153464170675608,Q1,2024
Tampines / Bedok,Singapore,120,4,5,112935000.0,941126.0,Landed,17.93133823866928,8.844390945811902,9.655065040734312,9.17970822500059,0.01614207562473957,0.016904256639235657,Q3,2023
Novena / Toa Payoh,Singapore,65,1,1,71114000.0,1094066.0,Condo,8.76182158967504,8.810611197007681,9.021345871510162,9.221762044455614,0.042329988988024876,0.03961584397114144,Q4,2023
Novena / Toa Payoh,Singapore,38,2,3,46314000.0,1218793.0,Landed,21.56162069564928,7.765773332728904,9.560295652458578,9.682995077888487,0.014427232308063184,0.025880372790270452,Q3,2024
Woodlands / Yishun,Singapore,140,3,3,52283000.0,373447.0,HDB,14.349846471171748,8.846152014896518,9.585591959002217,9.684893455694908,0.04422189109115596,0.0354268862468085,Q1,2023
Jurong West,Singapore,38,2,1,16453000.0,432980.0,HDB,11.344775529114576,8.804832954196225,9.622498422628452,9.740222011925841,0.04559640161280031,0.020028526149385995,Q2,2024
Woodlands / Yishun,Singapore,90,3,3,53077000.0,589745.0,Landed,22.745338602567333,8.3852172528869,9.000285852841284,9.31896895383032,0.025883869970303966,0.0341413602882386,Q1,2023
Novena / Toa Payoh,Singapore,45,1,1,41421000.0,920458.0,Condo,18.73969296546298,8.456604611756372,9.456637886279765,9.26147892388923,0.02199048811324708,0.027387075671472083,Q4,2023
Tampines / Bedok,Singapore,75,3,3,68446000.0,912616.0,Landed,14.568264860963788,8.472034087974935,9.02521814037884,9.86199985708619,0.04603715906267663,0.012584751917098584,Q3,2023
Tampines / Bedok,Singapore,105,3,2,62468000.0,594936.0,HDB,21.151403084483345,7.487801707573958,9.738862412979701,9.061884929652148,0.019706405164083268,0.012919439189017893,Q3,2023
Woodlands / Yishun,Singapore,65,1,1,27657000.0,425488.0,HDB,4.355593389490568,8.918351378981558,9.80384520795552,9.62787939781187,0.010372596065681413,0.032714365055006314,Q3,2023
Woodlands / Yishun,Singapore,105,4,5,45477000.0,433113.0,HDB,3.091588526499617,8.557093952794691,9.035594459618665,9.824187601804699,0.012208654945994893,0.03632621989063647,Q4,2023
Woodlands / Yishun,Singapore,38,1,1,18921000.0,497911.0,Condo,11.999318582847689,8.914042309457134,9.343098557552695,9.177136372335582,0.018732847861014347,0.048257533372060256,Q3,2023
Novena / Toa Payoh,Singapore,90,3,2,125514000.0,1394595.0,Landed,19.740223662311134,7.1017635693110694,9.962995329677799,9.57977114122665,0.02121251789069395,0.03404708188204278,Q1,2023
Novena / Toa Payoh,Singapore,140,3,3,138200000.0,987142.0,Condo,9.350088601791962,8.034424201070093,9.175336482265783,9.199199831870173,0.01464487897731968,0.0349011389575828,Q3,2024
Tampines / Bedok,Singapore,90,1,1,58459000.0,649541.0,HDB,3.2355994426102246,8.976372862133339,9.330163752295904,9.526562279143096,0.028120615255197996,0.04520382793276303,Q4,2023
Novena / Toa Payoh,Singapore,65,2,2,55173000.0,848821.0,HDB,7.767896561508375,7.466163988905248,9.970662153715391,9.797398115260615,0.017532408064794076,0.023148319194550893,Q1,2024
Tampines / Bedok,Singapore,90,1,2,57511000.0,639007.0,HDB,21.12454258757235,8.529596042846622,9.939844995917404,9.48841864289662,0.03493207675115563,0.03268943714825881,Q3,2024
Novena / Toa Payoh,Singapore,65,1,1,55851000.0,859247.0,HDB,1.8818417960052276,8.65605181141154,9.299555647189537,9.652376250291331,0.03070400376661437,0.029275722956394273,Q4,2024
Jurong West,Singapore,38,1,2,16155000.0,425122.0,HDB,1.263951329843711,7.414167306594491,9.212738945055923,9.371198478187258,0.027826968464037767,0.03868338291466516,Q3,2023
Jurong West,Singapore,65,1,1,40667000.0,625644.0,Landed,5.97561475731989,7.582587859335727,9.863325977844456,9.913755056545194,0.032172467904513516,0.04986671053212964,Q3,2023
Orchard / Marina Bay,Singapore,120,4,5,199620000.0,1663500.0,Condo,24.48804275048818,8.507799050496917,9.580870736076276,9.120473649810155,0.04953272366037198,0.019595779501418237,Q1,2023
Novena / Toa Payoh,Singapore,45,2,3,36474000.0,810530.0,HDB,4.323979061667302,8.877859405439324,9.709886430417257,9.07475936337213,0.016654934969722535,0.04743613687001262,Q1,2023
Bukit Timah,Singapore,38,2,1,39914000.0,1050376.0,HDB,21.650485528668696,8.712547095430065,9.216787526840141,9.839817033904565,0.02462014491124062,0.02377816020259631,Q4,2024
Tampines / Bedok,Singapore,105,2,2,81162000.0,772976.0,Condo,2.4416692178287738,8.070040833095824,9.376469835395364,9.838679630665471,0.04319248998798673,0.04688009122214545,Q4,2024
Novena / Toa Payoh,Singapore,90,2,3,105776000.0,1175283.0,Landed,16.606171223648104,8.780074167595338,9.899931996806126,9.728459413566455,0.023343355337538473,0.03312474640029524,Q1,2024
Orchard / Marina Bay,Singapore,55,1,1,117648000.0,2139062.0,Landed,11.735189120855408,8.221312571601475,9.133210597568677,9.710907095958559,0.0278016477716626,0.015161922657637338,Q3,2024
Orchard / Marina Bay,Singapore,105,2,1,170799000.0,1626660.0,Condo,5.7485275361295125,8.672429905168306,9.759001301637044,9.654795836137355,0.01829310673666363,0.03295806040537342,Q3,2023
Woodlands / Yishun,Singapore,105,2,1,58341000.0,555632.0,Landed,1.490196860175291,8.227986186963383,9.232536146277642,9.185062691559548,0.01799112994817384,0.02939503222117655,Q1,2023
Woodlands / Yishun,Singapore,45,1,1,18821000.0,418246.0,HDB,15.128578603421117,8.87883662908716,9.126513572286983,9.678703138089,0.017285272738699186,0.035626834798844376,Q4,2024
Orchard / Marina Bay,Singapore,45,2,3,80891000.0,1797589.0,Landed,12.109460034874427,7.404742944779283,9.04670863336079,9.816471140393272,0.01783394762647151,0.011131794863750764,Q3,2023
Bukit Timah,Singapore,75,3,4,83570000.0,1114263.0,HDB,5.115275893189013,7.216307797999477,9.630412306387308,9.431883310208702,0.035292715281582385,0.034856650961332586,Q2,2023
Jurong West,Singapore,55,2,3,36316000.0,660285.0,Landed,11.407282098195878,8.775253311467244,9.152394350441286,9.339208520008757,0.017375285166460384,0.017092874621069017,Q3,2023
Bukit Timah,Singapore,65,1,1,105626000.0,1625021.0,Landed,24.671022853509143,8.701287345952801,9.196528265562447,9.195614123327461,0.01594645246470405,0.018197811590416405,Q4,2024
Tampines / Bedok,Singapore,105,2,3,64921000.0,618298.0,HDB,4.34938907705762,8.15224760686777,9.533709358863206,9.024765096264547,0.044654315726552145,0.025872555393081788,Q4,2024
Woodlands / Yishun,Singapore,140,4,4,75624000.0,540173.0,Landed,7.108902714428132,7.930009158809762,9.990214327618846,9.165362591436953,0.034730706955546,0.04204813970617785,Q1,2023
Bukit Timah,Singapore,65,1,1,113478000.0,1745817.0,Landed,6.607330597188656,8.594414799130295,9.086347614474688,9.119310607902062,0.03729490078268913,0.01599502477088304,Q1,2024
Woodlands / Yishun,Singapore,140,5,5,58160000.0,415425.0,HDB,13.98197281779283,7.557420594375632,9.750819730420153,9.718124659598713,0.01639576477485429,0.03146672885034713,Q3,2023
Jurong West,Singapore,55,1,1,23113000.0,420230.0,HDB,16.925126136505142,8.68339610184139,9.289266165312158,9.729978346020534,0.04021834559852879,0.04550776134781402,Q3,2024
Woodlands / Yishun,Singapore,55,2,1,35056000.0,637379.0,Landed,12.19791581929928,7.699549607853044,9.58160730195928,9.381316181618802,0.016329782448619618,0.023019838635153306,Q1,2023
Orchard / Marina Bay,Singapore,65,2,1,79855000.0,1228537.0,HDB,21.758559205137573,8.388180681044993,9.527015934969702,9.071989593391411,0.01166392178159604,0.012085677378146786,Q4,2023
Novena / Toa Payoh,Singapore,105,4,5,86484000.0,823660.0,HDB,11.645943065686378,7.010733047977113,9.61534263183766,9.075508333856918,0.03083012386052275,0.04600475515414219,Q3,2023
Orchard / Marina Bay,Singapore,65,2,3,114656000.0,1763934.0,Landed,3.929364813039805,7.973568425481202,9.868283979281614,9.394735260232682,0.0107377216012679,0.017062083390099424,Q2,2024
Novena / Toa Payoh,Singapore,38,1,2,32987000.0,868077.0,HDB,17.165837002424837,7.05676512504056,9.915878298272938,9.338699318777442,0.02938090321740218,0.028145947889311303,Q1,2024
Novena / Toa Payoh,Singapore,65,1,1,52416000.0,806402.0,HDB,20.053415182605768,7.80770673427436,9.413724614464417,9.430127844427687,0.04709084594415549,0.014214052809031008,Q2,2023
Orchard / Marina Bay,Singapore,90,1,1,179045000.0,1989389.0,Landed,17.21594771618824,7.343459783323212,9.507958355794255,9.635945162242317,0.040408193975234166,0.015291417404542283,Q3,2023
Bukit Timah,Singapore,120,2,2,129056000.0,1075463.0,HDB,18.308947071715806,8.164433064407769,9.899236877665617,9.720491338543644,0.02444087435390581,0.014899609953939423,Q1,2023
Jurong West,Singapore,65,2,3,35951000.0,553097.0,Condo,16.403267703038455,7.953047042292821,9.742515096338463,9.705437424896488,0.03750421956460032,0.025177312752122087,Q2,2024
Bukit Timah,Singapore,120,2,1,124447000.0,1037059.0,HDB,16.14818675849564,7.959559088397146,9.472256717168333,9.875823603652602,0.020878289225448723,0.026391477828108884,Q4,2024
Bukit Timah,Singapore,120,3,4,208222000.0,1735187.0,Landed,17.412155541172318,7.149943815920732,9.449114231597182,9.9484019549952,0.021302066977107625,0.03272814278320171,Q2,2023
Tampines / Bedok,Singapore,65,1,1,62685000.0,964382.0,Landed,5.4679479542491585,8.723507105646473,9.931373623203555,9.751281379951639,0.04356859787748868,0.019883591420842263,Q1,2023
Orchard / Marina Bay,Singapore,90,1,1,139571000.0,1550791.0,Condo,7.175905079426166,8.29412884741863,9.055007197169934,9.103051412001976,0.04825531315175701,0.02393376878543222,Q3,2024
Novena / Toa Payoh,Singapore,65,2,1,75183000.0,1156664.0,Landed,12.457522693395417,8.76252625964213,9.640271883689962,9.998206099948769,0.048877356702713724,0.010988665042546005,Q1,2023
Tampines / Bedok,Singapore,140,5,6,86354000.0,616812.0,HDB,8.691467333956908,8.834495136256738,9.129367358857419,9.429887497258319,0.023933646423951592,0.044550065277524475,Q4,2023
Woodlands / Yishun,Singapore,140,5,4,86435000.0,617390.0,Landed,2.763386580394412,8.579267949526079,9.9881765506508,9.670582702278974,0.049366983326895326,0.03950227184559253,Q2,2023
Jurong West,Singapore,75,3,3,35118000.0,468244.0,HDB,4.320576263216206,7.370839975022911,9.211875411102334,9.415836925169405,0.048980402574223925,0.04387516623231705,Q2,2023
Tampines / Bedok,Singapore,140,5,4,99098000.0,707841.0,Condo,12.99692137026835,8.707170516090752,9.871277896862278,9.6855045452122,0.035454459556408836,0.01877396862583517,Q4,2024
Bukit Timah,Singapore,75,3,3,118043000.0,1573901.0,Landed,16.824040648515943,8.613696623825785,9.763786613129463,9.818510141851126,0.012620827480029977,0.03190417110494024,Q3,2024
Tampines / Bedok,Singapore,140,5,6,100607000.0,718618.0,Condo,22.784385615468278,7.859529592525384,9.076854625412432,9.210427846118016,0.02642666672518714,0.04564571403768299,Q2,2023
Tampines / Bedok,Singapore,45,2,1,35178000.0,781724.0,Condo,5.396113547228362,7.763715309509406,9.18189880110375,9.930115119255683,0.019926672014396015,0.021517243112926646,Q1,2023
Jurong West,Singapore,105,2,3,53962000.0,513919.0,Condo,1.7342968444165772,8.375653934798486,9.253378769422639,9.136168295365033,0.015129366355578005,0.029512787231504113,Q3,2024
Orchard / Marina Bay,Singapore,105,4,3,132155000.0,1258617.0,HDB,9.0096961940609,7.873720911630957,9.053856287378125,9.44042630406288,0.03343367442170731,0.03721975923143285,Q1,2024
Woodlands / Yishun,Singapore,65,1,1,35522000.0,546488.0,Landed,7.995713452821201,7.105486895932121,9.454523644387109,9.806998880050442,0.0277052245088334,0.049625214827526534,Q1,2024
Novena / Toa Payoh,Singapore,38,1,2,40315000.0,1060934.0,Condo,12.974460046045404,8.708366369636664,9.379114099467127,9.71153731969763,0.04159874523913409,0.03949003444424309,Q2,2024
Tampines / Bedok,Singapore,140,3,4,132709000.0,947924.0,Landed,16.670392943530686,8.850100762961919,9.612257574594155,9.715810666265389,0.028678951864444337,0.03387403521866574,Q3,2023
Woodlands / Yishun,Singapore,55,1,1,34848000.0,633593.0,Landed,20.286233931174824,7.62757125460177,9.88361603694255,9.469273667171734,0.032671746816327125,0.036166115410891625,Q2,2023
Novena / Toa Payoh,Singapore,55,2,2,51051000.0,928204.0,Condo,12.921071626508034,8.545868191225896,9.851485279101695,9.125648635311641,0.014302823518354248,0.026980082636322046,Q2,2023
Woodlands / Yishun,Singapore,90,3,2,39738000.0,441530.0,Condo,4.256732761826218,7.454598553270603,9.09859415060978,9.551711690163769,0.03216823148004923,0.04914206488167636,Q2,2024
Tampines / Bedok,Singapore,90,2,3,52876000.0,587513.0,HDB,8.417435213263177,8.377431852822127,9.036408771455498,9.2631665270405,0.0222020170595261,0.010309300828708378,Q1,2024
Orchard / Marina Bay,Singapore,38,1,1,59085000.0,1554864.0,Condo,11.72388578778499,7.229759236477251,9.899291068205832,9.938001749671747,0.018422940227256976,0.023804648257695245,Q1,2023
Orchard / Marina Bay,Singapore,140,5,4,218775000.0,1562677.0,Condo,9.72601419800111,8.185234382077821,9.482041951259646,9.035749933567871,0.02134963134819407,0.03518274022162084,Q4,2024
Woodlands / Yishun,Singapore,90,3,3,39022000.0,433573.0,Condo,3.3843761673263852,7.087381481928842,9.735664347597787,9.212100207706374,0.021416511285462285,0.03034005504236898,Q4,2024
Orchard / Marina Bay,Singapore,75,1,1,128621000.0,1714942.0,Condo,22.55920930728397,7.914313689934486,9.111893388387983,9.668607542039116,0.02530805481503791,0.04154222538106809,Q3,2023
Jurong West,Singapore,75,3,4,36922000.0,492298.0,Condo,4.800902579139753,7.235485952282892,9.902038394388681,9.818004395511274,0.019894902455523528,0.025643791591444642,Q4,2024
Orchard / Marina Bay,Singapore,90,2,3,137379000.0,1526433.0,Condo,3.838942889051001,8.880300919410988,9.322015573163375,9.071741944433754,0.024147411374736798,0.028847960790539216,Q1,2024
Woodlands / Yishun,Singapore,140,3,4,58437000.0,417409.0,HDB,7.075689140550498,8.267047185271146,9.590586287070916,9.714364162592476,0.010560190082268278,0.02903753793787655,Q2,2023
Tampines / Bedok,Singapore,120,2,1,92820000.0,773501.0,Condo,24.311531496477105,8.711203735536937,9.138409402700026,9.971338314594314,0.02837093314924611,0.02727692648598446,Q4,2024
Novena / Toa Payoh,Singapore,90,2,2,69149000.0,768322.0,HDB,3.752650591031105,8.69080077733175,9.84031109617672,9.91126442191612,0.015042102175799172,0.02597670160004443,Q1,2023
Jurong West,Singapore,90,1,1,36534000.0,405930.0,HDB,22.061115776186583,8.50425757478132,9.544146742578983,9.687433057758593,0.01246712741139628,0.01759868502957511,Q3,2024
Novena / Toa Payoh,Singapore,45,2,1,41978000.0,932852.0,HDB,23.897583021672478,8.342601081169464,9.216746359313097,9.907352633167582,0.024668454810964566,0.03419575242551697,Q1,2023
Novena / Toa Payoh,Singapore,55,1,1,48327000.0,878675.0,HDB,23.013401044436147,7.6539040328814405,9.830533177602636,9.062842033222266,0.010629052810043107,0.04201960556395012,Q2,2024
Bukit Timah,Singapore,55,1,2,100669000.0,1830348.0,Landed,1.3922723408402709,8.728190486390114,9.858552783222924,9.899155930128975,0.03173318198208456,0.0366385585269728,Q3,2024
Orchard / Marina Bay,Singapore,45,2,2,93103000.0,2068960.0,Landed,3.49726498059467,8.74600375282329,9.231890261848617,9.094819638209504,0.029409409717452803,0.016807651126699318,Q1,2024
Jurong West,Singapore,75,3,4,46316000.0,617548.0,Landed,9.89287367580626,8.403046182443497,9.265679754052336,9.244227081283425,0.04241058928614319,0.04651718341750713,Q2,2024
Bukit Timah,Singapore,65,1,2,107805000.0,1658532.0,Landed,10.936587468244067,7.8152311045752665,9.673601316246918,9.932668295294643,0.024116771460629773,0.03367458838963968,Q3,2023
Woodlands / Yishun,Singapore,120,3,2,61713000.0,514275.0,Condo,8.35145854437505,7.7317218844322255,9.035384997839834,9.733567517070952,0.042760888738658055,0.01620627755802457,Q1,2024
Woodlands / Yishun,Singapore,45,2,3,19746000.0,438808.0,HDB,17.36143961396401,7.539059748013977,9.847032446687784,9.253950842911733,0.020398211837912173,0.020210656217528173,Q1,2024
Jurong West,Singapore,90,1,1,37033000.0,411477.0,HDB,16.631838635882964,8.181993959930493,9.663364241700132,9.279386724707443,0.020856822700251704,0.03605744699726976,Q4,2024
Bukit Timah,Singapore,55,1,1,89957000.0,1635587.0,Landed,6.663193685699893,8.674675326808025,9.559766366950049,9.107521394859514,0.012882847821849426,0.02663102922421065,Q1,2023
Woodlands / Yishun,Singapore,45,1,1,22379000.0,497315.0,Condo,23.01833617795371,7.131415820144806,9.308107532172246,9.291707644473156,0.026806905465434003,0.015048240135648445,Q3,2023
Bukit Timah,Singapore,120,3,3,128134000.0,1067784.0,HDB,10.389490719822692,7.078832610783483,9.145401248222383,9.97460835570959,0.03331245909959389,0.027833905316636716,Q1,2023
Jurong West,Singapore,90,2,3,48785000.0,542055.0,Condo,2.1342255963411256,7.126155294782519,9.13251799835196,9.727063003499744,0.047726199257518684,0.010919714818600199,Q3,2023
Jurong West,Singapore,90,1,1,64988000.0,722089.0,Landed,16.532478203846228,7.479787501194798,9.12749575939126,9.823778990281893,0.032021210003168515,0.02882850305593862,Q2,2024
Novena / Toa Payoh,Singapore,45,1,1,46314000.0,1029208.0,Condo,2.439306910402127,8.92251039672271,9.37381180447599,9.32079133119873,0.03420572632965939,0.04052504712712018,Q2,2023
Jurong West,Singapore,45,1,2,25688000.0,570854.0,Condo,19.793428115857743,8.465848703983909,9.228530725245944,9.841405938117886,0.014095326354458836,0.02061031289810207,Q3,2024
Novena / Toa Payoh,Singapore,55,1,1,66145000.0,1202640.0,Landed,5.810321583408053,7.551357964165258,9.867489410434795,9.234922041911295,0.03145430727396024,0.02764669138094731,Q3,2023
Orchard / Marina Bay,Singapore,38,1,1,47301000.0,1244766.0,HDB,20.157359426138925,7.0579992865538,9.221257751093901,9.67024670468178,0.04425421557672736,0.03540820350155687,Q4,2023
Jurong West,Singapore,65,2,1,44021000.0,677240.0,Landed,23.80569322550065,8.758634453451238,9.973213924044442,9.428054699579313,0.011740514644456095,0.047616008343248785,Q4,2023
Bukit Timah,Singapore,75,3,2,86021000.0,1146940.0,HDB,6.767143736916508,7.096120657249747,9.520267696873512,9.927279785894251,0.04254733800334331,0.014265482254935194,Q3,2024
Jurong West,Singapore,90,1,2,43486000.0,483177.0,HDB,12.77759384073088,7.081656847059054,9.88403712991509,9.692198351934541,0.011348394724825158,0.023092635252080274,Q4,2023
Bukit Timah,Singapore,65,1,1,102438000.0,1575970.0,Landed,13.38026667487274,7.957946345097606,9.371425617590354,9.384646248291125,0.03166259488207977,0.029165647318307973,Q4,2023
Jurong West,Singapore,38,1,1,27917000.0,734667.0,Landed,2.099312860545159,8.446395202183874,9.722887372882813,9.812102646663575,0.014475515350547901,0.019097157641487828,Q3,2024
Novena / Toa Payoh,Singapore,65,1,2,59555000.0,916228.0,HDB,4.525121854381744,8.210198735736627,9.593981859664883,9.006611897837583,0.03945984656434726,0.02121209028561527,Q3,2023
Bukit Timah,Singapore,55,1,2,60053000.0,1091867.0,HDB,7.159432672808083,8.248166083197571,9.211067603040101,9.673508880170125,0.026755233433470492,0.01014729753082198,Q4,2024
Woodlands / Yishun,Singapore,65,1,1,28582000.0,439717.0,HDB,24.784240192199995,7.057866495805095,9.831322328556144,9.314351240183063,0.018231250061024655,0.04257145980041292,Q3,2023
Novena / Toa Payoh,Singapore,45,1,1,36788000.0,817516.0,HDB,24.134387933066407,7.907240075750475,9.882801553185695,9.15162149686912,0.044751965240030986,0.04877262663350906,Q1,2024
Woodlands / Yishun,Singapore,45,1,1,21443000.0,476505.0,Condo,24.368767589574624,7.4021450592560605,9.018984034203468,9.025870774838438,0.015371801389600558,0.010538657346556289,Q2,2024
Novena / Toa Payoh,Singapore,65,1,2,72586000.0,1116703.0,Condo,8.517876752694473,7.752901270608207,9.416441378808795,9.688622053838177,0.018839369267882936,0.03608847275934559,Q2,2024
Novena / Toa Payoh,Singapore,120,3,2,160572000.0,1338101.0,Landed,13.98554192477709,7.383422577291296,9.548788895033216,9.883384794908258,0.029376792467958386,0.042067997704646976,Q1,2024
Orchard / Marina Bay,Singapore,55,1,2,114308000.0,2078326.0,Landed,1.7492271539197182,7.967061423108764,9.177278215976171,9.81307485188419,0.028447361208124744,0.014537148550077043,Q1,2024
Tampines / Bedok,Singapore,140,5,6,137703000.0,983596.0,Landed,13.142078193614376,8.69416649884166,9.151003764330676,9.365412832759262,0.02106301936983001,0.04615766232069402,Q4,2024
Tampines / Bedok,Singapore,105,3,4,74127000.0,705972.0,Condo,3.9055413353469923,8.381735139745143,9.134590675914263,9.566424504087806,0.042808761935524,0.043217205613333316,Q4,2023
Bukit Timah,Singapore,55,1,1,64739000.0,1177072.0,HDB,7.814542948089007,7.874062339323517,9.495751444022659,9.522799068730693,0.025827062533551007,0.04526852437197208,Q4,2024
Orchard / Marina Bay,Singapore,75,2,3,124859000.0,1664781.0,Condo,20.639437051807345,7.1346436858181335,9.687127531156802,9.20405119315357,0.04350282443817297,0.04579124711453324,Q3,2024
Novena / Toa Payoh,Singapore,90,1,1,97917000.0,1087968.0,Condo,19.284241150967073,7.4816336968906185,9.304892202792137,9.847445108093607,0.015440363110780897,0.026133829070127915,Q3,2023
Bukit Timah,Singapore,38,1,1,66037000.0,1737813.0,Landed,20.048683305385797,8.27312036843478,9.505370845094001,9.72618237076363,0.01813385881462136,0.04267475182867997,Q1,2024
Orchard / Marina Bay,Singapore,38,1,1,79040000.0,2079990.0,Landed,22.72954341377343,7.563367792099517,9.878151831998125,9.087126852675164,0.04088832593200638,0.020607834720090028,Q2,2023
Jurong West,Singapore,140,4,5,90132000.0,643801.0,Landed,17.778893392973867,7.291250040471163,9.187254503024425,9.812058018321078,0.014855010582038305,0.0417759501202447,Q1,2024
Tampines / Bedok,Singapore,65,2,3,48029000.0,738909.0,Condo,16.280538187713702,7.149067410360586,9.683495713455189,9.30527350968906,0.03888760597656327,0.011635397416243864,Q4,2024
Jurong West,Singapore,55,1,1,26000000.0,472720.0,HDB,15.664853926752134,7.715131764721864,9.828869619403678,9.303497316058209,0.011979001749214367,0.030311758313971232,Q4,2024
Jurong West,Singapore,120,4,5,70680000.0,589002.0,Condo,14.212928291907673,8.855710717209998,9.684215240256824,9.523576057707542,0.025927936687851226,0.02465770346828835,Q3,2024
Tampines / Bedok,Singapore,55,1,2,36124000.0,656807.0,HDB,21.341994262839208,8.276297531444156,9.909019355379366,9.699848212550428,0.010239373016628025,0.03600186090781014,Q4,2023
Bukit Timah,Singapore,120,2,3,146828000.0,1223565.0,HDB,7.654717305419251,7.618579240791343,9.767707386360671,9.188136151667054,0.04441469837381595,0.03991094872190235,Q1,2024
Tampines / Bedok,Singapore,90,1,1,75331000.0,837016.0,Landed,5.1439355519758685,7.6844815167469145,9.459508798469132,9.752487579885605,0.030590522005427688,0.04132103826757568,Q3,2024
Orchard / Marina Bay,Singapore,45,2,2,87040000.0,1934232.0,Landed,19.42591896038629,8.100619232732534,9.113010637870081,9.003125464529964,0.0355244622126787,0.04240151529317809,Q1,2024
Novena / Toa Payoh,Singapore,38,1,1,44801000.0,1178982.0,Landed,19.30884390043423,8.053615804293454,9.748127241336336,9.933702241985934,0.012366407842483468,0.04043014311030948,Q4,2024
Jurong West,Singapore,65,2,2,34451000.0,530012.0,Condo,22.32748190431832,8.324370859721832,9.354337061144848,9.005837127694187,0.04890911789012332,0.04992432457932272,Q2,2023
Bukit Timah,Singapore,105,4,5,111954000.0,1066229.0,HDB,2.59041842125493,8.286052979298981,9.941529243694898,9.331863352739132,0.040821564936636676,0.022192717908736233,Q3,2023
Novena / Toa Payoh,Singapore,45,2,1,39688000.0,881954.0,HDB,6.3603497428425735,8.812014758200709,9.713594313880222,9.234761607752436,0.014769007185521734,0.026023751875152726,Q4,2024
Bukit Timah,Singapore,38,1,1,51859000.0,1364698.0,Condo,14.371907787616072,8.596903755312583,9.566647078618573,9.58793173738897,0.011446892356634448,0.010007148265442077,Q3,2023
Jurong West,Singapore,65,2,2,31736000.0,488239.0,HDB,22.61877676188839,8.589351509734936,9.297874667862112,9.076228101528752,0.010078380352180253,0.03793784645579977,Q4,2023
Jurong West,Singapore,75,1,1,37133000.0,495101.0,Condo,7.379887299308083,8.538143371898375,9.215440093966006,9.390114985500466,0.01620856406369317,0.047490808767550935,Q4,2024
Novena / Toa Payoh,Singapore,90,1,1,114019000.0,1266876.0,Landed,20.214379420331277,7.753957928889642,9.319632144431758,9.732548377511117,0.04254758436496284,0.030251077314122583,Q4,2023
Orchard / Marina Bay,Singapore,65,1,2,108779000.0,1673518.0,Condo,21.325881112817303,7.810809803507094,9.480767374121497,9.861444512331946,0.03645830351444239,0.03581946444707331,Q3,2024
Orchard / Marina Bay,Singapore,120,2,2,180725000.0,1506045.0,Condo,20.64434681223499,7.47189893005547,9.270829965430194,9.183621911048174,0.03995192841281977,0.011197512293229872,Q1,2024
Bukit Timah,Singapore,120,4,5,156815000.0,1306796.0,Condo,7.126828402429973,8.000125075283567,9.499664828568514,9.498473235793519,0.011145380785915232,0.029844210627911455,Q4,2023
Novena / Toa Payoh,Singapore,75,2,3,95936000.0,1279146.0,Landed,12.873075562516135,8.682671620961937,9.171123519221924,9.358567569196603,0.012535100713259025,0.03059971389923235,Q4,2024
Orchard / Marina Bay,Singapore,65,1,1,134431000.0,2068175.0,Landed,18.509476810858608,7.9707698021977285,9.522050600910072,9.38343381879844,0.03715455268214524,0.03745832564429914,Q2,2024
Jurong West,Singapore,45,2,1,18650000.0,414446.0,HDB,3.786292660176186,8.994846840228814,9.549200694884448,9.356731356708536,0.042719384046482664,0.03377727309189078,Q1,2023
Orchard / Marina Bay,Singapore,140,3,2,183619000.0,1311563.0,HDB,9.31389808313639,8.27740812985013,9.152893532970559,9.637756584803608,0.018371331391523183,0.043923207451230004,Q3,2023
Jurong West,Singapore,45,1,1,32460000.0,721341.0,Landed,2.8502540387234667,8.718242539920931,9.202383772153757,9.949227939674588,0.03771696320100014,0.02675550067020145,Q1,2023
Novena / Toa Payoh,Singapore,75,1,1,78275000.0,1043667.0,Condo,8.954000584976466,7.6742572989448155,9.671332727043309,9.050536342527042,0.04755485533541954,0.03295020509610054,Q1,2024
Bukit Timah,Singapore,65,1,1,122095000.0,1878381.0,Landed,10.751191849369079,7.317433546555752,9.926574888674427,9.011382230811511,0.04490768060611643,0.04665707846356234,Q4,2024
Orchard / Marina Bay,Singapore,75,2,2,125927000.0,1679027.0,Condo,17.371262015415162,7.265866013654349,9.60688567636672,9.291665467305261,0.04862577880156465,0.020787812274277083,Q2,2023
Novena / Toa Payoh,Singapore,45,2,3,40339000.0,896414.0,HDB,12.571402953821217,8.125824087809212,9.487179311519242,9.187312044855549,0.014727581749302719,0.03903409749088361,Q2,2024
Novena / Toa Payoh,Singapore,45,1,1,60919000.0,1353753.0,Landed,15.044392333454237,7.070830430318756,9.672784293558173,9.203478432537914,0.031809257654643874,0.016492547700189486,Q3,2023
Jurong West,Singapore,90,2,1,52186000.0,579844.0,Condo,5.729313154719676,8.3366033837296,9.569502440472142,9.244308934680655,0.03242385620710887,0.039559046492371054,Q4,2023
Bukit Timah,Singapore,65,1,1,77191000.0,1187556.0,HDB,8.868136721604051,8.905648186338752,9.233595561957904,9.585999919644081,0.022997880424766033,0.04659577900978442,Q1,2023
Novena / Toa Payoh,Singapore,45,1,1,57820000.0,1284894.0,Landed,17.886602039698793,8.142268686969091,9.090558293507264,9.276882655499671,0.03969620509245756,0.04755809155329138,Q4,2024
Jurong West,Singapore,75,2,2,36410000.0,485469.0,HDB,21.358005386721185,8.204825436577414,9.728268115217524,9.267147722559207,0.01066715081578634,0.012583571291071727,Q2,2023
Woodlands / Yishun,Singapore,65,2,2,30586000.0,470556.0,Condo,20.621989523905025,8.946285949826342,9.784109050441986,9.404113773628264,0.017395275751723824,0.0342432073793639,Q2,2023
Novena / Toa Payoh,Singapore,45,2,1,44292000.0,984278.0,Condo,11.279104216206836,8.418635032247028,9.919212531281826,9.498477877682301,0.02837217785166178,0.011052271858613212,Q1,2023
Orchard / Marina Bay,Singapore,105,4,3,179561000.0,1710107.0,Condo,11.276380711031152,7.528254772843221,9.565824541325224,9.027222165729242,0.02743500898301742,0.03439608012988054,Q3,2023
Orchard / Marina Bay,Singapore,75,3,3,104240000.0,1389861.0,HDB,19.1149154738864,8.043310235077124,9.71726995443082,9.808442138227466,0.03488425686188374,0.028094780275758617,Q1,2024
Tampines / Bedok,Singapore,38,1,2,23877000.0,628331.0,HDB,11.869244759808643,7.929071380955184,9.042787450173934,9.333643173137489,0.03267827402122313,0.016907362132128224,Q3,2023
Bukit Timah,Singapore,38,1,1,48058000.0,1264690.0,HDB,20.97599920784321,7.411725759497011,9.574792219671668,9.585328160879623,0.014717120188661132,0.02704812314297181,Q2,2023
Bukit Timah,Singapore,105,2,3,153775000.0,1464526.0,Condo,4.784928235695243,7.258218149105751,9.69050733591945,9.070970828775039,0.0300093388915373,0.015399675312930086,Q2,2023
Jurong West,Singapore,75,1,1,34319000.0,457587.0,HDB,5.977115454259006,8.148470372435277,9.340449524252552,9.489556822681113,0.030777701237914047,0.040464212797645456,Q3,2023
Orchard / Marina Bay,Singapore,75,1,1,138137000.0,1841829.0,Landed,2.885451667067935,8.209437550440272,9.54345635295689,9.81607091189873,0.01266598275725523,0.04939512666633245,Q2,2024
Novena / Toa Payoh,Singapore,105,4,4,140163000.0,1334884.0,Landed,19.221723083236864,7.708348548354758,9.657610439454235,9.676490393947853,0.014081321055461001,0.02824486454587371,Q2,2023
Woodlands / Yishun,Singapore,120,3,2,61331000.0,511088.0,Condo,14.710241022104043,7.7999215841957215,9.34774894736451,9.222613163922343,0.047994594225573284,0.020817767572224886,Q3,2024
Novena / Toa Payoh,Singapore,75,3,2,100936000.0,1345811.0,Landed,3.401615555141345,8.53599664443835,9.732790037348623,9.02814038133128,0.026159463382383584,0.02815148091640255,Q1,2024
Orchard / Marina Bay,Singapore,75,3,2,98520000.0,1313605.0,HDB,17.181416084597878,7.888179614002491,9.138407006538507,9.824692489990865,0.03373724771001983,0.02603432224273955,Q2,2023
Novena / Toa Payoh,Singapore,55,1,1,48729000.0,885988.0,HDB,13.128610504858727,7.9991948290125485,9.43227124204794,9.085586660936553,0.019069910305578298,0.03722099037537725,Q1,2024
Jurong West,Singapore,65,1,2,39598000.0,609198.0,Landed,16.817846588776227,8.596949449461412,9.190459269162256,9.560001319914075,0.032593500207269324,0.043975638408006716,Q1,2023
Orchard / Marina Bay,Singapore,140,5,6,168927000.0,1206621.0,HDB,1.635719117541571,7.9200451325223815,9.566620630947732,9.781530466209642,0.03400938933377972,0.012197884493605935,Q1,2024
Bukit Timah,Singapore,45,2,1,70824000.0,1573862.0,Landed,14.032533897296293,7.596142306054476,9.977004685494085,9.348263590021677,0.02706413343804325,0.0317180897211913,Q4,2023
Novena / Toa Payoh,Singapore,65,1,2,51512000.0,792495.0,HDB,14.613626380184026,8.33942233837448,9.342651999102486,9.467020133128258,0.022815018257294675,0.029478580175079885,Q1,2023
Novena / Toa Payoh,Singapore,105,2,1,124426000.0,1185010.0,Landed,6.812366598248952,8.8108795143416,9.624325580816857,9.370623235695653,0.026689887749580796,0.022198551388452344,Q3,2024
Novena / Toa Payoh,Singapore,38,1,2,35151000.0,925022.0,Condo,22.903419018574315,8.82289869133135,9.741348895810798,9.972216599106643,0.029317941738266504,0.02417743886212672,Q3,2024
Jurong West,Singapore,45,1,2,27848000.0,618855.0,Landed,20.32856086133107,7.847487882241911,9.483203484530206,9.865475759306637,0.010455947980757978,0.04543308611401442,Q3,2024
Tampines / Bedok,Singapore,55,1,2,35413000.0,643878.0,HDB,24.727009284474015,8.534926724769859,9.896879556875557,9.214921718998633,0.04859370365807005,0.02195657910531431,Q2,2024
Bukit Timah,Singapore,90,1,1,102782000.0,1142022.0,HDB,10.33666585404185,8.862865231561697,9.655427323448572,9.093292283788601,0.04282581924198999,0.017079288349693834,Q4,2023
Woodlands / Yishun,Singapore,140,3,3,73552000.0,525369.0,Condo,4.045493958353803,7.0433018465467505,9.71948766266987,9.73116475065086,0.010190635867897969,0.04489707073080861,Q3,2023
Novena / Toa Payoh,Singapore,65,1,1,78321000.0,1204940.0,Landed,2.132092184903258,8.397588038072968,9.103165798184746,9.021955522028488,0.022078394593510436,0.0441029551240174,Q3,2023
Orchard / Marina Bay,Singapore,38,2,2,59052000.0,1553997.0,Condo,14.961391006410986,8.054296595174105,9.549547423441311,9.554485942274727,0.021468208305216535,0.012878421660298267,Q1,2024
Bukit Timah,Singapore,75,1,1,83655000.0,1115400.0,HDB,9.838260764265446,7.354708736232222,9.428289831164296,9.96099661293025,0.023117929172753397,0.018399044117163685,Q2,2023
Orchard / Marina Bay,Singapore,38,1,1,71575000.0,1883547.0,Landed,7.856677304667897,7.7167228548173155,9.875586076961097,9.099719774009092,0.021025524714504865,0.04469630944657462,Q2,2023
Jurong West,Singapore,38,1,1,25153000.0,661925.0,Landed,18.060866549690658,8.15640708855749,9.875104438369185,9.221512813839501,0.01960364184156288,0.022911234997533173,Q3,2023
Jurong West,Singapore,90,2,2,61003000.0,677810.0,Landed,14.371320360834348,8.92716163914005,9.925468476619054,9.487731375784328,0.04175857738497864,0.03694907010227874,Q1,2024
Bukit Timah,Singapore,75,3,3,87228000.0,1163034.0,HDB,10.594024360751956,8.365242886927785,9.887538423437077,9.458919469186789,0.02289760255720353,0.014707490667995288,Q2,2024
Woodlands / Yishun,Singapore,38,1,1,18469000.0,486025.0,Condo,23.9161554266663,8.959675732848146,9.368925668372528,9.43313919796345,0.029209716475493676,0.04435453995891691,Q4,2024
Jurong West,Singapore,55,2,2,39120000.0,711264.0,Landed,11.895093161076058,8.003991456035836,9.005984198319805,9.594601967695022,0.047328527017917385,0.010608301513196415,Q1,2024
Jurong West,Singapore,75,2,1,40478000.0,539709.0,Condo,19.693338813083415,8.61377411782157,9.911514600712168,9.445682623385592,0.04633523411264705,0.015960837455006677,Q3,2024
Tampines / Bedok,Singapore,140,5,6,95071000.0,679076.0,Condo,20.509348999567678,8.237573728488693,9.184502008484635,9.592326314156088,0.02649864704319583,0.04720454447281175,Q3,2023
Tampines / Bedok,Singapore,38,2,2,22919000.0,603137.0,HDB,4.583966947947627,8.906999621394394,9.896068318807895,9.960928054744885,0.03497414186829993,0.0380072371863187,Q1,2023
Novena / Toa Payoh,Singapore,140,5,4,168340000.0,1202427.0,Landed,12.533860849172711,8.592520259543084,9.618687994413769,9.797351273886534,0.016850648479488452,0.026386335864443874,Q3,2024
Tampines / Bedok,Singapore,120,4,5,67787000.0,564889.0,HDB,14.280436743371787,8.181150107589625,9.826987984022619,9.422698770113524,0.03896026232299251,0.040579951734353185,Q1,2024
Woodlands / Yishun,Singapore,45,2,1,28367000.0,630379.0,Landed,7.5799197253508215,8.339943907575346,9.882875159660044,9.393301074413593,0.021800132255868517,0.03451392863011231,Q3,2023
Orchard / Marina Bay,Singapore,75,1,1,95781000.0,1277083.0,HDB,18.395907332842288,8.179026700887189,9.143161592489493,9.36025899960284,0.018553702339309305,0.016131482829260132,Q2,2023
Woodlands / Yishun,Singapore,45,1,2,27375000.0,608325.0,Landed,9.669155483315354,7.119439900629541,9.347857174631866,9.376269216619754,0.041588426620868306,0.02928095405483818,Q2,2023
Tampines / Bedok,Singapore,55,1,2,32715000.0,594817.0,HDB,9.564733367933133,8.08047026811052,9.056962002567625,9.464601678172116,0.021926462329325443,0.04547124443621193,Q2,2024
Orchard / Marina Bay,Singapore,65,1,2,120567000.0,1854872.0,Landed,16.426984687157415,8.215574354315383,9.650957252231008,9.68807523262765,0.017951435017516802,0.027479638218402686,Q3,2024
Jurong West,Singapore,55,1,1,36401000.0,661831.0,Landed,17.979115810972644,8.349949337584953,9.31750731306369,9.914629320835303,0.035740854884564716,0.02226724907255763,Q4,2023
Novena / Toa Payoh,Singapore,90,2,2,86125000.0,956940.0,Condo,21.34577067126734,7.830463464605075,9.0412730910331,9.695309681755509,0.012303061261318273,0.013657118319452599,Q1,2023
Orchard / Marina Bay,Singapore,65,1,1,78624000.0,1209599.0,HDB,3.981525638409349,7.519410095718839,9.839477383287022,9.911527094076547,0.048656604823467946,0.017112838798544226,Q4,2023
Woodlands / Yishun,Singapore,140,3,3,70670000.0,504789.0,Condo,5.399069448071647,7.912583238245131,9.206153689052003,9.73423701781096,0.021205399418775375,0.0166570347325437,Q4,2024
Orchard / Marina Bay,Singapore,55,1,1,92689000.0,1685256.0,Condo,4.371390944934055,8.084048635585894,9.583112334020697,9.835105230089967,0.046455482266443554,0.042000007171946935,Q4,2023
Orchard / Marina Bay,Singapore,65,2,2,102550000.0,1577685.0,Condo,7.092013178506007,8.41416586465146,9.861181972581923,9.774018507867053,0.04861785242240783,0.04778151439674618,Q2,2024
Jurong West,Singapore,140,4,5,59867000.0,427621.0,HDB,12.626931185431634,7.202948656381176,9.540321598755744,9.19189282822559,0.019861778245808252,0.036448472697653854,Q4,2024
Bukit Timah,Singapore,65,2,2,105033000.0,1615894.0,Landed,2.2182934136479453,8.826186579943322,9.538054326412803,9.65818077573649,0.010392385411385324,0.04594329890288846,Q2,2024
Jurong West,Singapore,140,4,4,101727000.0,726618.0,Landed,14.516582061188526,7.68013928408015,9.861569742038284,9.397683725143247,0.02257247179567762,0.03382859707514075,Q3,2023
Orchard / Marina Bay,Singapore,140,5,4,167852000.0,1198941.0,HDB,3.0267445773897235,8.487627218770237,9.527963492127906,9.298104202301493,0.03433048367306401,0.031248860924999414,Q1,2023
Orchard / Marina Bay,Singapore,75,2,1,88348000.0,1177976.0,HDB,5.172633212297278,8.347823723931665,9.721471017654427,9.907965168694874,0.02986498141146024,0.011750579996353547,Q2,2024
Orchard / Marina Bay,Singapore,55,1,1,69965000.0,1272082.0,HDB,12.481280090354065,8.880925396905793,9.454194778535333,9.866308562569008,0.042819191740156935,0.04435410821720624,Q1,2023
Orchard / Marina Bay,Singapore,120,4,5,196294000.0,1635784.0,Condo,18.553016641643165,8.59542501513011,9.10416877451313,9.17757986322153,0.01656581430878809,0.028764564699726887,Q4,2023
Jurong West,Singapore,38,1,1,18821000.0,495295.0,Condo,21.59494213637597,8.59846864116645,9.459937130580585,9.47012713075388,0.014920328835734433,0.017912190845535712,Q3,2023
Woodlands / Yishun,Singapore,140,4,4,84062000.0,600441.0,Landed,15.42244769605184,7.65677407405888,9.133742785178194,9.72438787330045,0.04522221934313424,0.030142036245142584,Q1,2024
Novena / Toa Payoh,Singapore,75,3,4,83141000.0,1108553.0,Condo,17.208426780020893,7.034851603760224,9.835904550291465,9.393498759238273,0.015447401485473983,0.033224909923364236,Q2,2024
Bukit Timah,Singapore,38,1,1,67368000.0,1772832.0,Landed,16.003760860317474,8.624183421523778,9.287764308435733,9.014104749347764,0.046459024627620533,0.011814697206858779,Q3,2024
Bukit Timah,Singapore,55,1,1,69628000.0,1265967.0,Condo,2.1768308915444248,8.162488749966577,9.148516489700647,9.417211700736809,0.01720715715005334,0.04523854825241436,Q2,2023
Orchard / Marina Bay,Singapore,90,2,1,158920000.0,1765775.0,Landed,19.003825277179168,7.015819686163541,9.098046742841374,9.648310693672917,0.03465841165113559,0.045555857722494,Q2,2023
Orchard / Marina Bay,Singapore,120,3,3,183252000.0,1527101.0,Condo,3.5815237544208065,8.434912495668314,9.277458882871418,9.046583640013692,0.04596691427233208,0.04272109643776083,Q4,2024
Jurong West,Singapore,105,3,4,52945000.0,504241.0,Condo,23.745875472820806,7.735111455189491,9.172414499020508,9.738567670490612,0.01827293851695811,0.022038915493484447,Q4,2023
Woodlands / Yishun,Singapore,65,1,1,28222000.0,434181.0,Condo,1.6871235039966486,8.849434908124854,9.027093821626659,9.409415964055432,0.03958765407962693,0.013837214677847088,Q3,2024
Woodlands / Yishun,Singapore,65,2,1,42837000.0,659028.0,Landed,9.75793148274434,7.40024779854668,9.362986144677272,9.158009999271183,0.03664589800936544,0.011467196301351313,Q2,2023
Orchard / Marina Bay,Singapore,65,2,2,83978000.0,1291966.0,HDB,6.207715445984726,8.812936261390233,9.950479319902984,9.992548232191435,0.026472391091557863,0.03478817510038219,Q1,2023
Tampines / Bedok,Singapore,75,1,2,40631000.0,541743.0,HDB,6.122798605652507,8.592032649858982,9.637307217308248,9.44058742179383,0.030168546531916418,0.027584227194460888,Q1,2024
Orchard / Marina Bay,Singapore,90,1,2,159273000.0,1769702.0,Landed,13.93625232907608,7.398986330134207,9.57526388067174,9.347407831347736,0.03443449755377543,0.029526450232717064,Q3,2023
Bukit Timah,Singapore,90,3,2,148279000.0,1647544.0,Landed,17.398594337179247,8.623148076736964,9.431194385766695,9.603328170877585,0.04943036657105154,0.016346191253590044,Q3,2023
Jurong West,Singapore,45,2,1,30243000.0,672075.0,Landed,6.040251019843641,8.39558446181563,9.56590094030594,9.866580579954302,0.029316570495397237,0.03297325714224503,Q4,2023
Bukit Timah,Singapore,90,3,4,161815000.0,1797943.0,Landed,13.47355330203401,8.338501109118347,9.50967917709889,9.191439226230855,0.010677686418475956,0.017772179405158656,Q2,2023
Tampines / Bedok,Singapore,55,1,1,45257000.0,822859.0,Landed,17.205840094967776,8.93369356886988,9.517436937841913,9.457619845931937,0.026743687106614546,0.04072932308847378,Q3,2024
Jurong West,Singapore,65,1,1,26894000.0,413762.0,HDB,11.432141151441993,7.096566090819011,9.943315916653198,9.288429889273324,0.03337521938620747,0.026200292089939105,Q2,2023
Woodlands / Yishun,Singapore,120,3,4,44958000.0,374648.0,HDB,8.247205363680989,8.659774337332964,9.942216009416592,9.556968517013797,0.0487457674763724,0.037594133107926156,Q3,2023
Jurong West,Singapore,90,3,3,61358000.0,681761.0,Landed,23.933830857580997,8.834812123557668,9.662891007641585,9.806224777486856,0.01159357867607402,0.04598366270892479,Q3,2024
Bukit Timah,Singapore,65,1,1,122781000.0,1888944.0,Landed,9.767844027437885,8.385205695827668,9.629266028311607,9.148085616448958,0.021631072486908237,0.0492286957806456,Q1,2023
Woodlands / Yishun,Singapore,90,1,2,55514000.0,616822.0,Landed,8.481355881753874,7.734252932531577,9.590083994380246,9.502390962779318,0.038279406158572477,0.024169069552322658,Q4,2023
Orchard / Marina Bay,Singapore,90,3,3,120360000.0,1337332.0,HDB,6.4425135648322716,7.702699237099461,9.754364704102963,9.357620050031095,0.04433866626441342,0.015997607213065063,Q1,2024
Woodlands / Yishun,Singapore,120,4,5,71319000.0,594327.0,Landed,6.187167567810329,7.57939038341074,9.542641446471187,9.331882298333081,0.027956286218761957,0.011134328263887107,Q1,2024
Novena / Toa Payoh,Singapore,140,5,4,117421000.0,838718.0,HDB,24.0533030262655,8.655685077122136,9.567949274650573,9.431353092334824,0.049791721846447624,0.01869880815016249,Q2,2024
Woodlands / Yishun,Singapore,65,2,2,42249000.0,649985.0,Landed,22.241551291544923,7.818002687094955,9.94230580319147,9.64040904211763,0.020180421780924555,0.011524734528747098,Q4,2024
Woodlands / Yishun,Singapore,55,2,1,27576000.0,501389.0,Condo,7.0315966059453645,8.663324889764855,9.37856815661516,9.390431739384695,0.016591684136258986,0.02052761782967019,Q3,2024
Bukit Timah,Singapore,45,2,1,76874000.0,1708319.0,Landed,13.17268716604292,8.407793365349484,9.88174771304516,9.859070157652974,0.02191630848879048,0.018359770163687623,Q2,2024
Jurong West,Singapore,90,1,1,41249000.0,458322.0,HDB,9.413758483484216,7.097080357999969,9.957377932196525,9.524621666394287,0.0470076599436222,0.039813158260621456,Q4,2024
Novena / Toa Payoh,Singapore,38,2,1,51707000.0,1360716.0,Landed,22.800850950774745,7.3476318707711545,9.023455391715833,9.056456422202917,0.027187767449149657,0.02735745157964576,Q2,2024
Bukit Timah,Singapore,105,4,5,153108000.0,1458172.0,Condo,6.18963478853373,7.582845622622837,9.569182898743902,9.755356079845235,0.014891391123693323,0.030264089052301546,Q2,2023
Jurong West,Singapore,45,2,1,19596000.0,435463.0,HDB,3.2187007991095173,8.455774466893157,9.713609265145578,9.624552033223678,0.04768111496424062,0.023405235527709907,Q2,2024
Jurong West,Singapore,65,1,2,28294000.0,435292.0,HDB,16.941874950033615,8.211036403548038,9.50918307007902,9.333964378782497,0.04208770440483286,0.011636332541111433,Q3,2023
Jurong West,Singapore,105,4,3,55631000.0,529817.0,Condo,7.908081819867381,7.473889062663718,9.188866905041873,9.46848180830083,0.02076164085358255,0.03439358542970628,Q2,2023
Orchard / Marina Bay,Singapore,140,5,4,239222000.0,1708731.0,Condo,15.636740678961445,8.411844262029224,9.080294270947077,9.154835686205372,0.04438119252854084,0.022130548947408624,Q2,2023
Jurong West,Singapore,55,1,1,31004000.0,563701.0,Condo,2.2155283993120207,8.55917384455875,9.364764912736902,9.784194320180987,0.019690558796998978,0.015110278412718236,Q4,2024
Woodlands / Yishun,Singapore,90,3,2,55977000.0,621968.0,Landed,12.543937903025197,7.478918929467147,9.844839214391708,9.101900680827638,0.039562695696066935,0.032658339688869935,Q4,2023
Tampines / Bedok,Singapore,105,3,3,74469000.0,709226.0,Condo,24.595311836372698,8.2519040633865,9.449550472694952,9.21227455558569,0.04710923465452196,0.02881823924510246,Q2,2024
Novena / Toa Payoh,Singapore,90,3,4,100486000.0,1116512.0,Condo,5.395917419078865,8.89416933504656,9.724384466240187,9.801280912332393,0.036717946474803406,0.029482380919133667,Q2,2023
Bukit Timah,Singapore,90,3,4,102646000.0,1140507.0,HDB,24.540118160347397,8.066559760478903,9.82617660910547,9.44126981377239,0.036464033526567734,0.04605040476135951,Q4,2024
Novena / Toa Payoh,Singapore,55,2,3,46926000.0,853192.0,HDB,19.486312985956737,7.4810331699493,9.301307635224143,9.467213513454965,0.04327990218033471,0.021163348850234503,Q1,2024
Tampines / Bedok,Singapore,120,4,3,107655000.0,897126.0,Landed,20.687474084125057,8.063468859638494,9.27194906400663,9.178228279386108,0.04492556105520768,0.04868214172151697,Q1,2024
Orchard / Marina Bay,Singapore,105,2,1,166737000.0,1587968.0,Condo,17.703856267618463,8.468364516572386,9.87378865858368,9.90990989334998,0.0146029196258726,0.04655172654939161,Q4,2023
Tampines / Bedok,Singapore,90,1,2,85012000.0,944577.0,Landed,1.8259414348294145,8.664993491367229,9.370292085639749,9.08316927778164,0.03520932835496119,0.03240845660832793,Q4,2024
Tampines / Bedok,Singapore,105,3,3,74142000.0,706117.0,Condo,13.548164289841958,7.458193163452717,9.501639558321632,9.734068469893236,0.018092592921949407,0.037348237753836326,Q4,2024
Woodlands / Yishun,Singapore,75,3,3,30348000.0,404638.0,HDB,3.7557845655606803,8.697525832521881,9.38006743441861,9.467458109157956,0.04228952665260427,0.04240432991513126,Q1,2023
Novena / Toa Payoh,Singapore,65,1,2,61147000.0,940719.0,Condo,22.55033378070057,8.82873474212858,9.979073197697355,9.842864196460505,0.03805563366827631,0.04302661571503354,Q4,2023
Jurong West,Singapore,120,3,2,59609000.0,496739.0,Condo,4.4177168866476935,8.47387841910137,9.134322021712382,9.570759751816931,0.033986804119403934,0.019182671443303864,Q2,2023
Woodlands / Yishun,Singapore,65,2,2,31828000.0,489656.0,Condo,10.414715704690547,8.718704374531107,9.413911278268063,9.922923551836389,0.02336637787469676,0.0101403350490633,Q3,2024
Jurong West,Singapore,120,4,4,62395000.0,519961.0,Condo,4.614975611913684,7.270929507680783,9.540729587614633,9.150741740432405,0.024997664442945683,0.030055226888427142,Q3,2023
Jurong West,Singapore,90,1,2,55597000.0,617742.0,Landed,10.142308660582295,8.701472839367021,9.547830405010282,9.441641261406739,0.018612897182311326,0.04711569277364845,Q3,2023
Jurong West,Singapore,45,1,1,20245000.0,449883.0,HDB,19.069030953905674,8.127085627067776,9.347629174972939,9.496064141091342,0.015405876695908845,0.016933791930408476,Q4,2023
Novena / Toa Payoh,Singapore,65,2,2,78751000.0,1211547.0,Landed,16.19891645259628,7.464279274712661,9.13299026383586,9.197533887141383,0.03748233102524777,0.014595153440990992,Q4,2024
Novena / Toa Payoh,Singapore,65,1,1,49837000.0,766723.0,HDB,7.348816210769198,7.655038282281359,9.672556948334105,9.624914722731734,0.025242325191497564,0.02774011323781022,Q1,2023
Jurong West,Singapore,120,3,3,62713000.0,522612.0,Condo,2.4694646288155786,7.023239833666345,9.808108490048127,9.90913364970938,0.016259360975747063,0.017489659420016537,Q2,2024
Tampines / Bedok,Singapore,65,2,1,39998000.0,615361.0,HDB,21.222027585644398,7.804945670029992,9.14456796599014,9.285538571043144,0.02460133696089515,0.0468912588391087,Q3,2023
Orchard / Marina Bay,Singapore,90,2,1,131246000.0,1458285.0,Condo,23.598824675946496,7.043395159391211,9.414621031976163,9.922560620062953,0.048409794112269644,0.04687495562499309,Q4,2024
Novena / Toa Payoh,Singapore,120,4,4,157295000.0,1310791.0,Landed,1.560135653789886,8.930162845352342,9.149783035292645,9.329591680921695,0.03857653990575624,0.025764127795917934,Q4,2023
Tampines / Bedok,Singapore,45,2,2,41680000.0,926218.0,Landed,14.709166605448502,8.240617803918946,9.811706149247126,9.296315964117655,0.04609912432749529,0.016688936762941375,Q4,2023
Tampines / Bedok,Singapore,55,1,2,46177000.0,839573.0,Landed,6.12753749764198,8.98815426513358,9.909130240509256,9.553787728225215,0.02601405345932708,0.029536798628943414,Q2,2024
Woodlands / Yishun,Singapore,45,2,3,26304000.0,584524.0,Landed,10.06547195679564,7.309472458092977,9.861603828734257,9.39428882806851,0.016198019146875194,0.03656856802111838,Q1,2023
Bukit Timah,Singapore,75,2,1,135721000.0,1809618.0,Landed,9.53162450231558,8.925474473278303,9.692866139315512,9.257310581639782,0.0439713832668704,0.020035844636071644,Q4,2024
Tampines / Bedok,Singapore,120,2,1,84052000.0,700432.0,Condo,18.092753336443927,8.99385795312286,9.109968191458291,9.387667921800247,0.014459498556516253,0.03942705710731917,Q1,2024
Woodlands / Yishun,Singapore,75,3,4,41800000.0,557339.0,Landed,20.06422785108015,7.934384066584858,9.318251217205093,9.604084837162253,0.011648320774299222,0.04978180560477768,Q1,2024
Jurong West,Singapore,65,1,2,34882000.0,536646.0,Condo,9.492726642171332,7.1155987466255715,9.840336907899088,9.088113716359596,0.0458603344888877,0.02932460929470719,Q2,2023
Woodlands / Yishun,Singapore,38,1,1,14765000.0,388548.0,HDB,11.587174258726836,7.635527838968912,9.814269250794688,9.89708607869235,0.04048137139770907,0.03292108580127157,Q1,2023
Bukit Timah,Singapore,105,2,1,179831000.0,1712681.0,Landed,9.579998464324124,7.102146318157603,9.49589741247033,9.464573563762606,0.0172715446878325,0.042002647180528964,Q4,2023
Novena / Toa Payoh,Singapore,90,2,1,84909000.0,943434.0,Condo,14.170979828561752,7.0623038187996325,9.564068470599825,9.822367912940857,0.04097776185168771,0.034903709942330226,Q3,2023
Tampines / Bedok,Singapore,45,1,2,27563000.0,612515.0,HDB,5.144571692452263,8.233834860002098,9.393223723669404,9.558074622156635,0.02684866941291844,0.03381815911359415,Q4,2023
Jurong West,Singapore,105,3,3,56053000.0,533840.0,Condo,3.5860255031442048,7.901403183231501,9.382366628082146,9.935188247267057,0.04727770722425859,0.047223351748180195,Q3,2024
Jurong West,Singapore,90,3,2,59750000.0,663893.0,Landed,2.2679963330889388,8.09381662334432,9.098239856114033,9.479321020003145,0.04724145938694012,0.025062434879838016,Q2,2023
Novena / Toa Payoh,Singapore,120,4,4,109186000.0,909882.0,HDB,15.889829368431723,8.774377555884545,9.027321634946427,9.334722218159001,0.017696301353482012,0.029123262993917605,Q3,2023
Tampines / Bedok,Singapore,38,1,2,23340000.0,614211.0,HDB,23.376822641331618,7.871071390521772,9.365415495928222,9.821013734310627,0.04173683051244787,0.03956671489276658,Q2,2024
Jurong West,Singapore,140,5,5,73456000.0,524688.0,Condo,5.2049253697385565,8.736663698172038,9.541968182855086,9.532643576910061,0.012324022384212107,0.01653611537743661,Q3,2023
Novena / Toa Payoh,Singapore,65,1,1,54813000.0,843272.0,HDB,21.661553044238214,8.916257703988812,9.579514692624866,9.157068041627465,0.04492866772709561,0.011579899336161445,Q4,2024
Jurong West,Singapore,90,3,3,61018000.0,677981.0,Landed,8.398632420906587,8.118751919477956,9.194587112848245,9.726082179591266,0.02858667145120014,0.03412697401751682,Q1,2024
Bukit Timah,Singapore,38,2,1,48053000.0,1264564.0,Condo,21.93606640602721,7.928114776867968,9.847822069369721,9.346106137149183,0.021986667253752198,0.012129480824275878,Q1,2024
Jurong West,Singapore,120,3,4,53160000.0,443001.0,HDB,14.800729015809214,8.24465884044681,9.985532441648814,9.772864274445093,0.032436117847016256,0.04215820201325536,Q4,2024
Novena / Toa Payoh,Singapore,90,3,2,78169000.0,868550.0,HDB,20.107087576198573,7.576607647991737,9.265821654121678,9.204283565520084,0.01796560361904384,0.03358806223859636,Q1,2024
Woodlands / Yishun,Singapore,38,1,2,23760000.0,625267.0,Landed,13.13537229063909,7.619974181831255,9.320334499792532,9.180515529778882,0.03349845700233627,0.04566626135503748,Q2,2023
Orchard / Marina Bay,Singapore,75,2,2,109891000.0,1465213.0,Condo,19.92334955485007,7.569555402739126,9.899178999600291,9.57368261309081,0.013064059459666138,0.026403915960728656,Q1,2023
Novena / Toa Payoh,Singapore,45,2,3,35830000.0,796223.0,HDB,12.774554311319903,8.51077667021703,9.738026123662522,9.304561019036822,0.021426507079885415,0.014466555247044034,Q3,2023
Novena / Toa Payoh,Singapore,140,3,4,128288000.0,916342.0,HDB,10.914808003324444,7.174068973064978,9.075770180627611,9.26863652347257,0.02084279566439983,0.0404153975258629,Q2,2023
Orchard / Marina Bay,Singapore,75,2,3,118653000.0,1582036.0,Condo,20.996336753306522,7.116115816737605,9.5550449233439,9.980521531527689,0.048024395427924645,0.02018581821760316,Q2,2023
Novena / Toa Payoh,Singapore,38,2,3,42572000.0,1120316.0,Condo,15.61862863647387,7.967637982847694,9.086502531818788,9.234795432725234,0.02063060212543487,0.016512857689457122,Q1,2024
Woodlands / Yishun,Singapore,90,2,3,37758000.0,419529.0,HDB,6.889885673663569,8.594211481713858,9.787141457588529,9.155886228106763,0.0447577287336978,0.011265458853791804,Q4,2023
Bukit Timah,Singapore,140,4,5,229454000.0,1638960.0,Landed,6.223551730943478,8.33092137126866,9.631347661066458,9.211149895522738,0.04358365933643163,0.04760670300595065,Q1,2024
Orchard / Marina Bay,Singapore,120,4,5,186961000.0,1558010.0,Condo,22.90748630597408,7.074843380056497,9.540578325696313,9.091905373416436,0.011098857953510852,0.045566504931065815,Q2,2024
Orchard / Marina Bay,Singapore,105,4,5,192731000.0,1835531.0,Landed,7.405866434163018,8.531856344542172,9.458076996982822,9.101901857686354,0.04349128331701022,0.020162443209683467,Q4,2024
Woodlands / Yishun,Singapore,65,2,2,39446000.0,606863.0,Landed,15.78011911496726,8.663605911558873,9.941681426551183,9.063025367611774,0.01708115911679432,0.04919511942748081,Q1,2024
Tampines / Bedok,Singapore,120,4,5,75608000.0,630065.0,HDB,11.514331130988793,8.13479213657185,9.23298089849731,9.802181560921095,0.013013059434688331,0.014716420796913043,Q2,2024
Novena / Toa Payoh,Singapore,55,1,1,49450000.0,899095.0,HDB,8.185699618283214,8.585388678733755,9.295285259117321,9.412219602240695,0.04917711861720575,0.024645702472988567,Q2,2024
Orchard / Marina Bay,Singapore,105,2,3,209529000.0,1995517.0,Landed,18.91460127223212,7.693823318351696,9.620778721243386,9.454151909576373,0.016276417786429118,0.04085843473604554,Q1,2023
Woodlands / Yishun,Singapore,90,3,3,36235000.0,402614.0,HDB,15.579846604170292,7.040686126504112,9.762849373774019,9.32678803342742,0.029857708518432863,0.04518641796282542,Q2,2023
Orchard / Marina Bay,Singapore,120,4,5,146683000.0,1222355.0,HDB,18.209086776555267,7.120730714365872,9.854794123135502,9.757905763694392,0.044361823331657356,0.026669288680572778,Q2,2023
Bukit Timah,Singapore,90,2,3,108891000.0,1209897.0,HDB,11.3267510498097,8.835863621114035,9.770180817439849,9.223883375741304,0.043533383679531655,0.01944546461971414,Q4,2023
Jurong West,Singapore,65,1,1,47688000.0,733666.0,Landed,24.15668239233341,7.312360996022319,9.264937919029363,9.671079629706368,0.02782988153771241,0.0461659178393239,Q4,2024
Novena / Toa Payoh,Singapore,105,3,4,124016000.0,1181100.0,Landed,23.473399305153094,8.141557800244914,9.829135838871451,9.140509108453953,0.029087873370249706,0.028848188692747648,Q3,2024
Novena / Toa Payoh,Singapore,75,2,2,95469000.0,1272915.0,Landed,24.948890360862954,7.138841740558386,9.364290052286448,9.389146615858031,0.046166875170096225,0.023556674544535805,Q3,2023
Bukit Timah,Singapore,140,3,2,243375000.0,1738391.0,Landed,19.531907526326442,7.213212221967171,9.589273280846081,9.311755685825641,0.027033466113067173,0.048437106362432474,Q4,2023
Woodlands / Yishun,Singapore,140,4,3,64587000.0,461335.0,Condo,12.12444458475876,8.108276767624274,9.987692142411097,9.485789687409712,0.04424828109873857,0.019600445814108032,Q2,2023
Woodlands / Yishun,Singapore,55,2,1,20541000.0,373468.0,HDB,13.099306268281904,8.019194024531709,9.694186733017961,9.424229637978389,0.011858857177780551,0.018821264941104397,Q1,2023
Jurong West,Singapore,120,3,4,49568000.0,413070.0,HDB,4.875550673174996,7.011144604922117,9.569428431711751,9.12283272495622,0.017647821358195315,0.011538257918488384,Q3,2024
Bukit Timah,Singapore,105,2,2,128456000.0,1223389.0,HDB,9.233859316215526,8.873614606614126,9.598118263545807,9.782941424158745,0.048813117683577746,0.03555143027397963,Q2,2024
Orchard / Marina Bay,Singapore,105,3,4,141192000.0,1344683.0,HDB,23.37155587413809,8.654448800520747,9.218474400274484,9.615948241256547,0.02677591095054247,0.01402856921803148,Q4,2024
Novena / Toa Payoh,Singapore,140,4,3,149290000.0,1066355.0,Condo,2.6465211603534593,7.34805027790778,9.581575859388472,9.574126585863121,0.01043697488303685,0.01309154907759431,Q3,2023
Jurong West,Singapore,105,2,1,43217000.0,411586.0,HDB,8.295248472711492,7.282688465026158,9.883660651670667,9.104199420134542,0.04137030224379648,0.03703776465010074,Q2,2024
Jurong West,Singapore,90,1,2,65537000.0,728191.0,Landed,6.89133162332762,7.643397587547809,9.251518639928685,9.035057946903484,0.027243859175121225,0.033812333656611834,Q3,2024
Orchard / Marina Bay,Singapore,55,2,1,102827000.0,1869588.0,Landed,22.832072468758653,8.705656674694803,9.248545644760185,9.959377815397778,0.046633649144320916,0.022681623640753885,Q1,2023
Woodlands / Yishun,Singapore,55,2,1,20621000.0,374924.0,HDB,15.551228396417606,8.38421449803199,9.303040192478335,9.165383003879098,0.04090484980213169,0.013976100883361018,Q2,2024
Novena / Toa Payoh,Singapore,90,3,2,85650000.0,951669.0,Condo,19.505251428095224,8.774951346584672,9.501548986250597,9.990806851103331,0.02877988411122999,0.02777533362963585,Q4,2023
Woodlands / Yishun,Singapore,65,1,1,26055000.0,400839.0,HDB,24.089064592955715,7.40112682981901,9.513636389014755,9.367049419122175,0.017195039812728873,0.028095005636345004,Q4,2024
Woodlands / Yishun,Singapore,90,2,1,41442000.0,460464.0,Condo,22.065295417888937,7.554300731045181,9.927117755274999,9.305554451952268,0.03260996036957447,0.03844203398300388,Q3,2024
Tampines / Bedok,Singapore,75,2,2,45279000.0,603723.0,HDB,14.667162691533798,7.296286952437507,9.861075301420335,9.426437983462849,0.028978368305969136,0.03546895853135197,Q2,2023
Tampines / Bedok,Singapore,120,3,3,67766000.0,564717.0,HDB,15.067508436471734,8.510525627816005,9.084284913631793,9.48789146061041,0.015165227821471318,0.016602347045383724,Q2,2023
Woodlands / Yishun,Singapore,55,1,2,27234000.0,495157.0,Condo,10.448000663422157,8.891990974313732,9.36143316297336,9.351592255673262,0.017445194689356333,0.016600204787693366,Q4,2024
Jurong West,Singapore,55,1,1,36349000.0,660888.0,Landed,3.233420837956153,7.386654684930868,9.784469137677325,9.000785159700412,0.04564843695301056,0.031680601654544,Q3,2023
Orchard / Marina Bay,Singapore,38,1,1,60154000.0,1582995.0,Condo,5.714183909492441,7.749235638583643,9.487873719416672,9.6556459168879,0.01868901013252018,0.030720169044587402,Q4,2024
Jurong West,Singapore,38,1,2,21330000.0,561314.0,Condo,8.55517553698716,8.824457736845494,9.189056242840003,9.670863638117652,0.01905278974713054,0.04891853624738989,Q1,2024
Novena / Toa Payoh,Singapore,38,1,2,30608000.0,805482.0,HDB,14.419537796294678,7.432017729645778,9.35458723363586,9.828888861512645,0.04725783779157305,0.02303288290370601,Q4,2023
Bukit Timah,Singapore,120,4,3,214956000.0,1791300.0,Landed,4.256812757723082,8.649237320196109,9.077292177181729,9.250076205969979,0.03343730951214665,0.04488413690523132,Q4,2023
Orchard / Marina Bay,Singapore,55,1,1,86801000.0,1578194.0,Condo,17.654831744281733,8.511657124220772,9.319709631257782,9.846921943609178,0.013288461488326924,0.04252103617878365,Q1,2023
Jurong West,Singapore,90,1,1,58936000.0,654848.0,Landed,22.351064328180342,8.233139934819382,9.605104566849416,9.938272739261594,0.010863306520325912,0.03682297809652533,Q3,2024
Jurong West,Singapore,38,1,1,16522000.0,434791.0,HDB,9.984849134987673,7.760277020604411,9.817059570531253,9.410316124466856,0.03328585822558129,0.042639170723637716,Q1,2024
Orchard / Marina Bay,Singapore,55,1,1,90524000.0,1645886.0,Condo,13.101702191833123,7.021521363134826,9.016407164439626,9.20427920521259,0.04106264524512138,0.04513295615551046,Q2,2024
Tampines / Bedok,Singapore,75,1,1,46735000.0,623130.0,HDB,15.65825865503814,8.56177100282206,9.14152174170061,9.915966329950429,0.020192391007300435,0.029886592951075583,Q3,2024
Bukit Timah,Singapore,38,1,1,46998000.0,1236785.0,HDB,10.093637829460587,8.691379609757707,9.871775738486273,9.860680429310325,0.01869726991716195,0.020216939904687224,Q3,2023
Bukit Timah,Singapore,105,4,3,177695000.0,1692332.0,Landed,17.529872789504687,8.44854678649436,9.707278368725198,9.550043976099559,0.02096221919176843,0.02773026711499038,Q4,2023
Novena / Toa Payoh,Singapore,120,2,1,118764000.0,989696.0,Condo,14.994364824133108,7.11025916379355,9.880479274493313,9.046335690688162,0.047302065353647255,0.025380874206451097,Q1,2023
Novena / Toa Payoh,Singapore,55,1,1,60071000.0,1092192.0,Condo,24.816569790043587,8.960392775234686,9.90632671010869,9.223335666999592,0.04255250299436301,0.028395787071926408,Q2,2024
Novena / Toa Payoh,Singapore,140,4,4,108938000.0,778128.0,HDB,19.049699935555314,8.704788809518893,9.127609682416209,9.90897938666181,0.03338679971226377,0.014966490500941138,Q4,2024
Orchard / Marina Bay,Singapore,105,3,4,137336000.0,1307965.0,HDB,11.849329274729865,8.477106436860305,9.07676518712086,9.95039696347865,0.014225006947707147,0.022711792609792787,Q3,2023
Tampines / Bedok,Singapore,90,1,2,88564000.0,984040.0,Landed,9.745943700722727,8.785208192053965,9.731546757922525,9.689156531289793,0.03566448873706764,0.02759588364851443,Q1,2023
Woodlands / Yishun,Singapore,75,3,3,37187000.0,495825.0,Condo,3.064218775594136,7.88467254768248,9.60325454136253,9.04645921640909,0.04302161442263213,0.0451733958823272,Q4,2023
Tampines / Bedok,Singapore,105,4,4,98754000.0,940510.0,Landed,22.228190566451516,7.908945753998487,9.389602794891907,9.654057301994696,0.026816993546314137,0.02548687709311175,Q4,2024
Bukit Timah,Singapore,65,2,2,67838000.0,1043662.0,HDB,1.5656118314891794,8.24850731460003,9.897343035555558,9.133890245975733,0.015253234994680117,0.016460069225666854,Q3,2023
Jurong West,Singapore,45,2,3,29305000.0,651220.0,Landed,24.107690513296944,7.430104774505118,9.56952399688902,9.47425107855681,0.027569032288730554,0.01911970351420226,Q2,2024
Woodlands / Yishun,Singapore,55,1,1,26603000.0,483694.0,Condo,23.157798476666287,7.30010212778946,9.400051704322932,9.522629777388527,0.015281784035564048,0.026867698492646128,Q3,2023
Tampines / Bedok,Singapore,75,2,3,41948000.0,559310.0,HDB,13.193270005424125,7.588220572320623,9.457864920681466,9.857504150770822,0.03370400601110944,0.04885507974177504,Q1,2023
Jurong West,Singapore,105,2,1,51495000.0,490431.0,Condo,18.152456795027017,7.458054760452555,9.498179568434427,9.547966074005164,0.048618701720234615,0.011157526131235027,Q1,2024
Jurong West,Singapore,38,1,2,27174000.0,715117.0,Landed,19.782076625270836,7.620940813820345,9.188309342781796,9.023802629385383,0.034801005083717924,0.043280694745982694,Q1,2023
Jurong West,Singapore,38,1,2,18815000.0,495137.0,Condo,14.593166214259735,8.01056453057795,9.249524628167796,9.097635930749945,0.01063607943293559,0.03195807016776985,Q3,2024
Novena / Toa Payoh,Singapore,38,2,1,44244000.0,1164311.0,Landed,13.898141617204391,7.300700632452957,9.227007217765552,9.239221830706786,0.04570284019081741,0.039698932918955925,Q3,2024
Jurong West,Singapore,90,3,3,45141000.0,501561.0,Condo,2.3897814147098346,7.81909023080748,9.406410965951645,9.153316621570026,0.03186670123699825,0.03140371426221101,Q2,2023
Orchard / Marina Bay,Singapore,90,1,1,167594000.0,1862152.0,Landed,2.3008350816587626,7.347860181835256,9.154947967685112,9.240713937065914,0.03926370103706769,0.03812673337705351,Q2,2023
Woodlands / Yishun,Singapore,75,3,4,33412000.0,445489.0,Condo,20.404693074064507,8.273297668985053,9.635989200751785,9.937929586040925,0.035877524686893224,0.03135281020615615,Q1,2024
Bukit Timah,Singapore,65,1,1,81562000.0,1254800.0,Condo,20.20433064233066,7.221879739917454,9.452663055415911,9.243341462913847,0.049675060377226424,0.048022945065694385,Q2,2023
Woodlands / Yishun,Singapore,120,4,5,50351000.0,419594.0,HDB,19.374781903048742,8.72031479048525,9.182947599525878,9.791015660666076,0.04418726691771581,0.011499151621052483,Q4,2024
Bukit Timah,Singapore,55,1,1,69434000.0,1262443.0,HDB,7.243774162765756,7.847430651255596,9.61249165621551,9.664070583274967,0.03617520160337215,0.02904875564332686,Q1,2024
Tampines / Bedok,Singapore,140,3,2,101638000.0,725987.0,Condo,3.669895743410552,7.609879564514982,9.275029325254938,9.632604184129862,0.04614229678261935,0.025662585776296584,Q4,2023
Novena / Toa Payoh,Singapore,65,1,1,53861000.0,828636.0,HDB,4.796679057651014,7.522581381997194,9.307417699714446,9.695239382432932,0.013463905602175039,0.013620279425142288,Q2,2024
Orchard / Marina Bay,Singapore,45,1,1,70821000.0,1573803.0,Condo,5.123185044753065,7.972885814253398,9.61946700285099,9.236745024799099,0.030043358216183078,0.031610324517793637,Q3,2023
Jurong West,Singapore,105,4,5,65950000.0,628094.0,Landed,20.96356482192715,7.779354315360273,9.407835646166454,9.539639148396416,0.03943648836923889,0.027112105593010506,Q4,2023
Bukit Timah,Singapore,120,4,4,164571000.0,1371427.0,Condo,20.023936207304406,8.371596565226191,9.024612533739287,9.188497583494247,0.017934510497925785,0.018554911999287958,Q2,2023
Woodlands / Yishun,Singapore,38,1,1,14208000.0,373891.0,HDB,16.096107190745496,7.263919706383209,9.792547197551547,9.79437034201658,0.03869071573854288,0.016371291043987858,Q4,2024
Tampines / Bedok,Singapore,140,4,5,89768000.0,641203.0,HDB,13.785908579633691,8.069312683151033,9.969822429602141,9.20596321031651,0.017628712040190963,0.027962082672662265,Q3,2024
Tampines / Bedok,Singapore,38,2,3,33744000.0,888002.0,Landed,5.354845516801789,7.021555740812838,9.190407939344603,9.115637450701628,0.022697054787550693,0.04128136047739869,Q4,2023
Woodlands / Yishun,Singapore,65,2,3,37729000.0,580441.0,Landed,5.391403084080045,8.852616031702347,9.302612946659146,9.8224001408621,0.03905792487312142,0.03753151023666784,Q4,2024
Tampines / Bedok,Singapore,55,2,3,36375000.0,661360.0,Condo,15.873635031743584,7.70829642521422,9.952988273820903,9.033684854641628,0.04118980070846852,0.036595216144731206,Q4,2024
Woodlands / Yishun,Singapore,45,2,1,22624000.0,502749.0,Condo,21.371124329195453,8.609293114641899,9.227046342065638,9.58794100508797,0.029834372303612404,0.03637953157975037,Q4,2023
Tampines / Bedok,Singapore,120,4,4,89426000.0,745218.0,Condo,8.866954788977097,7.36490545100877,9.88358586776782,9.50565809338716,0.04434026168165358,0.019434372114812026,Q4,2023
Novena / Toa Payoh,Singapore,90,3,3,99736000.0,1108177.0,Condo,3.762426540360538,8.191590645406354,9.343029347169646,9.044494553258373,0.048033671161067874,0.04907351835382127,Q3,2023
Jurong West,Singapore,105,4,3,45995000.0,438050.0,HDB,12.294052558620843,7.933703022334164,9.629283590015884,9.11121872711849,0.024733941110494505,0.01930794551362813,Q1,2023
Woodlands / Yishun,Singapore,140,3,4,69905000.0,499322.0,Condo,15.153003457479418,8.278248270859535,9.801418274567276,9.38091432807204,0.04266090781344304,0.02006394918741786,Q2,2024
Jurong West,Singapore,75,3,4,41351000.0,551345.0,Condo,2.9809235660416418,7.71396570639368,9.735661457663078,9.863665331514298,0.036488929239899465,0.024783077855721224,Q1,2023
Orchard / Marina Bay,Singapore,140,4,4,184229000.0,1315922.0,HDB,16.83622015234634,8.97905506749068,9.627350908819086,9.966706803999383,0.0446640647592824,0.01431126205514006,Q2,2023
Novena / Toa Payoh,Singapore,75,1,1,80935000.0,1079128.0,Condo,15.35390774519372,8.526212447330133,9.206692914130116,9.876097432483702,0.025854086866419587,0.029887368913406077,Q4,2023
Orchard / Marina Bay,Singapore,120,3,2,179736000.0,1497803.0,Condo,14.596864300082654,8.079167263226005,9.568156928389753,9.448646004744822,0.03419683368594529,0.0458034500054708,Q4,2024
Novena / Toa Payoh,Singapore,45,1,1,41947000.0,932163.0,Condo,20.67161586053929,7.7011504717920465,9.668695078221791,9.817538209293298,0.04779044235003093,0.03968151239908937,Q1,2024
Tampines / Bedok,Singapore,105,3,4,73425000.0,699286.0,Condo,17.93421467372102,8.854687711408312,9.262805541322308,9.889048108385987,0.019663188750920182,0.01790422659249187,Q2,2023
Novena / Toa Payoh,Singapore,90,1,2,111132000.0,1234800.0,Landed,10.293834033552569,8.857071659870064,9.02017907725671,9.837619862792657,0.01225538528435494,0.0484457547512485,Q1,2023
Woodlands / Yishun,Singapore,105,4,5,60016000.0,571583.0,Landed,11.696577146933855,7.596807296998789,9.736991502570262,9.808493219094498,0.04903237261868443,0.03026594859341445,Q3,2023
Tampines / Bedok,Singapore,140,4,3,120198000.0,858556.0,Landed,7.749147059166824,7.0812960981312525,9.45801805661704,9.278315502803581,0.03105360075365933,0.036725249637778984,Q1,2024
Novena / Toa Payoh,Singapore,120,3,2,110666000.0,922216.0,Condo,18.539713819718465,7.618866797336284,9.019247831525334,9.62346406457835,0.015266227220298311,0.03672050153032809,Q1,2023
Jurong West,Singapore,140,4,5,85138000.0,608129.0,Landed,23.22251765437393,8.436197648964043,9.234675781138268,9.812031163327216,0.010915689856620765,0.04079206642330362,Q2,2023
Tampines / Bedok,Singapore,55,1,2,30327000.0,551397.0,HDB,19.68590507897079,8.792738606392431,9.334095023852154,9.452416761105576,0.021811345850815525,0.04192888505134221,Q3,2023
Jurong West,Singapore,105,3,4,62169000.0,592090.0,Condo,4.931542557324987,8.861121073505549,9.147786465592015,9.270312482655758,0.03380511143178225,0.0173164516900134,Q4,2023
Bukit Timah,Singapore,38,1,2,70704000.0,1860629.0,Landed,15.95556503171615,7.01076958923872,9.906928273588765,9.36985446721354,0.02850030940321563,0.038203025553354523,Q4,2024
Jurong West,Singapore,65,1,1,44774000.0,688824.0,Landed,24.565838734272344,7.411791455454166,9.947300133014096,9.88327001243807,0.04956185887135221,0.048134833295423986,Q4,2023
Orchard / Marina Bay,Singapore,140,5,6,200093000.0,1429233.0,Condo,9.736346672278469,8.361668446703852,9.141777480088665,9.982205793017615,0.03149978910701291,0.03975468813671185,Q2,2023
Orchard / Marina Bay,Singapore,90,3,2,122782000.0,1364241.0,HDB,14.676057679924204,8.414159731937932,9.030752992631419,9.147564888218279,0.0491817697384547,0.020162202527414404,Q2,2023
Tampines / Bedok,Singapore,65,1,2,58856000.0,905480.0,Landed,2.1220126818525538,8.410307328865102,9.570870701564598,9.242426781768426,0.01422243712454314,0.010043950169999252,Q3,2024
Jurong West,Singapore,38,2,1,18119000.0,476818.0,HDB,20.53999727390012,8.466894940073123,9.978841446987602,9.96007312241238,0.04289519206861854,0.019507851388160587,Q4,2023
Orchard / Marina Bay,Singapore,75,3,3,107206000.0,1429409.0,HDB,15.207961218452184,7.104799034871078,9.740291193480097,9.103234861728602,0.01947282369826085,0.027280520442489853,Q3,2023
Woodlands / Yishun,Singapore,65,1,1,30576000.0,470393.0,Condo,14.042556113718895,7.365694295510107,9.247958715751036,9.232809988592564,0.04481691414205094,0.03674106136219765,Q4,2024
Novena / Toa Payoh,Singapore,38,1,2,33577000.0,883605.0,HDB,13.429054624172728,8.282579079891233,9.953095457976872,9.713864025699058,0.03533969190758845,0.04102103295168337,Q1,2023
Woodlands / Yishun,Singapore,55,2,3,27423000.0,498591.0,Condo,5.983160769706096,8.634336483857748,9.18583397646614,9.665562816708851,0.034730422497501696,0.04716777394878165,Q1,2023
Bukit Timah,Singapore,120,4,5,135583000.0,1129859.0,HDB,10.189779460894407,8.68981653938377,9.645073410274607,9.681046958736278,0.03428564582366732,0.034112477518160385,Q1,2024
Bukit Timah,Singapore,105,4,5,157617000.0,1501110.0,Condo,22.674296658389615,8.46412524093924,9.209815899034918,9.930221014268621,0.04491600141841034,0.024622696127521916,Q1,2023
Orchard / Marina Bay,Singapore,140,5,5,209363000.0,1495447.0,Condo,3.5711474145278146,8.552960654121039,9.926318175756089,9.271819207791353,0.04580945392269285,0.01479677378540592,Q2,2024
Jurong West,Singapore,140,4,5,62900000.0,449285.0,HDB,23.086476237259504,8.99022647979011,9.516361554723538,9.357139406520249,0.04499781041219337,0.03624448095779974,Q2,2024
Novena / Toa Payoh,Singapore,55,1,1,55279000.0,1005071.0,Condo,1.6136549758305456,8.760011321256597,9.740166517711469,9.281945296941522,0.043800061259290264,0.03176111562292892,Q1,2024
Jurong West,Singapore,140,4,3,78631000.0,561652.0,Condo,11.78470926846894,8.845684216540677,9.088098556736975,9.856171400872347,0.03428196347419814,0.04220144411277329,Q3,2024
Bukit Timah,Singapore,55,1,2,60837000.0,1106134.0,HDB,5.9333073013884094,8.27834860364072,9.21502747850464,9.100384320064165,0.027250655205599113,0.03632311309918299,Q1,2023
Tampines / Bedok,Singapore,55,1,1,33239000.0,604350.0,HDB,6.92566620596701,8.551608515121314,9.642259560810116,9.541609056864162,0.02408231479320098,0.03376499504584819,Q4,2023
Bukit Timah,Singapore,120,3,2,181745000.0,1514543.0,Condo,18.771319014497017,7.060879347912273,9.477263297330914,9.778241424949277,0.03540590897481652,0.0409556794187894,Q1,2024
Novena / Toa Payoh,Singapore,105,2,3,131349000.0,1250945.0,Landed,22.557247330955963,8.276618447629343,9.179049305851871,9.085727417284366,0.023880155484129584,0.027360446902301293,Q3,2024
Woodlands / Yishun,Singapore,120,2,2,69159000.0,576328.0,Landed,4.7519209584356155,7.852233755797362,9.465304937040024,9.113863045575101,0.02855741484294568,0.043107983933921276,Q4,2023
Jurong West,Singapore,45,1,2,18391000.0,408679.0,HDB,13.159177852821287,8.708640934198032,9.207047401169064,9.104261932757588,0.04239361881082301,0.03310219998856296,Q1,2023
Tampines / Bedok,Singapore,120,4,5,116629000.0,971907.0,Landed,14.365699251189866,7.9440915247229285,9.14771511972189,9.965544050722654,0.047347139309975333,0.038386974597714014,Q4,2024
Orchard / Marina Bay,Singapore,140,5,5,231341000.0,1652436.0,Condo,11.263842740890198,8.85773323935793,9.864434139841249,9.95656327731372,0.013200532494294443,0.025037159934586113,Q4,2023
Woodlands / Yishun,Singapore,75,1,1,32186000.0,429141.0,HDB,13.506030484203656,8.385948117101165,9.088554080742467,9.945005813125942,0.04082425162349332,0.01830671871054238,Q4,2024
Jurong West,Singapore,38,2,3,20592000.0,541901.0,Condo,19.094519779698665,8.674097299110207,9.575183574926104,9.595912853765237,0.03495752390424537,0.041550909701056245,Q2,2024
Tampines / Bedok,Singapore,120,2,3,87054000.0,725449.0,Condo,3.163421623541912,7.5539565865776686,9.942318564527868,9.951381395980976,0.04584359500095787,0.023138336297273833,Q1,2023
Orchard / Marina Bay,Singapore,105,4,5,135283000.0,1288414.0,HDB,10.275624100021055,8.958240221995695,9.511520919152007,9.056710681352866,0.010670272895158752,0.010362545268127424,Q3,2024
Novena / Toa Payoh,Singapore,65,1,2,62499000.0,961529.0,Condo,14.026792663994577,8.964726672469268,9.385822297280285,9.709715321483877,0.030463139427456237,0.01925830069607867,Q2,2023
Bukit Timah,Singapore,140,5,5,168082000.0,1200583.0,HDB,7.805502079572161,7.81399416382795,9.501528131089467,9.335388048838777,0.010407858846098707,0.026709573670101884,Q1,2023
Tampines / Bedok,Singapore,75,2,2,45826000.0,611010.0,HDB,17.721693637503158,7.561716231318221,9.610937570432291,9.121880305378426,0.04123615748207246,0.031234589959350703,Q3,2024
Novena / Toa Payoh,Singapore,90,2,2,95346000.0,1059402.0,Condo,3.432715499229948,7.797366086193091,9.392830479053783,9.830003033692098,0.033485834566464624,0.017391471492419663,Q2,2024
Woodlands / Yishun,Singapore,90,3,3,37648000.0,418316.0,HDB,12.062421031414916,7.095783815526406,9.169283093218686,9.080805000654427,0.02258629455975908,0.028091283927769217,Q1,2023
Bukit Timah,Singapore,140,3,4,223349000.0,1595353.0,Landed,16.664250380110193,7.512334486717966,9.971965481469214,9.8005122358085,0.032356360239833876,0.03805474665555451,Q2,2023
Bukit Timah,Singapore,55,1,1,66573000.0,1210411.0,HDB,14.104388426341524,7.677883297423808,9.144316775664938,9.956102794735575,0.03842311071736603,0.02961404373603503,Q1,2024
Woodlands / Yishun,Singapore,120,4,4,59509000.0,495909.0,Condo,24.513779805915174,8.35452969277849,9.037229171831429,9.13715398893114,0.04610926906471534,0.04253511090841714,Q4,2024
Tampines / Bedok,Singapore,55,2,1,39588000.0,719783.0,Condo,14.442734566753835,7.671687453257076,9.401575944643778,9.625941096794074,0.03798130958326448,0.013027380322425355,Q2,2023
Orchard / Marina Bay,Singapore,140,5,5,212462000.0,1517584.0,Condo,7.5614767421913465,8.75629470101481,9.177542667671084,9.007105348351189,0.041930627683092574,0.013658011116595321,Q4,2024
Novena / Toa Payoh,Singapore,120,4,4,95785000.0,798206.0,HDB,11.453117158225128,8.838920158128476,9.498805445379558,9.515306802833488,0.02647374296870636,0.030194309977492825,Q1,2024
Orchard / Marina Bay,Singapore,65,1,2,86743000.0,1334501.0,HDB,4.916943674119013,8.1794042054843,9.760545879772527,9.616323248178277,0.04375900954712255,0.030398704311453077,Q4,2024
Bukit Timah,Singapore,120,3,2,148483000.0,1237354.0,HDB,22.369605732796966,7.220713786105399,9.307242893541844,9.04125342930454,0.01824833281215333,0.014766900560533536,Q1,2023
Jurong West,Singapore,38,1,1,17492000.0,460305.0,HDB,16.350715661927687,8.756450252890772,9.260590256491682,9.833180135098429,0.025601265214391843,0.04770694205857891,Q2,2024
Jurong West,Singapore,45,1,1,28814000.0,640303.0,Landed,24.53184685624838,8.706015614054893,9.359406627768475,9.79317037248535,0.04135350589697303,0.048787388809166596,Q3,2024
Jurong West,Singapore,105,4,3,54219000.0,516367.0,Condo,7.502694736008435,8.43528851428052,9.561273974054531,9.609384492820764,0.012838751292714728,0.04551926146585061,Q1,2023
Jurong West,Singapore,45,1,2,31990000.0,710880.0,Landed,3.6425650397302043,7.741868441535372,9.424574996008984,9.512554265766944,0.028653595880449127,0.02901956137397986,Q3,2024
Orchard / Marina Bay,Singapore,65,1,1,118684000.0,1825913.0,Landed,3.360803404438564,8.675883458341195,9.093755888998167,9.612147682644828,0.01625941146931526,0.044379792711793875,Q3,2023
Tampines / Bedok,Singapore,55,1,2,49037000.0,891580.0,Landed,11.040751583499326,8.54074070551279,9.090900356381121,9.59976033607487,0.013902675154466899,0.030204248811177885,Q2,2023
Tampines / Bedok,Singapore,75,2,3,66165000.0,882204.0,Landed,4.623015252996849,8.44866831120342,9.204701264698576,9.378530605671003,0.03115799988192606,0.04357046501852375,Q4,2023
Bukit Timah,Singapore,120,2,3,188470000.0,1570584.0,Landed,10.562342582853415,8.990492738423502,9.327903261187508,9.26772241861851,0.027652729273878268,0.03195217611048169,Q2,2024
Orchard / Marina Bay,Singapore,55,1,2,78462000.0,1426584.0,Condo,13.049710509546495,8.878799173309707,9.028051966305652,9.992347591706146,0.04836402434730342,0.03564229680390297,Q2,2023
Tampines / Bedok,Singapore,75,2,3,42666000.0,568874.0,HDB,9.928637801227921,8.951419314741226,9.477532806050366,9.30656367401813,0.014761925418305722,0.04026600595637404,Q1,2023
Jurong West,Singapore,45,2,2,32101000.0,713353.0,Landed,20.41276476569261,7.367375711569369,9.50135621130111,9.202802103601726,0.03315653752471288,0.040202960682296895,Q3,2023
Tampines / Bedok,Singapore,75,1,2,49151000.0,655349.0,HDB,21.242188310411926,7.322578985351995,9.744270098726052,9.916202855913749,0.016595338964328108,0.03677641555476702,Q4,2023
Orchard / Marina Bay,Singapore,120,3,4,175424000.0,1461870.0,Condo,12.921313633583637,7.851026473861427,9.613271622978266,9.961300640702325,0.04691007320245644,0.028153805267184952,Q1,2024
Jurong West,Singapore,140,3,3,79250000.0,566075.0,Condo,9.11534001409644,7.573660782425942,9.895614758042784,9.96517326414602,0.029877628104075307,0.02033741696382641,Q4,2024
Tampines / Bedok,Singapore,38,1,1,36292000.0,955040.0,Landed,5.247032463680717,7.52523482391022,9.513282339301174,9.249404204544676,0.022447168165854993,0.04283361079136071,Q1,2023
Woodlands / Yishun,Singapore,140,5,4,52443000.0,374594.0,HDB,8.036295499472033,8.696635659208495,9.272440221883155,9.934761304100357,0.019938117902608573,0.03950430256837901,Q2,2023
Novena / Toa Payoh,Singapore,38,1,1,50296000.0,1323578.0,Landed,6.961106320775099,7.02590231960727,9.812002694689898,9.854873651752577,0.029809652365871304,0.03438541691351917,Q1,2023
Orchard / Marina Bay,Singapore,90,3,2,183759000.0,2041763.0,Landed,22.283186360002638,8.94272009329223,9.600424973221548,9.312078661923097,0.011446775109173841,0.033100526851887316,Q2,2024
Novena / Toa Payoh,Singapore,75,1,1,57405000.0,765396.0,HDB,6.558200010727317,7.8798729585284075,9.631205399984173,9.902436981270508,0.02496622655444444,0.04771218830323408,Q1,2023
Woodlands / Yishun,Singapore,38,1,1,20048000.0,527579.0,Condo,9.649621222959802,7.395021045594685,9.710105760793116,9.454152946720948,0.012201183998633614,0.044791003177306936,Q4,2023
Novena / Toa Payoh,Singapore,105,4,5,94865000.0,903476.0,HDB,15.25135752747788,7.344979447156834,9.55121719683527,9.299036265114465,0.013228859048161885,0.02019533000454972,Q2,2024
Woodlands / Yishun,Singapore,38,2,2,14368000.0,378097.0,HDB,18.812510201511607,7.302112850735572,9.500626302114723,9.410981097145509,0.024987721028767767,0.03478905701508987,Q2,2023
Tampines / Bedok,Singapore,55,2,1,41139000.0,747989.0,Condo,8.779824393181894,8.09125419789747,9.81681078141575,9.097882641675536,0.03029353719301134,0.01804032959252648,Q4,2024
Bukit Timah,Singapore,90,1,1,133508000.0,1483427.0,Condo,8.155931365745875,8.183902166342138,9.971204919857549,9.489881868833722,0.036960842507199956,0.032325009660172085,Q4,2024
Novena / Toa Payoh,Singapore,140,5,5,164853000.0,1177522.0,Landed,13.083880240832096,7.005874660037833,9.380194908631884,9.841227224131634,0.017229713997827488,0.014365970773643402,Q3,2024
Orchard / Marina Bay,Singapore,45,2,1,94113000.0,2091402.0,Landed,7.57271383332244,7.779198806084116,9.23799656116398,9.841148755865152,0.049017348286142196,0.03934007617514196,Q4,2023
Tampines / Bedok,Singapore,38,2,3,26437000.0,695720.0,Condo,21.52431593176431,8.630143753029701,9.694246158406028,9.805187754958103,0.04251202403782889,0.03605125555942449,Q3,2024
Tampines / Bedok,Singapore,90,3,3,66129000.0,734769.0,Condo,21.46085682181418,8.977363898747582,9.56496389448845,9.39246465402115,0.015572393953879535,0.020637359089850378,Q1,2024
Orchard / Marina Bay,Singapore,55,2,1,87524000.0,1591339.0,Condo,20.776054186006437,8.84397413691809,9.203883308228983,9.644188453458924,0.039600799162260183,0.034030789957206334,Q4,2024
Orchard / Marina Bay,Singapore,45,1,1,57435000.0,1276323.0,HDB,19.188559959785806,7.488048370788697,9.988610540884366,9.82971607292062,0.027377517187914036,0.03430084051889362,Q4,2024
Bukit Timah,Singapore,38,1,1,70537000.0,1856229.0,Landed,11.40795039505775,7.9435115320677205,9.938777278293557,9.84256803626134,0.02903371937219587,0.03272357209673957,Q3,2023
Novena / Toa Payoh,Singapore,105,4,3,134017000.0,1276353.0,Landed,12.396360224193472,7.04515416897969,9.017499606453928,9.72051477248793,0.030066226478580996,0.010716908933031654,Q3,2023
Woodlands / Yishun,Singapore,75,3,3,29944000.0,399252.0,HDB,6.241330341231233,7.58717280125223,9.651328709855338,9.256621127501347,0.022918453169003275,0.014430211747971527,Q4,2024
Jurong West,Singapore,55,1,2,32634000.0,593351.0,Condo,10.362250225910241,7.049499292888338,9.908046141382611,9.860503346567569,0.01707310064848455,0.01897768429358071,Q3,2023
Tampines / Bedok,Singapore,38,1,1,29579000.0,778404.0,Condo,20.286671239892197,7.752233369796487,9.261945590765041,9.221735058165754,0.03863580084528791,0.011513393529355875,Q3,2024
Novena / Toa Payoh,Singapore,140,5,5,113557000.0,811120.0,HDB,13.710684438027013,7.102327792356743,9.05546120278075,9.352790452058331,0.011996052681524283,0.04049586771460765,Q3,2023
Jurong West,Singapore,140,3,3,85920000.0,613716.0,Landed,1.8425142179770662,8.8851686534141,9.359701658811572,9.608052412343234,0.035660189308868905,0.04108274529937674,Q2,2023
Bukit Timah,Singapore,75,1,2,100889000.0,1345181.0,Condo,7.765500241544017,7.690632430791898,9.558877241774207,9.662505940883529,0.03551090197879836,0.03566798033999549,Q2,2023
Tampines / Bedok,Singapore,120,3,3,110579000.0,921491.0,Landed,17.000418181795037,7.584612057937766,9.246974791673788,9.345010734611183,0.013610231123490428,0.021431936166988717,Q1,2023
Woodlands / Yishun,Singapore,75,3,3,39511000.0,526808.0,Condo,12.29616570862555,7.104593369519925,9.075952069537843,9.35817987690333,0.020611390774641795,0.038958798589869094,Q2,2023
Jurong West,Singapore,105,4,5,60752000.0,578590.0,Condo,23.616825048797416,7.6253372150417595,9.146464339266991,9.687168950811476,0.03822893785768592,0.013795916263321092,Q1,2024
Bukit Timah,Singapore,105,3,4,121474000.0,1156899.0,HDB,13.264062063790348,7.38089197419234,9.020365508319362,9.545562098379685,0.019750039669718823,0.013919619643395005,Q4,2023
Jurong West,Singapore,75,2,2,54078000.0,721034.0,Landed,13.736084261158638,8.281399528366519,9.138917969932427,9.55183673614384,0.04899543148359038,0.043069201857400485,Q1,2023
Bukit Timah,Singapore,105,3,2,133960000.0,1275810.0,Condo,3.099682641638714,8.493256279127563,9.048387946705978,9.999305211130292,0.03611139036007568,0.0472294748148564,Q2,2024
Bukit Timah,Singapore,45,1,1,82167000.0,1825938.0,Landed,6.831357868446867,7.614384499166105,9.272206800925922,9.631894300339773,0.028958189029646024,0.03208204303301424,Q3,2023
Tampines / Bedok,Singapore,55,1,2,35773000.0,650416.0,Condo,2.7076157042269333,7.080299563722478,9.697277551103241,9.019229213528973,0.04425027997441216,0.04223116485354883,Q1,2023
Bukit Timah,Singapore,75,1,2,128941000.0,1719216.0,Landed,20.57423070794577,7.882699907549886,9.400063847755318,9.318503568943587,0.03649938694568237,0.016269190597352365,Q1,2023
Bukit Timah,Singapore,75,3,4,78049000.0,1040656.0,HDB,4.119120359097077,7.54883237481377,9.106794670482596,9.630052360141388,0.01830299915291766,0.010973182167719418,Q1,2024
Novena / Toa Payoh,Singapore,38,2,3,30004000.0,789590.0,HDB,9.191095540924493,8.82610233013109,9.000639090878106,9.32263276302676,0.036752001453368655,0.022001416395671713,Q2,2023
Orchard / Marina Bay,Singapore,55,1,1,104620000.0,1902189.0,Landed,21.291298027529614,8.978681048770357,9.944190320685653,9.805838001064874,0.02891600739287714,0.01595018259352006,Q3,2023
Novena / Toa Payoh,Singapore,65,2,2,50873000.0,782664.0,HDB,13.748677681254616,7.435165331766443,9.291448297770613,9.671596867070924,0.038812191190431465,0.02367783711029635,Q1,2023
Orchard / Marina Bay,Singapore,105,3,3,145007000.0,1381018.0,HDB,6.772784668496686,7.5758625470524805,9.82361508641144,9.398475437223913,0.013589630184862105,0.015207760787745092,Q4,2023
Bukit Timah,Singapore,55,1,1,75064000.0,1364797.0,Condo,19.797124973939113,8.81226167888327,9.521170090531315,9.774684623578478,0.038840872047346174,0.034267235394659305,Q4,2023
Orchard / Marina Bay,Singapore,105,2,3,165722000.0,1578301.0,Condo,19.958199807578723,7.241618049282512,9.19530240441745,9.902803960675735,0.027871717130461854,0.041708295506095894,Q1,2023
Bukit Timah,Singapore,55,2,1,65659000.0,1193805.0,HDB,11.815936196944659,8.298789220934147,9.901940785188414,9.45203428050527,0.01953350044518469,0.04904086187454761,Q4,2023
Bukit Timah,Singapore,90,3,3,152875000.0,1698609.0,Landed,10.168759812608446,8.335731543063595,9.772411307220642,9.607378820866565,0.031217390468141266,0.012268598334700474,Q4,2023
Woodlands / Yishun,Singapore,105,4,3,57734000.0,549846.0,Landed,22.606533007320945,7.180180052686895,9.404613225549456,9.72083433761215,0.04049179104858789,0.018295803293877557,Q4,2023
Novena / Toa Payoh,Singapore,120,3,4,109674000.0,913951.0,HDB,11.277165503195906,7.190610429732876,9.02130148287027,9.122862232525547,0.03538226867984117,0.019685005589879824,Q1,2024
Orchard / Marina Bay,Singapore,65,1,2,134102000.0,2063104.0,Landed,14.885054544752188,8.662567759510017,9.579376548340694,9.931765390458873,0.04206293114298457,0.01158879937699948,Q4,2023
Tampines / Bedok,Singapore,45,1,1,38005000.0,844551.0,Landed,9.56913813545775,7.5965122890825825,9.992828481978405,9.55534621313065,0.032715763659255555,0.03284001923216569,Q4,2023
Bukit Timah,Singapore,45,1,1,80860000.0,1796878.0,Landed,10.263368187950732,7.3774628614896365,9.603229510252731,9.117597186537033,0.010962393131440096,0.0453993576504121,Q4,2023
Bukit Timah,Singapore,38,1,1,55322000.0,1455853.0,Condo,24.334144992591337,8.486699144826769,9.27739650455185,9.735458074535963,0.034493521353167,0.040294164205874346,Q4,2023
Novena / Toa Payoh,Singapore,45,1,1,53165000.0,1181452.0,Landed,23.490560735723367,7.144890848072229,9.569158945462332,9.339804446045935,0.019651288542801574,0.021539559358192302,Q3,2024
Novena / Toa Payoh,Singapore,90,1,2,73514000.0,816820.0,HDB,7.471091035862736,8.342811959012508,9.814467708403411,9.58199182555741,0.04429797573927932,0.013025394630074611,Q3,2023
Tampines / Bedok,Singapore,120,2,3,98094000.0,817453.0,Landed,5.332996489856934,7.047225633121745,9.829489594136167,9.517160177055569,0.03575658156613033,0.04912961794903941,Q4,2023
Tampines / Bedok,Singapore,38,2,1,30876000.0,812522.0,Landed,15.483316701712578,8.740833108000155,9.320759100571198,9.068237944376637,0.03955295842915904,0.0219113588994243,Q2,2024
Tampines / Bedok,Singapore,75,3,4,63955000.0,852731.0,Landed,17.867228617929474,7.977525344379937,9.986801898886567,9.364747615408362,0.021880712420958775,0.019845040504323522,Q4,2024
Bukit Timah,Singapore,120,4,5,131227000.0,1093561.0,HDB,4.71991598543395,8.638413807794503,9.724497876335025,9.154004938279913,0.013904233377312898,0.014680819584935226,Q4,2023
Novena / Toa Payoh,Singapore,65,1,1,55955000.0,860848.0,HDB,6.358587186702428,7.0168571911865785,9.26721424815402,9.428600498723469,0.04003135760408073,0.04586838643729587,Q3,2024
Novena / Toa Payoh,Singapore,38,2,3,49182000.0,1294255.0,Landed,13.411685870276013,7.04316753200263,9.770415886766047,9.427029290512596,0.012084462587675562,0.012767612997153273,Q2,2024
Orchard / Marina Bay,Singapore,90,3,3,122231000.0,1358117.0,HDB,15.426804622368397,8.213365741065582,9.976790037614595,9.278957286526625,0.04419366445297382,0.01216060888588392,Q1,2024
Bukit Timah,Singapore,38,2,1,47329000.0,1245512.0,HDB,23.752882597782676,8.610201897539175,9.467284414152724,9.740059833453072,0.015632011087219958,0.025284831091656558,Q2,2024
Woodlands / Yishun,Singapore,45,2,3,21163000.0,470289.0,Condo,21.75457300811604,8.766749075530077,9.207550250701845,9.814941928969741,0.027838644451022854,0.04939059686016481,Q3,2024
Novena / Toa Payoh,Singapore,55,2,1,47741000.0,868026.0,HDB,24.003155647480423,7.154214428070423,9.19632345761267,9.360833348675051,0.04400880049564455,0.018789748723438388,Q4,2023
Jurong West,Singapore,55,2,3,26891000.0,488919.0,HDB,6.312370308878973,8.423809938145475,9.741735953230618,9.809258134377599,0.034250567634119475,0.03339641084272166,Q4,2023
Orchard / Marina Bay,Singapore,45,1,1,90870000.0,2019328.0,Landed,20.36676242179241,8.15571729741018,9.987048887380409,9.101587888474006,0.030243567482234,0.02772353650904518,Q4,2024
Bukit Timah,Singapore,38,1,1,45268000.0,1191256.0,HDB,12.837266246588346,7.946111572991208,9.004151577007695,9.097232291292235,0.03264671155212317,0.013390357483185133,Q1,2024
Woodlands / Yishun,Singapore,90,3,2,45396000.0,504405.0,Condo,2.0477908152460085,7.857909031040949,9.613038497769752,9.648259748689645,0.02626839301246263,0.01640924624269743,Q1,2023
Woodlands / Yishun,Singapore,65,2,2,40495000.0,622995.0,Landed,22.410674010503314,8.836502876229524,9.251100380865143,9.40556292447663,0.01989877529548284,0.03325882038677309,Q1,2023
Novena / Toa Payoh,Singapore,105,3,2,115090000.0,1096100.0,Condo,24.382118945826612,7.210924508696114,9.342578062756093,9.513227752489334,0.010227160455989402,0.01724614091912611,Q4,2023
Bukit Timah,Singapore,45,1,1,60769000.0,1350419.0,Condo,24.046115249185913,8.482293556162853,9.629134044875162,9.560245283496828,0.04761483550758714,0.04534609475710522,Q3,2023
Jurong West,Singapore,105,3,4,53007000.0,504825.0,Condo,6.733521112524139,7.242492362242565,9.48289216157989,9.051210733820986,0.04103889407538239,0.01341767273882867,Q2,2024
Woodlands / Yishun,Singapore,120,3,4,52150000.0,434581.0,HDB,17.613793684388778,7.382541681910123,9.470828394064604,9.401993090374281,0.033344240336108805,0.03868329950683079,Q2,2023
Bukit Timah,Singapore,105,4,4,109695000.0,1044714.0,HDB,10.581316083724246,8.25207300421097,9.180833182722145,9.503009733277889,0.024760229934715154,0.029770300724468055,Q2,2024
Novena / Toa Payoh,Singapore,90,1,1,88695000.0,985503.0,Condo,18.099813539132203,8.05483010895834,9.445390271169412,9.24679563993516,0.026287588531808223,0.020703484051688557,Q2,2024
Bukit Timah,Singapore,55,2,2,92208000.0,1676503.0,Landed,14.482163110644574,8.519091514791155,9.08898990797006,9.102282222638738,0.019241953911394452,0.03331670530923299,Q2,2024
Bukit Timah,Singapore,140,5,6,183176000.0,1308397.0,Condo,9.315482148171625,8.793860084232373,9.956866195776392,9.274312955277663,0.029668803265183334,0.010085432457672834,Q4,2024
Orchard / Marina Bay,Singapore,45,1,1,58209000.0,1293525.0,HDB,6.181050627363508,8.833780175188641,9.682179365045101,9.064331481397375,0.02088432693798415,0.04346334019862184,Q2,2024
Orchard / Marina Bay,Singapore,105,3,4,207087000.0,1972257.0,Landed,1.6891055767811283,8.030163399891803,9.953464852719119,9.823779992112833,0.042682024586367995,0.03285982744972765,Q3,2024
Woodlands / Yishun,Singapore,55,1,2,25250000.0,459083.0,Condo,12.276721565988746,7.14120920931218,9.985877832699813,9.626567381518766,0.023752292221632068,0.012993040855677483,Q3,2024
Orchard / Marina Bay,Singapore,105,3,4,156515000.0,1490623.0,Condo,6.772087215870876,7.994401675069868,9.845560911464492,9.442539459484436,0.014482952782752205,0.032891576612479156,Q1,2023
Orchard / Marina Bay,Singapore,75,1,1,105656000.0,1408753.0,Condo,23.877746788385572,7.652611706188056,9.474722689680707,9.924700875825364,0.03950178339621229,0.017697904312520836,Q1,2024
Tampines / Bedok,Singapore,55,1,1,35838000.0,651601.0,HDB,7.344168405293859,7.500268112539062,9.491971180054119,9.784739885083761,0.02031136031042141,0.013131827093231255,Q1,2024
Novena / Toa Payoh,Singapore,120,4,5,142360000.0,1186335.0,Landed,3.602269686609789,8.603780695618946,9.634736830129167,9.406605298092819,0.01007768512224314,0.016599766275605436,Q4,2023
Woodlands / Yishun,Singapore,105,3,3,54205000.0,516239.0,Condo,19.69450260052553,8.138972163931088,9.852974617437233,9.022989888503323,0.01640796553599046,0.04729203445503693,Q1,2024
Jurong West,Singapore,38,1,2,15733000.0,414025.0,HDB,23.441681044732398,7.262297120254086,9.397937818058635,9.996870246088331,0.018718602791177395,0.032027955336867,Q4,2023
Novena / Toa Payoh,Singapore,38,1,1,30084000.0,791683.0,HDB,6.3345501295090045,8.739918024848274,9.427579931726479,9.187793938638098,0.04816955788075973,0.029341056254884076,Q3,2024
Tampines / Bedok,Singapore,120,2,3,97928000.0,816065.0,Landed,6.630415929508729,7.979598180664438,9.629325008267848,9.762538478379454,0.04945768860720306,0.0178463233672097,Q3,2023
Novena / Toa Payoh,Singapore,75,2,3,64259000.0,856785.0,HDB,8.381928943046026,8.587633383210882,9.414392853457802,9.595590457491287,0.04667592056748208,0.0276977705676894,Q4,2024
Novena / Toa Payoh,Singapore,55,1,1,64555000.0,1173731.0,Landed,13.255351678577139,8.047272591320658,9.479950588799014,9.337695855955328,0.04100515629607004,0.04590049785443598,Q1,2024
Bukit Timah,Singapore,140,4,4,202497000.0,1446407.0,Condo,5.761654132947357,7.258291604115174,9.8075804771781,9.0531312571915,0.03545706017640194,0.036193030132288785,Q2,2024
Bukit Timah,Singapore,55,2,3,87960000.0,1599270.0,Landed,4.456123680306064,8.835052385801276,9.923456832580218,9.58008586681407,0.04080854017511852,0.027714653927714383,Q3,2024
Tampines / Bedok,Singapore,45,1,2,31463000.0,699188.0,Condo,24.98049958647656,7.350256973996629,9.956010898607746,9.983068294662985,0.03186356648570893,0.048541077561760196,Q3,2024
Novena / Toa Payoh,Singapore,65,1,2,63024000.0,969606.0,Condo,1.4529083586342288,8.17290298747896,9.163204581857997,9.594116279547205,0.026864189809454292,0.048184891459639376,Q4,2024
Jurong West,Singapore,105,3,4,44980000.0,428382.0,HDB,9.051071121493024,8.94017230130994,9.961662271954904,9.355232192187145,0.048330645647953925,0.03858613229357594,Q3,2024
Tampines / Bedok,Singapore,65,2,3,36885000.0,567457.0,HDB,5.510304901926319,7.067757825838537,9.126359430765403,9.53758663578683,0.040999479414102084,0.018606165620021257,Q1,2023
Tampines / Bedok,Singapore,38,2,2,30969000.0,814981.0,Landed,20.432297065075492,7.374928997867486,9.482450938103185,9.825377895304428,0.0182096541728611,0.02939930687586286,Q1,2024
Novena / Toa Payoh,Singapore,38,1,1,42458000.0,1117329.0,Condo,7.804761494871991,8.12745706468156,9.700803674343978,9.266271874685923,0.03153554768964583,0.01096559285905705,Q4,2023
Jurong West,Singapore,90,1,1,43954000.0,488381.0,HDB,15.628790573454753,7.0824006894626494,9.410185300866834,9.005709901844156,0.028121665778515353,0.034945232074186185,Q1,2024
Orchard / Marina Bay,Singapore,90,3,4,169898000.0,1887759.0,Landed,6.38107118548407,8.194697416651529,9.050738937529289,9.886284001173168,0.011091301930279282,0.02749219847741935,Q3,2023
Bukit Timah,Singapore,140,5,4,175801000.0,1255721.0,HDB,18.28775591335775,8.406680429728452,9.159427267119437,9.679407425033784,0.04858895722202705,0.039942192234907296,Q4,2024
Jurong West,Singapore,105,4,4,59946000.0,570914.0,Condo,21.80954257615766,7.906965447737399,9.762426234696909,9.343456185511455,0.04670542270548227,0.040630064755119835,Q4,2023
Tampines / Bedok,Singapore,65,1,1,55050000.0,846924.0,Landed,6.872745193839721,7.987575662248546,9.170235899985949,9.251644388292569,0.04402590948343425,0.02513858075507048,Q4,2023
Tampines / Bedok,Singapore,65,1,1,39313000.0,604813.0,HDB,12.79514836510999,8.703124570321844,9.648426912513836,9.395953802589398,0.020274789544857206,0.018537057642379163,Q1,2024
Tampines / Bedok,Singapore,55,2,3,46490000.0,845268.0,Landed,23.75552057957024,8.098448397945734,9.956110283160234,9.532896465148642,0.045323131857295244,0.04195332763027229,Q3,2023
Tampines / Bedok,Singapore,105,3,2,88416000.0,842055.0,Landed,3.4039432293708147,8.603923063014081,9.688310589625917,9.88128007405786,0.022653286379752377,0.04773264943591113,Q4,2024
Woodlands / Yishun,Singapore,45,1,2,20809000.0,462416.0,Condo,21.379177968852918,7.454597113172096,9.415799696566,9.737978134825502,0.0115504025809539,0.03904075421336762,Q2,2024
Orchard / Marina Bay,Singapore,55,1,2,83107000.0,1511030.0,Condo,18.70471610857107,8.007616785582151,9.817759169868813,9.434631974077227,0.0156571754479412,0.046372916274372206,Q2,2024
Orchard / Marina Bay,Singapore,90,3,3,134039000.0,1489319.0,Condo,4.952696301347366,7.659056347258989,9.213320878106622,9.017534001729809,0.013504929439112093,0.022877714755377396,Q4,2023
Tampines / Bedok,Singapore,55,2,1,41819000.0,760352.0,Condo,11.127702953761588,7.439299034335306,9.078834411182532,9.83154583430276,0.019144793911100848,0.02641568968518055,Q4,2023
Novena / Toa Payoh,Singapore,65,1,1,88165000.0,1356388.0,Landed,19.349822430717467,7.644833844835424,9.732327735854103,9.031773735047437,0.027812605928972854,0.04160340687284895,Q4,2024
Orchard / Marina Bay,Singapore,140,4,5,180346000.0,1288186.0,HDB,18.07832840296459,8.586482122995013,9.775366905052394,9.998125521677476,0.023523032936863683,0.044795846565546076,Q2,2024
Bukit Timah,Singapore,65,1,2,115590000.0,1778309.0,Landed,12.042079578569581,8.732392350208883,9.121107814582366,9.408712790669174,0.02775770046811405,0.022694533036044115,Q3,2024
Jurong West,Singapore,38,2,3,20421000.0,537390.0,Condo,2.223489516668997,7.765881197796825,9.973709530546232,9.54138009129728,0.04273437451246957,0.01252013558678447,Q4,2023
Novena / Toa Payoh,Singapore,105,3,3,142256000.0,1354823.0,Landed,21.56454713625573,7.605333972308711,9.907413661554333,9.43552380426367,0.01163114564395032,0.022910442043658996,Q2,2024
Woodlands / Yishun,Singapore,55,1,1,21677000.0,394128.0,HDB,21.51864443400635,8.863348775943212,9.611644432363958,9.748546161113813,0.01761961794014701,0.047693898651150354,Q3,2024
Tampines / Bedok,Singapore,90,3,3,83996000.0,933290.0,Landed,15.556993232736815,7.757825982641971,9.24520737972907,9.02246673799706,0.028525385126526442,0.0167694659853305,Q2,2024
Bukit Timah,Singapore,140,5,4,156997000.0,1121404.0,HDB,22.17466348517083,7.907360281269616,9.84712973443727,9.50479248933899,0.010689098580406595,0.030922071253769265,Q1,2023
Woodlands / Yishun,Singapore,45,1,1,26260000.0,583552.0,Landed,6.333198022379942,7.0432349339717675,9.625502898380065,9.807667775991531,0.037999005044470305,0.026109696530442164,Q2,2023
Woodlands / Yishun,Singapore,55,2,1,35466000.0,644832.0,Landed,19.300775276640714,8.6844231434319,9.136163060239967,9.723935937122759,0.04728904389649692,0.02493194628761617,Q4,2024
Novena / Toa Payoh,Singapore,75,2,2,88842000.0,1184561.0,Landed,3.509443062395281,8.811730750963836,9.992276285786287,9.517162039052806,0.046786540892132536,0.039770240562285855,Q2,2023
Woodlands / Yishun,Singapore,140,5,5,50769000.0,362634.0,HDB,15.134119095423209,8.052785714647055,9.456963976791886,9.612790182874765,0.045716429682676335,0.019861239834677052,Q3,2023
Jurong West,Singapore,140,4,3,98297000.0,702121.0,Landed,4.850731670134951,8.475124264024073,9.216883950529768,9.761470612536918,0.019277050719517998,0.03397600621711273,Q3,2024
Orchard / Marina Bay,Singapore,120,3,3,242921000.0,2024338.0,Landed,12.595651930445968,8.130406928086048,9.486139724443648,9.280302769546687,0.04768214422796373,0.017140520656482312,Q1,2023
Bukit Timah,Singapore,75,1,2,93982000.0,1253093.0,Condo,20.69070713516505,7.895848492902585,9.071414639581448,9.48551708331173,0.011227274112164887,0.03640054198794436,Q1,2023
Novena / Toa Payoh,Singapore,45,1,2,41855000.0,930103.0,Condo,21.649065557564782,7.670476130815575,9.694512067533218,9.630514730883403,0.028845941254750207,0.032431504584748,Q4,2024
Orchard / Marina Bay,Singapore,55,1,1,89393000.0,1625332.0,Condo,5.375065391544237,8.833108403608694,9.233466455639418,9.474676334657481,0.013233633909743059,0.03904296289136075,Q2,2024
Orchard / Marina Bay,Singapore,38,1,1,76327000.0,2008604.0,Landed,18.272444810781973,7.508696272793504,9.051363427690754,9.771222812743751,0.043366817854707626,0.012401845997791127,Q1,2024
Tampines / Bedok,Singapore,38,1,1,33466000.0,880679.0,Landed,11.865480605495279,7.11208111332344,9.067697393132754,9.06157495121936,0.027130531255176546,0.043887322822637215,Q3,2023
Tampines / Bedok,Singapore,120,3,2,94331000.0,786093.0,Condo,5.140099838021953,7.964049377864436,9.162367053377231,9.007685232144617,0.03829481851690945,0.049288092741044696,Q2,2024
Orchard / Marina Bay,Singapore,120,2,2,256334000.0,2136114.0,Landed,24.330932442367487,8.999538769895924,9.532328679633322,9.58601159677121,0.04350348124200902,0.013991066240718242,Q1,2023
Tampines / Bedok,Singapore,90,2,1,62421000.0,693568.0,Condo,13.152564466821634,8.510609872064341,9.608830168834922,9.573177901852501,0.026572318938340278,0.034526869648669314,Q3,2024
Woodlands / Yishun,Singapore,105,2,1,42780000.0,407432.0,HDB,17.38194582967189,8.15273555098766,9.941845706687728,9.124627019654088,0.02772932259764562,0.02089515715551781,Q2,2023
Bukit Timah,Singapore,45,1,1,66403000.0,1475627.0,Condo,13.018353856243206,8.643522493686872,9.185205619725402,9.093527675615382,0.012986789045473767,0.012571166508023915,Q1,2023
Tampines / Bedok,Singapore,90,3,4,67825000.0,753610.0,Condo,14.041321806832721,7.4541662577873185,9.759902415033029,9.993648736520838,0.021710618777463282,0.011220793660183092,Q2,2024
Novena / Toa Payoh,Singapore,55,2,1,42105000.0,765550.0,HDB,13.14282515510622,7.699551444281434,9.55112293393123,9.03355623662937,0.04964306431643101,0.02085016524884846,Q1,2023
Tampines / Bedok,Singapore,65,2,1,62161000.0,956324.0,Landed,6.536646343831566,8.573916878102112,9.217458945787895,9.037759707301923,0.026549445622915016,0.030747935318049764,Q4,2023
Bukit Timah,Singapore,120,3,2,209998000.0,1749980.0,Landed,18.102905414424228,7.4432892667985,9.121056490443031,9.459062576054915,0.01997600726387616,0.035794691726093696,Q4,2023
Tampines / Bedok,Singapore,65,2,3,54887000.0,844417.0,Landed,19.12381836547692,8.350562758961148,9.972128208917642,9.040746380247782,0.0437643037338331,0.020567190497651232,Q3,2023
Jurong West,Singapore,45,1,1,20034000.0,445210.0,HDB,5.872448013970308,7.208873979623386,9.958023666259184,9.100744383757801,0.01404708166828116,0.020798735279492234,Q1,2023
Woodlands / Yishun,Singapore,75,3,4,48329000.0,644384.0,Landed,20.872373881936944,8.006403396926233,9.187686187704433,9.614959282642712,0.024226769170020937,0.015562676332621077,Q4,2024
Orchard / Marina Bay,Singapore,45,2,2,73573000.0,1634946.0,Condo,16.27589042799382,8.225686949682553,9.6231060739426,9.173519952961597,0.016840979380853834,0.021511262325417273,Q1,2023
Woodlands / Yishun,Singapore,75,2,1,38473000.0,512977.0,Condo,10.387663350994298,7.434479483684944,9.803474220115888,9.874214801951101,0.04305055366232581,0.049502034594421526,Q3,2023
Orchard / Marina Bay,Singapore,105,4,4,152825000.0,1455473.0,Condo,15.499017892632395,7.694805029201561,9.096212158155343,9.75413647600528,0.020425220291721047,0.03012560234241001,Q4,2024
Orchard / Marina Bay,Singapore,140,5,6,264776000.0,1891257.0,Landed,4.938517062990123,7.754636496833241,9.939136676845235,9.010583648598526,0.033821998381787545,0.03911837549227423,Q1,2024
Tampines / Bedok,Singapore,55,1,1,32642000.0,593483.0,HDB,21.574339091889883,7.208361762295531,9.09137287055149,9.238959240213077,0.04923009455950118,0.039988155106256855,Q1,2024
Tampines / Bedok,Singapore,45,1,1,36511000.0,811357.0,Landed,10.884860800087182,8.33968572606638,9.603028359278806,9.581403917839685,0.020815911492840823,0.04179399155604199,Q1,2024
Woodlands / Yishun,Singapore,140,5,4,57512000.0,410798.0,HDB,10.16494147192741,7.711410985808262,9.99184009007367,9.697268582503217,0.02282131000970417,0.03307955720801727,Q1,2023
Bukit Timah,Singapore,90,1,2,111233000.0,1235924.0,HDB,6.623874207170094,8.344607150800481,9.286389217220412,9.382683164096344,0.04601890767097459,0.031026928120234318,Q4,2024
Bukit Timah,Singapore,45,2,2,73886000.0,1641911.0,Landed,13.418973779408244,8.691849728124069,9.670740308627611,9.927305571108395,0.0323992522092214,0.02321759960721865,Q3,2024
Orchard / Marina Bay,Singapore,55,2,1,82096000.0,1492662.0,Condo,13.991898127511735,8.771738756152079,9.433575253436269,9.387684642025635,0.03834188674844343,0.037710045131152614,Q2,2024
Tampines / Bedok,Singapore,105,4,3,67558000.0,643413.0,HDB,24.120202612852427,8.99081664259139,9.492205980744304,9.465765601858346,0.02574871415388017,0.029432527364927664,Q2,2023
Jurong West,Singapore,45,1,1,21958000.0,487950.0,Condo,9.407719851395692,7.944124414807687,9.253572693350344,9.205697309249322,0.03737939010020396,0.04045812453336282,Q2,2023
Woodlands / Yishun,Singapore,38,1,1,23986000.0,631217.0,Landed,13.44648441915624,8.616578289833713,9.86953489690457,9.594517943659373,0.015814153825661745,0.023375677496606184,Q3,2024
Novena / Toa Payoh,Singapore,75,3,4,99342000.0,1324561.0,Landed,11.504674578107911,8.695852811241432,9.158648694577153,9.404938726496546,0.03149942773048397,0.04159961723950502,Q3,2024
Novena / Toa Payoh,Singapore,90,3,2,70282000.0,780908.0,HDB,22.885858888368823,7.3118199778962,9.82487463201496,9.79526469150732,0.016938853306886003,0.045521713412780995,Q2,2024
Woodlands / Yishun,Singapore,90,3,4,45679000.0,507539.0,Condo,23.191753291247654,8.669147713128577,9.151029653756408,9.819027794697043,0.025943185164889762,0.039369957142160274,Q4,2024
Novena / Toa Payoh,Singapore,38,2,2,29610000.0,779208.0,HDB,4.662868416579417,8.400326637473498,9.723901898813732,9.580559183576645,0.010915032993013019,0.04609810989136492,Q2,2024
Bukit Timah,Singapore,65,1,1,76869000.0,1182597.0,HDB,7.724819359338023,7.994878519971991,9.090688770592909,9.259731974438688,0.040706249733192194,0.021278253444603924,Q3,2024
Jurong West,Singapore,45,1,1,26564000.0,590319.0,Condo,13.416984534385689,8.575186215668445,9.300442970795011,9.608263573013858,0.020735691290458415,0.02708779695347306,Q2,2024
Jurong West,Singapore,105,3,4,42691000.0,406580.0,HDB,22.942248178321783,7.546183270116987,9.160460003862756,9.474873547049297,0.02020137585550365,0.04539068937331518,Q2,2023
Bukit Timah,Singapore,38,1,1,46382000.0,1220569.0,HDB,18.066158602686198,7.507247299613324,9.29867858683162,9.86587588577676,0.03353874226867719,0.025432385757781513,Q4,2024
Jurong West,Singapore,45,1,1,28290000.0,628674.0,Landed,10.035058423812204,8.870654892076383,9.28296449521366,9.12706361604316,0.0233997936610553,0.0451014108314673,Q1,2023
Bukit Timah,Singapore,75,1,1,125487000.0,1673155.0,Landed,3.100982701218693,7.3927556907465695,9.09393354422232,9.509271373577114,0.019285284056395686,0.0166212488913542,Q4,2024
Orchard / Marina Bay,Singapore,75,1,2,146656000.0,1955416.0,Landed,9.751067496169986,8.643111798131045,9.493707831138236,9.153895765715511,0.014546467265259082,0.04109381610165413,Q3,2024
Jurong West,Singapore,140,5,6,94067000.0,671906.0,Landed,24.72728763813405,7.699391785702842,9.547550772784835,9.397948395807482,0.020992275069874063,0.02108785753490542,Q3,2023
Jurong West,Singapore,105,3,2,46630000.0,444095.0,HDB,13.4432462863384,7.205359027153232,9.390111628787984,9.06042317583125,0.04679014673920127,0.016992482566258533,Q4,2024
Jurong West,Singapore,90,3,2,66793000.0,742149.0,Landed,19.8813506906918,8.373238395484876,9.655107135903464,9.034142226347784,0.022293102606410913,0.04421225920058322,Q3,2024
Novena / Toa Payoh,Singapore,105,4,4,130219000.0,1240185.0,Landed,4.264120782019226,8.973829076809013,9.54875703170568,9.788530055181969,0.019006496108431605,0.04523057965837259,Q4,2024
Novena / Toa Payoh,Singapore,105,3,4,106834000.0,1017471.0,Condo,1.847151896479657,8.479615108255642,9.60733665611382,9.335083585957907,0.04730919590907463,0.017623140270878253,Q1,2024
Tampines / Bedok,Singapore,75,1,2,74008000.0,986774.0,Landed,23.646861651898334,8.428238100358644,9.506151582174306,9.9636191091086,0.016097572241560734,0.022895357702299838,Q4,2024
Orchard / Marina Bay,Singapore,105,2,1,168542000.0,1605159.0,Condo,10.049030727723142,7.361504139559763,9.93301571444979,9.24744456010404,0.037849316538209846,0.02255263049922792,Q3,2023
Novena / Toa Payoh,Singapore,55,1,2,45311000.0,823841.0,HDB,9.425504915973644,8.114692521960317,9.247998335386066,9.914237128766215,0.04546004641077432,0.027378223226940113,Q1,2023
Woodlands / Yishun,Singapore,55,1,1,27446000.0,499023.0,Condo,14.545958427406127,8.594896956840808,9.32214716371291,9.197184966582316,0.013643780841790099,0.021478663063618213,Q4,2024
Tampines / Bedok,Singapore,38,1,1,29515000.0,776714.0,Condo,15.487718064879875,7.648958609682243,9.74721703813447,9.01294598600163,0.03865918978583841,0.01793340771561372,Q4,2023
Novena / Toa Payoh,Singapore,45,2,2,54699000.0,1215529.0,Landed,15.857575081845068,7.398125453367725,9.142675284585472,9.793282149138774,0.03818897348624161,0.0318474618317354,Q4,2023
Woodlands / Yishun,Singapore,120,2,3,66283000.0,552357.0,Landed,13.083647484320249,8.797450648072903,9.071131962025662,9.253168971962149,0.01597608285480653,0.03787185423730586,Q2,2023
Woodlands / Yishun,Singapore,75,2,2,38399000.0,511989.0,Condo,15.407243383465419,7.426092263998938,9.774223942450005,9.913324905700406,0.026237852589434237,0.031852666797621144,Q3,2023
Woodlands / Yishun,Singapore,38,2,3,24570000.0,646573.0,Landed,23.252046689739846,8.742296558625565,9.099717539281778,9.917603619711194,0.04444818285267644,0.025691155146903046,Q1,2024
Tampines / Bedok,Singapore,120,4,5,116857000.0,973811.0,Landed,13.503599728905014,7.126632452961424,9.470964645082228,9.636657240711068,0.04674284851390939,0.03855789690950237,Q3,2023
Jurong West,Singapore,45,2,2,22763000.0,505841.0,Condo,8.033061845539535,8.485612458566097,9.827489943917733,9.26952845097194,0.04091242079405058,0.04179261955199106,Q2,2024
Orchard / Marina Bay,Singapore,120,3,2,244471000.0,2037256.0,Landed,15.722167753817658,8.770007570620383,9.338554992605335,9.5959101640171,0.026440383639732702,0.017788513034874755,Q1,2024
Bukit Timah,Singapore,105,2,1,131056000.0,1248155.0,HDB,7.936481986266084,7.2377704867119625,9.878361720920989,9.08620479858349,0.013264575338473535,0.035463186723616306,Q4,2024
Orchard / Marina Bay,Singapore,140,5,4,220796000.0,1577115.0,Condo,16.492257981517547,7.7256891028293095,9.311295452347286,9.966269736277944,0.02967400397998981,0.03979602794780032,Q3,2023
Jurong West,Singapore,75,2,2,50449000.0,672656.0,Landed,7.018800874201669,8.781857199408568,9.961526574153622,9.317978487200453,0.03994969702524441,0.02741854200411168,Q4,2023
Bukit Timah,Singapore,120,3,4,174974000.0,1458121.0,Condo,1.0529099132456858,7.684998454359416,9.946856209450988,9.440262289154449,0.038005793958677155,0.014076988856527292,Q3,2024
Tampines / Bedok,Singapore,90,1,1,79646000.0,884956.0,Landed,21.322407596747002,8.74556127668945,9.92769134376002,9.285815046903586,0.039880377637300915,0.044505719406219675,Q1,2024
Tampines / Bedok,Singapore,45,1,1,31355000.0,696783.0,Condo,24.805415975253425,7.500214540138127,9.820548431251213,9.416048299132349,0.01644719563787804,0.03552142563041323,Q1,2024
Novena / Toa Payoh,Singapore,120,2,1,124249000.0,1035409.0,Condo,7.8899588993779,8.406034452103622,9.460917457479574,9.14235645967219,0.035625837806291964,0.011709539203803599,Q3,2023
Bukit Timah,Singapore,120,2,3,220753000.0,1839606.0,Landed,22.440088287186924,8.400218188412392,9.79408182034632,9.39523429415847,0.025802520533910744,0.01106590953593194,Q4,2023
Novena / Toa Payoh,Singapore,65,1,1,68158000.0,1048590.0,Condo,12.004304556810782,8.857191801799093,9.890395898207231,9.110845224435563,0.03224768034472114,0.010656186371244152,Q1,2024
Jurong West,Singapore,65,2,1,44386000.0,682854.0,Landed,14.851501949271265,7.500286361490146,9.640495400933482,9.817238792733058,0.016457477723085066,0.03608999600234874,Q2,2023
Woodlands / Yishun,Singapore,140,3,3,66725000.0,476610.0,Condo,24.493579176885994,7.854162151685015,9.35844460918725,9.418796810355733,0.03498278906387214,0.04019194185705816,Q1,2023
Bukit Timah,Singapore,105,4,3,182127000.0,1734540.0,Landed,10.158870226437958,8.170133215853106,9.189575023886757,9.630894632671076,0.04483618157105656,0.03991781273051257,Q3,2024
Bukit Timah,Singapore,105,3,3,181843000.0,1731836.0,Landed,19.814383126413677,7.31787946136688,9.053093288993518,9.285272617470044,0.018797617472215863,0.04240710309766331,Q2,2023
Novena / Toa Payoh,Singapore,105,3,3,86253000.0,821455.0,HDB,15.025684209210496,7.873304034719723,9.886759910572376,9.493990354589272,0.045171266671408625,0.035990789259843954,Q2,2023
Bukit Timah,Singapore,120,4,3,136433000.0,1136941.0,HDB,3.8913838375964804,8.525467755839175,9.256323344441322,9.992276348284136,0.047024340651488396,0.03464996988270983,Q2,2024
Orchard / Marina Bay,Singapore,90,2,1,120618000.0,1340196.0,HDB,10.267091472475238,7.4728068044324765,9.15971752456867,9.947465367264963,0.040517532942282754,0.03102452590707163,Q3,2024
Novena / Toa Payoh,Singapore,38,1,2,47913000.0,1260861.0,Landed,13.470675417766605,7.006669157840464,9.407506125233274,9.832528586693398,0.020313143322201008,0.043737024968395294,Q4,2024
Tampines / Bedok,Singapore,120,2,1,85015000.0,708460.0,Condo,22.233331648028255,7.683798188378342,9.973703053259817,9.117357093414519,0.02239073433594899,0.03725624103671211,Q3,2023
Bukit Timah,Singapore,120,2,3,143470000.0,1195580.0,HDB,22.217666129876395,7.93261880358754,9.993828746136959,9.679758382548636,0.010663846576224972,0.017298670684296746,Q1,2023
Tampines / Bedok,Singapore,90,1,2,57998000.0,644424.0,HDB,5.915805544642309,7.302715294117993,9.586499229708052,9.161781391448248,0.040268636651226444,0.04670385416957187,Q4,2024
Tampines / Bedok,Singapore,45,1,2,29099000.0,646642.0,HDB,9.059730963973173,8.459804839826175,9.670970754497391,9.597317473217455,0.015160570346495402,0.014294666454267003,Q4,2024
Bukit Timah,Singapore,38,1,1,51050000.0,1343410.0,Condo,6.002491785810449,8.347679316725698,9.866080380552843,9.809763833008617,0.043146535298683765,0.04757773674478701,Q2,2023
Bukit Timah,Singapore,140,4,5,158787000.0,1134191.0,HDB,16.23459508750524,7.674030167815534,9.161588550449409,9.035176642472369,0.047151512223480525,0.010674662934981876,Q4,2024
Woodlands / Yishun,Singapore,65,2,2,35269000.0,542594.0,Landed,21.926324858307176,8.55924886670453,9.003161218659638,9.05673768627407,0.04431839101639073,0.037788003996191526,Q1,2023
Orchard / Marina Bay,Singapore,45,1,2,66615000.0,1480329.0,Condo,23.84445923596016,8.336700860858837,9.306687668096911,9.774064031402556,0.030049967448975784,0.01258148787480796,Q3,2024
Novena / Toa Payoh,Singapore,38,1,2,38069000.0,1001824.0,Condo,23.415473976264384,7.92708555655588,9.733155650662246,9.351552263599059,0.04340409328306347,0.028931361409143902,Q1,2024
Woodlands / Yishun,Singapore,140,3,4,66317000.0,473693.0,Condo,8.681492831985729,8.04667383757635,9.47974852390219,9.99686076813858,0.02932390802078201,0.04815559897807339,Q3,2023
Tampines / Bedok,Singapore,65,1,2,37888000.0,582887.0,HDB,19.937979697081026,8.374237767143466,9.569754263639963,9.578638496460666,0.025828916398556043,0.017275619493862353,Q3,2023
Orchard / Marina Bay,Singapore,90,3,3,115065000.0,1278503.0,HDB,16.508547587604053,7.859698249325882,9.256403636559241,9.90032116875175,0.012778880389093833,0.02634831388023548,Q1,2023
Woodlands / Yishun,Singapore,140,5,5,59891000.0,427793.0,HDB,23.10175528552807,7.202122150584748,9.115118676196207,9.764628338628178,0.03877516554753711,0.04278275948326197,Q4,2023
Woodlands / Yishun,Singapore,38,2,1,19220000.0,505777.0,Condo,22.210136812961757,7.208330365584623,9.141285356687062,9.99790584160745,0.04402694431971948,0.03994674796422328,Q3,2023
Bukit Timah,Singapore,38,1,2,55544000.0,1461696.0,Condo,5.80390317726645,8.416049369835696,9.647906103917286,9.99846004428384,0.033787141842120554,0.0401173606049779,Q1,2024
Bukit Timah,Singapore,140,3,4,167955000.0,1199679.0,HDB,12.769942299130609,8.480239401439034,9.12563960299915,9.60228269686806,0.047261634425275915,0.0326294517440967,Q4,2024
Tampines / Bedok,Singapore,140,3,2,109675000.0,783391.0,Condo,21.043140107892043,8.775455362796148,9.829219619896836,9.946575109135388,0.017175761357055768,0.027667678164285593,Q2,2023
Novena / Toa Payoh,Singapore,55,1,2,55649000.0,1011809.0,Condo,9.900013159649616,7.5377550008505665,9.21898421462727,9.283611976171805,0.021638180926936132,0.03703625378292874,Q1,2024
Jurong West,Singapore,90,2,1,50207000.0,557851.0,Condo,9.374847360644072,7.805057247914616,9.163191575851085,9.683177934005462,0.03758369323449976,0.02678872261233499,Q2,2023
Woodlands / Yishun,Singapore,105,3,4,50554000.0,481471.0,Condo,24.930655481076013,7.933511466918036,9.526411410021515,9.963835639879917,0.04311518278068157,0.03513364365413265,Q3,2023
Jurong West,Singapore,140,4,5,99431000.0,710223.0,Landed,4.651809672785633,8.107790456049978,9.885479731913218,9.824106780004476,0.013320651936812365,0.024893349834662716,Q2,2023
Woodlands / Yishun,Singapore,65,1,1,33724000.0,518823.0,Condo,21.50569295764516,8.847017745389527,9.301913886561955,9.128475130381073,0.03812075715923337,0.03908776102376972,Q2,2024
Tampines / Bedok,Singapore,105,3,4,82246000.0,783297.0,Condo,14.18735057208469,7.809992710536293,9.068161440173897,9.663938314930892,0.046958623962841464,0.030255257862350712,Q1,2023
Orchard / Marina Bay,Singapore,65,2,3,138683000.0,2133589.0,Landed,9.940311476153855,7.573468461422957,9.381358406507541,9.034315818362364,0.013457615568105395,0.04290015672525334,Q4,2023
Bukit Timah,Singapore,140,4,3,262483000.0,1874880.0,Landed,5.731954669467711,8.451634146033552,9.275163327784215,9.134617662858622,0.013831960296463844,0.02062196456634205,Q4,2024
Orchard / Marina Bay,Singapore,120,4,3,230070000.0,1917250.0,Landed,21.78500348823982,8.993930588501447,9.615292262638588,9.463579019079287,0.023256537948034908,0.02620767532221245,Q4,2023
Tampines / Bedok,Singapore,55,1,1,34068000.0,619416.0,HDB,15.88744848229552,8.318922451811426,9.32605805709648,9.8703800731433,0.026321340822711627,0.04796655292490009,Q4,2023
Woodlands / Yishun,Singapore,90,3,4,36072000.0,400798.0,HDB,17.02105926763828,8.619143641788753,9.242974336002337,9.265553309890013,0.03135955914685991,0.022293224004407815,Q2,2023
Jurong West,Singapore,45,1,1,23428000.0,520621.0,Condo,20.908274979054326,7.613540214492819,9.418078283065727,9.977939912416232,0.04905298684968646,0.026736916527138492,Q4,2023
Tampines / Bedok,Singapore,90,1,1,53425000.0,593607.0,HDB,1.5747826308117583,7.241311298722083,9.85814886257372,9.144532939372958,0.032557016501906934,0.02005189435196407,Q1,2024
Novena / Toa Payoh,Singapore,90,1,2,116413000.0,1293482.0,Landed,18.020669718578496,8.19727569970518,9.426354698963207,9.917915863000982,0.04898413200120177,0.04422452925328288,Q3,2024
Orchard / Marina Bay,Singapore,75,1,1,113377000.0,1511687.0,Condo,15.509155390424125,7.7171150695392825,9.062236833819153,9.248453644406933,0.04096825429604068,0.023475572402323078,Q1,2024
Bukit Timah,Singapore,105,4,4,125180000.0,1192186.0,HDB,7.3087394192812365,8.452786894561315,9.455963904486175,9.091448918892793,0.04409617971062207,0.037249456835257065,Q1,2023
Bukit Timah,Singapore,120,4,4,136137000.0,1134475.0,HDB,17.459151623219604,7.184929762007735,9.891685896365544,9.504572980068975,0.010644264429000488,0.01744925905909496,Q4,2023
Novena / Toa Payoh,Singapore,65,1,2,81481000.0,1253552.0,Landed,17.268022718192668,8.205241033670672,9.012226192629965,9.368509891778723,0.037007609646077216,0.03927757690315012,Q4,2024
Woodlands / Yishun,Singapore,105,2,3,51490000.0,490378.0,Condo,4.962463585057577,8.676629889845675,9.036474084269026,9.166571647511018,0.042016425495863395,0.011484906675571636,Q4,2023
Woodlands / Yishun,Singapore,55,2,2,21901000.0,398208.0,HDB,20.02560362111432,8.168121667901808,9.552560724969839,9.069570494111652,0.034409933527174336,0.032674116318437994,Q4,2023
Tampines / Bedok,Singapore,75,1,1,59132000.0,788424.0,Condo,13.387581390208572,8.981804914618689,9.903343481640112,9.526365241337222,0.012259463816710623,0.04814678758111428,Q3,2024
Bukit Timah,Singapore,140,4,3,153493000.0,1096376.0,HDB,7.083444420985242,7.623854241043066,9.571237249989048,9.415167176524161,0.02981387812699412,0.012546596393326476,Q4,2024
Novena / Toa Payoh,Singapore,75,1,1,92116000.0,1228210.0,Landed,17.924617571800333,7.361840377618896,9.962140842438584,9.081050016485676,0.049435906441707186,0.016949964211642087,Q4,2023
Novena / Toa Payoh,Singapore,38,1,1,38521000.0,1013721.0,Condo,8.449418772028675,8.51347107553706,9.111793687495773,9.387760244093794,0.03564377363369201,0.03662407479349775,Q2,2023
Jurong West,Singapore,45,1,2,31156000.0,692352.0,Landed,1.2042895730603558,7.074289225539994,9.06155084907713,9.797320541065982,0.03152024401927147,0.03923282516199201,Q4,2024
Tampines / Bedok,Singapore,140,3,4,125978000.0,899840.0,Landed,18.770251548779836,8.01503932898237,9.188032528253494,9.033376100045412,0.04851470808344914,0.010286415209341438,Q2,2023
Novena / Toa Payoh,Singapore,90,1,1,107985000.0,1199832.0,Landed,4.166767549231323,8.26065354648901,9.809042462437102,9.36088000829457,0.04832333428510809,0.01805825432098965,Q3,2023
Tampines / Bedok,Singapore,45,2,3,42216000.0,938141.0,Landed,4.102140814029985,8.654665621019953,9.558905166293515,9.616774405415422,0.02820436272346994,0.037416157450244646,Q2,2024
Orchard / Marina Bay,Singapore,65,1,2,129930000.0,1998920.0,Landed,5.37948200476441,8.264740249394507,9.40886062886854,9.697949350942187,0.014129695325243592,0.04448933978574906,Q4,2024
Jurong West,Singapore,75,3,3,35472000.0,472965.0,HDB,13.471945674611629,7.535362732199454,9.583120315016377,9.618993927471891,0.017690046854176234,0.03786754935036424,Q1,2023
Orchard / Marina Bay,Singapore,38,1,2,48215000.0,1268812.0,HDB,14.202407097919078,8.67321833581484,9.277490913899543,9.568425195356715,0.04226780492861688,0.029108670156191625,Q1,2024
Novena / Toa Payoh,Singapore,75,2,3,59113000.0,788168.0,HDB,4.0901821700468455,8.101406217392078,9.344471087881102,9.63033033840145,0.04645112168280494,0.013478901450317937,Q2,2024
Novena / Toa Payoh,Singapore,120,3,2,113288000.0,944067.0,Condo,6.735278245880476,7.828709091319725,9.207021859387474,9.264004503638343,0.04118766583821888,0.045977632840934916,Q1,2024
Woodlands / Yishun,Singapore,65,2,1,27621000.0,424941.0,HDB,14.435273616204691,7.0176739289832195,9.964588280789265,9.402431079394223,0.040292491015689824,0.01887465195394761,Q2,2024
Tampines / Bedok,Singapore,65,2,3,61764000.0,950223.0,Landed,17.924420479583375,8.437410070048738,9.07959421876012,9.98970826756889,0.027439319892801642,0.01370419187353964,Q3,2023
Orchard / Marina Bay,Singapore,55,1,1,99290000.0,1805269.0,Landed,21.43267823844117,7.978191009284873,9.350534238308338,9.348061205298414,0.025856433134430548,0.03993510010267121,Q1,2024
Novena / Toa Payoh,Singapore,55,1,1,48171000.0,875841.0,HDB,10.874765685803737,7.770700348194917,9.003426953901021,9.70793020680494,0.014126767360747774,0.011755750427027839,Q1,2023
Jurong West,Singapore,90,1,1,38752000.0,430572.0,HDB,24.803284944806542,7.680709887225207,9.686009547159085,9.121399524601147,0.04252850123099176,0.03885743856540701,Q1,2023
Tampines / Bedok,Singapore,90,2,3,86535000.0,961495.0,Landed,16.7435897927901,7.27379179159819,9.81328447632847,9.915428438996726,0.044580870686886064,0.04475215241874324,Q2,2023
Novena / Toa Payoh,Singapore,65,1,2,59809000.0,920139.0,HDB,11.968130699680653,8.290976902320422,9.383444608575509,9.43393874327149,0.04064912489986769,0.030655188644774366,Q1,2024
Novena / Toa Payoh,Singapore,120,4,3,125808000.0,1048400.0,Condo,9.084829233857771,8.994484074377414,9.076252285021372,9.046058677059618,0.02535479463042916,0.03207341603220506,Q2,2023
Bukit Timah,Singapore,55,1,2,64378000.0,1170518.0,HDB,16.720806184693366,7.746169277935836,9.993606708684597,9.60131123705437,0.016871963850106125,0.03319620969275353,Q3,2023
Tampines / Bedok,Singapore,140,5,6,84656000.0,604688.0,HDB,15.792698722473508,7.356986521869499,9.141909184136807,9.33059103209463,0.039519739028629666,0.02625040811636304,Q2,2024
Woodlands / Yishun,Singapore,75,2,2,49152000.0,655362.0,Landed,1.888046506065967,8.0363126716599,9.218417248367949,9.375587157113884,0.017097906819301935,0.0261304395708139,Q4,2024
Tampines / Bedok,Singapore,55,2,2,30285000.0,550628.0,HDB,2.9177171303764,8.660643404536867,9.009770728952793,9.284109794616876,0.03458018200713454,0.04644304713178403,Q3,2024
Jurong West,Singapore,55,2,2,28168000.0,512149.0,Condo,14.770786654995284,7.524860306950618,9.51828933178041,9.031689122108627,0.049403393834946054,0.026703444725397055,Q4,2024
Bukit Timah,Singapore,120,2,1,145846000.0,1215382.0,HDB,20.02857310027354,8.33124278859746,9.26107362336498,9.939055719226552,0.028039032879831206,0.013464549447501901,Q4,2024
Woodlands / Yishun,Singapore,38,1,2,17849000.0,469705.0,Condo,20.196353816005697,7.884294548988372,9.694811338228801,9.670735004503062,0.03117697775239798,0.010418092153807202,Q1,2024
Jurong West,Singapore,55,1,2,25598000.0,465411.0,HDB,16.790939008890668,7.659309442474303,9.375880906671329,9.482065874380181,0.020177946724719134,0.016396024216724085,Q2,2024
Tampines / Bedok,Singapore,90,1,1,80818000.0,897983.0,Landed,2.2083515017199202,8.105554566236393,9.117287904323645,9.846534902872147,0.028783761550275316,0.04826235876542457,Q2,2024
Jurong West,Singapore,120,3,4,82143000.0,684522.0,Landed,11.393643175028929,8.957574179599881,9.403984104757221,9.347518669267732,0.020872044942803366,0.0440830079242024,Q1,2024
Woodlands / Yishun,Singapore,38,2,1,16548000.0,435473.0,HDB,23.95371810379901,7.343612733073263,9.07313522570574,9.224460140798127,0.03168457778200373,0.019925616385524144,Q2,2023
Novena / Toa Payoh,Singapore,75,1,1,59210000.0,789462.0,HDB,8.794388247121859,7.398489986153706,9.61818934264289,9.316091332847819,0.04674521957802099,0.03498024765585377,Q1,2024
Bukit Timah,Singapore,45,2,3,83802000.0,1862257.0,Landed,16.26943883854,7.001484290947448,9.010731341575802,9.146636237084511,0.047564745981563746,0.02673819332502298,Q2,2023
Orchard / Marina Bay,Singapore,140,5,4,276135000.0,1972395.0,Landed,17.154717644891534,8.280088557974828,9.59037092287115,9.51979510844959,0.04434077835366903,0.024423977411743125,Q2,2024
Novena / Toa Payoh,Singapore,140,5,4,162751000.0,1162504.0,Landed,4.660517481123453,7.578588864685751,9.662997783272127,9.550876454218994,0.023672464488612724,0.04307272666591629,Q4,2024
Jurong West,Singapore,105,2,2,72504000.0,690517.0,Landed,17.681553496486003,7.211177575309475,9.730318011415205,9.28361985400909,0.03833088365979569,0.0287174991573224,Q2,2024
Orchard / Marina Bay,Singapore,120,4,3,237096000.0,1975797.0,Landed,23.033827796151638,7.434072350515424,9.988361369964366,9.443685714819013,0.04859482437815749,0.034344986666189035,Q2,2024
Novena / Toa Payoh,Singapore,45,2,1,54656000.0,1214577.0,Landed,20.265969198986486,8.853549765644585,9.929178630544593,9.018136206899998,0.033412964907357526,0.03605577321357533,Q3,2023
Tampines / Bedok,Singapore,65,2,3,44334000.0,682059.0,Condo,6.977346070519586,8.358996605732827,9.60188337408973,9.217280593102469,0.016108883729054668,0.03848022943897533,Q3,2024
Novena / Toa Payoh,Singapore,45,1,2,57093000.0,1268736.0,Landed,14.159268857808087,7.686664624778335,9.579554886708086,9.58006309802127,0.023342717023760694,0.030370429247435278,Q4,2024
Bukit Timah,Singapore,140,3,2,171368000.0,1224057.0,HDB,13.119164162988657,8.968158404318592,9.930167177749647,9.413517546844444,0.015430231377965651,0.019322209537659778,Q1,2024
Novena / Toa Payoh,Singapore,45,2,2,35257000.0,783494.0,HDB,1.5136117150635187,7.394229864597788,9.632625457723,9.434059962908966,0.035031476890374245,0.014673106748561504,Q3,2024
Bukit Timah,Singapore,105,2,2,110347000.0,1050923.0,HDB,3.8788718584401343,7.177115815140937,9.732254673319328,9.368659290933667,0.04946412532118498,0.011512308295837341,Q1,2023
Orchard / Marina Bay,Singapore,140,3,4,219370000.0,1566930.0,Condo,7.002213026995867,8.227840349442172,9.109606959959518,9.650321085170773,0.04008549670742298,0.03128771077816667,Q4,2024
Orchard / Marina Bay,Singapore,105,4,5,137207000.0,1306730.0,HDB,17.667710847852465,8.79169776302609,9.903487885842276,9.553350213667853,0.047387871488392914,0.043230683250397174,Q1,2024
Bukit Timah,Singapore,65,1,2,90675000.0,1394996.0,Condo,4.861058829886698,8.99160989617317,9.21199584459786,9.229430153279786,0.0145012868542751,0.03930219099790149,Q1,2023
Woodlands / Yishun,Singapore,55,2,3,32788000.0,596152.0,Landed,5.483442880670719,7.690555832898233,9.471684101496258,9.400881526866996,0.024545914321141647,0.026833436356757397,Q4,2023
Tampines / Bedok,Singapore,120,4,4,70518000.0,587653.0,HDB,20.63558452935151,7.084696825598646,9.488910924128348,9.132641773129754,0.031986957280041445,0.02104305403953019,Q3,2024
Novena / Toa Payoh,Singapore,120,4,3,128175000.0,1068125.0,Condo,15.877071086718445,8.867207644288476,9.723949131592782,9.642121897148781,0.023542518130988198,0.021817442036870843,Q4,2024
Tampines / Bedok,Singapore,65,1,2,56947000.0,876103.0,Landed,9.128274649606087,8.069508819734155,9.832198631837661,9.129408500745258,0.043212397119380505,0.03140809936989309,Q3,2023
Orchard / Marina Bay,Singapore,55,2,1,113789000.0,2068895.0,Landed,3.6326615675304064,8.558595453655919,9.087262733804724,9.253707670560848,0.03098836370072855,0.040878750765527314,Q4,2024
Orchard / Marina Bay,Singapore,75,1,2,140089000.0,1867855.0,Landed,9.688943230200497,8.337357892204233,9.048220472411804,9.10511424218651,0.013429478507164753,0.045180678157606055,Q2,2024
Bukit Timah,Singapore,45,1,2,51894000.0,1153209.0,HDB,22.653917854884476,7.65111472606574,9.106600771936542,9.173619101592514,0.0366047965734065,0.033289198482474525,Q4,2024
Novena / Toa Payoh,Singapore,75,1,2,68745000.0,916598.0,HDB,20.249449990912936,8.16981815074066,9.403097188170353,9.579471731542386,0.02094781767800239,0.01351505955600116,Q1,2023
Woodlands / Yishun,Singapore,140,3,3,59033000.0,421667.0,HDB,13.941729286486403,8.201629452893735,9.306690800197295,9.716279642527493,0.047739613749927606,0.033125772728707086,Q3,2023
Woodlands / Yishun,Singapore,38,1,1,17171000.0,451878.0,Condo,20.284348586910284,8.039139495129364,9.081707226575237,9.033629482400892,0.04013899708632196,0.04094387212336524,Q2,2024
Jurong West,Singapore,65,1,2,37244000.0,572990.0,Condo,24.747332166614687,8.310476638163127,9.526111830771994,9.08326080299483,0.022787757237930667,0.017629787094747735,Q2,2023
Orchard / Marina Bay,Singapore,45,1,1,96098000.0,2135505.0,Landed,21.967930826064205,8.256363383029914,9.596322338575987,9.367107430307803,0.022168199087370874,0.047282074298298525,Q4,2024
Jurong West,Singapore,90,1,1,55019000.0,611317.0,Landed,3.7718826160509016,7.430320723718209,9.486747685041541,9.833021264746245,0.023878652648479624,0.02758564651328768,Q3,2023
Novena / Toa Payoh,Singapore,105,4,3,87508000.0,833410.0,HDB,22.702833521905582,7.903540288737321,9.807094001257495,9.129808463490589,0.027645125938564753,0.02872485068451678,Q4,2024
Bukit Timah,Singapore,65,2,2,77800000.0,1196929.0,HDB,8.85432041073964,7.83252526753923,9.127546056987143,9.59847262777905,0.01013345237330377,0.04450446564390995,Q4,2023
Jurong West,Singapore,55,1,1,36713000.0,667517.0,Landed,6.810190556988484,7.207796564386277,9.321817998322592,9.087900449842033,0.027121013125837784,0.017379542059757287,Q2,2024
Bukit Timah,Singapore,105,3,2,154726000.0,1473584.0,Condo,5.31520038077464,8.884320313688715,9.644642241538852,9.190539723342214,0.02663267472578438,0.04272254581629463,Q3,2024
Novena / Toa Payoh,Singapore,65,1,1,62519000.0,961832.0,Condo,22.440704728598174,7.995180206114063,9.60106389572215,9.18921600405923,0.033518375961183115,0.02283545602983402,Q2,2023
Tampines / Bedok,Singapore,120,3,4,73267000.0,610555.0,HDB,20.284855070553974,8.038824541429175,9.618462510985562,9.7654369349782,0.020081520952008495,0.03712597205598629,Q3,2024
Novena / Toa Payoh,Singapore,55,2,2,56772000.0,1032227.0,Condo,2.787270550524881,8.114970215893711,9.117796898270784,9.876640617949453,0.04964812132091353,0.033677820347109144,Q4,2023
Jurong West,Singapore,90,3,3,49142000.0,546018.0,Condo,16.401642465699133,7.723872203670198,9.580968781617582,9.521510521577243,0.04933280184985087,0.015604183560766245,Q3,2024
Tampines / Bedok,Singapore,140,5,5,108477000.0,774832.0,Condo,18.450263224510092,8.235865345790875,9.00045561639116,9.113788710591685,0.018338185230068246,0.03989434414033339,Q2,2024
Tampines / Bedok,Singapore,55,1,1,46290000.0,841636.0,Landed,18.16447357715259,7.673832704554501,9.3442639911421,9.616463578879252,0.043734310425329576,0.01634050305185772,Q1,2024
Orchard / Marina Bay,Singapore,75,1,1,152443000.0,2032579.0,Landed,16.49532747200732,8.580490723130934,9.931744457796379,9.277489708907206,0.019910406394218247,0.03711710160735544,Q1,2023
Woodlands / Yishun,Singapore,105,3,4,55163000.0,525359.0,Condo,22.730098587567657,7.587758348713141,9.577435137097932,9.705463946966772,0.032317142580953535,0.016614046084267763,Q4,2023
Jurong West,Singapore,75,3,2,46988000.0,626506.0,Landed,12.863474777815274,8.70815779354138,9.345468493040848,9.395800299828794,0.03652123932227544,0.04617557634533035,Q1,2024
Orchard / Marina Bay,Singapore,75,1,1,120248000.0,1603312.0,Condo,22.54302578162995,8.87266876461197,9.835229005225157,9.169348232161278,0.02495445517143102,0.047848524692775174,Q4,2023
Bukit Timah,Singapore,65,1,1,109762000.0,1688654.0,Landed,23.209353353191574,8.26812773546648,9.95639778664337,9.691200422416935,0.01910938163696979,0.033230008694601756,Q2,2023
Jurong West,Singapore,140,4,5,92046000.0,657473.0,Landed,17.276493127794183,7.399598069290208,9.134662887248195,9.154484896365078,0.010335634442790273,0.018764511573481194,Q1,2024
Woodlands / Yishun,Singapore,75,1,1,43259000.0,576793.0,Landed,7.714383408089156,8.996255528577736,9.605232219622888,9.160737554687579,0.019749710819685462,0.04171034966975483,Q2,2023
Tampines / Bedok,Singapore,75,3,2,63779000.0,850384.0,Landed,18.240331012182615,8.167855786293686,9.190564472153314,9.673512914777152,0.048427507432693716,0.036054517133923034,Q4,2024
Bukit Timah,Singapore,75,2,3,135901000.0,1812017.0,Landed,1.3888953380844642,8.487519791301127,9.433322496567076,9.23704828813024,0.02105803506502922,0.039849042735316614,Q2,2023
Woodlands / Yishun,Singapore,75,3,3,46654000.0,622057.0,Landed,2.310597928727149,8.26603337925014,9.40321504205302,9.830854393163182,0.04140970760375713,0.04592078268753341,Q4,2024
Novena / Toa Payoh,Singapore,75,2,3,76963000.0,1026179.0,Condo,10.143785680708106,8.910968038378936,9.240765174736948,9.808123593900069,0.01847919320925852,0.0215755448132273,Q2,2024
Bukit Timah,Singapore,75,3,3,121865000.0,1624867.0,Landed,22.29733575172015,7.523987228357808,9.27412798370803,9.77539428858921,0.045879756444469164,0.036403396919671704,Q3,2024
Novena / Toa Payoh,Singapore,105,2,1,125709000.0,1197232.0,Landed,15.501288224384425,7.024985618880249,9.750749689198262,9.193278864509988,0.042819307477810285,0.03682247744285301,Q2,2024
Woodlands / Yishun,Singapore,75,1,1,47704000.0,636050.0,Landed,13.95870575982002,7.996533112130349,9.3429831274718,9.172426212349775,0.030166529087518927,0.034529774082404,Q3,2023
Woodlands / Yishun,Singapore,65,1,1,30413000.0,467889.0,Condo,16.082579588340344,8.023773932720472,9.737986976725585,9.349436579923152,0.03523302429881039,0.01817037965439751,Q4,2023
Jurong West,Singapore,38,1,2,18378000.0,483640.0,HDB,18.002636343226282,7.442952281214771,9.404673103511545,9.213953685866556,0.04460925836266069,0.02132282114341237,Q4,2023
Woodlands / Yishun,Singapore,75,1,2,40953000.0,546044.0,Landed,17.953352834853405,8.59004895099023,9.04590080128941,9.015564745913494,0.02369021623658165,0.03882876946193233,Q2,2024
Bukit Timah,Singapore,55,2,3,86201000.0,1567295.0,Landed,10.1394718556817,8.083178669578848,9.6554656870092,9.605057822611366,0.02127183900473016,0.03725317199260094,Q2,2023
Novena / Toa Payoh,Singapore,90,3,3,78436000.0,871508.0,HDB,19.489431238624817,8.673881016253597,9.566135749776214,9.47241513733704,0.025904789837786317,0.04953373962283709,Q2,2024
Orchard / Marina Bay,Singapore,120,2,2,166743000.0,1389524.0,HDB,21.583457577892837,8.671334623704404,9.082380589454939,9.88119461780158,0.036312279466578806,0.04858092532320758,Q2,2024
Jurong West,Singapore,120,4,4,81788000.0,681564.0,Landed,9.741243293296499,7.72604797369751,9.873435479642529,9.593862582266778,0.03223469335134677,0.04086576033087859,Q4,2023
Tampines / Bedok,Singapore,55,1,1,33835000.0,615182.0,HDB,19.983592987207565,8.39739739505394,9.403855191883205,9.465874773998324,0.049774832346941675,0.01106509859319651,Q3,2024
Jurong West,Singapore,140,5,5,78370000.0,559784.0,Condo,20.50100167184767,8.011760482053026,9.60522230883857,9.124486231104228,0.03053617678350847,0.02222273467126413,Q1,2023
Orchard / Marina Bay,Singapore,55,1,1,77278000.0,1405060.0,Condo,20.740350662417185,8.328975376062179,9.466360007167943,9.044289321518427,0.04116205067789914,0.030346303444475538,Q4,2023
Bukit Timah,Singapore,75,3,2,110616000.0,1474880.0,Condo,13.282579257981848,7.472061133591838,9.437701909860218,9.109659734729997,0.042069157714137405,0.03833635821900149,Q1,2023
Jurong West,Singapore,120,3,2,53796000.0,448297.0,HDB,11.551577029157686,8.258192248882125,9.822396488634096,9.360568745329552,0.012662777437882062,0.03773180327341259,Q2,2024
Orchard / Marina Bay,Singapore,120,4,5,176263000.0,1468856.0,Condo,22.023294662226377,7.552706537605323,9.064621436001696,9.713753581266436,0.03480979159397806,0.04875467745920877,Q1,2024
Bukit Timah,Singapore,65,1,1,71632000.0,1102031.0,HDB,12.576463660054083,7.574667092414711,9.35150417333372,9.771034713538958,0.03162190647928602,0.022836879065855405,Q1,2023
Orchard / Marina Bay,Singapore,55,1,2,110323000.0,2005874.0,Landed,17.26674775000873,7.074867936611275,9.09196811127425,9.084793909782228,0.029907266846999868,0.022998287907188067,Q1,2024
Orchard / Marina Bay,Singapore,105,4,3,220887000.0,2103687.0,Landed,23.580803144541047,7.436274153924193,9.92125942141765,9.743994228385182,0.02021717625659876,0.03830965093827054,Q3,2024
Woodlands / Yishun,Singapore,75,3,3,34330000.0,457732.0,Condo,17.050966488677087,8.980241339700541,9.367919755495842,9.76103553777779,0.0494435193201507,0.011510433008467623,Q1,2023
Bukit Timah,Singapore,105,2,1,130102000.0,1239068.0,HDB,14.63125202443997,7.758774837499395,9.808695345929827,9.318549098234342,0.022718580381514933,0.033387328852669707,Q4,2024
Orchard / Marina Bay,Singapore,38,1,2,50699000.0,1334172.0,HDB,19.915750987477466,8.467946475610129,9.888232816089634,9.014243029461191,0.02792098206271334,0.046549700123964116,Q1,2024
Tampines / Bedok,Singapore,45,1,1,26721000.0,593791.0,HDB,7.134087604845987,8.295446496175703,9.960552551083595,9.515703499499786,0.02044455791902814,0.04638863159737763,Q1,2023
Bukit Timah,Singapore,38,2,1,42686000.0,1123322.0,HDB,5.084133780914813,8.053823191724883,9.173759778105765,9.625420731689454,0.015730760912270898,0.02362950065854532,Q2,2024
Novena / Toa Payoh,Singapore,45,1,1,41400000.0,920001.0,Condo,5.047810434174328,7.264091935244285,9.112981175064935,9.005883523993756,0.03746868248852217,0.0337662134544092,Q3,2023
Tampines / Bedok,Singapore,140,4,4,115338000.0,823840.0,Landed,24.131189272833787,7.722033935390169,9.884721036926749,9.789106678606968,0.03620547763722825,0.038009118048591375,Q4,2024
Novena / Toa Payoh,Singapore,90,1,1,117344000.0,1303826.0,Landed,17.361374289359482,7.678034507413592,9.322056837952564,9.487025691386842,0.03410405062214008,0.03725881725996221,Q3,2024
Orchard / Marina Bay,Singapore,65,1,2,81408000.0,1252436.0,HDB,4.037437184639639,7.2024942716196705,9.601928256966413,9.555652143756536,0.0399919928160064,0.035920249437064206,Q3,2023
Novena / Toa Payoh,Singapore,90,2,1,107735000.0,1197060.0,Landed,2.6166114555466677,7.547867083597604,9.38569160319319,9.387005346202633,0.020006657904642997,0.015381883791133838,Q4,2024
Tampines / Bedok,Singapore,38,1,1,35321000.0,929492.0,Landed,14.446238692821893,8.214387469163444,9.933767852151911,9.932032989779412,0.026672135334304445,0.044870489553198833,Q1,2024
Orchard / Marina Bay,Singapore,105,3,2,174194000.0,1658990.0,Condo,15.412598694987963,8.66695612406146,9.413009308670036,9.881632227623253,0.033095945413050346,0.026804085126867758,Q2,2023
Bukit Timah,Singapore,90,2,3,100468000.0,1116313.0,HDB,12.229657427124678,8.295986538738285,9.401938129644929,9.113284631598068,0.04519634215324458,0.02108770588798841,Q3,2023
Woodlands / Yishun,Singapore,38,1,1,22918000.0,603118.0,Landed,20.26841278394795,7.712534783610371,9.721715817095868,9.82139201094736,0.013611195968717347,0.03943609841054072,Q1,2024
Novena / Toa Payoh,Singapore,90,1,1,117775000.0,1308612.0,Landed,24.00637529416871,7.406428672392593,9.230474079110817,9.987363453373742,0.03739151544362334,0.047309813001422854,Q2,2023
Woodlands / Yishun,Singapore,140,3,2,84184000.0,601313.0,Landed,17.574692236070575,7.65683585732473,9.224004222605712,9.19782240204346,0.022506759855177062,0.025283902867463577,Q3,2023
Bukit Timah,Singapore,38,1,1,68955000.0,1814609.0,Landed,21.722458736643986,8.019953712679952,9.318419107382333,9.007428106963562,0.01376298533920589,0.01113554376912877,Q1,2024
Woodlands / Yishun,Singapore,38,2,3,23581000.0,620553.0,Landed,23.931461043929296,7.246925632543302,9.640825939164083,9.69399681278771,0.0335625618131694,0.013641196436205103,Q1,2024
Woodlands / Yishun,Singapore,140,3,4,60232000.0,430228.0,HDB,11.810347070973183,7.395038350406437,9.094208759538885,9.513237982451262,0.03196500166698427,0.030027781612163816,Q1,2024
Tampines / Bedok,Singapore,105,3,3,80104000.0,762894.0,Condo,17.009062099431432,7.202481850747233,9.158651728327463,9.504434339218667,0.041329440227982746,0.023333830897151256,Q4,2023
Woodlands / Yishun,Singapore,65,2,2,25411000.0,390937.0,HDB,3.0611993775473447,8.344054057185517,9.165414834361842,9.710018552508917,0.04270694097236438,0.020997215323917788,Q2,2023
Woodlands / Yishun,Singapore,90,2,2,51865000.0,576282.0,Landed,21.52193726963543,8.111568508362009,9.258829580192154,9.601561611837642,0.040891092818792954,0.035706786000281314,Q2,2024
Jurong West,Singapore,75,3,4,47647000.0,635290.0,Landed,21.156346840226245,7.568632500663567,9.240471826091365,9.204997073686151,0.025268368573156057,0.0110450518896642,Q1,2024
Woodlands / Yishun,Singapore,55,2,1,34835000.0,633363.0,Landed,20.98424520750359,7.641582489430862,9.48088234335356,9.826463610782515,0.023364252041272824,0.018371970357137047,Q3,2024
Woodlands / Yishun,Singapore,45,1,1,22164000.0,492524.0,Condo,8.466742704320573,8.77162410711087,9.217814794681791,9.364483814326508,0.01651749866426535,0.04127734386624084,Q2,2024
Novena / Toa Payoh,Singapore,38,2,3,39112000.0,1029260.0,Condo,22.314011799684668,7.284081912405756,9.366148916187102,9.102802938254799,0.011280667070844052,0.011047004539352794,Q1,2023
Orchard / Marina Bay,Singapore,90,3,3,124151000.0,1379453.0,HDB,8.657363088854119,8.301319041579752,9.115756589155254,9.726978110650618,0.032153851143834226,0.04080341482245333,Q3,2023
Orchard / Marina Bay,Singapore,45,1,1,83541000.0,1856471.0,Landed,4.469777568978485,8.151368437954426,9.707009583622206,9.162650571984129,0.018701886917769698,0.01719880081632852,Q3,2023
Novena / Toa Payoh,Singapore,105,3,3,130315000.0,1241096.0,Landed,2.963840030654704,7.5172837084954764,9.417278874571458,9.912601579670575,0.03543913956281796,0.04118482211588418,Q3,2024
Novena / Toa Payoh,Singapore,140,4,3,146238000.0,1044557.0,Condo,10.174210896293937,7.488024906219701,9.054424992888592,9.461800015496108,0.010327764587081534,0.03796393473372257,Q2,2023
Jurong West,Singapore,45,1,1,23158000.0,514628.0,Condo,1.269452643867285,7.740764313507035,9.328932279742364,9.239901124500054,0.03630764880290244,0.04666629795917577,Q3,2023
Bukit Timah,Singapore,38,1,2,63563000.0,1672708.0,Landed,6.236928740799271,7.758726482165874,9.14683172248542,9.025192845236162,0.02873229412372351,0.018861566759277748,Q4,2024
Woodlands / Yishun,Singapore,55,1,1,25033000.0,455139.0,Condo,20.301395152788675,8.651773517336542,9.688365412159314,9.276315990700938,0.027496482049581,0.012585103589338825,Q3,2023
Orchard / Marina Bay,Singapore,38,1,1,72346000.0,1903838.0,Landed,10.399627158159419,8.35643216637207,9.955295503027017,9.214358947608458,0.03258315220742676,0.03685208139923,Q1,2024
Orchard / Marina Bay,Singapore,105,3,3,125648000.0,1196649.0,HDB,13.171881284829519,7.455064559585008,9.580181892986692,9.886245076766382,0.020101001665172487,0.037380993500599556,Q2,2023
Novena / Toa Payoh,Singapore,75,2,2,73677000.0,982361.0,Condo,4.272076799095981,7.843355617899034,9.342496135269515,9.757850230672975,0.038704257388236296,0.04167371531779443,Q4,2023
Tampines / Bedok,Singapore,140,3,4,104170000.0,744068.0,Condo,16.158063861247324,8.530385345084248,9.747575695509802,9.349654471879344,0.015280716966008443,0.019420532027069393,Q2,2024
Bukit Timah,Singapore,38,2,2,59284000.0,1560117.0,Landed,4.974139059394703,8.247323185832206,9.042036684483147,9.081963818170081,0.031409315695492324,0.04646840552624628,Q3,2024
Bukit Timah,Singapore,45,1,1,62781000.0,1395134.0,Condo,11.40178273843276,7.891430581543328,9.661044330309526,9.006516674197343,0.027999790098321313,0.04131525525910922,Q3,2024
Jurong West,Singapore,55,1,1,27087000.0,492484.0,HDB,10.912281748893697,7.406736162208766,9.832576963606044,9.280100636064695,0.02063744450298843,0.015100689884558833,Q1,2024
Jurong West,Singapore,45,2,3,21178000.0,470623.0,HDB,6.343807960057615,7.697173656599619,9.995437022782276,9.00445282878735,0.03528935757807128,0.03740791310378794,Q1,2023
Bukit Timah,Singapore,120,3,2,222406000.0,1853383.0,Landed,24.104213852095892,7.650723057034822,9.195749748776093,9.612077535226245,0.04519949749221022,0.02210626963590371,Q4,2023
Tampines / Bedok,Singapore,45,1,2,29227000.0,649484.0,Condo,11.614945268541792,7.181215068204491,9.404442883023725,9.871661955667374,0.04609036206938634,0.0376906770469254,Q1,2024
Jurong West,Singapore,90,1,1,38318000.0,425755.0,HDB,1.8688418048347994,7.184972632628532,9.658162241177545,9.514811978909279,0.03932067232672974,0.017241179670107173,Q3,2024
Tampines / Bedok,Singapore,105,3,3,102700000.0,978097.0,Landed,8.621738274131541,8.13123263606613,9.82821421341449,9.093884365457999,0.012841662464463869,0.04912483477940058,Q3,2024
Bukit Timah,Singapore,120,3,3,153309000.0,1277573.0,Condo,22.029106769374074,8.971958148717542,9.412157183848949,9.391438107833553,0.035943358045353604,0.02819932184028208,Q2,2024
Jurong West,Singapore,90,2,2,61941000.0,688236.0,Landed,22.198427651831892,7.895099270016033,9.804544281706155,9.3652620167484,0.03145520770866516,0.04940471593052811,Q3,2024
Woodlands / Yishun,Singapore,105,4,4,68334000.0,650802.0,Landed,1.829693670580177,7.765212859644144,9.426208322339086,9.555435496384634,0.014973749048461547,0.020982728156264188,Q2,2024
Novena / Toa Payoh,Singapore,75,2,1,77370000.0,1031594.0,Condo,13.661485647447817,8.535855230990547,9.300192705435439,9.326659564170347,0.03209810943801593,0.031007236615299208,Q4,2023
Woodlands / Yishun,Singapore,105,3,3,51521000.0,490676.0,Condo,16.84675862683248,8.839415897428095,9.569322567037231,9.797029819502962,0.019914831678909638,0.03023299809625088,Q1,2023
Bukit Timah,Singapore,45,1,2,52214000.0,1160304.0,HDB,7.93109817329123,7.391298077964408,9.129369943980812,9.641325530954022,0.030513796731628913,0.02804165789856787,Q4,2024
Novena / Toa Payoh,Singapore,45,1,1,46954000.0,1043422.0,Condo,12.22113717476753,8.375252635284992,9.832273883953059,9.628183896118072,0.012825541972161996,0.01053946753408671,Q2,2023
Bukit Timah,Singapore,38,1,2,49721000.0,1308442.0,Condo,7.075869809003563,7.672485389300146,9.134105071768506,9.775091737024713,0.014509007082498991,0.039568902080094136,Q2,2023
Tampines / Bedok,Singapore,90,1,1,57786000.0,642071.0,HDB,19.901541515251765,8.968403658719833,9.761533402706952,9.898014242938464,0.0332606221627512,0.031800037144161804,Q2,2024
Tampines / Bedok,Singapore,38,1,1,23420000.0,616326.0,HDB,5.375785293089073,8.971963826288071,9.225009533191635,9.074022330234635,0.01833263353189017,0.030486679641493056,Q3,2023
Orchard / Marina Bay,Singapore,75,1,1,155810000.0,2077471.0,Landed,13.727581983866159,7.829821251320352,9.12187665188429,9.369785597089077,0.04872070828881274,0.03670747615101332,Q4,2024
Bukit Timah,Singapore,75,2,2,132233000.0,1763109.0,Landed,5.411893559298458,8.569671039152075,9.9576897563009,9.73688508899218,0.029767308133286874,0.020570306919282126,Q3,2024
Tampines / Bedok,Singapore,90,3,2,84678000.0,940862.0,Landed,24.732763687615797,7.081814536771268,9.250892130917633,9.986734798654394,0.046868869865581995,0.04932876357705893,Q1,2023
Bukit Timah,Singapore,140,4,5,176758000.0,1262558.0,Condo,8.865836042932669,7.671944522108982,9.396502199877746,9.261633481898606,0.025604082733710114,0.03935550924550447,Q4,2023
Bukit Timah,Singapore,55,2,1,65149000.0,1184522.0,HDB,11.655427777666967,7.753075743294797,9.554748033446153,9.915352023559874,0.03361312504930204,0.035218556246027696,Q3,2023
Bukit Timah,Singapore,55,2,1,87655000.0,1593723.0,Landed,11.34507836519877,7.9340982003666065,9.78694311756792,9.73303940356731,0.031192537352692125,0.025693765818845346,Q1,2023
Woodlands / Yishun,Singapore,90,2,3,38395000.0,426607.0,HDB,13.418290796164328,8.10164045186533,9.6321797042211,9.744932640874595,0.04449772132376471,0.0406233406026521,Q3,2024
Orchard / Marina Bay,Singapore,120,4,3,187975000.0,1566459.0,Condo,12.54921328504583,7.088868287995654,9.50049069995245,9.836241896220274,0.034825832999616536,0.02232432581382199,Q4,2024
Tampines / Bedok,Singapore,120,3,3,86941000.0,724510.0,Condo,12.398937378674209,8.705414827544535,9.584598824097988,9.924892805090945,0.03119372178938591,0.049294942143747536,Q3,2024
Novena / Toa Payoh,Singapore,55,1,1,46529000.0,845977.0,HDB,6.276969275784496,7.855054090117044,9.606912251554212,9.278234651940954,0.037003621223686375,0.045361471410399576,Q2,2023
Novena / Toa Payoh,Singapore,75,3,3,90738000.0,1209842.0,Landed,2.879921134759665,8.787107953034246,9.72169621072149,9.847586476377293,0.011362831438484324,0.03607851570796926,Q2,2024
Novena / Toa Payoh,Singapore,105,3,2,108008000.0,1028645.0,Condo,14.198825949477378,8.558518795380454,9.261563550210132,9.526167731810185,0.03892670947173038,0.017390320906278806,Q3,2023
Tampines / Bedok,Singapore,38,1,1,21066000.0,554356.0,HDB,11.387320628559644,7.7790554285017395,9.204490095619635,9.86885052638124,0.030924307996294156,0.01675057884716235,Q2,2023
Woodlands / Yishun,Singapore,120,4,3,65058000.0,542146.0,Landed,6.231075216863488,7.573274700040232,9.525262792819243,9.647000862627618,0.04097376590739144,0.04888200481061599,Q2,2024
Bukit Timah,Singapore,120,2,3,145945000.0,1216208.0,HDB,5.4332199490942505,7.944402847970349,9.031043512423341,9.116922678446095,0.022556100819746787,0.04040140696289388,Q2,2023
Bukit Timah,Singapore,75,2,1,103242000.0,1376560.0,Condo,22.400881037076886,8.400909847492033,9.49387764671638,9.551679871667657,0.01587953210576589,0.01603666248690086,Q2,2024
Jurong West,Singapore,65,1,2,28225000.0,434230.0,HDB,5.192920173405714,8.590492826472405,9.397190129261434,9.143646830853815,0.016007709477925007,0.027857339225604717,Q4,2023
Tampines / Bedok,Singapore,45,1,2,31045000.0,689899.0,Condo,15.709956723365902,7.173246320487953,9.506569677016667,9.570810454386887,0.04389572633997905,0.04048137958852948,Q1,2024
Novena / Toa Payoh,Singapore,45,2,2,37239000.0,827533.0,HDB,3.418401723824342,8.37305178787318,9.776763161798772,9.014921409509991,0.04456412619625013,0.026855832533751782,Q4,2024
Orchard / Marina Bay,Singapore,120,3,3,196746000.0,1639552.0,Condo,12.732433572566498,7.454539351718861,9.755838324093132,9.955185050122953,0.04404475873043976,0.010107354497590083,Q3,2024
Bukit Timah,Singapore,105,4,3,141982000.0,1352207.0,Condo,11.231031458023095,7.649470677927791,9.376231386623354,9.89293382662998,0.011581687209212066,0.024222537864738734,Q2,2024
Orchard / Marina Bay,Singapore,75,3,3,102722000.0,1369625.0,HDB,6.108959605517229,7.763660587092055,9.11123725189518,9.016636582774709,0.049214151787782705,0.019348363986053916,Q4,2024
Jurong West,Singapore,140,3,2,98513000.0,703664.0,Landed,2.8049344944730583,7.881828416109717,9.746324347563197,9.12711923925945,0.045921092572782055,0.016796284067096975,Q4,2023
Woodlands / Yishun,Singapore,120,2,2,49041000.0,408673.0,HDB,15.81191622773699,7.744454692797213,9.567843675780916,9.706010097994906,0.02651732600607782,0.01930174383010474,Q3,2024
Jurong West,Singapore,120,4,3,70043000.0,583690.0,Condo,20.908545964695385,7.901626184501265,9.592822214341231,9.426163356576964,0.0190476769993572,0.016445874867616724,Q4,2024
Orchard / Marina Bay,Singapore,120,3,4,241005000.0,2008374.0,Landed,14.680023635636479,7.311157160851128,9.27207897164643,9.43152507636357,0.02213368936616999,0.019453334639740916,Q2,2024
Woodlands / Yishun,Singapore,65,2,3,26508000.0,407822.0,HDB,17.28707848921529,8.74963511349474,9.637013369677394,9.632869919722426,0.027953598349931927,0.04440641011949309,Q1,2024
Novena / Toa Payoh,Singapore,75,1,1,88216000.0,1176218.0,Landed,24.450171626973493,7.3348398868297275,9.039807771059047,9.539562476647031,0.03932605089470719,0.010256826923144483,Q2,2024
Jurong West,Singapore,90,3,2,38898000.0,432199.0,HDB,14.839680123818564,7.268592223603823,9.76090200517423,9.831499812675755,0.03819088718245141,0.020946620395573705,Q1,2024
Bukit Timah,Singapore,55,1,1,86419000.0,1571256.0,Landed,8.068335847173334,7.952234018864311,9.792467033230078,9.735676262085725,0.01677049944568573,0.033321164483023046,Q2,2024
Jurong West,Singapore,55,1,1,32276000.0,586827.0,Condo,2.9903648949514725,8.412880759833993,9.508612051402965,9.77194718048499,0.01908547119293266,0.048359756293048894,Q3,2023
Bukit Timah,Singapore,38,1,1,60471000.0,1591351.0,Landed,2.338688885924669,7.477356164739722,9.978700927131628,9.192666733930581,0.019836402565222906,0.034206231671484066,Q2,2024
Woodlands / Yishun,Singapore,65,1,2,31737000.0,488263.0,Condo,14.900542361579557,8.594584625739373,9.171406528852295,9.48958533118351,0.044524068324585296,0.020700796735399554,Q1,2023
Jurong West,Singapore,90,3,3,62768000.0,697422.0,Landed,4.350339551595493,8.072086816242049,9.871181745506414,9.252304399157113,0.032364767499177834,0.027167327296005184,Q1,2023
Orchard / Marina Bay,Singapore,75,2,1,105574000.0,1407659.0,Condo,5.033359002698126,8.996142100618366,9.995410628496385,9.013629579669912,0.027655651097039338,0.03983639970691096,Q4,2023
Bukit Timah,Singapore,55,2,3,74034000.0,1346073.0,Condo,20.95559182889213,8.35874237049577,9.696824275105824,9.076453232294687,0.015024673143775206,0.03508980104236724,Q2,2024
Bukit Timah,Singapore,75,3,2,84681000.0,1129078.0,HDB,2.010568844131237,7.807884777891407,9.658682571476357,9.485061966995893,0.04530387137670349,0.03962250073524673,Q2,2024
Bukit Timah,Singapore,45,1,1,57475000.0,1277224.0,Condo,4.848414139849728,7.770762047156038,9.886820989521796,9.293711189064142,0.04637267732592455,0.03992302078418567,Q1,2023
Bukit Timah,Singapore,45,1,2,64097000.0,1424382.0,Condo,18.052653688947853,7.459489145095576,9.375374971713226,9.734158744463178,0.018746574490891184,0.03200447816108559,Q1,2024
Novena / Toa Payoh,Singapore,65,1,1,63105000.0,970853.0,Condo,13.045928760856272,8.188693948188387,9.537279476493207,9.938554629620244,0.01256148565536885,0.045791649067231883,Q3,2024
Orchard / Marina Bay,Singapore,65,2,2,138811000.0,2135547.0,Landed,21.32501102854613,7.856051812854314,9.2034622643408,9.214424970248936,0.02039262708129506,0.035681485543005084,Q3,2023
Bukit Timah,Singapore,65,2,1,110814000.0,1704825.0,Landed,17.029778315772123,7.642516787943139,9.464410766229765,9.489023830254132,0.02102391567892513,0.04190080086124776,Q4,2024
Novena / Toa Payoh,Singapore,90,1,2,110861000.0,1231791.0,Landed,1.8330391433849043,7.213110795228666,9.250307657072106,9.088338328527932,0.04374310234988581,0.03383308256853838,Q3,2023
Jurong West,Singapore,38,1,1,24524000.0,645365.0,Landed,2.451368283973415,8.210198595445702,9.221581942736586,9.933128401605975,0.043840212023559526,0.01118591733360891,Q3,2024
Bukit Timah,Singapore,38,2,2,54945000.0,1445908.0,Condo,14.775916417427418,8.1673555340543,9.753950943579406,9.481622177439325,0.022673963026746173,0.010531921245319303,Q1,2023
Bukit Timah,Singapore,45,1,1,51946000.0,1154354.0,HDB,8.926428237370171,7.304462039307821,9.496397311301777,9.571412657968624,0.03587591126269187,0.013975518998462451,Q4,2024
Tampines / Bedok,Singapore,65,2,1,63624000.0,978824.0,Landed,24.651422436467115,7.334092353350648,9.68124028758051,9.174897425603577,0.04700242954974259,0.020279580157554926,Q4,2023
Tampines / Bedok,Singapore,120,4,5,103513000.0,862608.0,Landed,5.832583387184284,7.012891836613017,9.37254729162859,9.857321814384282,0.027067028310847563,0.027496101121060858,Q2,2023
Bukit Timah,Singapore,120,4,4,168674000.0,1405619.0,Condo,22.757263354330956,7.5407250892360675,9.42264628982548,9.82927274348119,0.017578773742811034,0.04025424564894169,Q3,2024
Woodlands / Yishun,Singapore,105,2,1,40045000.0,381383.0,HDB,9.3164005634912,8.523294620729486,9.269548577835305,9.374671463655343,0.02237433361772613,0.02308630905192855,Q2,2024
Tampines / Bedok,Singapore,105,4,5,93639000.0,891800.0,Landed,2.8771115660467848,7.8215224428218555,9.893526387892486,9.863309952081499,0.023540583549509435,0.011331839475006707,Q3,2023
Bukit Timah,Singapore,65,1,1,104592000.0,1609106.0,Landed,5.891910991208534,7.469014605551823,9.61517290136517,9.761896422949023,0.03108571525402603,0.04161179813880896,Q2,2024
Orchard / Marina Bay,Singapore,140,4,5,180244000.0,1287459.0,HDB,4.1203059823862125,8.19842440922439,9.26722024539935,9.250646263287809,0.027058971754671715,0.04401090741196388,Q4,2024
Jurong West,Singapore,120,4,4,76325000.0,636041.0,Landed,3.788647121678032,7.915292851733792,9.365039739943462,9.49823625161273,0.04923203766856189,0.04076223141561273,Q3,2024
Orchard / Marina Bay,Singapore,55,1,1,85397000.0,1552681.0,Condo,14.03531892998786,8.2441443970508,9.119884173010249,9.157051655150246,0.020500580282103338,0.02053977061006211,Q3,2023
Jurong West,Singapore,120,4,4,54766000.0,456383.0,HDB,3.7856573145430152,7.472019125139939,9.66953253813959,9.925210117167454,0.035419191679704205,0.04619222753548196,Q2,2024
Novena / Toa Payoh,Singapore,65,2,1,81722000.0,1257258.0,Landed,15.50973470045566,7.817476019759672,9.827252506989941,9.239908619557367,0.0287656463087839,0.040112617322891855,Q4,2023
Tampines / Bedok,Singapore,120,3,3,79054000.0,658783.0,Condo,11.162554557461805,7.387052091215336,9.244993621891668,9.134515449196265,0.02325142294525982,0.031187695818349202,Q4,2023
Orchard / Marina Bay,Singapore,120,2,1,184440000.0,1537003.0,Condo,5.752048984287177,7.826657786996304,9.203519257257643,9.051260613488381,0.01690578058661593,0.014887368309754484,Q3,2023
Orchard / Marina Bay,Singapore,140,3,2,199895000.0,1427821.0,HDB,12.663392802583957,7.166044081038921,9.613653448535908,9.26834595902618,0.025039412862920066,0.017710156562080855,Q4,2024
Woodlands / Yishun,Singapore,140,4,5,65478000.0,467697.0,Condo,23.236001595506803,8.100282891331918,9.793239909956815,9.647857376228037,0.024525172683178227,0.039125519628662224,Q4,2023
Tampines / Bedok,Singapore,45,1,2,31950000.0,710009.0,Condo,2.030340571212979,8.778908804451508,9.046025873370162,9.531319768883433,0.04756793406054406,0.017833983767324264,Q1,2024
Orchard / Marina Bay,Singapore,105,4,4,175056000.0,1667197.0,Condo,11.206210467464864,7.0578072054325895,9.098576403289746,9.116159394835975,0.02762320856226977,0.04873757885154332,Q4,2023
Tampines / Bedok,Singapore,90,3,3,84103000.0,934474.0,Landed,2.068467950479344,7.1149694969942034,9.78061288709646,9.597187573886949,0.033072017600815434,0.0356954077158216,Q2,2024
Woodlands / Yishun,Singapore,65,2,1,38324000.0,589602.0,Landed,20.228519371700834,8.430048070469415,9.06607130085449,9.44497029399896,0.04944652009674852,0.046519101775020985,Q4,2024
Woodlands / Yishun,Singapore,140,3,3,79128000.0,565200.0,Landed,7.185375366387983,7.441552668315932,9.36723530629753,9.041058736791348,0.035930801402024266,0.023734054724306633,Q3,2023
Novena / Toa Payoh,Singapore,75,2,2,62922000.0,838954.0,HDB,2.0326424325597827,7.087489162037279,9.009590926819293,9.872974579472972,0.031112803102081095,0.038638176041806784,Q2,2023
Woodlands / Yishun,Singapore,55,1,2,22199000.0,403620.0,HDB,21.57414136631644,8.764242329832763,9.187428864456892,9.860815549093811,0.04185503646533488,0.02198895692096734,Q2,2024
Orchard / Marina Bay,Singapore,120,3,4,170019000.0,1416829.0,HDB,21.737657545839205,8.825687387225466,9.204496443038918,9.988409622550385,0.04525340498688346,0.046376737149080735,Q1,2023
Bukit Timah,Singapore,90,3,2,107047000.0,1189416.0,HDB,22.91022988941698,8.622578729450352,9.646806082629913,9.099024955738404,0.041595034527516006,0.028072829327970852,Q2,2024
Jurong West,Singapore,105,2,1,45774000.0,435947.0,HDB,11.348595672324837,8.783023463314349,9.16194013833953,9.42609294220531,0.03481264252038087,0.04323649949127747,Q4,2023
Orchard / Marina Bay,Singapore,75,2,3,146207000.0,1949421.0,Landed,18.790501105171224,8.817518292067453,9.136342676166496,9.682513825702381,0.034174878853676226,0.01256452382995096,Q3,2024
Novena / Toa Payoh,Singapore,55,1,2,72289000.0,1314340.0,Landed,1.3437227495738355,8.27377838511816,9.059039694521363,9.77649815829812,0.02803883367088223,0.04784873490487448,Q2,2023
Tampines / Bedok,Singapore,65,2,1,43673000.0,671893.0,Condo,18.31034771264765,8.358365262048736,9.016027881314061,9.673921822936675,0.01174612034092919,0.029316049729724354,Q2,2024
Orchard / Marina Bay,Singapore,75,2,1,125582000.0,1674428.0,Condo,7.424067970875953,8.938158590401214,9.30668930986663,9.745607771699634,0.018983144973117417,0.02317774000803067,Q1,2024
Orchard / Marina Bay,Singapore,38,2,3,52791000.0,1389233.0,HDB,19.380573203380294,7.480924636720979,9.20026316302371,9.980329857932167,0.0430374786054438,0.04605885906111672,Q3,2023
Bukit Timah,Singapore,90,1,2,154961000.0,1721783.0,Landed,21.59854798180216,7.0770154185976,9.01507303620018,9.89320138248321,0.021635050363569712,0.029827465156086766,Q3,2024
Tampines / Bedok,Singapore,90,2,2,76211000.0,846784.0,Landed,1.236003271641838,7.99714714355718,9.768023562869706,9.989686073710745,0.0223778377125025,0.016280152327290368,Q2,2024
Bukit Timah,Singapore,55,1,2,71585000.0,1301547.0,Condo,16.351509855738964,7.898546127915622,9.805215034420804,9.238897884670905,0.03885116525764439,0.03313319243087587,Q4,2023
Jurong West,Singapore,105,3,4,44358000.0,422455.0,HDB,1.9268564670114046,7.346518474074285,9.183502629283623,9.08467502626752,0.015672587892803645,0.019711498149733726,Q3,2024
Woodlands / Yishun,Singapore,120,3,3,49651000.0,413761.0,HDB,22.117211165851412,8.090140879959556,9.112911442578971,9.435017550892766,0.04309452755214127,0.0247194726291909,Q1,2024
Novena / Toa Payoh,Singapore,55,1,2,61444000.0,1117165.0,Condo,9.60961539409572,7.13130704426645,9.903664958864853,9.077156830860952,0.04351454706974164,0.03984056666857579,Q2,2023
Tampines / Bedok,Singapore,140,5,6,98493000.0,703523.0,Condo,15.52852909302774,7.42281444683068,9.63435891394584,9.785560081347025,0.044445792010646405,0.04310032400290195,Q1,2024
Novena / Toa Payoh,Singapore,45,1,1,38265000.0,850343.0,HDB,6.60260149220805,7.959745594213064,9.52785658570357,9.250856241245781,0.026842861668066688,0.039918637377363037,Q3,2023
Orchard / Marina Bay,Singapore,120,4,3,176515000.0,1470962.0,Condo,19.71640354521261,8.26422446617337,9.048760526844783,9.098176383902194,0.04537848244088679,0.045570360162325046,Q4,2024
Woodlands / Yishun,Singapore,45,2,3,19181000.0,426249.0,HDB,8.443663994908238,7.556485972328824,9.514604007851938,9.34193336215563,0.018506251998261572,0.03536319040537709,Q2,2024
Woodlands / Yishun,Singapore,105,3,2,41506000.0,395292.0,HDB,24.988156110627084,7.707678381562572,9.527012381809802,9.550447427166786,0.03926708069471715,0.043841783212613734,Q3,2023
Bukit Timah,Singapore,105,3,3,146003000.0,1390507.0,Condo,23.008851714254398,7.994594443690712,9.571061682953262,9.230583035643642,0.04984766838246249,0.023291947594429842,Q1,2024
Orchard / Marina Bay,Singapore,75,1,1,109975000.0,1466330.0,Condo,8.12539258534167,8.205800284140377,9.866746302649926,9.219808361929571,0.01528329919194937,0.016555265664616115,Q2,2024
Novena / Toa Payoh,Singapore,105,4,4,133278000.0,1269318.0,Landed,9.56462995892755,7.082640208626698,9.383062992334587,9.791465717220529,0.023123269628382546,0.027926700472336717,Q2,2023
Tampines / Bedok,Singapore,120,3,2,77949000.0,649575.0,HDB,19.18260111069901,8.626659083856467,9.68712140342206,9.189392413546011,0.0294381787842908,0.01951194917229568,Q3,2024
Woodlands / Yishun,Singapore,45,1,2,25786000.0,573023.0,Landed,6.360978067442507,8.370179086443965,9.8118778011613,9.508195608633581,0.028420414339558102,0.027886479249684105,Q3,2024
Bukit Timah,Singapore,45,2,2,49027000.0,1089491.0,HDB,16.8536209121924,8.520913625306445,9.191585365828754,9.744800337847039,0.03141753302998746,0.026938436376758308,Q2,2024
Novena / Toa Payoh,Singapore,140,3,3,124908000.0,892201.0,HDB,9.380492660368398,7.3677157972760705,9.763419686402873,9.052272607868172,0.045085902729192946,0.01506123605531421,Q1,2023
Tampines / Bedok,Singapore,120,3,2,83355000.0,694627.0,Condo,15.706079125639787,8.331517668624967,9.242861410135404,9.37783130782916,0.014229035702020427,0.029936434054710803,Q4,2023
Jurong West,Singapore,120,3,2,75593000.0,629939.0,Landed,7.92738732229674,8.134689170682293,9.128995673110673,9.178760338662219,0.012007213339848643,0.02478468860537926,Q3,2023
Orchard / Marina Bay,Singapore,55,1,1,90777000.0,1650495.0,Condo,14.466832593876218,7.21161291635215,9.059546998613559,9.671753594120453,0.041862806659811014,0.024067738513948434,Q3,2023
Jurong West,Singapore,90,3,3,37852000.0,420575.0,HDB,16.02042192088967,7.358619762546536,9.13374514150087,9.824482199595638,0.02303342585477771,0.03580051864909938,Q3,2023
Orchard / Marina Bay,Singapore,38,1,1,67220000.0,1768937.0,Landed,21.807719144671907,7.604804269339971,9.931996668268718,9.579061744555007,0.034567118512599054,0.03410238216746735,Q1,2023
Orchard / Marina Bay,Singapore,140,5,5,294643000.0,2104593.0,Landed,14.079701980215745,7.63530972941394,9.66573610962569,9.741070420684052,0.027331342452903223,0.02790528763901056,Q2,2024
Jurong West,Singapore,90,2,3,56453000.0,627251.0,Landed,4.686602238356418,7.076685073530085,9.859383585068134,9.129156747211736,0.01625518115678221,0.039760892484170765,Q4,2023
Jurong West,Singapore,55,2,3,38878000.0,706879.0,Landed,1.5729307943822723,8.803235596589259,9.251729141474375,9.235528796737109,0.03576705773702536,0.04690540228139859,Q2,2024
Tampines / Bedok,Singapore,120,2,3,67792000.0,564931.0,HDB,8.355020978571178,8.653301670620262,9.079630274451299,9.888629039032782,0.02697734381239196,0.024337289569752382,Q4,2023
Tampines / Bedok,Singapore,105,4,5,68510000.0,652476.0,Condo,1.9695314976545237,7.852036293447837,9.982078123798603,9.953477856648743,0.014422400279479355,0.024971776180417467,Q1,2023
Bukit Timah,Singapore,75,3,4,80677000.0,1075698.0,HDB,21.3228573551225,8.69823504257744,9.511074546122234,9.211725097325134,0.03555443907474004,0.0468839423714651,Q1,2023
Novena / Toa Payoh,Singapore,105,4,3,93489000.0,890372.0,HDB,11.48718443011291,8.7400014891655,9.40164450206939,9.91200802928193,0.03550600810090715,0.017089473668342615,Q4,2023
Woodlands / Yishun,Singapore,120,4,4,60987000.0,508227.0,Condo,13.652129103318737,8.684258352631796,9.441105723006634,9.838290192244196,0.015897670884536388,0.04968122325284223,Q2,2024
Tampines / Bedok,Singapore,38,2,3,35155000.0,925131.0,Landed,22.86067731256243,7.208712276962339,9.35192401312903,9.697133065335937,0.0496397851068292,0.04966680288478527,Q4,2024
Jurong West,Singapore,45,1,2,30722000.0,682707.0,Landed,11.191548999839306,7.714797216317935,9.88716314772169,9.293355251001769,0.029496797021412065,0.027410183945149394,Q3,2024
Tampines / Bedok,Singapore,140,4,3,127698000.0,912127.0,Landed,6.220611608396105,7.561739669380817,9.40762154303092,9.847205383078105,0.03368447492035865,0.012648205626977922,Q2,2024
Tampines / Bedok,Singapore,140,3,2,79835000.0,570248.0,HDB,2.7145703661323486,8.891585639317414,9.462343370399664,9.220913417226816,0.04043140858791093,0.039144687064075555,Q1,2023
Bukit Timah,Singapore,55,1,1,89758000.0,1631960.0,Landed,11.941290710829,7.72316551815322,9.412945105585196,9.76916700832721,0.023835200830196,0.022730433396877386,Q4,2023
Orchard / Marina Bay,Singapore,90,2,1,169935000.0,1888169.0,Landed,13.427045171410736,8.46129855751473,9.45588833874024,9.533706858103239,0.029695967072836907,0.036617824907731876,Q4,2023
Jurong West,Singapore,90,3,4,61729000.0,685883.0,Landed,18.226595114773232,8.50178498949965,9.244180615854336,9.915702015887874,0.04464518688060128,0.023404006346570062,Q3,2023
Novena / Toa Payoh,Singapore,105,4,5,113834000.0,1084135.0,Condo,20.769755616603913,8.53152297303161,9.723112913736102,9.609377119533127,0.02117721635362025,0.02448283449027704,Q3,2023
Orchard / Marina Bay,Singapore,105,3,2,141862000.0,1351066.0,HDB,15.447667927281762,7.72915683034387,9.626586917063706,9.568518160187226,0.01072391929734091,0.035700031612857744,Q1,2024
Woodlands / Yishun,Singapore,140,4,4,75669000.0,540491.0,Landed,23.09259969872177,7.601978090147728,9.029741615221504,9.822477546433756,0.04409180949733691,0.019543150133298527,Q3,2023
Woodlands / Yishun,Singapore,90,1,1,33716000.0,374618.0,HDB,7.425476583497192,7.662275050372885,9.529371752032944,9.37347315298324,0.021135926312512533,0.013467043273754245,Q2,2024
Orchard / Marina Bay,Singapore,90,3,2,141805000.0,1575612.0,Condo,7.511191664747498,7.354537016785456,9.421990539157543,9.35324844639072,0.015225690927705276,0.03502143572352802,Q3,2024
Woodlands / Yishun,Singapore,38,2,1,17153000.0,451395.0,Condo,13.654614548498131,7.182852212582112,9.165380743162917,9.591026847589962,0.03583229578115623,0.042919584384235834,Q2,2023
Woodlands / Yishun,Singapore,55,1,2,33573000.0,610425.0,Landed,20.19155383512625,8.970287160262941,9.324224562474296,9.922209433219956,0.04819523347582847,0.04841156205691124,Q1,2023
Jurong West,Singapore,55,1,2,29846000.0,542649.0,Condo,15.882180719623989,8.942567125924967,9.998227197491643,9.771562844675808,0.03913978276530788,0.039070697752422785,Q3,2024
Orchard / Marina Bay,Singapore,140,5,6,209131000.0,1493796.0,Condo,17.498880031429344,7.121249947276696,9.968490580684094,9.355122735090728,0.026906658403909794,0.01150160349784112,Q1,2023
Tampines / Bedok,Singapore,55,1,1,38313000.0,696605.0,Condo,20.602665557368994,7.42049355218399,9.091291095996265,9.258262995006799,0.03521461070641476,0.018649573809643057,Q4,2024
Orchard / Marina Bay,Singapore,45,1,1,80317000.0,1784831.0,Landed,3.2894069237699384,8.36196564117893,9.73815758081967,9.778097739343803,0.01778273628556014,0.017285919881120954,Q1,2024
Bukit Timah,Singapore,38,1,1,57597000.0,1515713.0,Condo,7.999615132571683,7.6853704929310505,9.735720811156948,9.744542465285503,0.03248473168287741,0.017110354951478012,Q1,2024
Bukit Timah,Singapore,75,3,3,117372000.0,1564956.0,Landed,2.7732413842331436,7.949064846897935,9.391139519329178,9.133409092203562,0.04659773489206724,0.04076685494135167,Q4,2023
Orchard / Marina Bay,Singapore,55,2,3,68343000.0,1242603.0,HDB,24.549871784136787,7.146102784030507,9.164745928274302,9.5404235630869,0.014973197903160075,0.025196865702535383,Q2,2024
Orchard / Marina Bay,Singapore,65,1,1,105140000.0,1617543.0,Condo,16.69568115058643,7.422146373844821,9.563088102946942,9.30296717280356,0.041488980237169404,0.01961133210553935,Q2,2024
Orchard / Marina Bay,Singapore,65,1,1,91225000.0,1403469.0,HDB,18.411306403677653,7.587443013504409,9.299001996853072,9.001493478661118,0.04812419898925384,0.01133242990948986,Q4,2024
Jurong West,Singapore,105,2,1,47006000.0,447677.0,HDB,15.471336208320352,7.016647568455527,9.389023101793704,9.174096650948918,0.02430368689994936,0.023467891260486422,Q1,2024
Jurong West,Singapore,140,3,3,68739000.0,490996.0,HDB,14.287586002796026,8.520198153690826,9.516332240551865,9.099803576829343,0.015433979066098665,0.02091194457234437,Q4,2023
Bukit Timah,Singapore,38,1,1,43669000.0,1149177.0,HDB,18.019865578039305,8.926322477739122,9.365397995198139,9.781399850607258,0.03913721874232718,0.02991752927077214,Q4,2024
Woodlands / Yishun,Singapore,140,5,4,64431000.0,460220.0,Condo,4.50008265831773,8.417147068311202,9.746362271177421,9.447279837745409,0.03998899492251734,0.017932313792415222,Q1,2023
Orchard / Marina Bay,Singapore,65,1,1,99157000.0,1525498.0,Condo,17.3795828415253,8.080816220474404,9.361517251321265,9.148547797353132,0.016413416969644108,0.03986508328706553,Q4,2024
Woodlands / Yishun,Singapore,65,1,1,42743000.0,657583.0,Landed,24.102946831658457,7.083769697381503,9.264076805294373,9.548635415553148,0.025449565377013796,0.024604654460757346,Q4,2024
Jurong West,Singapore,75,2,3,39574000.0,527657.0,Condo,15.223145872216776,8.267205492148548,9.566784208741275,9.279982214679515,0.01411617704705246,0.04238917392886992,Q2,2023
Orchard / Marina Bay,Singapore,65,2,3,132367000.0,2036418.0,Landed,16.364975533208224,8.204960356790156,9.886168524778448,9.63075967832968,0.049498754364945885,0.047326577270371734,Q2,2024
Jurong West,Singapore,140,3,2,93064000.0,664743.0,Landed,5.2690876287436454,8.604293445395163,9.744442539492107,9.130000742668704,0.0456068615151787,0.04058589232661337,Q2,2023
Jurong West,Singapore,75,2,1,37603000.0,501367.0,Condo,18.52119283260943,8.773807411831587,9.698281151991102,9.611413232519077,0.04817253208971832,0.011902485329688779,Q4,2024
Tampines / Bedok,Singapore,38,2,1,27114000.0,713521.0,Condo,7.278864169204234,7.950956921195202,9.615319413702471,9.231626551239891,0.018725220086570994,0.04061934870055771,Q4,2024
Bukit Timah,Singapore,75,2,1,97252000.0,1296690.0,Condo,9.117731860533635,7.376808192222314,9.032134152412109,9.300301765854996,0.03792891170329114,0.04927724797279248,Q2,2024
Novena / Toa Payoh,Singapore,75,2,1,80719000.0,1076254.0,Condo,14.968308776679471,8.152542278125447,9.652100763073255,9.173438137858838,0.024066054411996815,0.03671436720724878,Q4,2024
Jurong West,Singapore,90,3,2,37009000.0,411216.0,HDB,7.930981072201996,8.83128678953233,9.176409546848303,9.636907493446113,0.022928038470805337,0.0385587740910293,Q1,2024
Orchard / Marina Bay,Singapore,140,3,2,266157000.0,1901123.0,Landed,14.568478025119076,8.228232581229213,9.75296316728324,9.538898601726236,0.04672372472140771,0.024706680673359592,Q3,2024
Bukit Timah,Singapore,55,2,3,74386000.0,1352477.0,Condo,4.197715054896964,7.483928041763436,9.797663885841084,9.302529109394014,0.024246775593170546,0.047313610928686495,Q4,2024
Tampines / Bedok,Singapore,140,4,5,96887000.0,692050.0,Condo,17.021635794935843,8.252266510827521,9.488177000711735,9.937576119579619,0.021220949993993633,0.023358474505510127,Q2,2023
Orchard / Marina Bay,Singapore,38,1,1,61308000.0,1613365.0,Condo,21.879562295531013,8.771227541526624,9.998005313915247,9.710016389562448,0.016494743624061333,0.04238282397705971,Q3,2024
Woodlands / Yishun,Singapore,45,1,1,17621000.0,391572.0,HDB,5.729657760275191,8.192318714374037,9.594690974390563,9.489962504906723,0.03131431812652043,0.014561390492223748,Q2,2024
Woodlands / Yishun,Singapore,45,1,2,29681000.0,659586.0,Landed,9.948232955522206,8.785071728018963,9.494539693569681,9.188549981076514,0.041893052509762115,0.020922782569039317,Q1,2023
Woodlands / Yishun,Singapore,75,3,2,48610000.0,648133.0,Landed,13.566859304109272,8.478117989840147,9.544701947564887,9.673555666059077,0.027449232160192148,0.017977113285283702,Q3,2023
Orchard / Marina Bay,Singapore,38,2,2,71934000.0,1892998.0,Landed,3.281541244687496,7.18580132737234,9.921623145533387,9.111637754999208,0.016662524856594446,0.04318756010243142,Q4,2023
Jurong West,Singapore,90,1,1,65049000.0,722772.0,Landed,12.896454089529579,7.532696889692471,9.523633883426571,9.241274432640393,0.02974160076718743,0.04733079727509558,Q3,2024
Woodlands / Yishun,Singapore,105,4,3,67274000.0,640708.0,Landed,13.436889672642046,8.894338937813586,9.319605694576733,9.859233952185665,0.015584101211470799,0.015880726938357258,Q1,2024
Tampines / Bedok,Singapore,55,1,1,52258000.0,950144.0,Landed,15.538604745054114,7.22558464977069,9.222924025798495,9.3785418047836,0.04530735143366898,0.02722054721066955,Q3,2024
Jurong West,Singapore,75,2,2,41490000.0,553198.0,Condo,3.5392511521912215,7.820068501109208,9.919469383201003,9.177669992319863,0.03145243421143331,0.037332004089199566,Q4,2023
Jurong West,Singapore,120,2,3,75595000.0,629960.0,Landed,15.92053677809908,8.947065705731815,9.88897972145889,9.208286060375126,0.03174589809504355,0.04204838679836894,Q1,2024
Bukit Timah,Singapore,38,1,1,66197000.0,1742023.0,Landed,15.776843772398944,7.86305776995987,9.463823139772447,9.583914401660614,0.04763097440392735,0.03592195944010811,Q3,2024
Jurong West,Singapore,55,2,2,35359000.0,642894.0,Landed,12.065192194495095,7.894734170724349,9.048978331232846,9.879461243350544,0.027848857608751346,0.046737972264691556,Q1,2024
Bukit Timah,Singapore,65,1,1,91435000.0,1406697.0,Condo,23.500425569919837,7.2763840898251555,9.077484345270596,9.744595294795321,0.049516733127331576,0.04070475907769778,Q4,2024
Tampines / Bedok,Singapore,120,4,5,89308000.0,744237.0,Condo,18.121171465553047,8.211017724236081,9.559281060058698,9.058930443810537,0.01635694659258776,0.03336548672056637,Q3,2024
Woodlands / Yishun,Singapore,75,1,2,31396000.0,418612.0,HDB,9.510231630331244,8.303795553154313,9.79844880116864,9.898014569284356,0.028511451655407853,0.019445474813512255,Q2,2023
Tampines / Bedok,Singapore,65,1,1,41160000.0,633238.0,HDB,8.670821407489012,7.327779204366147,9.93197804188175,9.591569956292727,0.016533640793701225,0.0357534620531121,Q1,2024
Bukit Timah,Singapore,90,2,3,144365000.0,1604052.0,Landed,7.545637644269103,8.321315126104587,9.631991622510114,9.133345885660262,0.013450580866992416,0.049981018282876724,Q2,2024
Jurong West,Singapore,140,3,3,62699000.0,447851.0,HDB,2.033251106575655,8.505687779450934,9.020860296274277,9.279355855762446,0.041115048027844464,0.027052137389767944,Q4,2023
Jurong West,Singapore,140,3,4,63898000.0,456417.0,HDB,15.480295050884092,7.621604958403832,9.520145995343947,9.322379720430202,0.018986273807335682,0.03070628771268681,Q2,2024
Woodlands / Yishun,Singapore,90,3,3,57809000.0,642320.0,Landed,19.836890664828154,7.137508831566014,9.50997347639685,9.795486136865264,0.011044636402570744,0.03041964795016041,Q1,2024
Novena / Toa Payoh,Singapore,140,4,4,171312000.0,1223659.0,Landed,4.317230777209136,7.156729641716609,9.575112203206318,9.541313034645306,0.011044670388382758,0.03734394793620958,Q2,2024
Tampines / Bedok,Singapore,55,1,2,50280000.0,914183.0,Landed,3.086072616965371,8.461175694299225,9.383248109435243,9.771451303774676,0.013885713880093537,0.03159894894523583,Q4,2024
Bukit Timah,Singapore,65,1,2,73037000.0,1123642.0,HDB,22.31158317821982,7.471755602938584,9.689944058887368,9.67654313192773,0.017246950869304632,0.010928109858060054,Q3,2024
Woodlands / Yishun,Singapore,120,3,2,65364000.0,544701.0,Landed,15.634671623149053,7.316558470171226,9.24014516681296,9.713610535993707,0.04566253876497894,0.022967861557675863,Q1,2024
Tampines / Bedok,Singapore,65,2,2,42227000.0,649646.0,HDB,17.936085635837724,8.193340317792137,9.225711839712423,9.995780610450554,0.02184448780397697,0.027792949979282423,Q3,2023
Woodlands / Yishun,Singapore,105,3,2,51499000.0,490465.0,Condo,4.702295391924686,7.455935323295904,9.49295419909932,9.151298489195222,0.022526862440861484,0.03895526870159872,Q1,2023
Woodlands / Yishun,Singapore,75,1,1,45591000.0,607886.0,Landed,22.44876724403893,7.213151602097631,9.581787636937124,9.601785811760447,0.049473686840067595,0.03694539047435648,Q1,2024
Jurong West,Singapore,75,3,4,33743000.0,449911.0,HDB,12.095358623792048,7.944308262938157,9.641388610521622,9.944246805967882,0.03705931135154068,0.02500652918009091,Q3,2023
Tampines / Bedok,Singapore,45,2,3,37737000.0,838590.0,Landed,15.456322781997194,8.813367629765285,9.964838099397227,9.906626824861311,0.021991205331992336,0.018699706913371188,Q1,2023
Tampines / Bedok,Singapore,120,3,3,88597000.0,738306.0,Condo,18.65926693894005,8.215082775513476,9.042918350428314,9.338165916492107,0.01968913660427087,0.044928591636611004,Q4,2023
Orchard / Marina Bay,Singapore,120,3,4,170897000.0,1424142.0,Condo,22.624036014271873,7.351407854195808,9.643501059419876,9.664928086997232,0.046220368737155924,0.028474127778196454,Q2,2023
Bukit Timah,Singapore,55,2,1,63172000.0,1148578.0,HDB,10.282699352790988,7.7243229433111535,9.940768632038981,9.099267285479272,0.01884714075366253,0.04051941313669072,Q3,2023
Bukit Timah,Singapore,75,1,2,110883000.0,1478439.0,Condo,19.4810351771888,8.881459331085203,9.191275081281695,9.657938763835137,0.02916145845135678,0.03380679104181199,Q2,2024
Jurong West,Singapore,105,2,2,43863000.0,417744.0,HDB,22.152700350096815,7.992924211809561,9.856265824105371,9.469463609550967,0.01945196460182316,0.021081087747993436,Q4,2024
Bukit Timah,Singapore,38,1,1,72044000.0,1895901.0,Landed,16.513096296738578,8.699677634601805,9.292450430014817,9.666223456228336,0.010881697815665956,0.025552993405980856,Q1,2024
Tampines / Bedok,Singapore,45,2,2,29633000.0,658522.0,Condo,10.40465588614019,7.619967027463279,9.332117534501066,9.328270047945262,0.011415378599071576,0.03054912108698743,Q1,2024
Orchard / Marina Bay,Singapore,45,2,2,70780000.0,1572884.0,Condo,8.560458148708591,8.207408201435296,9.90036194728355,9.62937242555363,0.019434571949812088,0.02653620773126563,Q4,2023
Orchard / Marina Bay,Singapore,120,3,4,192201000.0,1601677.0,Condo,24.15825523979268,8.038300917500699,9.639889673745785,9.078094714937377,0.049445913313540056,0.04998577220622745,Q2,2023
Bukit Timah,Singapore,65,1,1,95360000.0,1467083.0,Condo,1.1500936749960209,7.49084557355086,9.155986389765603,9.199381748053364,0.03212225774217695,0.02991828296004423,Q1,2024
Jurong West,Singapore,45,2,3,24315000.0,540323.0,Condo,17.96035472324094,8.00198810206107,9.887461529001838,9.41746479985822,0.03386121726372882,0.04669944815200776,Q2,2024
Novena / Toa Payoh,Singapore,105,2,1,125927000.0,1199309.0,Landed,13.793491004619217,8.8245752084497,9.916393229300473,9.75802595251388,0.039205388309448204,0.0103774620052703,Q2,2024
Orchard / Marina Bay,Singapore,75,1,1,109955000.0,1466061.0,Condo,10.011756431719075,7.995838699769456,9.139998296677728,9.05287928606406,0.020849915240211053,0.04448335831122307,Q3,2023
Tampines / Bedok,Singapore,105,4,4,66211000.0,630578.0,HDB,22.955133516228695,7.361447447780443,9.199954633291487,9.97064502412973,0.034613466501583555,0.03008328688235195,Q2,2024
Novena / Toa Payoh,Singapore,90,3,4,89711000.0,996786.0,Condo,21.296898293842,7.710498380794056,9.245630758727302,9.72593734054379,0.02927049311091917,0.03786704164722186,Q2,2023
Orchard / Marina Bay,Singapore,55,1,2,78840000.0,1433463.0,Condo,21.149069978805734,7.710327704371347,9.765576950322412,9.045034191034235,0.04056216873812392,0.04145830425265584,Q3,2024
Orchard / Marina Bay,Singapore,120,3,4,195781000.0,1631508.0,Condo,7.2256270328501415,7.056422645310497,9.965065180094781,9.125793437895611,0.038512066376675494,0.027553315358373055,Q1,2024
Jurong West,Singapore,55,1,1,22385000.0,406999.0,HDB,13.763361545195774,8.052611493593192,9.901479062245055,9.425087602320446,0.04985076771040692,0.013430454322573216,Q4,2024
Bukit Timah,Singapore,120,2,1,225395000.0,1878289.0,Landed,21.128529037416847,8.360347449916766,9.196124689766089,9.28499413648472,0.047558639959254995,0.03534801665997776,Q1,2023
Bukit Timah,Singapore,75,3,4,85011000.0,1133474.0,HDB,6.04998273246947,7.080338828360329,9.929409474550374,9.211378470962861,0.036155778158723874,0.01161550408567825,Q2,2023
Novena / Toa Payoh,Singapore,38,1,1,45440000.0,1195777.0,Landed,2.9867687103532754,7.728300270917272,9.548750653350634,9.777332364913955,0.020709653862483166,0.014207440777931183,Q2,2023
Tampines / Bedok,Singapore,75,1,1,63940000.0,852533.0,Landed,2.904752952514075,8.705249336361607,9.241200142360576,9.352140156606639,0.04537214598793149,0.02979030253181062,Q4,2024
Tampines / Bedok,Singapore,90,2,1,54859000.0,609541.0,HDB,9.067553758619095,8.304828211390948,9.060217415122356,9.441801544152815,0.018871696698767232,0.0248994723872438,Q3,2023
Bukit Timah,Singapore,55,2,1,67072000.0,1219495.0,HDB,11.236982690959518,8.417989711900168,9.865813692432676,9.0534390560089,0.02932032900277254,0.02438636806483804,Q4,2024
Tampines / Bedok,Singapore,90,1,1,69261000.0,769565.0,Condo,7.619658643572804,7.228263287469863,9.32439193763912,9.346017378442804,0.02351093749001314,0.03687969376828186,Q4,2023
Woodlands / Yishun,Singapore,65,2,1,26098000.0,401501.0,HDB,14.942990986774252,8.369594019271352,9.210589914389123,9.42179485979078,0.04680503551201553,0.043524790667159766,Q1,2023
Bukit Timah,Singapore,45,1,2,55181000.0,1226242.0,HDB,8.826566501493016,7.209635434768067,9.773008192456484,9.448936883778304,0.012452182806171802,0.04100146222245953,Q4,2023
Orchard / Marina Bay,Singapore,55,1,1,100957000.0,1835575.0,Landed,13.724065010700402,7.315407129408759,9.860731475449718,9.176189543025146,0.01760898876948881,0.039348427612092896,Q2,2024
Tampines / Bedok,Singapore,105,3,2,59895000.0,570425.0,HDB,16.986100013180696,8.0630271659752,9.766356014307492,9.787111668967748,0.024113666359349115,0.043267353961484845,Q1,2023
Bukit Timah,Singapore,45,1,1,49857000.0,1107928.0,HDB,20.035557344354963,7.869317635090368,9.17205572807838,9.206948866174237,0.04769482958369684,0.025100684479729865,Q2,2023
Orchard / Marina Bay,Singapore,45,1,2,80686000.0,1793025.0,Landed,22.353588999719086,8.488700177153099,9.144537096434956,9.404841936916005,0.04843879867369019,0.02639141130453644,Q2,2024
Novena / Toa Payoh,Singapore,75,2,2,64947000.0,865961.0,HDB,6.3043248884313465,8.22428152300873,9.327524145784027,9.510670588054033,0.047458910545315494,0.018150371465829547,Q4,2023
Orchard / Marina Bay,Singapore,55,1,1,82193000.0,1494419.0,Condo,19.11958868182747,7.504510762445451,9.632448602216929,9.137829415669497,0.04435879149150122,0.019799426486330454,Q4,2024
Tampines / Bedok,Singapore,65,1,1,36152000.0,556186.0,HDB,18.075589355938092,7.165225520945027,9.027195946080484,9.825229003438064,0.04316538147522052,0.022443362545872134,Q4,2023
Woodlands / Yishun,Singapore,105,4,4,37932000.0,361259.0,HDB,11.429625814696035,8.997409457785785,9.964008465013702,9.541580760394272,0.03193296488616071,0.018726734380262372,Q2,2024
Jurong West,Singapore,90,3,3,53233000.0,591474.0,Condo,15.57142069562458,7.226433212229022,9.734170598739459,9.175285912481362,0.01242271597210923,0.028080699182266737,Q4,2024
Tampines / Bedok,Singapore,90,3,2,58959000.0,655097.0,Condo,2.932292251163017,8.56427077225107,9.260600442423106,9.17198744877656,0.02108913963508021,0.034152791818811756,Q1,2023
Bukit Timah,Singapore,38,1,1,42294000.0,1113009.0,HDB,4.537989731655494,8.154650787093976,9.760848330128585,9.968090023510538,0.024161441489315157,0.02274444573559548,Q1,2023
Novena / Toa Payoh,Singapore,45,2,1,40297000.0,895490.0,HDB,10.084677832899537,8.670221896563227,9.64935259925339,9.438125469892894,0.03830983156983483,0.024795073827384856,Q2,2023
Woodlands / Yishun,Singapore,105,2,3,69140000.0,658477.0,Landed,21.781626491250254,8.184493914010153,9.840268936546943,9.045445592245787,0.04882932208413788,0.02168782596356591,Q4,2024
Bukit Timah,Singapore,55,1,2,89972000.0,1635847.0,Landed,7.418945270498174,7.2966457150851145,9.990405863048903,9.088519862644475,0.025752458203067256,0.028644305832966517,Q3,2023
Orchard / Marina Bay,Singapore,120,2,1,149882000.0,1249014.0,HDB,8.55035277667125,8.322750881295176,9.538699592900684,9.368507739850656,0.014191030121157695,0.012595151272453503,Q1,2023
Woodlands / Yishun,Singapore,45,1,1,17012000.0,378042.0,HDB,11.181172784876406,8.110386151016058,9.610995751055254,9.864738762579412,0.037338858309199,0.041745765300261084,Q3,2024
Tampines / Bedok,Singapore,105,4,3,70520000.0,671623.0,Condo,6.872861476028631,7.5815748826986455,9.249203382910428,9.750015261181666,0.026493284848674484,0.040369904797512714,Q2,2024
Woodlands / Yishun,Singapore,120,4,5,58785000.0,489879.0,Condo,23.64626071689846,7.68563377876943,9.393470453251885,9.457378011249295,0.03933066169757875,0.04315913015229132,Q2,2024
Bukit Timah,Singapore,105,4,3,165453000.0,1575746.0,Landed,21.92724525627744,8.728509503213107,9.520280109848423,9.700442327389458,0.03973681691425047,0.022814357673650643,Q4,2024
Novena / Toa Payoh,Singapore,38,1,1,37701000.0,992126.0,Condo,24.452873789840673,8.4417351826734,9.626229479206575,9.491269012995406,0.02284754055620318,0.04096392842120875,Q2,2024
Novena / Toa Payoh,Singapore,120,3,3,110397000.0,919974.0,Condo,9.001886773718372,8.58988375313804,9.512673842220655,9.385189513468836,0.026168641323791896,0.021343479240852888,Q3,2024
Novena / Toa Payoh,Singapore,55,1,1,71107000.0,1292851.0,Landed,21.530702210542863,8.007538315312821,9.214288963926007,9.400094815758953,0.04236805235963421,0.027166358238672784,Q3,2024
Jurong West,Singapore,38,2,2,17910000.0,471317.0,HDB,2.330707299712506,8.340354078759637,9.673980396852071,9.21020951148865,0.040880061263704616,0.013094742978713075,Q3,2024
Tampines / Bedok,Singapore,140,4,3,90987000.0,649904.0,HDB,22.884509804230525,8.562937762297246,9.966402592777404,9.561312701155767,0.03745654260100963,0.027072127454552952,Q1,2023
Tampines / Bedok,Singapore,75,1,1,55457000.0,739428.0,Condo,21.573457491061728,8.21941549053004,9.320745489518037,9.069719544265665,0.018548190379876123,0.036357322764257106,Q4,2024
Woodlands / Yishun,Singapore,65,1,1,26847000.0,413032.0,HDB,6.71755962097361,7.606309577058496,9.178741689085983,9.357553095158625,0.014955115682614206,0.013601504558179189,Q2,2024
Bukit Timah,Singapore,75,1,2,107086000.0,1427820.0,Condo,1.3204025253155027,7.024377841942914,9.922962250924204,9.353598955604733,0.0470006889547871,0.011943284939781309,Q2,2023
Orchard / Marina Bay,Singapore,140,4,3,285362000.0,2038301.0,Landed,1.154993364273123,7.388914894479877,9.24144521580776,9.291379876748099,0.039681023934091286,0.01156741524043964,Q4,2024
Bukit Timah,Singapore,75,2,3,93473000.0,1246312.0,Condo,9.924347611025135,8.366727616888744,9.718076157880658,9.114995277061189,0.02302684006887087,0.037642234169689336,Q3,2024
Woodlands / Yishun,Singapore,45,1,1,19783000.0,439612.0,Condo,19.903863496781163,7.473780997384071,9.423576447275483,9.073420683659933,0.014560455398182164,0.026516888535201434,Q2,2024
Novena / Toa Payoh,Singapore,75,2,2,102925000.0,1372331.0,Landed,21.492741861529,7.283156487297694,9.255959583649593,9.832832576348013,0.039891190069262,0.026102828989567332,Q3,2024
Jurong West,Singapore,120,4,5,71249000.0,593745.0,Condo,10.149244842026746,7.287071114088935,9.186288176565524,9.670415412097062,0.03467660504549699,0.014084584119718687,Q1,2024
Jurong West,Singapore,38,2,1,26408000.0,694954.0,Landed,6.944899854139792,7.477600587618345,9.90346250065955,9.826460881123147,0.0219840266657718,0.04393665710927248,Q3,2024
Woodlands / Yishun,Singapore,75,3,2,28768000.0,383575.0,HDB,14.922696928746149,8.914310634976186,9.659939511354303,9.533524836820217,0.02769899622960629,0.04819614593842562,Q3,2023
Novena / Toa Payoh,Singapore,105,3,4,120669000.0,1149230.0,Landed,5.346747966144414,8.437223963416296,9.96769450682952,9.57966009745852,0.03328658204037652,0.04733534888133663,Q3,2023
Tampines / Bedok,Singapore,140,3,3,130704000.0,933598.0,Landed,18.160351089902484,7.468339793910838,9.254324511891042,9.89159343803542,0.042680615259482635,0.023096400554751356,Q2,2024
Woodlands / Yishun,Singapore,55,1,1,26667000.0,484858.0,Condo,21.656058083396303,8.024574757195378,9.598633748561268,9.639917164000643,0.04524697311388104,0.02535152901295481,Q1,2023
Tampines / Bedok,Singapore,38,1,1,26756000.0,704092.0,Condo,8.241203567617099,8.67394784071701,9.849703450529482,9.184064445434283,0.010086531865133504,0.02262773622598281,Q3,2023
Tampines / Bedok,Singapore,75,1,1,42454000.0,566055.0,HDB,16.00177133177921,7.403611885759357,9.221615712469646,9.337091121360238,0.04877758768176251,0.03963245704163951,Q4,2024
Novena / Toa Payoh,Singapore,45,2,3,36155000.0,803453.0,HDB,10.134337149028624,7.906658147438671,9.721816559884974,9.279911700526867,0.04290859875007357,0.04018407514005779,Q4,2023
Tampines / Bedok,Singapore,120,4,3,71261000.0,593842.0,HDB,18.398101238164205,8.393838429160462,9.989718667994584,9.790981903548476,0.013670026028337584,0.015033240566780303,Q1,2024
Tampines / Bedok,Singapore,140,4,5,102909000.0,735067.0,Condo,2.213914185624642,7.2268837954555245,9.36802569377257,9.156452145005051,0.010475032693927107,0.012699220301287393,Q4,2024
Bukit Timah,Singapore,65,1,2,79977000.0,1230418.0,HDB,17.413784521004253,7.279347762908959,9.564939369589911,9.014164663135116,0.03333009341545359,0.01569861167180309,Q1,2023
Novena / Toa Payoh,Singapore,38,1,1,34415000.0,905660.0,HDB,8.982343511493273,7.815717926475949,9.884076339001014,9.90740075276531,0.026282448688267075,0.038090279134820736,Q3,2023
Bukit Timah,Singapore,38,1,2,60127000.0,1582300.0,Landed,1.6001031495379117,8.351794099521745,9.425207275069777,9.435019717209826,0.010927875044244448,0.03638419086412074,Q3,2024
Jurong West,Singapore,90,2,2,50721000.0,563570.0,Condo,20.118469755809365,8.095675777125393,9.937647510956644,9.933305079594959,0.03711880891571678,0.021697705168587496,Q3,2024
Tampines / Bedok,Singapore,38,1,2,37135000.0,977237.0,Landed,18.104435148327713,8.163985859460563,9.006784136806022,9.127615064438388,0.03430716670050202,0.04260660436030048,Q4,2023
Novena / Toa Payoh,Singapore,140,5,5,180535000.0,1289534.0,Landed,3.640589182316372,7.240759584210345,9.86673255474508,9.161678161147563,0.04290258025811294,0.040001493693671106,Q3,2024
Novena / Toa Payoh,Singapore,75,2,1,72758000.0,970112.0,Condo,11.78099701562929,7.3823209989846355,9.124496674039857,9.951258741771985,0.02671326561427649,0.03572865561941435,Q4,2024
Orchard / Marina Bay,Singapore,55,2,2,83911000.0,1525661.0,Condo,8.05201525936755,7.969817767275929,9.592494447315593,9.405834458114922,0.04115340125311744,0.046917873188626835,Q4,2024
Woodlands / Yishun,Singapore,38,1,2,14668000.0,386003.0,HDB,3.1732602784965813,7.000454076599349,9.653055887156947,9.927940344768626,0.022176126184417534,0.023451619069044256,Q2,2023
Bukit Timah,Singapore,120,2,1,136964000.0,1141369.0,HDB,15.649905192608296,8.131713904201668,9.056161527172856,9.723834690265365,0.03819089314587431,0.024478088475642142,Q4,2024
Bukit Timah,Singapore,45,2,3,79227000.0,1760590.0,Landed,13.601310360573482,8.878759683387269,9.401759168613271,9.441205534204892,0.0235090215052298,0.03306098231327958,Q4,2023
Woodlands / Yishun,Singapore,90,3,3,46758000.0,519533.0,Condo,16.31132510276128,7.196728737907146,9.022458472683871,9.538732420590058,0.021845521317181003,0.04483313603940156,Q4,2023
Bukit Timah,Singapore,75,2,1,105192000.0,1402555.0,Condo,5.299978177807129,8.689406005917535,9.575676709351466,9.931978783399687,0.041919780271635884,0.029288336712169544,Q3,2023
Bukit Timah,Singapore,55,1,1,83255000.0,1513734.0,Condo,2.6539700716221457,8.65286467569628,9.662136970697711,9.308548070301356,0.04876646357839002,0.03012978624833594,Q3,2024
Novena / Toa Payoh,Singapore,65,2,3,57603000.0,886205.0,HDB,22.103237635875608,7.0781112673761015,9.060901255167163,9.739418364017112,0.011118764292843095,0.021194471126951036,Q4,2023
Orchard / Marina Bay,Singapore,105,4,3,204031000.0,1943151.0,Landed,21.604459518284074,8.942145754827727,9.669827969948434,9.392113240364287,0.026917513860053498,0.038043825596389115,Q2,2023
Tampines / Bedok,Singapore,90,1,2,81204000.0,902265.0,Landed,13.34983969891664,7.734019156751039,9.88710272253845,9.115979968503312,0.01762638912860731,0.04312590807627179,Q4,2024
Orchard / Marina Bay,Singapore,90,2,1,137081000.0,1523126.0,Condo,4.476238013081898,7.224459388009324,9.309441266965454,9.420440259305005,0.028037476726088993,0.043135184562754635,Q3,2024
Bukit Timah,Singapore,140,4,5,174717000.0,1247980.0,Condo,17.39065511935624,8.061554871352406,9.395436424677259,9.073688335825548,0.03231824407738539,0.01818822107930338,Q2,2023
Woodlands / Yishun,Singapore,140,3,2,77920000.0,556568.0,Landed,17.245354913486125,8.554478305883844,9.335971377541233,9.136474984127467,0.0258971451284796,0.047759230056504405,Q3,2024
Bukit Timah,Singapore,105,2,3,190940000.0,1818475.0,Landed,8.548220986131511,7.2901533277741155,9.501033268909316,9.257650757803843,0.033383770230262545,0.037919432943167915,Q1,2024
Novena / Toa Payoh,Singapore,140,5,6,183634000.0,1311673.0,Landed,10.233442290964922,7.490964870783536,9.283085612166753,9.160157709576795,0.04417900336282005,0.04656806734238945,Q4,2024
Jurong West,Singapore,105,2,3,47367000.0,451119.0,HDB,1.7195860157960539,8.469762210488087,9.206062574308154,9.700596233677137,0.034569969822268835,0.02623893508171852,Q1,2024
Jurong West,Singapore,105,2,3,57416000.0,546823.0,Condo,11.864216818261689,8.911176747965161,9.49910489004159,9.28802740182216,0.017516448829587153,0.04675766028048774,Q4,2023
Jurong West,Singapore,38,1,2,20096000.0,528846.0,Condo,24.176992893866778,8.572091592775536,9.905720598378341,9.629056571188476,0.04058992032599251,0.044124746119682694,Q3,2024
Tampines / Bedok,Singapore,105,4,4,99972000.0,952119.0,Landed,1.96393441991244,8.871658977107035,9.041406826252793,9.948447208725861,0.034285471801568414,0.030331993371395784,Q2,2023
Orchard / Marina Bay,Singapore,105,3,3,217941000.0,2075632.0,Landed,7.357738966304869,7.247333232547942,9.039619357507762,9.253970353827802,0.04261216106871533,0.01620617410848708,Q3,2023
Orchard / Marina Bay,Singapore,120,4,5,184284000.0,1535699.0,Condo,24.683898100159713,8.709225697342449,9.145475563826597,9.08386167956898,0.017539479317089813,0.04241689897036671,Q4,2024
Bukit Timah,Singapore,140,3,3,174518000.0,1246559.0,HDB,10.877058935330716,7.7116544180791795,9.953105349642911,9.207000812568563,0.019474672763293732,0.03459969530912395,Q2,2023
Tampines / Bedok,Singapore,55,1,2,34877000.0,634127.0,HDB,14.686566807267447,7.510455511449676,9.214214360412784,9.928542841161493,0.011230381197108317,0.014481483521994222,Q4,2023
Orchard / Marina Bay,Singapore,140,3,3,279341000.0,1995294.0,Landed,11.200046515402326,8.233933537838189,9.603254790435733,9.18633690770503,0.03827967666343911,0.037374888409624836,Q4,2023
Orchard / Marina Bay,Singapore,75,1,2,140029000.0,1867053.0,Landed,12.91228755032289,7.688829298502585,9.473309476911338,9.610084380337383,0.042920756340688856,0.01438063469592155,Q3,2023
Bukit Timah,Singapore,65,1,1,75362000.0,1159418.0,HDB,11.651394342486181,7.237618574957295,9.042157143567842,9.505823255695784,0.019193236854368054,0.020935132962957306,Q2,2024
Orchard / Marina Bay,Singapore,105,3,2,222402000.0,2118116.0,Landed,1.0823592670257254,8.324446819933469,9.066138280315023,9.519520673871138,0.013258109065449606,0.01255102599763606,Q4,2023
Tampines / Bedok,Singapore,45,1,2,27168000.0,603741.0,HDB,7.794413819418658,7.461154668818539,9.839004765947012,9.695636512112983,0.030080038667603705,0.04165524164919878,Q3,2023
Jurong West,Singapore,75,3,3,36815000.0,490870.0,Condo,18.842142375085928,8.608362488440205,9.02484162391264,9.07100354026838,0.012096547309317262,0.03320783245722891,Q1,2023
Bukit Timah,Singapore,55,1,1,93873000.0,1706773.0,Landed,11.462509181414251,7.234625484509081,9.949842087485933,9.057429250256442,0.02876521817471764,0.03495964974394178,Q4,2024
Tampines / Bedok,Singapore,90,1,1,58211000.0,646786.0,HDB,16.884236435517245,7.6107845773535185,9.707952072761602,9.246453165353945,0.011647443479469338,0.025192225011415048,Q1,2024
Bukit Timah,Singapore,45,2,1,57071000.0,1268250.0,Condo,3.135265619231528,7.921865336456639,9.757628614738595,9.389713969690108,0.04784047352378519,0.04407601127485304,Q3,2024
Bukit Timah,Singapore,65,2,2,68141000.0,1048319.0,HDB,1.3672178596025937,7.270622974405,9.839106338861537,9.736467452551508,0.03164146412918894,0.020004405127626513,Q2,2024
Orchard / Marina Bay,Singapore,65,1,1,92715000.0,1426380.0,HDB,9.807798144106432,8.076962205419852,9.463413882471626,9.495704072290103,0.045296132176338634,0.033723862788081836,Q4,2024
Woodlands / Yishun,Singapore,105,4,3,52375000.0,498809.0,Condo,2.589978478242859,8.70768660069092,9.776185155938947,9.142714489596667,0.022912325740987505,0.022307171478283584,Q1,2024
Novena / Toa Payoh,Singapore,65,1,1,89651000.0,1379250.0,Landed,9.506045112690853,8.30743984531731,9.75753561170535,9.414784769496018,0.03291385586309808,0.035011103052468705,Q1,2024
Orchard / Marina Bay,Singapore,105,4,3,125619000.0,1196370.0,HDB,4.399759029560423,8.523622200013797,9.39022353411762,9.714800718006114,0.03645921033798475,0.03128482146213735,Q1,2023
Jurong West,Singapore,65,1,2,28651000.0,440785.0,HDB,9.261091484160222,8.961913126599834,9.35461709561929,9.059279169435998,0.048730090514839404,0.04137565562270271,Q2,2024
Orchard / Marina Bay,Singapore,140,5,4,207801000.0,1484295.0,Condo,10.407357096446324,7.887698953884936,9.417949754513506,9.84340369473962,0.023764175235716646,0.04293804788672753,Q4,2023
Woodlands / Yishun,Singapore,75,1,1,49012000.0,653492.0,Landed,10.28543799866245,8.068134857735869,9.765449841514123,9.496075675082142,0.03902283733997801,0.039187084615615424,Q1,2024
Woodlands / Yishun,Singapore,140,5,4,52126000.0,372326.0,HDB,20.950956376441187,7.7672017023362665,9.83130119846385,9.314367054420378,0.0160308581598731,0.049972024186187305,Q2,2023
Woodlands / Yishun,Singapore,140,3,2,61778000.0,441273.0,Condo,23.288204795165587,7.566537376613333,9.239720611510457,9.10668676147116,0.016037711184613883,0.03924385751076991,Q1,2023
Orchard / Marina Bay,Singapore,38,2,1,54774000.0,1441420.0,Condo,24.06816005439176,8.596359588391241,9.269642071715861,9.006424030342416,0.045558150757878765,0.010081558643652762,Q3,2023
Bukit Timah,Singapore,75,3,3,81320000.0,1084265.0,HDB,5.922653359012241,8.87557284102412,9.187375942181397,9.29146742602007,0.032488902396966966,0.038911826247570884,Q1,2024
Tampines / Bedok,Singapore,55,2,1,52901000.0,961830.0,Landed,13.606327568314018,7.809473832193437,9.276973740611208,9.645802040162737,0.03202655570888425,0.04861617906145975,Q3,2023
Jurong West,Singapore,120,2,1,57897000.0,482472.0,HDB,12.911254876477827,8.634512891768837,9.771209145121675,9.271787056641708,0.04653888263609816,0.04895303650573641,Q1,2024
Woodlands / Yishun,Singapore,75,2,2,41063000.0,547504.0,Landed,6.163053584650482,7.894883375580483,9.920459522423023,9.992495351931716,0.018160294329128704,0.023829059437054732,Q1,2024
Novena / Toa Payoh,Singapore,90,1,2,119622000.0,1329130.0,Landed,21.580954568411123,7.07687746588505,9.356191631498074,9.03700405975462,0.03257552258056305,0.03108173332198954,Q2,2024
Jurong West,Singapore,90,3,3,37802000.0,420023.0,HDB,7.097306036787068,8.42445584908079,9.953656534670678,9.839013843989227,0.019229188740479138,0.030488283741741104,Q3,2024
Tampines / Bedok,Singapore,38,2,2,34195000.0,899875.0,Landed,11.29093817082953,7.930300555723774,9.405233439197124,9.257196962624112,0.04972644482143134,0.047365682669805585,Q3,2023
Tampines / Bedok,Singapore,140,4,3,97899000.0,699276.0,Condo,11.179439834670015,7.5632040708830575,9.738850305789715,9.062278903241939,0.013732587067027003,0.010060185503734118,Q1,2024
Tampines / Bedok,Singapore,120,2,1,90201000.0,751671.0,Condo,15.772115306496556,8.343379190739666,9.003607811735154,9.715033526239276,0.021836308922341043,0.014129778585654864,Q4,2023
Novena / Toa Payoh,Singapore,105,3,4,85306000.0,812440.0,HDB,7.5754170319676355,7.6912114973165036,9.385846941198759,9.217949468601116,0.034862358633864374,0.04371660265804085,Q4,2024
Orchard / Marina Bay,Singapore,140,4,4,254602000.0,1818584.0,Landed,16.492332738868328,8.697744791462846,9.535225652447595,9.428968095300883,0.011207016294001164,0.010314268543957273,Q2,2024
Orchard / Marina Bay,Singapore,45,2,1,71688000.0,1593066.0,Condo,18.453833401513354,7.849527628304765,9.62748095124718,9.374294852893883,0.03450082717798396,0.04417383706655058,Q2,2024
Jurong West,Singapore,38,1,1,27203000.0,715874.0,Landed,15.346267877963264,8.691622595588331,9.403089904361218,9.658555997283182,0.03558193584667277,0.015505387699842225,Q4,2024
Tampines / Bedok,Singapore,38,1,1,32942000.0,866897.0,Landed,21.746283315401342,7.526145145646556,9.124411103605361,9.549704559240828,0.017258361901255223,0.033172552232431984,Q3,2024
Woodlands / Yishun,Singapore,105,3,2,42036000.0,400346.0,HDB,24.45852605281557,8.530975568423854,9.968661054070656,9.835123323009933,0.012003568110666541,0.042572842872352044,Q2,2024
Tampines / Bedok,Singapore,45,1,1,30960000.0,688011.0,Condo,16.40050101594459,7.495317945955069,9.445712827666183,9.021561793189356,0.012594735962054897,0.03162611976385445,Q1,2024
Novena / Toa Payoh,Singapore,65,2,2,82960000.0,1276300.0,Landed,7.75001973084175,7.655948262582694,9.845058700793045,9.642851803659575,0.027804215816222756,0.034895265850922785,Q3,2023
Tampines / Bedok,Singapore,65,1,1,58561000.0,900931.0,Landed,18.124425471211403,7.755030237754578,9.735731443626642,9.001800793566577,0.02052349700138715,0.010552040236856585,Q4,2023
Woodlands / Yishun,Singapore,65,1,1,28412000.0,437105.0,HDB,11.113389038344314,8.321566353185764,9.542750922898698,9.698721579331995,0.019613147286651332,0.013694657756924742,Q3,2023
Bukit Timah,Singapore,75,1,1,105895000.0,1411938.0,Condo,11.251365449161028,8.978901423416094,9.895841426555005,9.404781964591216,0.03680767510312584,0.01043596141291538,Q4,2023
Jurong West,Singapore,120,2,3,80938000.0,674486.0,Landed,12.929341331860343,7.113648273860515,9.708813186204468,9.793123576551746,0.019906404954532754,0.03237280615165161,Q3,2024
Woodlands / Yishun,Singapore,90,2,2,45104000.0,501155.0,Condo,16.684053512657343,7.353118434534847,9.526193024754718,9.795388846395419,0.024088700542329262,0.018153507747838388,Q1,2023
Bukit Timah,Singapore,45,1,2,83784000.0,1861876.0,Landed,13.775982791574833,8.725506352786105,9.449508525590096,9.677912198051299,0.011403161075938488,0.021799131785080292,Q1,2023
Tampines / Bedok,Singapore,38,2,1,26819000.0,705765.0,Condo,22.833877208422635,7.706225522406896,9.100895894577745,9.395028121034581,0.02178508259860566,0.02185916955257483,Q3,2023
Woodlands / Yishun,Singapore,90,2,1,57136000.0,634841.0,Landed,8.733882717371744,7.671806246600175,9.158855092245954,9.745999674542354,0.023842687185805407,0.04240944227603073,Q4,2023
Woodlands / Yishun,Singapore,90,1,1,36842000.0,409355.0,HDB,18.02590005014266,7.967840185301499,9.200482865992026,9.159857791267333,0.015394710316749381,0.023251270401576443,Q2,2023
Jurong West,Singapore,120,4,3,61476000.0,512302.0,Condo,6.83270697036818,7.254244574055245,9.3997416185971,9.574032656478511,0.026119883672173258,0.01756199985829716,Q4,2024
Woodlands / Yishun,Singapore,65,2,2,28477000.0,438113.0,Condo,15.853137833045384,8.281793967782349,9.809123350699588,9.803066459464523,0.016969574951113356,0.02212582329322489,Q3,2023
Orchard / Marina Bay,Singapore,38,1,1,71954000.0,1893528.0,Landed,10.956142828046286,7.51229346339745,9.369457996470722,9.884709730930203,0.03650649390253725,0.026192485983431643,Q1,2023
Jurong West,Singapore,140,5,5,80086000.0,572041.0,Condo,9.260150538782678,8.888137562042537,9.008097903221426,9.983271479713045,0.013215553315218096,0.03406088481305321,Q2,2024
Jurong West,Singapore,120,3,4,56966000.0,474720.0,HDB,23.352714726432314,7.6269903147156075,9.073589945573502,9.967735392331393,0.04067559742365201,0.02302264398048745,Q4,2024
Novena / Toa Payoh,Singapore,45,1,1,40773000.0,906062.0,HDB,5.468791399198604,8.853553862596772,9.125878074745806,9.767577851816258,0.047027762166143995,0.02801199133216299,Q1,2023
Woodlands / Yishun,Singapore,75,2,1,31098000.0,414635.0,HDB,24.903896177659814,7.3969990172290725,9.53574867786918,9.468018158585146,0.011795733839882843,0.029838038249073183,Q2,2023
Woodlands / Yishun,Singapore,75,3,4,46407000.0,618758.0,Landed,15.781856303340184,7.493765532090182,9.553641492125404,9.603956503260394,0.04085735717925493,0.033771334720867324,Q2,2023
Jurong West,Singapore,38,1,1,16982000.0,446891.0,HDB,12.047481910799839,8.249645412828734,9.907685410465223,9.54652792336042,0.02820738026282934,0.01180486409023355,Q1,2024
Orchard / Marina Bay,Singapore,90,3,3,137023000.0,1522477.0,Condo,8.072484452345247,8.68739836234149,9.07283924488474,9.758053257671303,0.02962978462981338,0.026497427429464232,Q4,2023
Woodlands / Yishun,Singapore,65,2,3,33467000.0,514873.0,Condo,23.542223435837176,7.224397247039885,9.055925918112125,9.744080785484652,0.02511542203085944,0.01581872343743253,Q2,2024
Jurong West,Singapore,38,1,1,25149000.0,661818.0,Landed,17.65559037124895,8.029669001643247,9.324043642933155,9.594632595455405,0.049043773006362146,0.016650319142356294,Q3,2024
Tampines / Bedok,Singapore,90,3,4,80871000.0,898568.0,Landed,6.282481185485533,8.47366184514516,9.665435902832069,9.294075092815264,0.012600636907067276,0.03652313553485015,Q4,2023
Woodlands / Yishun,Singapore,75,3,2,32803000.0,437374.0,Condo,22.19940536265364,7.826401594905654,9.27942244020144,9.396301898135533,0.04443702743310569,0.03189036503752668,Q1,2023
Tampines / Bedok,Singapore,55,2,2,37716000.0,685749.0,Condo,16.45959337683622,8.970250803274812,9.616293561056999,9.521592728914978,0.015322974368899497,0.0299045407122095,Q3,2024
Orchard / Marina Bay,Singapore,105,3,3,210762000.0,2007258.0,Landed,24.6598097171342,7.653559726704938,9.750825580780782,9.078616436757212,0.04868381298994499,0.02169801991909909,Q1,2023
Tampines / Bedok,Singapore,65,1,1,63787000.0,981344.0,Landed,15.100295019898914,7.158514253849314,9.97125144695687,9.053544072344366,0.04357232169200761,0.03733546459052768,Q4,2024
Orchard / Marina Bay,Singapore,140,3,3,234649000.0,1676065.0,Condo,9.449539729575335,7.0779171357000035,9.86224685814896,9.69312081861206,0.012984346432787395,0.036215505324300505,Q4,2024
Woodlands / Yishun,Singapore,38,2,1,20561000.0,541084.0,Landed,10.896092063009359,7.615435087289369,9.492614775497744,9.922122962417792,0.040678315785763995,0.027015173498284195,Q2,2024
Bukit Timah,Singapore,55,2,1,63529000.0,1155065.0,HDB,8.104503547110937,7.307657026003741,9.277492103547944,9.729460037479782,0.03761804450241615,0.011522307865794819,Q1,2023
Jurong West,Singapore,75,1,1,50160000.0,668797.0,Landed,10.50987682032231,7.152868208798279,9.23495697285672,9.320986791997294,0.04185665627686778,0.0254727855999713,Q3,2023
Bukit Timah,Singapore,140,5,6,190800000.0,1362856.0,Condo,20.86871092102659,7.0108838641829045,9.317027766100626,9.012390975972856,0.045019769523602086,0.03753115618342885,Q2,2023
Woodlands / Yishun,Singapore,75,2,3,32935000.0,439135.0,HDB,14.1245249840936,8.788558687853591,9.628423992027926,9.47306083237014,0.010697522707466605,0.03410708855802057,Q2,2023
Woodlands / Yishun,Singapore,55,2,3,28090000.0,510723.0,Condo,4.430834902264093,8.203129800250762,9.163920285386018,9.594908246830334,0.02121482130467068,0.0459924601383829,Q1,2024
Novena / Toa Payoh,Singapore,105,2,1,81515000.0,776329.0,HDB,21.31603048213912,8.066580150016522,9.203994336526364,9.02469947499077,0.020208367853331743,0.013502978804089927,Q2,2024
Novena / Toa Payoh,Singapore,90,3,2,121929000.0,1354763.0,Landed,2.8876472926517733,8.154412199887275,9.723118218887596,9.099371601510592,0.01915921405696633,0.02741569049830679,Q1,2024
Novena / Toa Payoh,Singapore,105,3,3,110573000.0,1053079.0,Condo,22.53546407607559,7.605223577980268,9.262214416677203,9.527241250369288,0.015413557755037402,0.014861623613901368,Q4,2024
Tampines / Bedok,Singapore,120,2,2,81319000.0,677657.0,Condo,20.865025142345697,8.243739963345913,9.687950436265492,9.612003024135252,0.02116727772977299,0.01724319648966438,Q2,2023
Tampines / Bedok,Singapore,38,1,1,25867000.0,680722.0,Condo,15.62381788047206,8.97607216268764,9.033599030557156,9.184733033288895,0.034825850681442706,0.031257045894636466,Q2,2024
Novena / Toa Payoh,Singapore,105,2,2,80752000.0,769070.0,HDB,15.912448277586245,8.827005269991888,9.282918710464891,9.638767664945608,0.04217746023158743,0.035027277885146244,Q4,2023
Novena / Toa Payoh,Singapore,55,2,2,59336000.0,1078838.0,Condo,20.126070996359232,7.535605251303307,9.230507175753543,9.545954295435736,0.012716991619354866,0.021542064042829052,Q3,2024
Tampines / Bedok,Singapore,45,2,2,32952000.0,732271.0,Condo,23.32575704530634,7.001908213890444,9.140678880345018,9.176429802529718,0.04714883907737455,0.039108599358222036,Q3,2024
Bukit Timah,Singapore,38,1,1,53189000.0,1399718.0,Condo,7.531844357813717,7.430296321487255,9.676778290458186,9.152621553782375,0.022327701122592858,0.01000450340423082,Q3,2024
Jurong West,Singapore,140,5,6,102979000.0,735568.0,Landed,2.5546354803036397,7.45635256703126,9.012671481788722,9.738871480790213,0.04862706028917197,0.03625340414517773,Q2,2024
Orchard / Marina Bay,Singapore,90,3,4,111059000.0,1233988.0,HDB,12.452728099164183,7.911319789204315,9.494946281041354,9.655185597841681,0.012615385659293765,0.0474719610835863,Q3,2023
Orchard / Marina Bay,Singapore,65,1,2,107288000.0,1650581.0,Condo,21.78924300955591,7.725319247602749,9.342299035807992,9.664316057350176,0.04389246805847655,0.013972364765197046,Q3,2023
Tampines / Bedok,Singapore,75,2,3,53231000.0,709751.0,Condo,4.879740759340097,8.611915100306229,9.303716944823263,9.567984162025644,0.03449601917435357,0.02638928250854857,Q3,2023
Bukit Timah,Singapore,120,3,3,170695000.0,1422459.0,Condo,24.783553589116618,8.142578024673085,9.498199213068764,9.692862220906685,0.04578316458765968,0.019714683202560594,Q1,2023
Orchard / Marina Bay,Singapore,140,4,5,239479000.0,1710566.0,Condo,5.1702776209395855,7.279504867257495,9.18530909995362,9.23924975815084,0.042251432112746935,0.046438073312959065,Q1,2024
Jurong West,Singapore,75,3,2,34065000.0,454204.0,HDB,24.02042896256045,8.044249493534807,9.696824225047205,9.324720278929899,0.02991812215891427,0.01773272644775615,Q2,2024
Jurong West,Singapore,55,1,1,27976000.0,508650.0,Condo,7.16410731943459,7.469315989514371,9.648805265407143,9.379442639876633,0.03564872106753456,0.015532001577493026,Q3,2023
Woodlands / Yishun,Singapore,45,1,2,22295000.0,495447.0,Condo,16.14883419465665,7.546491512467451,9.505757325550661,9.034789184511578,0.02989537859053274,0.021763131061247668,Q1,2023
Orchard / Marina Bay,Singapore,90,1,2,111836000.0,1242621.0,HDB,24.394026967131072,7.95709817101751,9.380093749180876,9.219037437300887,0.022395556902800814,0.029392959079513357,Q2,2023
Novena / Toa Payoh,Singapore,140,5,5,169999000.0,1214278.0,Landed,17.713917581425463,7.457156860021944,9.194544251253088,9.371157699606572,0.0419785841780252,0.0360115969950821,Q1,2024
Jurong West,Singapore,140,5,5,75144000.0,536743.0,Condo,22.2354878613243,7.725331820916864,9.694075957371687,9.695118130881546,0.010818337897280993,0.014683520162163188,Q1,2024
Novena / Toa Payoh,Singapore,65,1,2,82839000.0,1274446.0,Landed,12.190462631895706,7.117826664912741,9.60060223294061,9.55743581277423,0.022945262308095106,0.02984756909005351,Q2,2024
Novena / Toa Payoh,Singapore,45,1,1,49220000.0,1093784.0,Condo,20.354611360324803,7.614676510800857,9.907487450058067,9.268927601893195,0.021002573970817062,0.028395193812769316,Q4,2024
Orchard / Marina Bay,Singapore,140,5,5,198996000.0,1421397.0,HDB,20.778169096424662,7.538286500641162,9.730451431327204,9.155833819637063,0.024182043732494933,0.03905340233075513,Q3,2024
Novena / Toa Payoh,Singapore,55,1,2,63507000.0,1154672.0,Landed,5.525359661122659,8.561419994059175,9.782845657944328,9.732600769377935,0.02139567498466565,0.03229042165232062,Q1,2023
Tampines / Bedok,Singapore,65,2,2,42724000.0,657299.0,HDB,16.579355865193918,7.361831617654028,9.827840813596993,9.44840516641024,0.013025583370895762,0.02743861039559229,Q2,2023
Tampines / Bedok,Singapore,55,2,2,43429000.0,789609.0,Condo,14.305020657961679,8.93278635784546,9.231524790911193,9.762613446916902,0.039102860692437645,0.017002169727111695,Q3,2024
Tampines / Bedok,Singapore,55,1,2,50694000.0,921715.0,Landed,17.78306173353091,8.407244589866073,9.08035742576636,9.896329905685059,0.03702151577609323,0.03131577140373688,Q1,2023
Woodlands / Yishun,Singapore,38,2,3,18434000.0,485114.0,Condo,9.385867285066777,8.255690063361074,9.730415400761059,9.793299802648008,0.025999079581481246,0.016637052722250526,Q4,2024
Woodlands / Yishun,Singapore,65,1,1,26539000.0,408289.0,HDB,10.462344628725436,8.406169903061283,9.691007231433195,9.044644306455426,0.018887617662691803,0.034105907985901886,Q1,2023
Bukit Timah,Singapore,45,2,2,78493000.0,1744295.0,Landed,16.876687364568863,7.905722856865912,9.32538637118624,9.35655823758854,0.04570590156106729,0.03139066188129543,Q2,2024
Bukit Timah,Singapore,120,2,3,141017000.0,1175138.0,HDB,9.472356902496077,8.241350844220602,9.961586587488709,9.697236706659139,0.025013127564724076,0.01943833641472035,Q4,2023
Novena / Toa Payoh,Singapore,75,3,2,86074000.0,1147657.0,Landed,4.6197818075404,7.377262961819838,9.0599924415756,9.397266593278534,0.023541747414655118,0.03679350300904861,Q2,2023
Tampines / Bedok,Singapore,55,1,2,45016000.0,818469.0,Landed,8.7426323201875,8.394516215208311,9.067271149874916,9.13764746867689,0.02638292695062644,0.041854877971117976,Q2,2024
Jurong West,Singapore,105,3,4,77880000.0,741717.0,Landed,7.378076227634909,8.044288546836775,9.390552768552224,9.034672078916014,0.03425378125008987,0.02245450626834388,Q2,2024
Woodlands / Yishun,Singapore,65,1,2,37137000.0,571340.0,Landed,13.730127110223563,8.25404864114277,9.818722847854156,9.82959195753685,0.011156308853647942,0.03391102669284173,Q1,2024
Novena / Toa Payoh,Singapore,105,3,3,107581000.0,1024581.0,Condo,22.711208318342745,8.113803393284618,9.904942803100754,9.105242435069936,0.018447696653429043,0.010861489733229219,Q1,2023
Jurong West,Singapore,120,3,3,74895000.0,624122.0,Landed,6.46636307603512,7.1901056687760345,9.45070505609941,9.38749998459421,0.03873352665228037,0.01749619059598606,Q3,2023
Bukit Timah,Singapore,105,2,3,119676000.0,1139772.0,HDB,7.356631366585014,8.755275684523534,9.877545221251816,9.623319295948919,0.029085441715337848,0.02262249204266617,Q2,2023
Tampines / Bedok,Singapore,90,1,2,77095000.0,856607.0,Landed,15.84906874933217,8.743799047816646,9.389594573313454,9.88063888468017,0.034493945912344975,0.03811268241541593,Q3,2024
Jurong West,Singapore,140,3,3,65913000.0,470804.0,HDB,15.736314440824778,8.501005994299467,9.465613901712432,9.493170986980859,0.016611675430444738,0.041561849781281156,Q4,2023
Woodlands / Yishun,Singapore,75,3,2,48052000.0,640689.0,Landed,23.990994813913858,8.139424243939734,9.194137906168077,9.805021142861577,0.017370281545105108,0.025634563649084237,Q4,2023
Novena / Toa Payoh,Singapore,55,2,1,60868000.0,1106690.0,Condo,15.391584165980507,8.395773009544056,9.010982388208344,9.317375078056974,0.01214571223313448,0.04212893187253578,Q4,2024
Orchard / Marina Bay,Singapore,75,1,1,91825000.0,1224336.0,HDB,21.049337126552672,8.53839989594235,9.94034339000882,9.067265468001832,0.048419466625402335,0.038808520951766734,Q2,2023
Woodlands / Yishun,Singapore,140,5,6,58823000.0,420167.0,HDB,2.433743035083185,8.029456121683483,9.261652735562096,9.502702904490649,0.03881283338986802,0.047501835572925845,Q2,2024
Orchard / Marina Bay,Singapore,75,3,4,90564000.0,1207514.0,HDB,8.556843883884621,8.863948402471056,9.507540284682484,9.747656221471397,0.047279331385824776,0.03364142362167306,Q2,2023
Tampines / Bedok,Singapore,105,3,4,74302000.0,707641.0,Condo,5.531572597477079,8.399502918951969,9.542342558262238,9.98550547098538,0.046356664530684794,0.021418674835335494,Q1,2023
Tampines / Bedok,Singapore,65,2,2,38686000.0,595174.0,HDB,3.753357428780772,8.89910756506037,9.918708883920182,9.037179135999857,0.04503739692983535,0.016544558294256106,Q1,2024
Bukit Timah,Singapore,38,1,1,41148000.0,1082843.0,HDB,12.320274065015866,8.355149200910311,9.905396822000856,9.563962167481154,0.04289174504390322,0.0365677022796362,Q2,2024
Woodlands / Yishun,Singapore,140,3,2,51666000.0,369042.0,HDB,3.919746668108523,8.274985130070664,9.710832068351348,9.842326988513959,0.03195890979736397,0.04740997238691377,Q4,2024
Bukit Timah,Singapore,55,1,1,102820000.0,1869454.0,Landed,19.094988724124327,8.993682289460697,9.877904025079268,9.588419910655448,0.017899651950004453,0.04735039690439533,Q4,2023
Novena / Toa Payoh,Singapore,90,3,2,116636000.0,1295958.0,Landed,10.87952176908739,8.60171120946995,9.67972545808163,9.034012573984166,0.03758037540671724,0.04523587813649261,Q3,2023
Bukit Timah,Singapore,105,4,3,128561000.0,1224395.0,HDB,13.382113903562992,7.814235573036587,9.530458594478445,9.233104643753705,0.03676783456493129,0.03265146585606383,Q3,2023
Bukit Timah,Singapore,120,3,4,159265000.0,1327206.0,Condo,7.680688664504014,8.73714613843965,9.990384453471126,9.014537888016816,0.041397826328079215,0.04712989769991394,Q3,2024
Jurong West,Singapore,75,1,1,30774000.0,410317.0,HDB,23.660796275542094,7.336746714095148,9.495310212088976,9.6097483569738,0.039798505178610805,0.041346588712039785,Q3,2023
Novena / Toa Payoh,Singapore,90,2,3,108976000.0,1210841.0,Landed,12.074376795216128,7.522872046449697,9.404297057045904,9.613406689102991,0.013105469399106062,0.01275129271520557,Q4,2024
Woodlands / Yishun,Singapore,140,5,4,81781000.0,584152.0,Landed,3.035761681730574,7.735867682211191,9.364210373897608,9.937280049150694,0.041594095802886796,0.022733727570486063,Q1,2023
Orchard / Marina Bay,Singapore,90,1,1,136534000.0,1517049.0,Condo,7.693403840447248,8.893339094434392,9.819588141098325,9.356502534905571,0.013499360156067723,0.04923260418291474,Q4,2023
Jurong West,Singapore,75,1,2,30703000.0,409376.0,HDB,5.122678763438753,7.1102808153617065,9.774875068255483,9.073057684033271,0.04955369609383883,0.04334472334119714,Q3,2023
Orchard / Marina Bay,Singapore,38,1,2,77243000.0,2032711.0,Landed,22.92937888663749,7.347942828545029,9.841971819206421,9.398589741411984,0.03811409902734774,0.04621613153262643,Q4,2023
Bukit Timah,Singapore,105,2,2,130891000.0,1246579.0,Condo,2.5953448416836657,7.508174444305386,9.857014579469473,9.511351920468572,0.015957624618023525,0.011646421357124894,Q1,2023
Novena / Toa Payoh,Singapore,90,2,3,114391000.0,1271007.0,Landed,19.585904334919707,8.394118875215181,9.812595959572242,9.632438314733651,0.04628580202407942,0.016929140680048818,Q3,2023
Bukit Timah,Singapore,140,4,5,188639000.0,1347425.0,Condo,1.1111242564713786,8.860424279196522,9.855751773868517,9.347275180012094,0.04327134422322366,0.02759664765140902,Q1,2023
Woodlands / Yishun,Singapore,90,1,1,39231000.0,435897.0,HDB,12.305392589636217,8.54627756038612,9.392885765378816,9.257176131104245,0.03460905069301354,0.031978838937779044,Q2,2023
Tampines / Bedok,Singapore,65,1,1,49632000.0,763572.0,Condo,22.298106478177175,8.847779037646784,9.516175486398541,9.661413585041094,0.04940360326718812,0.03494875623854858,Q2,2024
Bukit Timah,Singapore,75,3,2,109026000.0,1453679.0,Condo,9.47573230638423,7.089919025139482,9.627627195435261,9.044352451695985,0.026597417426559175,0.02033612885595415,Q4,2023
Orchard / Marina Bay,Singapore,140,5,6,166793000.0,1191379.0,HDB,22.80604781400478,8.827410226216028,9.751858540805728,9.715369518226455,0.014656638310511734,0.02159489556369732,Q2,2024
Tampines / Bedok,Singapore,45,1,2,32341000.0,718698.0,Condo,11.9662336092169,7.3487528758256415,9.841607402848046,9.209286008384051,0.040324029066785734,0.04879803090057019,Q3,2023
Novena / Toa Payoh,Singapore,105,2,3,142295000.0,1355188.0,Landed,22.357516814644978,8.73829604246596,9.637040738490171,9.128297224330558,0.02548277475953794,0.03267819823630724,Q1,2023
Tampines / Bedok,Singapore,140,3,2,106571000.0,761219.0,Condo,17.543930258695045,7.231044604397937,9.92577344100331,9.710219218580763,0.024088351560637992,0.014627732118489632,Q1,2024
Bukit Timah,Singapore,65,1,2,73141000.0,1125241.0,HDB,24.19985655134463,8.663466649547004,9.53536936628883,9.838605257946982,0.012318267553124046,0.04253790297807739,Q1,2024
Jurong West,Singapore,65,2,2,41773000.0,642656.0,Landed,20.164058574921615,8.838955955905838,9.496110557007732,9.89684877886502,0.01790370615814752,0.03269156789487319,Q2,2024
Bukit Timah,Singapore,140,3,4,221113000.0,1579375.0,Landed,18.33276148985143,7.5647695888215605,9.326682496565903,9.42134265409973,0.02492050823488335,0.04628808450924171,Q2,2023
Tampines / Bedok,Singapore,75,1,1,51249000.0,683322.0,Condo,8.338151737472511,7.71575416853506,9.381627483410954,9.992487785327894,0.014999429298286682,0.015512432599347713,Q2,2023
Bukit Timah,Singapore,120,2,1,204716000.0,1705970.0,Landed,16.007497558326023,7.728409675523288,9.499253893436501,9.23370540150886,0.021256854539202258,0.011490645627086434,Q4,2023
Tampines / Bedok,Singapore,38,1,1,36323000.0,955869.0,Landed,8.02102924840185,8.185146252235418,9.174731203424518,9.447427774402517,0.012854400676646534,0.04711054327155267,Q4,2023
Novena / Toa Payoh,Singapore,90,3,2,105816000.0,1175733.0,Landed,11.231430744164632,8.909388965565158,9.205895520597993,9.574856072602335,0.026827493941026244,0.013085997883780162,Q3,2023
Woodlands / Yishun,Singapore,38,1,1,20010000.0,526588.0,Condo,3.90908357457245,8.128128722739012,9.679918883715855,9.368391411399145,0.01836461929699114,0.043285292964195685,Q1,2024
Orchard / Marina Bay,Singapore,140,5,5,240231000.0,1715939.0,Condo,23.983866057411866,7.77239107003941,9.007559081170553,9.211313516705816,0.04102462409080827,0.025975085147856153,Q3,2024
Woodlands / Yishun,Singapore,55,1,2,27910000.0,507450.0,Condo,15.949143562506066,8.0060027422119,9.467172091980904,9.916938515723235,0.027253005247187843,0.047630836437555245,Q2,2024
Orchard / Marina Bay,Singapore,120,2,3,247020000.0,2058498.0,Landed,6.619484531058039,7.252071864794541,9.903419497015541,9.348388786596136,0.0110904027361395,0.0489453732259304,Q1,2023
Orchard / Marina Bay,Singapore,45,2,3,58544000.0,1300969.0,HDB,11.57362682649344,8.666892652796822,9.220218723366,9.892281474924532,0.039333678858331576,0.02384966766468371,Q4,2023
Woodlands / Yishun,Singapore,120,2,2,51622000.0,430180.0,HDB,23.169830099661972,8.991984695729672,9.237774746312402,9.461867295664314,0.0357972792949148,0.012642249637127718,Q1,2023
Novena / Toa Payoh,Singapore,90,2,3,96088000.0,1067642.0,Condo,21.218573235386994,7.988860205779323,9.977245354939347,9.643418439100317,0.02983877576044671,0.03063639310891457,Q3,2023
Tampines / Bedok,Singapore,120,4,3,117853000.0,982107.0,Landed,5.799428800230992,8.47431879136224,9.205544296232265,9.22843829706434,0.020678774764049616,0.04908868476407776,Q1,2024
Tampines / Bedok,Singapore,75,1,1,64990000.0,866533.0,Landed,20.187450538405418,7.089844532053493,9.948651731064603,9.302021569571185,0.02503386782479688,0.04327402279979514,Q4,2023
Bukit Timah,Singapore,75,2,2,127828000.0,1704379.0,Landed,5.78457009216575,7.818069155444743,9.439982493633437,9.891281834937573,0.0485962905713172,0.022918696262389314,Q1,2024
Orchard / Marina Bay,Singapore,65,1,2,123171000.0,1894933.0,Landed,22.700385775247106,8.448372408992766,9.877590360724392,9.007174172851096,0.02667003317187676,0.022379373032013265,Q2,2023
Bukit Timah,Singapore,65,2,3,97945000.0,1506842.0,Condo,14.553221096769793,8.806323602162303,9.259970632793953,9.029675492031325,0.03898003980676979,0.033810488591252956,Q2,2024
Woodlands / Yishun,Singapore,55,1,1,22252000.0,404584.0,HDB,3.525403969527014,7.625808232508604,9.619397178794904,9.711826125079504,0.040550266713399605,0.026125806884381292,Q4,2024
Woodlands / Yishun,Singapore,65,1,1,27480000.0,422765.0,HDB,3.940253070551649,7.33868277891613,9.62258474433422,9.216449179658653,0.020619066837265613,0.037533172959395136,Q1,2023
Novena / Toa Payoh,Singapore,45,2,2,34820000.0,773783.0,HDB,4.077892447622609,8.766423475498272,9.95151082705045,9.309898783722398,0.021581722119823534,0.011664437886610793,Q4,2023
Jurong West,Singapore,105,4,4,61853000.0,589072.0,Condo,12.512545886178122,7.23620992031423,9.890586485796476,9.409829284878125,0.022397165533190596,0.03913721666972069,Q1,2023
Bukit Timah,Singapore,38,2,3,46391000.0,1220822.0,HDB,17.02740197202025,8.165056893957175,9.976602506368005,9.86137440351159,0.03950939322182658,0.04618363529106493,Q1,2023
Orchard / Marina Bay,Singapore,45,1,1,56185000.0,1248549.0,HDB,18.543515858777113,8.811631696341742,9.51370353104586,9.755798664961276,0.01721285159763128,0.013195669593329238,Q2,2024
Woodlands / Yishun,Singapore,105,2,3,57060000.0,543432.0,Landed,16.149567801893816,8.98840109433939,9.178859507662914,9.78820171873979,0.01368595223129753,0.020438745136921958,Q4,2023
Woodlands / Yishun,Singapore,55,2,3,28429000.0,516891.0,Condo,14.220007083771648,7.587299652532337,9.185073584546538,9.562687653399468,0.031257749246826845,0.01454941219702409,Q2,2024
Orchard / Marina Bay,Singapore,105,3,4,129217000.0,1230642.0,HDB,15.676106857658704,7.807171529976948,9.059966231869407,9.012220821970056,0.011062943180651593,0.04139641210915361,Q3,2024
Jurong West,Singapore,105,2,3,74977000.0,714069.0,Landed,23.411914173128153,7.092556208824289,9.97097686471747,9.991072416056578,0.014079596789470999,0.016111917914255397,Q3,2024
Woodlands / Yishun,Singapore,65,1,1,25947000.0,399188.0,HDB,19.379022512042052,7.27163602352744,9.890760358039056,9.467807148331945,0.0326513415993268,0.024096655802070495,Q1,2023
Woodlands / Yishun,Singapore,120,2,3,46874000.0,390614.0,HDB,19.555847877117593,7.717455040463999,9.978946820929869,9.056493491939191,0.016767120597059603,0.04990497327718679,Q1,2023
Bukit Timah,Singapore,140,4,3,261544000.0,1868171.0,Landed,5.108167857397979,8.009699711288068,9.387776139847926,9.690307104241487,0.040836282984789606,0.012201720462870439,Q2,2023
Jurong West,Singapore,75,3,4,36616000.0,488207.0,Condo,5.607912568149189,8.124018627359392,9.74407110005584,9.836895514736101,0.013116585114098918,0.04109309110155158,Q2,2024
Woodlands / Yishun,Singapore,120,3,2,48938000.0,407813.0,HDB,23.86086563418352,7.236749444356394,9.674567564562167,9.142184935153592,0.02523781676133554,0.042666536175275924,Q3,2024
Bukit Timah,Singapore,75,2,3,110405000.0,1472062.0,Condo,23.14246487677028,8.833301661707884,9.303703418134186,9.662030751872607,0.03820440544878577,0.01946421500612349,Q4,2023
Novena / Toa Payoh,Singapore,75,3,4,68744000.0,916588.0,HDB,7.175047764782807,7.500793105961794,9.150553720109526,9.264396471109542,0.03967719805565978,0.010973723550948366,Q2,2023
Novena / Toa Payoh,Singapore,120,2,3,94793000.0,789943.0,HDB,12.731266040992057,7.768458133752876,9.475248970017837,9.749941004316561,0.01932003580753506,0.028002935129749752,Q2,2023
Woodlands / Yishun,Singapore,55,1,1,34903000.0,634600.0,Landed,23.84031028361969,7.648987349577924,9.494922177261003,9.212921511527679,0.03217006764456906,0.04567085689094901,Q1,2024
Jurong West,Singapore,105,3,4,49994000.0,476129.0,HDB,20.94237457022657,8.924078175399748,9.527274375111153,9.807728341231998,0.02204253941336777,0.0230010217768672,Q4,2023
Jurong West,Singapore,45,2,1,21887000.0,486381.0,HDB,13.944132663459767,7.426547387007965,9.060829826838903,9.573356221078907,0.01948344740079466,0.021541841086911553,Q1,2024
Woodlands / Yishun,Singapore,55,1,1,30990000.0,563451.0,Landed,22.88056577552862,7.989592631682912,9.983603431310591,9.001347524027514,0.03394917415778045,0.012120399270232821,Q3,2023
Novena / Toa Payoh,Singapore,55,2,3,66604000.0,1210986.0,Landed,7.903929127512235,8.081318960624646,9.461634630951563,9.149723415960374,0.027319168415186917,0.0471323925017797,Q3,2023
Orchard / Marina Bay,Singapore,120,2,3,164992000.0,1374937.0,HDB,5.732517461535707,7.879871120885081,9.488399890874978,9.115235022616304,0.012353823406295752,0.011438677045233558,Q2,2024
Novena / Toa Payoh,Singapore,140,3,2,127257000.0,908978.0,HDB,7.715933245181773,8.391278741773128,9.164217722933406,9.01552846596192,0.013345574364036782,0.03628392235825882,Q1,2024
Bukit Timah,Singapore,105,2,1,166545000.0,1586144.0,Landed,7.5285716477176265,7.0758071164879155,9.195419183623851,9.602848434125725,0.04494829521298354,0.042344676429924524,Q3,2023
Jurong West,Singapore,55,1,1,26070000.0,474007.0,HDB,15.177089906960866,8.215844075373084,9.501475240955129,9.962724612372924,0.014738137937545696,0.025338263971991022,Q2,2024
Jurong West,Singapore,55,1,2,29748000.0,540870.0,Condo,19.124187694034347,7.85434458245108,9.154916158393227,9.124323426980958,0.02710120165922173,0.04705203437268226,Q1,2024
Tampines / Bedok,Singapore,55,2,3,34520000.0,627631.0,HDB,6.445859308555716,8.335331644558515,9.354398846317626,9.589551486236228,0.02445443326163378,0.029290029572220017,Q3,2023
Orchard / Marina Bay,Singapore,75,3,3,94115000.0,1254864.0,HDB,9.804903699581079,7.390515249571138,9.0424467920839,9.950499075777918,0.028355075486767002,0.0424920230088429,Q1,2023
Orchard / Marina Bay,Singapore,90,1,1,153205000.0,1702278.0,Condo,15.739004907674829,7.109000348585897,9.068690475208259,9.015269219203317,0.03292681856337589,0.010359210348831374,Q1,2024
Tampines / Bedok,Singapore,45,1,2,35055000.0,778994.0,Condo,23.053117870665165,8.842998258193878,9.768510932454227,9.91363861006168,0.02354610258660663,0.03004654234533087,Q4,2023
Novena / Toa Payoh,Singapore,38,1,1,33742000.0,887939.0,HDB,2.252627717285943,8.048617069747706,9.729761387765583,9.369852481971334,0.028486706489843257,0.029343969139188096,Q1,2024
Woodlands / Yishun,Singapore,65,1,2,36225000.0,557304.0,Landed,17.137013567322203,7.21327345949023,9.866929956877541,9.870345835056174,0.0400405928277969,0.02170183719320181,Q1,2023
Jurong West,Singapore,90,3,2,44463000.0,494036.0,HDB,24.446874016295766,7.614552346321572,9.988989322660698,9.19610053105068,0.03557193706177902,0.048752105257711974,Q1,2023
Jurong West,Singapore,120,2,1,58896000.0,490799.0,Condo,4.97581736491176,7.2764805096165786,9.511884571765297,9.91947686766012,0.03748022632855257,0.049450726639556505,Q4,2024
Novena / Toa Payoh,Singapore,75,2,3,77891000.0,1038544.0,Condo,7.931733668994653,8.786426096393868,9.05429810409256,9.83002086540714,0.04287011583648663,0.029044428143807657,Q3,2023
Bukit Timah,Singapore,65,1,1,119796000.0,1843015.0,Landed,3.503289146588936,8.97913691689516,9.793068862984162,9.597893206975204,0.04230265527193035,0.03169111207285349,Q3,2023
Novena / Toa Payoh,Singapore,120,3,3,164327000.0,1369392.0,Landed,5.288569497979297,7.228341424065746,9.788289890376504,9.308515439715254,0.030184777117008482,0.040991232560680324,Q3,2024
Orchard / Marina Bay,Singapore,90,3,4,121388000.0,1348757.0,HDB,23.285094774119123,8.871476321746439,9.03519128854039,9.57535375713054,0.012432531202817336,0.04714070523507769,Q1,2023
Orchard / Marina Bay,Singapore,120,4,4,185997000.0,1549979.0,Condo,23.32167745935353,7.262837925140457,9.026500657388599,9.371471162761782,0.015274570354838816,0.011569761589169336,Q3,2024
Bukit Timah,Singapore,55,2,1,81465000.0,1481184.0,Condo,20.854060425237222,8.983610347606227,9.602303712665579,9.20314385465758,0.040903373927147955,0.033675849741061865,Q3,2023
Orchard / Marina Bay,Singapore,38,2,3,74238000.0,1953644.0,Landed,2.42582806190919,7.343619855862023,9.64738102947941,9.668926641501086,0.02826537820803813,0.04413094891449863,Q2,2024
Novena / Toa Payoh,Singapore,105,2,1,130745000.0,1245192.0,Landed,4.212008033969578,7.210012790060988,9.036872465753754,9.43841373434235,0.042102096443867074,0.017053795251728548,Q1,2023
Tampines / Bedok,Singapore,65,1,2,55306000.0,850861.0,Landed,10.364626468366598,8.108365203488114,9.8564058458356,9.966896230848437,0.014284080491627034,0.01014774413621126,Q2,2024
Orchard / Marina Bay,Singapore,90,3,4,150882000.0,1676469.0,Condo,10.488711260893867,8.945217407768157,9.973679093574184,9.99060354803139,0.029864843480874988,0.048514906598737965,Q1,2023
Woodlands / Yishun,Singapore,38,1,1,22484000.0,591686.0,Landed,18.860570753126563,7.153686263799417,9.175873608052736,9.236007872512161,0.02337749333517449,0.04710759560200836,Q3,2023
Bukit Timah,Singapore,45,2,1,64787000.0,1439722.0,Condo,6.7007290470034775,7.947525029155599,9.100826251764023,9.346197168435848,0.011879367992472472,0.048703281191893044,Q4,2023
Tampines / Bedok,Singapore,65,1,1,47173000.0,725746.0,Condo,3.245511953536446,7.718268583360986,9.011417135899816,9.382974132005756,0.032370830850324515,0.03505018909904663,Q4,2024
Tampines / Bedok,Singapore,140,4,3,98828000.0,705912.0,Condo,19.76308231597131,7.71259248580596,9.531155592836809,9.853867369262161,0.045843263165700164,0.01983439272584288,Q1,2024
Jurong West,Singapore,45,2,3,29632000.0,658483.0,Landed,10.89025025123787,8.356232418701849,9.090955239284074,9.016650639128377,0.024408873538609176,0.02502078442617746,Q3,2024
Novena / Toa Payoh,Singapore,55,2,2,63251000.0,1150009.0,Landed,24.414630462341577,8.408356793347759,9.92754164086397,9.95160051017427,0.02724364192125569,0.030507077725362437,Q4,2023
Tampines / Bedok,Singapore,140,4,5,131477000.0,939120.0,Landed,22.458118355657874,8.370336621615937,9.379651670299936,9.702860498076106,0.027738522295191706,0.016355479286951424,Q3,2024
Novena / Toa Payoh,Singapore,55,1,1,69756000.0,1268298.0,Landed,22.814677483122438,8.984578610438799,9.238545594803165,9.30500333679664,0.04578706307068386,0.04212974885065546,Q2,2023
Jurong West,Singapore,45,2,1,27387000.0,608598.0,Landed,16.87729295103835,8.513847108426956,9.707049711030587,9.760465542220148,0.04133639143520202,0.0276263455296111,Q3,2024
Bukit Timah,Singapore,105,3,4,155557000.0,1481494.0,Condo,2.5455940576572704,7.9948652397033735,9.527973409798852,9.911855638667554,0.04160010335378933,0.03616921131873789,Q4,2024
Novena / Toa Payoh,Singapore,65,1,2,60172000.0,925726.0,Condo,10.046137498449621,8.56769076055534,9.173898049655776,9.01932057242261,0.0374871907872651,0.04134578465517872,Q1,2023
Bukit Timah,Singapore,120,2,3,180300000.0,1502502.0,Condo,11.894576872986278,7.652630296238543,9.225396178757675,9.288178343349783,0.012143097313115275,0.015408831964790135,Q1,2024
Bukit Timah,Singapore,55,1,1,69511000.0,1263842.0,HDB,3.3904206818589113,7.622744198284418,9.49414463334066,9.174804141705499,0.04132763061478947,0.043897498621642765,Q2,2023
Jurong West,Singapore,105,2,3,61578000.0,586454.0,Condo,20.525137114968587,8.887160909236961,9.152444259267234,9.328504781692697,0.019278421693717553,0.03332946426805184,Q1,2023
Jurong West,Singapore,75,1,1,52929000.0,705715.0,Landed,23.267840695971756,7.226771777494404,9.428641330103847,9.878976483678414,0.025418316739542278,0.04379786222092953,Q3,2024
Jurong West,Singapore,105,4,4,49874000.0,474988.0,HDB,19.76958595538325,7.444425990749866,9.79396887729582,9.3465413401141,0.04730815191609156,0.03317734860473259,Q2,2024
Orchard / Marina Bay,Singapore,75,1,2,147491000.0,1966545.0,Landed,6.245400225452333,7.657004586229652,9.480616280270501,9.86694082767547,0.016812949196221498,0.03947174058537128,Q2,2023
Bukit Timah,Singapore,75,3,4,84791000.0,1130547.0,HDB,7.4571334020262565,8.239181797888309,9.54539368062418,9.53175032236642,0.04407974605412152,0.04588319424527001,Q4,2024
Orchard / Marina Bay,Singapore,65,1,1,99781000.0,1535087.0,Condo,3.9169287306013265,7.434721973651023,9.456855821096443,9.103528195005545,0.04784793154768111,0.017875612737229644,Q3,2023
Woodlands / Yishun,Singapore,55,1,1,21690000.0,394361.0,HDB,12.985387337760201,7.211187333312149,9.392358279780677,9.48511551683935,0.04883515446127776,0.018444581654597225,Q1,2023
Orchard / Marina Bay,Singapore,140,3,4,268898000.0,1920699.0,Landed,11.644732306365107,7.3921189973229415,9.867717445308582,9.731672786319406,0.025421083258151643,0.016526663852050684,Q1,2024
Jurong West,Singapore,65,1,2,29591000.0,455253.0,HDB,24.74349945760979,7.072234337598013,9.881961909512736,9.4133532695251,0.04078931398405782,0.03232508479725566,Q4,2024
Woodlands / Yishun,Singapore,140,3,2,58292000.0,416373.0,HDB,21.065050738146947,7.662415101990235,9.210631980560777,9.332926646107047,0.021385278988898644,0.03955110504509496,Q4,2023
Jurong West,Singapore,120,4,3,77485000.0,645712.0,Landed,13.129751966134265,8.898487894735085,9.48913411694111,9.474042167938759,0.04131116413841677,0.02078823395735666,Q2,2023
Tampines / Bedok,Singapore,120,2,3,69392000.0,578263.0,HDB,6.464813887374701,8.282678007618477,9.054507134946311,9.443258018794856,0.04523214970084463,0.04832755631995204,Q4,2024
Tampines / Bedok,Singapore,140,4,3,136956000.0,978258.0,Landed,24.52176842211115,7.92531173013559,9.839670174980586,9.076936005873616,0.017318920384626006,0.04363376242811036,Q2,2024
Bukit Timah,Singapore,75,3,4,139768000.0,1863576.0,Landed,6.349868601648049,7.9531263466205155,9.821697450521832,9.794879133002857,0.012085669767343763,0.03406001776254909,Q3,2024
Bukit Timah,Singapore,75,2,2,137067000.0,1827555.0,Landed,10.496093433254577,8.86211070022743,9.683321408816884,9.397966804448266,0.0275271432052693,0.021733643394617155,Q3,2023
Jurong West,Singapore,90,2,1,41647000.0,462740.0,HDB,17.51700995051486,7.953075589513682,9.265125083236303,9.668672156433072,0.04092404557051514,0.015008314393026896,Q3,2024
Bukit Timah,Singapore,140,5,5,241681000.0,1726291.0,Landed,17.65878518096309,8.847991487940476,9.902967880032215,9.706917169987523,0.02299262868787462,0.036497197158773496,Q4,2023
Novena / Toa Payoh,Singapore,105,4,3,135236000.0,1287959.0,Landed,20.129748925344636,8.599606008044,9.335358958208001,9.121194346785042,0.029594843959170246,0.019765687934755777,Q4,2023
Jurong West,Singapore,55,1,1,26934000.0,489710.0,Condo,1.2406435586822306,8.057147972430995,9.510752465294724,9.664253581013522,0.02416764756920045,0.029874250078593068,Q2,2023
Woodlands / Yishun,Singapore,75,2,1,35225000.0,469672.0,Condo,8.24465086023637,7.121576737934228,9.195874954041226,9.375973589332917,0.047103431744712695,0.03048551336232813,Q1,2023
Jurong West,Singapore,90,3,4,48938000.0,543761.0,Condo,16.14807099083031,8.449698596061877,9.73831828478868,9.787704030839894,0.02444257067742942,0.034976312733825864,Q3,2024
Bukit Timah,Singapore,38,2,1,40932000.0,1077163.0,HDB,5.844092455611926,8.183617304356918,9.237715382175818,9.61301409134041,0.01984963172166882,0.026369787359887382,Q3,2023
Woodlands / Yishun,Singapore,75,2,3,42914000.0,572183.0,Landed,14.357885936147909,7.3120764370974225,9.429934648763435,9.198732445230425,0.03808959773210135,0.02117651781163654,Q4,2023
Novena / Toa Payoh,Singapore,75,1,1,64529000.0,860385.0,HDB,6.936313615692732,8.941620040168551,9.510730433872235,9.716396930724075,0.01775929425558539,0.04719431036272421,Q3,2024
Novena / Toa Payoh,Singapore,55,1,1,59738000.0,1086153.0,Condo,22.814507211892415,7.3205033372624815,9.012683414968357,9.740636660103597,0.04695009061669656,0.04433378285134175,Q4,2023
Jurong West,Singapore,38,2,1,18539000.0,487872.0,HDB,7.234251305529174,8.996118181996717,9.872588679621835,9.481130479419635,0.013877070571303444,0.032169538353593936,Q3,2024
Novena / Toa Payoh,Singapore,45,1,1,47744000.0,1060982.0,Condo,13.253732323725952,7.631889065206261,9.32044081222842,9.013991826041206,0.014887089982942196,0.043007755690161034,Q1,2023
Bukit Timah,Singapore,38,1,2,61904000.0,1629050.0,Landed,6.360685067745546,7.810949813609264,9.424425075240093,9.742392570258783,0.011557954803908865,0.01531737855743514,Q4,2023
Woodlands / Yishun,Singapore,45,1,1,17143000.0,380949.0,HDB,11.969095930309209,7.988729244318862,9.126482835041337,9.18740013801684,0.04714239133764933,0.018587525146797616,Q3,2024
Jurong West,Singapore,105,3,3,51532000.0,490785.0,Condo,4.897002298736322,8.198417932257442,9.990366822167688,9.113421103892005,0.03913115670188981,0.02664648873246913,Q4,2023
Tampines / Bedok,Singapore,45,1,1,33378000.0,741735.0,Condo,22.963096766554685,7.98250363342557,9.646806219834431,9.760014854661051,0.0356499117232027,0.015013319323700248,Q1,2023
Bukit Timah,Singapore,140,3,2,253845000.0,1813176.0,Landed,5.596368809564507,8.02464948676188,9.151489095754066,9.777320774147636,0.03618469102721635,0.032756800701260476,Q3,2024
Novena / Toa Payoh,Singapore,65,2,1,78763000.0,1211742.0,Landed,22.406107026850396,7.862163222693499,9.318957602195155,9.622564348162868,0.03310058140863146,0.04322918835828001,Q2,2024
Orchard / Marina Bay,Singapore,140,4,4,200473000.0,1431949.0,Condo,19.344868523387014,7.78296303098478,9.209276795016494,9.243385371042665,0.018701748618409737,0.02742002466601475,Q4,2023
Tampines / Bedok,Singapore,65,1,1,53629000.0,825066.0,Landed,5.037435382125706,7.922900338175763,9.590815954665395,9.53060867706185,0.03532290703555983,0.011848268441173522,Q3,2024
Jurong West,Singapore,120,2,3,81320000.0,677663.0,Landed,8.314208298540818,8.650682596805229,9.564469205503029,9.04321867232626,0.02982243061628148,0.0119930710995791,Q2,2023
Novena / Toa Payoh,Singapore,105,2,1,132900000.0,1265713.0,Landed,19.77891803383148,7.370039879012499,9.661248479985685,9.244215296308614,0.03277427352920899,0.01552014286903431,Q1,2024
Woodlands / Yishun,Singapore,38,1,1,19492000.0,512943.0,Condo,7.305986109035345,8.727230695684385,9.366422842460445,9.761943621661759,0.01878130600977544,0.044883264040935844,Q1,2023
Jurong West,Singapore,55,2,1,40564000.0,737523.0,Landed,1.2864338280097112,8.474857967956213,9.687294551207444,9.23510769120648,0.024155256437500418,0.025868117106190004,Q4,2024
Novena / Toa Payoh,Singapore,90,1,2,69655000.0,773944.0,HDB,15.242815968032211,7.935906768184126,9.953755369844288,9.930644226830674,0.010747739929759246,0.03069973004272311,Q1,2023
Jurong West,Singapore,75,3,3,51924000.0,692317.0,Landed,17.863998816944154,8.335342726901759,9.080591992557121,9.86898839581958,0.04620315756959093,0.010651410962702706,Q3,2024
Bukit Timah,Singapore,65,1,2,82317000.0,1266412.0,Condo,15.415060222424586,7.92809133597826,9.80676267097576,9.562329070382802,0.03432586065151795,0.04671026187171267,Q1,2024
Orchard / Marina Bay,Singapore,120,4,5,215508000.0,1795896.0,Landed,23.65556370241147,8.625391867422081,9.3897215799397,9.709400266856468,0.024707584677920655,0.015723154476955624,Q4,2024
Novena / Toa Payoh,Singapore,120,4,5,114365000.0,953045.0,Condo,21.420852979270744,8.297510207740977,9.137590923568625,9.133035006530546,0.024697696304490244,0.010921064189641378,Q3,2024
Woodlands / Yishun,Singapore,55,1,1,30440000.0,553453.0,Landed,16.824086835062193,7.911253781258949,9.838696976159321,9.969822493326433,0.010048050647541235,0.02664489627015406,Q1,2023
Novena / Toa Payoh,Singapore,55,1,2,60577000.0,1101409.0,Condo,4.2899035383377155,7.233115550116517,9.722908991174048,9.916621721534828,0.011877445180969115,0.042649455411302745,Q1,2024
Bukit Timah,Singapore,120,4,5,150664000.0,1255530.0,Condo,10.565850874419471,8.172194956786996,9.025906263828276,9.744885412702669,0.026075796649516175,0.03101989369459554,Q1,2023
Tampines / Bedok,Singapore,38,1,2,26069000.0,686022.0,Condo,8.666363102489798,8.350410904231909,9.214018721544639,9.990114355883982,0.032936374483627864,0.03802450889499397,Q1,2023
Tampines / Bedok,Singapore,90,3,3,71002000.0,788906.0,Condo,3.599930682135785,8.818510580480156,9.157121199614012,9.739763648201672,0.0397899884323769,0.03731599583003118,Q1,2024
Orchard / Marina Bay,Singapore,45,1,1,92762000.0,2061386.0,Landed,10.875336456937061,7.436960986697744,9.999506972490277,9.69029122441103,0.025744637012835983,0.01602063298540898,Q1,2023
Jurong West,Singapore,75,3,2,32731000.0,436411.0,HDB,3.9849212009629955,8.610460500112055,9.55395379886347,9.768436510421827,0.03290458903719281,0.02249698637576328,Q4,2024
Jurong West,Singapore,105,3,2,46185000.0,439853.0,HDB,21.0383395715646,8.885235112500666,9.315283578065733,9.504131439276199,0.04449370374151706,0.017688909421520106,Q1,2024
Jurong West,Singapore,38,2,3,20655000.0,543563.0,Condo,24.70865273331279,7.925636770277533,9.185982922172894,9.419369957693178,0.02983590239244334,0.027777885644563287,Q1,2023
Orchard / Marina Bay,Singapore,38,1,2,71417000.0,1879401.0,Landed,24.985156044071775,7.692511243678092,9.114071343849094,9.510329441156477,0.04434752087210519,0.042014151968624396,Q2,2023
Bukit Timah,Singapore,105,2,2,126322000.0,1203064.0,HDB,20.200450437474412,8.75213494236706,9.087461815144675,9.719325605955245,0.02854788851381914,0.018719067664976254,Q3,2023
Tampines / Bedok,Singapore,140,3,2,90969000.0,649782.0,HDB,18.07331121060171,7.293522477089713,9.364682493102684,9.401957064746949,0.030622613077302678,0.03747395666248583,Q1,2023
Orchard / Marina Bay,Singapore,65,2,2,91837000.0,1412875.0,HDB,3.1289635845616965,7.107138366623173,9.777867429095668,9.898887241175736,0.023475764079334268,0.021921818507257777,Q2,2023
Woodlands / Yishun,Singapore,75,1,1,39201000.0,522685.0,Condo,21.19602067954986,8.480550596547388,9.974834473413779,9.84258773965604,0.014200868218945813,0.04574442964577782,Q4,2024
Tampines / Bedok,Singapore,90,2,3,52408000.0,582313.0,HDB,8.935116424600801,7.300978239557834,9.759210247731346,9.901895627660204,0.024962570233672342,0.02844152916217929,Q4,2024
Bukit Timah,Singapore,75,3,3,79593000.0,1061243.0,HDB,1.5951616454556392,8.452900668401794,9.696038718028806,9.248959567536161,0.03972366174400732,0.04202960073365543,Q3,2024
Novena / Toa Payoh,Singapore,105,2,3,144038000.0,1371787.0,Landed,2.8734891444215274,8.183110548293682,9.923860918365907,9.979765813581455,0.03058855698032109,0.02117706641034909,Q1,2024
Tampines / Bedok,Singapore,38,2,1,36385000.0,957510.0,Landed,17.868385980706528,8.386971267121226,9.415954216567457,9.404295398238,0.04306345073087464,0.023698226215222176,Q2,2023
Tampines / Bedok,Singapore,140,5,6,104934000.0,749526.0,Condo,20.16512735109469,8.439577997397134,9.334539659112709,9.02655093266487,0.02015900626462231,0.030806437082573863,Q4,2024
Novena / Toa Payoh,Singapore,90,2,1,70700000.0,785558.0,HDB,12.54884899763655,7.85244783941093,9.700047042049098,9.841772073465748,0.04902022285998432,0.037090291343331104,Q1,2023
Bukit Timah,Singapore,55,1,2,73390000.0,1334362.0,Condo,18.690556307436285,8.092111909464856,9.682581504381062,9.719097640336072,0.040180433727060365,0.02166444260592871,Q1,2023
Jurong West,Singapore,38,2,1,20399000.0,536828.0,Condo,18.24626079367765,8.593316932461576,9.224195210434067,9.186442037750306,0.02701262133371271,0.030111469736407152,Q2,2023
Tampines / Bedok,Singapore,105,3,3,71956000.0,685295.0,Condo,5.480596891865302,8.639537169639738,9.42067260193048,9.515245192363023,0.02106318326574054,0.03592928404737104,Q2,2023
Woodlands / Yishun,Singapore,90,2,1,41255000.0,458386.0,Condo,7.0725692333576555,7.929789846041488,9.886867542512782,9.630181380298177,0.03233792661693895,0.013809132370091307,Q2,2024
Orchard / Marina Bay,Singapore,38,2,2,49296000.0,1297269.0,HDB,4.954225528898718,7.105101473922456,9.731414689030853,9.498023508334096,0.02247550441371239,0.04523593021472481,Q3,2024
Orchard / Marina Bay,Singapore,65,1,2,77575000.0,1193459.0,HDB,10.572865497056483,8.5922881959146,9.103625739429708,9.117610422818258,0.01962316532676333,0.0234518414986719,Q1,2024
Woodlands / Yishun,Singapore,55,2,3,24319000.0,442167.0,Condo,2.468819105077558,8.178147050810825,9.751445285207001,9.241910479029425,0.046268509810341966,0.034681033731936796,Q4,2023
Bukit Timah,Singapore,120,3,4,173663000.0,1447192.0,Condo,8.662574481448855,8.475611479620454,9.819757664171727,9.178907520664485,0.010428430132560932,0.04556811389416014,Q2,2023
Orchard / Marina Bay,Singapore,120,4,5,185835000.0,1548628.0,Condo,10.07544493756372,7.216501758540531,9.479542686549175,9.85975379100321,0.031927207205845715,0.037175482546252456,Q4,2024
Novena / Toa Payoh,Singapore,45,2,2,41022000.0,911600.0,HDB,23.371076790193932,8.584837753290604,9.361086548549956,9.190372475784475,0.01855095513550841,0.016753664464143926,Q3,2023
Bukit Timah,Singapore,75,1,2,80114000.0,1068186.0,HDB,13.130180093447903,7.123203984915225,9.619526390427275,9.630170030859414,0.022510634610940015,0.04481201614438182,Q4,2023
Tampines / Bedok,Singapore,38,1,2,27688000.0,728626.0,Condo,15.68131551378099,7.048270557721113,9.518476231768307,9.83636100258199,0.020601097205164943,0.01711089619765589,Q4,2023
Bukit Timah,Singapore,55,1,1,72852000.0,1324577.0,Condo,11.556975492551228,8.761907159010219,9.341150612570795,9.583687373253781,0.012919422682860211,0.027767413296887457,Q1,2023
Woodlands / Yishun,Singapore,90,2,2,35703000.0,396695.0,HDB,19.532021774483944,8.792947704505538,9.379050519488402,9.967686246795578,0.048945815505184044,0.03874882950934405,Q2,2024
Jurong West,Singapore,120,4,5,60039000.0,500324.0,Condo,12.066512579691587,7.075748926795239,9.159541765816805,9.70887672762977,0.03281042231259205,0.022907359739202136,Q3,2024
Jurong West,Singapore,75,1,2,37876000.0,505010.0,Condo,23.06740196578949,8.823744746428861,9.103222564611706,9.524541092246945,0.019228987330169714,0.029799169475905857,Q3,2024
Bukit Timah,Singapore,140,3,3,175739000.0,1255282.0,HDB,5.164200306733306,8.421513551962986,9.497206076848666,9.665303571483324,0.048665662043872196,0.03041020443187535,Q2,2023
Novena / Toa Payoh,Singapore,120,2,1,94086000.0,784046.0,HDB,21.865606641201214,8.065959200657156,9.501109697932014,9.872671879843196,0.01785933469300726,0.04400016373002496,Q4,2023
Bukit Timah,Singapore,105,2,3,190941000.0,1818487.0,Landed,3.4553054059952535,7.93962293827305,9.53972206595709,9.707291602124437,0.01219815729116542,0.04950338856765194,Q2,2024
Novena / Toa Payoh,Singapore,38,2,2,45458000.0,1196265.0,Landed,11.507315003336261,7.090385894186349,9.522124215003009,9.96748329049684,0.04045816617970567,0.029133113685924833,Q1,2023
Novena / Toa Payoh,Singapore,45,1,1,42052000.0,934483.0,HDB,24.63579918985893,7.8837590945127385,9.97272189918531,9.543987736871127,0.02105467402829721,0.048957151589072614,Q2,2024
Tampines / Bedok,Singapore,75,2,2,69095000.0,921263.0,Landed,14.264691921384753,8.876885425868188,9.193142113302066,9.888932140630782,0.02681308572722132,0.01107352488851054,Q4,2023
Jurong West,Singapore,120,3,3,81066000.0,675551.0,Landed,23.394404091641015,8.242451097173419,9.581561847575037,9.140197240761688,0.012154305659112876,0.043595700012648245,Q1,2024
Orchard / Marina Bay,Singapore,140,4,4,201661000.0,1440439.0,Condo,6.27828522000815,8.280949668761595,9.35675440460286,9.217935323928295,0.02843540940290016,0.019739984902386397,Q4,2023
Bukit Timah,Singapore,38,1,1,48182000.0,1267954.0,Condo,15.201166458387414,8.06481044273909,9.138623222894891,9.941170212873804,0.011317417201790789,0.013968807301412749,Q4,2023
Tampines / Bedok,Singapore,65,1,2,46707000.0,718567.0,Condo,5.831231034937048,7.873847660448828,9.129404281079669,9.087240662465971,0.04316213584937699,0.01819752767461969,Q4,2024
Orchard / Marina Bay,Singapore,90,2,3,128248000.0,1424975.0,Condo,15.671722425606736,8.293347362913364,9.914242703107796,9.430625441370731,0.04156704721339067,0.04403849370867593,Q1,2023
Novena / Toa Payoh,Singapore,75,1,1,103194000.0,1375920.0,Landed,3.0385633603590847,8.97195843676015,9.573199474234231,9.842793821094755,0.029078520847287542,0.011405247852311912,Q3,2023
Novena / Toa Payoh,Singapore,105,4,3,85586000.0,815108.0,HDB,2.702650054067182,7.465122634737964,9.52904068720485,9.365849561334736,0.04746296264598736,0.04603932122395314,Q2,2024
Jurong West,Singapore,75,1,2,35368000.0,471576.0,HDB,2.1043402643575604,8.41979075649716,9.897021499697336,9.93098603201835,0.015016860543963638,0.02037673568866747,Q1,2023
Tampines / Bedok,Singapore,38,2,1,29050000.0,764482.0,Condo,4.682264595888125,7.798231768376702,9.547977426615656,9.792022075923006,0.03261339581524118,0.039799200212157396,Q3,2024
Woodlands / Yishun,Singapore,75,2,3,41533000.0,553779.0,Landed,21.949235795606917,7.853805097567561,9.260313229520502,9.292868603304006,0.010995271574228563,0.01719548636186064,Q3,2024
Orchard / Marina Bay,Singapore,120,4,5,251915000.0,2099288.0,Landed,20.888851311196312,7.205266642078502,9.829357620990615,9.537901951606791,0.01579364916787227,0.023154197320070173,Q3,2023
Woodlands / Yishun,Singapore,120,2,2,64910000.0,540913.0,Landed,10.612850119743898,8.718509075731987,9.259284518393676,9.791362155009937,0.04828197760839126,0.0346695212709871,Q3,2023
Jurong West,Singapore,38,2,3,21480000.0,565270.0,Condo,20.672826070805108,8.636465160326471,9.975295330690333,9.522377484364124,0.03274175581542129,0.026546245553107112,Q4,2024
Woodlands / Yishun,Singapore,55,2,2,33186000.0,603374.0,Landed,20.541711886458874,8.722358553754349,9.960109893004175,9.789043609425017,0.03221714956254184,0.03178446442428369,Q2,2023
Bukit Timah,Singapore,65,1,1,103264000.0,1588683.0,Landed,23.12709681971084,8.819922233289107,9.094351176022286,9.297359522376587,0.029713228342105345,0.041494617908438336,Q4,2023
Orchard / Marina Bay,Singapore,65,1,2,137994000.0,2122980.0,Landed,14.444436999948504,8.322170622746599,9.921245211472083,9.275589136083703,0.03788282616323386,0.03286104355584771,Q3,2024
Woodlands / Yishun,Singapore,38,1,2,20021000.0,526868.0,Condo,7.706820525913203,8.18856901977991,9.280259990349213,9.270515052856474,0.01520908102742442,0.02465354360075342,Q3,2023
Tampines / Bedok,Singapore,38,1,2,24687000.0,649656.0,HDB,8.08069319083618,7.1191114019877535,9.690467693486763,9.304866717284987,0.02663692637992625,0.017703129138395456,Q4,2024
Tampines / Bedok,Singapore,105,2,2,97110000.0,924858.0,Landed,9.406277156127056,8.860130870034052,9.971625724239018,9.895840459205179,0.030317773720337587,0.013171898075360398,Q1,2023
Tampines / Bedok,Singapore,120,2,2,111020000.0,925167.0,Landed,8.874702920787481,7.622662322461054,9.649048454340166,9.484181460740619,0.04061050282902213,0.04935806575052013,Q1,2024
Jurong West,Singapore,45,1,2,30496000.0,677688.0,Landed,12.295038006342466,8.733610359223814,9.577190866959905,9.665133300616422,0.04796081755548923,0.02915809842239163,Q1,2024
Orchard / Marina Bay,Singapore,65,1,2,93029000.0,1431222.0,Condo,5.457070543185933,7.170861918116909,9.878839425998697,9.099738384665425,0.045840934085086285,0.019791892925465848,Q2,2024
Orchard / Marina Bay,Singapore,90,2,3,173203000.0,1924482.0,Landed,22.838528532809164,8.650258696031585,9.424229285705723,9.579877237521021,0.03117310589669617,0.0378389089872327,Q2,2024
Orchard / Marina Bay,Singapore,38,1,2,47435000.0,1248301.0,HDB,7.666144354952894,8.09104256682744,9.968388741045564,9.29302756384351,0.029263661385913402,0.019980925081408515,Q1,2024
Novena / Toa Payoh,Singapore,38,1,2,40763000.0,1072718.0,Condo,20.205826181786392,8.365722408245263,9.059130996974904,9.773119608062753,0.03909255325691043,0.023485261054646975,Q1,2023
Bukit Timah,Singapore,140,3,2,191861000.0,1370436.0,Condo,15.141288723888078,8.505642046790832,9.33142489775006,9.138503935697319,0.030654736844225823,0.03451935839311644,Q4,2024
Bukit Timah,Singapore,65,1,1,69808000.0,1073971.0,HDB,20.293799896877033,8.785480391803901,9.513599811221171,9.03216122326223,0.03094041531361786,0.02466913165257041,Q1,2023
Woodlands / Yishun,Singapore,120,4,4,58794000.0,489951.0,Condo,24.772500565525192,8.839394991332025,9.266405887676902,9.182543457982598,0.019544302327363927,0.017252398445027236,Q3,2023
Novena / Toa Payoh,Singapore,105,2,1,135340000.0,1288949.0,Landed,18.81774071691475,7.1090571285820525,9.118301150220024,9.43342267861533,0.03486385607696939,0.032847432862746134,Q3,2024
Novena / Toa Payoh,Singapore,105,2,3,135096000.0,1286627.0,Landed,22.968725020671865,7.316107759441916,9.828830783246838,9.996811231666294,0.03156560287349217,0.026569429191360905,Q1,2023
Woodlands / Yishun,Singapore,38,1,2,24397000.0,642032.0,Landed,5.915600607229325,8.077301852258454,9.976796053196178,9.477166554032785,0.028545111724368653,0.028661033538827277,Q4,2024
Woodlands / Yishun,Singapore,120,3,4,56336000.0,469463.0,Condo,14.997002394373201,8.115876486607313,9.600420264391339,9.833771796205417,0.03140625075733398,0.017457294833855577,Q4,2023
Woodlands / Yishun,Singapore,140,4,3,53866000.0,384759.0,HDB,24.541049264217953,8.281515871580739,9.755550139779793,9.525171249286677,0.016914228139886016,0.04397629728706283,Q1,2024
Jurong West,Singapore,45,1,2,19570000.0,434890.0,HDB,3.6643422203950564,8.561192648698059,9.511239492229295,9.248163386686258,0.04646682093378202,0.03383228493232447,Q4,2024
Novena / Toa Payoh,Singapore,90,3,4,75306000.0,836735.0,HDB,8.395518830131053,7.777931839437048,9.097045431226478,9.838027473424384,0.0359621710141522,0.02687150847586888,Q3,2023
Tampines / Bedok,Singapore,75,2,2,58387000.0,778490.0,Condo,22.109190037686957,8.612251329656127,9.31325805348144,9.014836469348074,0.04499946022670108,0.021196645043650084,Q2,2023
Orchard / Marina Bay,Singapore,75,1,1,143972000.0,1919633.0,Landed,5.658507586662652,8.556767772336139,9.175786884542626,9.612512486933216,0.04769688021394273,0.044892090633883226,Q4,2023
Orchard / Marina Bay,Singapore,45,2,3,65638000.0,1458623.0,Condo,3.3360061632667355,8.93215133735653,9.317565353856034,9.133464439118983,0.03792637375184886,0.04047137452209158,Q1,2024
Jurong West,Singapore,65,2,3,32460000.0,499385.0,Condo,16.489442961481068,8.08630305589264,9.18389631743421,9.205008430219488,0.018332064965739234,0.04272871333622398,Q4,2024
Bukit Timah,Singapore,38,2,2,64946000.0,1709093.0,Landed,13.291474806940489,8.085540361159138,9.463910657073365,9.923254905734419,0.04850671558164703,0.03266792740005797,Q4,2024
Novena / Toa Payoh,Singapore,65,2,3,69901000.0,1075394.0,Condo,1.376453447396126,8.796639268578739,9.719223358466355,9.087306246618484,0.03385876793177448,0.02938240061877155,Q3,2024
Jurong West,Singapore,75,2,3,43500000.0,579994.0,Condo,2.4830093399826705,7.400351538762876,9.811335470268768,9.323791930027884,0.013228632365124242,0.046020429475861026,Q1,2023
Woodlands / Yishun,Singapore,45,1,1,19330000.0,429558.0,HDB,7.163563452089087,7.880162058173127,9.39678949878827,9.866254486660521,0.028594645545706142,0.032524221144985134,Q3,2024
Tampines / Bedok,Singapore,45,1,1,26505000.0,589003.0,HDB,1.4907759237746685,7.026450821938203,9.138321625296799,9.298034244595138,0.010053522110524998,0.0445519892573122,Q1,2024
Novena / Toa Payoh,Singapore,75,1,2,79579000.0,1061047.0,Condo,16.822089065432458,8.60825029569472,9.895970713309412,9.961118502312301,0.03216551463946745,0.03929990996906,Q4,2024
Bukit Timah,Singapore,45,1,1,61686000.0,1370793.0,Condo,19.787139426662606,8.962558311818547,9.454700642179565,9.389591576594228,0.03441888928164357,0.03677313800936866,Q2,2023
Jurong West,Singapore,120,2,1,70206000.0,585051.0,Condo,9.221157650791389,7.997200133581698,9.427134836420068,9.177774490819958,0.0253783950235906,0.0398896000884818,Q2,2024
Woodlands / Yishun,Singapore,140,5,5,82550000.0,589645.0,Landed,21.71436266637488,8.622557422561911,9.676829724327963,9.266931447680571,0.04406775493096329,0.03350661967189522,Q4,2023
Novena / Toa Payoh,Singapore,45,1,1,40137000.0,891928.0,HDB,12.27682323076488,7.754177809350166,9.534620744035612,9.675223973955395,0.013050806210899112,0.024338903382765835,Q3,2024
Novena / Toa Payoh,Singapore,90,3,4,93987000.0,1044301.0,Condo,4.840695577822701,7.28931338737185,9.90172805089224,9.083024672215897,0.03421435282384743,0.011570931629568557,Q3,2023
Novena / Toa Payoh,Singapore,75,2,1,87241000.0,1163220.0,Landed,17.345097376886674,7.926239779734656,9.135397499182133,9.7374410258497,0.01985609025029644,0.04992768996674229,Q2,2023
Orchard / Marina Bay,Singapore,55,2,3,112076000.0,2037744.0,Landed,5.963962894475989,7.871333816628329,9.919108865286365,9.458277850965208,0.025475796301014847,0.014056942707171154,Q2,2023
Orchard / Marina Bay,Singapore,75,3,4,118851000.0,1584675.0,Condo,10.091299395703171,7.862731288284957,9.6405398170522,9.05854539267154,0.014664221615896929,0.036923086563334796,Q2,2023
Orchard / Marina Bay,Singapore,65,2,2,138500000.0,2130762.0,Landed,21.266002869822962,8.690294097661084,9.86281358958379,9.776438942773815,0.04703032888385334,0.03415857008111905,Q1,2023
Novena / Toa Payoh,Singapore,140,5,6,112764000.0,805458.0,HDB,15.54721831857645,8.42119129550329,9.581754825733109,9.450904206469522,0.03003981460461979,0.04558694321723533,Q1,2024
Bukit Timah,Singapore,45,2,1,83044000.0,1845427.0,Landed,1.3480008976275926,7.676314402656525,9.784267974529836,9.29723838074233,0.01825396211930506,0.02087597074407721,Q2,2024
Tampines / Bedok,Singapore,75,3,4,55571000.0,740941.0,Condo,2.6759561251160893,7.001743391878803,9.16785705646734,9.974786797657167,0.01770024253052357,0.04660178831189967,Q4,2023
Orchard / Marina Bay,Singapore,105,2,3,146663000.0,1396794.0,HDB,7.9636609101742755,7.9582537567202145,9.863292013948062,9.799695084589773,0.04141386779821657,0.03868172381728258,Q3,2023
Jurong West,Singapore,38,1,1,15502000.0,407952.0,HDB,24.843935662862627,7.970846731757045,9.281105117796375,9.674803991792283,0.037956040180389436,0.011112774843282814,Q4,2024
Tampines / Bedok,Singapore,75,1,1,45469000.0,606250.0,HDB,5.183378941914481,7.964825065810781,9.03316004530848,9.677660274280914,0.022973830598341245,0.02865462073189231,Q3,2023
Woodlands / Yishun,Singapore,55,2,2,21459000.0,390155.0,HDB,2.187982150443977,7.299179831199914,9.429537738372225,9.429842451295928,0.022888509251738513,0.015965810537777674,Q2,2024
Woodlands / Yishun,Singapore,38,1,2,15107000.0,397546.0,HDB,6.162058221103822,7.283251996519153,9.886883197721144,9.958964156960961,0.021145230278776038,0.026540151385662125,Q2,2023
Novena / Toa Payoh,Singapore,55,1,2,69914000.0,1271170.0,Landed,20.613492264654983,8.348938598394676,9.110861130369274,9.311240535454761,0.036135274790085714,0.02154308375763252,Q3,2024
Orchard / Marina Bay,Singapore,38,2,2,76217000.0,2005718.0,Landed,11.147697278834501,8.080027811527547,9.809255878635929,9.95296729042335,0.013828405120563221,0.024101276086044662,Q2,2024
Bukit Timah,Singapore,75,1,1,104142000.0,1388554.0,Condo,6.557396267362944,8.597765657889854,9.970837120740452,9.489361725638453,0.019159870455884576,0.031118656678946068,Q2,2023
Bukit Timah,Singapore,105,2,1,132161000.0,1258681.0,HDB,1.8374937392524346,7.752218167855984,9.085042358175343,9.219479216801247,0.011722439970836432,0.020662421728770104,Q1,2024
Orchard / Marina Bay,Singapore,120,2,2,180630000.0,1505250.0,Condo,11.534988471180373,7.138199780360395,9.880753570564352,9.788167146657921,0.022423141269494365,0.042962913482787475,Q2,2023
Bukit Timah,Singapore,90,3,4,160946000.0,1788286.0,Landed,12.176030656403027,8.33109476645281,9.486091627449815,9.718750021719307,0.021919189531115574,0.039638715058917626,Q3,2024
Novena / Toa Payoh,Singapore,38,1,2,53267000.0,1401751.0,Landed,22.037319925314684,7.724711823675202,9.799668628263534,9.39701847580908,0.01381090511193002,0.04067831444439609,Q4,2023
Tampines / Bedok,Singapore,120,2,3,84948000.0,707903.0,Condo,8.32916762379633,7.510761652603172,9.38894117475442,9.700034666529746,0.03492738990774241,0.03550195251381135,Q4,2023
Bukit Timah,Singapore,120,3,2,213312000.0,1777598.0,Landed,23.31710018687896,8.905926070938474,9.09843607763291,9.135510064225908,0.028175916611985014,0.015646807602012286,Q3,2023
Novena / Toa Payoh,Singapore,140,3,2,127024000.0,907317.0,HDB,8.553165998445214,7.924294469956625,9.43303889989893,9.324327731133021,0.04222450527888799,0.02652088337107575,Q4,2023
Novena / Toa Payoh,Singapore,120,2,1,138033000.0,1150273.0,Landed,19.0706391101178,7.099769528135978,9.041849802085101,9.807582453727456,0.023745624631962538,0.04362576464595467,Q2,2024
Orchard / Marina Bay,Singapore,120,4,4,183889000.0,1532409.0,Condo,15.823103683935328,7.345253637201498,9.713429557377207,9.206576152340098,0.02748321808786907,0.018646983925927924,Q4,2024
Bukit Timah,Singapore,45,2,1,80066000.0,1779249.0,Landed,11.557023009020849,7.231308254228218,9.92832895657288,9.170652875015998,0.0339365981358068,0.02044783401074029,Q4,2023
Jurong West,Singapore,75,1,1,40215000.0,536195.0,Condo,2.709859860556892,8.659992032538842,9.97784475260883,9.32379333637324,0.026973282677843685,0.04749309133385402,Q2,2024
Jurong West,Singapore,90,2,1,51546000.0,572733.0,Condo,14.519543201604698,8.997638081508512,9.831508315056332,9.705194039156543,0.02694363369553271,0.04573508264428954,Q4,2024
Bukit Timah,Singapore,55,1,1,68668000.0,1248506.0,HDB,19.757747599806073,8.214292817116688,9.57502569408662,9.119034657762452,0.015810035330049925,0.03405950689249896,Q4,2024
Jurong West,Singapore,90,1,1,42561000.0,472901.0,HDB,12.9696098838366,7.084534172763529,9.399498312884786,9.635003104158775,0.030516972179812973,0.03528712132675388,Q3,2024
Jurong West,Singapore,140,3,4,92736000.0,662400.0,Landed,3.838930573920723,8.07333711587871,9.424108281916755,9.461863562934482,0.030138148022562372,0.04122516503043496,Q1,2023
Jurong West,Singapore,90,2,3,65888000.0,732093.0,Landed,12.377761929250816,7.631878769630383,9.517825510943874,9.928016925670189,0.015070830143968851,0.010163054091817943,Q4,2023
Woodlands / Yishun,Singapore,90,2,3,37053000.0,411702.0,HDB,3.7850982634057653,7.748331137010398,9.200597346205296,9.99267678620234,0.02388986311575289,0.02214255589718267,Q3,2023
Woodlands / Yishun,Singapore,38,1,2,17502000.0,460590.0,Condo,14.159287796649652,7.616933954658881,9.390146942375965,9.26084124712791,0.03453616803328686,0.012842892916051705,Q2,2023
Orchard / Marina Bay,Singapore,45,2,2,71486000.0,1588574.0,Condo,18.785248296508982,7.711006552489749,9.802709540916041,9.74742039673128,0.010747423404294137,0.04523343084053737,Q2,2023
Woodlands / Yishun,Singapore,65,2,1,23522000.0,361877.0,HDB,9.433444311229184,7.631330054892942,9.376777753245927,9.778679457745488,0.04512495778438041,0.01621927145111779,Q3,2023
Woodlands / Yishun,Singapore,65,1,1,39015000.0,600238.0,Landed,7.979808283231645,8.470168757310859,9.733863159229804,9.205965920925639,0.045302246490560194,0.04952122116722673,Q3,2023
Bukit Timah,Singapore,65,1,1,70859000.0,1090137.0,HDB,21.308208404873724,8.866621284592187,9.45239606427426,9.672450065507565,0.02573511895752926,0.04505034652232625,Q2,2024
Orchard / Marina Bay,Singapore,75,3,3,102350000.0,1364667.0,HDB,9.700482579242685,8.332846508485666,9.406950860641482,9.022424788053225,0.01965420904067893,0.012863807139739336,Q2,2023
Orchard / Marina Bay,Singapore,65,1,1,108335000.0,1666693.0,Condo,20.042653361484795,8.454319658954761,9.221389504357399,9.505660311461332,0.04268058542666848,0.015327013978174731,Q1,2024
Jurong West,Singapore,140,4,5,95276000.0,680545.0,Landed,5.876256967278167,8.77922438585668,9.209057606184404,9.720783789094751,0.03816679005579652,0.04850033260756128,Q4,2023
Orchard / Marina Bay,Singapore,55,2,2,114194000.0,2076260.0,Landed,24.16583014447788,7.012921546799811,9.024434046229574,9.223365123088547,0.012569836321369845,0.02811090931563192,Q2,2023
Bukit Timah,Singapore,55,1,1,59633000.0,1084229.0,HDB,2.650305841113072,8.189576305484142,9.928456844953033,9.620115004539667,0.01386225145085453,0.027022316828808624,Q1,2023
Jurong West,Singapore,75,1,2,40531000.0,540409.0,Condo,10.429499595387174,8.804960823868313,9.020171837450748,9.316165218554945,0.016676840156661966,0.03062072381767752,Q2,2024
Bukit Timah,Singapore,65,1,2,89638000.0,1379042.0,Condo,5.836423028799625,7.333822830419596,9.907182513409186,9.943977225856445,0.03587697364203825,0.049063741001921755,Q1,2024
Novena / Toa Payoh,Singapore,55,2,1,49114000.0,892982.0,HDB,16.284269950203676,8.057968699204093,9.394672942164803,9.151913809132735,0.04956739303002641,0.025158234678355852,Q4,2024
Tampines / Bedok,Singapore,45,1,2,37718000.0,838181.0,Landed,21.56978551326421,7.564456756380524,9.155751885525191,9.288585366458264,0.014949344160978466,0.01698398094636567,Q4,2023
Orchard / Marina Bay,Singapore,38,1,2,63903000.0,1681655.0,Condo,18.95364805617904,7.443169031152326,9.083734243014241,9.417835682857357,0.04520807763328032,0.04575825463218191,Q3,2024
Novena / Toa Payoh,Singapore,38,1,2,32129000.0,845502.0,HDB,16.95644459234236,7.282754264834006,9.579262324759886,9.610826207488497,0.03517999641767007,0.04905895875227349,Q1,2024
Novena / Toa Payoh,Singapore,120,3,3,151056000.0,1258803.0,Landed,3.1246298937400825,8.83488715826199,9.683150300472484,9.885101219331334,0.012654982773693986,0.014900619703227008,Q3,2024
Jurong West,Singapore,65,1,1,40765000.0,627147.0,Landed,21.76251103626021,7.101825419817309,9.978409005216735,9.88128996937679,0.02522112681588206,0.038518855736123306,Q3,2023
Novena / Toa Payoh,Singapore,65,1,2,60168000.0,925662.0,Condo,14.437753954397083,8.575592708064724,9.914604952235972,9.879714924042819,0.03155971523641607,0.03602499630841563,Q3,2023
Tampines / Bedok,Singapore,45,1,2,40909000.0,909089.0,Landed,1.2322227408450734,8.958376068674088,9.907174976451046,9.021086156160987,0.048130325772692176,0.04224648284994754,Q2,2023
Orchard / Marina Bay,Singapore,45,1,2,54544000.0,1212087.0,HDB,4.684692289108817,8.079665946934046,9.760646010198368,9.747389975717088,0.027419754773998148,0.037825366457867104,Q1,2024
Bukit Timah,Singapore,140,5,4,226213000.0,1615805.0,Landed,23.413112785002994,7.8301913888205785,9.70961592555596,9.805797118362912,0.046993607169343095,0.02192097036511315,Q2,2023
Orchard / Marina Bay,Singapore,55,1,2,97686000.0,1776109.0,Landed,18.995367893924687,7.4612460705494,9.913491269823545,9.89062808433195,0.04814892185222627,0.022532230311384203,Q2,2023
Novena / Toa Payoh,Singapore,38,1,1,50585000.0,1331189.0,Landed,10.913591947888413,8.889001658185201,9.714257694393362,9.865170876536528,0.01406182245239171,0.042055258523518095,Q2,2023
Woodlands / Yishun,Singapore,120,4,5,76040000.0,633663.0,Landed,3.4104165453121693,8.594351946664112,9.12184121256714,9.006795415288504,0.03980467930032622,0.03437871275066294,Q4,2024
Woodlands / Yishun,Singapore,140,5,4,70179000.0,501279.0,Condo,16.887486372179854,8.614204834243509,9.644427700841469,9.399211297273633,0.011289998357199847,0.043397546115971665,Q1,2023
Orchard / Marina Bay,Singapore,120,2,3,149320000.0,1244333.0,HDB,13.305070644883632,7.204429346704376,9.38533501431619,9.080031080303202,0.027535930868157185,0.0482547295386569,Q3,2024
Orchard / Marina Bay,Singapore,90,3,3,149431000.0,1660349.0,Condo,18.562607903327155,7.008712297619496,9.648776267357364,9.656467699591515,0.03550346960710588,0.021035062797219388,Q4,2023
Novena / Toa Payoh,Singapore,38,2,1,35830000.0,942905.0,Condo,24.819091464538083,7.845826761035346,9.938358465657362,9.29322100542358,0.027480097440279502,0.038286479651994096,Q1,2024
Jurong West,Singapore,140,3,3,88706000.0,633612.0,Landed,5.831496007823259,7.415264718117054,9.404291482008233,9.215285118583422,0.043315201642434485,0.04699817396157908,Q2,2024
Woodlands / Yishun,Singapore,55,1,2,35474000.0,644979.0,Landed,10.870573539884521,8.535456788110759,9.568383711786373,9.472573439731319,0.040839475741400615,0.010398762171498035,Q4,2023
Woodlands / Yishun,Singapore,105,3,4,44251000.0,421440.0,HDB,24.519914229454688,7.707520578322418,9.359414753016749,9.275711278315296,0.02577301580869442,0.02566469448931593,Q4,2024
Woodlands / Yishun,Singapore,45,2,3,22430000.0,498447.0,Condo,23.08225236274791,8.808871511752471,9.418382195940085,9.453019042586465,0.01668294290831545,0.02798390819195335,Q2,2024
Orchard / Marina Bay,Singapore,38,1,1,80365000.0,2114867.0,Landed,1.390041142109716,7.768024139690361,9.223611071528607,9.57654582463626,0.028915007101089595,0.03626751565759146,Q2,2024
Orchard / Marina Bay,Singapore,75,1,2,95169000.0,1268915.0,HDB,3.8929326127864226,7.256534822460141,9.643533689407958,9.845842661366573,0.028268688507645974,0.04457400803084372,Q3,2023
Novena / Toa Payoh,Singapore,120,2,3,141682000.0,1180680.0,Landed,3.490887146331181,7.136839699777457,9.887015207105588,9.196861390211891,0.014657383207913873,0.02281892538829381,Q1,2023
Tampines / Bedok,Singapore,75,1,1,61380000.0,818395.0,Landed,9.783477712655413,8.225987851170926,9.382831400682056,9.599062894238203,0.010954961943728683,0.020015098827676082,Q4,2023
Orchard / Marina Bay,Singapore,105,4,5,177620000.0,1691618.0,Condo,3.152400863628201,8.08725312684592,9.090289977925696,9.206797358884495,0.015403364769366403,0.026507875155424923,Q3,2023
Woodlands / Yishun,Singapore,45,1,1,21403000.0,475620.0,Condo,15.777287220855051,7.237377805095825,9.953006974507215,9.99056374334098,0.018486134726041367,0.01556634584782076,Q4,2023
Tampines / Bedok,Singapore,65,1,2,45869000.0,705671.0,Condo,12.278995125201188,7.377009093873357,9.804699691522812,9.213731789029074,0.038371176620687224,0.01769690263744253,Q3,2024
Novena / Toa Payoh,Singapore,120,4,3,123640000.0,1030333.0,Condo,9.175122452130791,8.828264518003758,9.554053637062918,9.195198195105867,0.028448843756242848,0.04300023268197939,Q3,2023
Jurong West,Singapore,90,3,2,62484000.0,694266.0,Landed,13.366730737305552,7.039626398478399,9.924266608966501,9.627538804522176,0.031539681965006845,0.03478875270689997,Q4,2024
Bukit Timah,Singapore,120,2,1,210261000.0,1752173.0,Landed,9.189815010763235,7.937019246366475,9.579046169591734,9.776971121547893,0.0365822830488702,0.043326303239026566,Q4,2023
Bukit Timah,Singapore,38,1,1,69213000.0,1821402.0,Landed,20.217017836689386,7.784957240904866,9.338115070475624,9.310009878107671,0.014231594532157379,0.03779546141667864,Q4,2023
Bukit Timah,Singapore,65,1,1,81073000.0,1247276.0,HDB,8.838928779021586,7.4328508397042174,9.808036500991458,9.913214628424809,0.023185017668935957,0.025611896775702497,Q3,2024
Novena / Toa Payoh,Singapore,55,1,1,50614000.0,920250.0,HDB,9.759720911893314,7.4490898638566305,9.597926288939767,9.935023413849322,0.01899298661340707,0.04709817521822261,Q3,2024
Orchard / Marina Bay,Singapore,45,1,1,90828000.0,2018396.0,Landed,24.724361893034292,8.574645298150825,9.824962412450772,9.097372960030455,0.025845538416336647,0.03954105359219993,Q3,2023
Tampines / Bedok,Singapore,120,2,1,78878000.0,657317.0,Condo,24.83946832048528,7.564755716713533,9.085143990635485,9.783087361877202,0.04244836450963133,0.01943358803306161,Q2,2023
Jurong West,Singapore,65,2,2,36334000.0,558988.0,Condo,23.81421269182875,8.28842315264631,9.5224352719468,9.943673157501554,0.022769164328209197,0.012131873535303615,Q1,2024
Tampines / Bedok,Singapore,140,5,4,92140000.0,658143.0,Condo,9.954341486002768,7.806379779155037,9.121426794401653,9.178636581753757,0.020206518823071187,0.04956531328732855,Q3,2023
Orchard / Marina Bay,Singapore,105,4,5,208741000.0,1988012.0,Landed,24.31523906108484,7.899044546083973,9.620768290038185,9.362690654543062,0.03824847110877443,0.021246665909658388,Q4,2024
Tampines / Bedok,Singapore,65,1,1,55251000.0,850011.0,Landed,14.662229108655557,8.380037516930539,9.711692845255707,9.48688132457167,0.03350395427714352,0.01451315477544133,Q4,2024
Bukit Timah,Singapore,120,3,3,137571000.0,1146423.0,HDB,8.401348993816619,8.53485855672742,9.9893118281992,9.01129216726119,0.028842126125335696,0.0371525919037274,Q2,2023
Bukit Timah,Singapore,55,1,1,93645000.0,1702630.0,Landed,7.957581711782016,8.532108163141658,9.548930992537914,9.098962459005017,0.046067387666551614,0.03815604013844527,Q4,2024
Tampines / Bedok,Singapore,90,1,2,51190000.0,568775.0,HDB,4.10179897635031,7.616911583313308,9.099285506518186,9.632817592937805,0.04767965393332149,0.03936990027615569,Q2,2023
Woodlands / Yishun,Singapore,38,2,1,18425000.0,484871.0,Condo,9.088052238745894,8.224336326203021,9.052987445391468,9.1859239502809,0.02233791895017943,0.023503288523519093,Q4,2023
Jurong West,Singapore,65,2,2,26362000.0,405575.0,HDB,1.4215223891834734,8.706445909083376,9.004400112151357,9.403119343075291,0.03088794537820945,0.031052877594221838,Q1,2024
Orchard / Marina Bay,Singapore,120,4,4,149157000.0,1242977.0,HDB,16.922516291211362,7.3550141198487085,9.605493518923108,9.01884362256492,0.01469711691738528,0.04177031598564621,Q1,2024
Jurong West,Singapore,105,3,4,54879000.0,522655.0,Condo,8.978866467069597,8.273366478161872,9.905432701919333,9.690584394030248,0.028348238374252197,0.04752097890495766,Q4,2023
Woodlands / Yishun,Singapore,140,3,4,60395000.0,431396.0,HDB,5.29125397199164,7.452281654814037,9.605469011203809,9.894100813890697,0.03728795567188894,0.033449993770194156,Q3,2023
Orchard / Marina Bay,Singapore,65,1,2,118158000.0,1817820.0,Landed,10.070081092646248,8.717219579613648,9.78806581170597,9.538880542714704,0.01711131714923879,0.02900327062193666,Q2,2024
Jurong West,Singapore,55,1,2,31854000.0,579158.0,Condo,18.924964757111233,8.510924483220865,9.556496386050343,9.518282534281779,0.046808318450219814,0.023887451845511658,Q4,2024
Orchard / Marina Bay,Singapore,90,3,3,150915000.0,1676838.0,Condo,13.121145185482808,8.299098096863656,9.590973632355402,9.703113646096867,0.036892595072071516,0.0272312101220748,Q3,2023
Novena / Toa Payoh,Singapore,105,2,1,123569000.0,1176848.0,Landed,18.61059940103746,7.487770996482179,9.541726208668212,9.524603837933915,0.039905983875419285,0.011853635541196068,Q4,2024
Bukit Timah,Singapore,120,4,3,214356000.0,1786304.0,Landed,2.637366818517928,8.788540037008627,9.98834253487457,9.345969229601604,0.04791116667333046,0.018774984455460855,Q2,2024
Orchard / Marina Bay,Singapore,120,3,4,216628000.0,1805235.0,Landed,10.842977212964005,8.582256460118623,9.715242927328884,9.144213440856388,0.04751209017858461,0.037358301445126606,Q3,2023
Novena / Toa Payoh,Singapore,140,3,2,167820000.0,1198717.0,Landed,23.403894325773436,8.428871748570778,9.253605656810816,9.631567353399907,0.029230425462355235,0.04248320111249268,Q1,2024
Bukit Timah,Singapore,55,1,2,69886000.0,1270648.0,Condo,22.045368910410943,7.358357149110714,9.763700554837648,9.376556371328263,0.04645119998774862,0.04652674004574504,Q2,2024
Woodlands / Yishun,Singapore,45,1,1,18299000.0,406641.0,HDB,7.791243182545292,7.0016951352188626,9.350401502195549,9.5703500026417,0.018467336359918082,0.032439310023679745,Q4,2023
Tampines / Bedok,Singapore,38,1,1,22062000.0,580566.0,HDB,6.010971991360186,8.319935806267827,9.727510588260007,9.751401908604286,0.031049640563056022,0.01416755741174204,Q4,2024
Jurong West,Singapore,55,2,3,37686000.0,685201.0,Landed,5.870931084439537,8.029039400461697,9.546490207749882,9.93989123112362,0.014571922602707722,0.02447940235368047,Q1,2023
Woodlands / Yishun,Singapore,120,2,3,66758000.0,556313.0,Landed,8.03875978135387,7.25560974575669,9.7642091204643,9.918924967414144,0.03479545678885131,0.01523300032567243,Q2,2024
Orchard / Marina Bay,Singapore,65,1,2,138580000.0,2132000.0,Landed,5.211632592576003,8.02136131496325,9.291784154328345,9.313801812735948,0.01995286818827462,0.018496374810636936,Q4,2024
Orchard / Marina Bay,Singapore,45,1,1,80231000.0,1782902.0,Landed,11.871129380110967,7.333712943008661,9.073832666476424,9.450103511818623,0.01554910877504248,0.031256883418710045,Q4,2024
Jurong West,Singapore,140,5,4,86250000.0,616073.0,Landed,3.7436317390467417,7.616031615040578,9.33240757654149,9.362645607151395,0.01560548256058401,0.029257122655026155,Q3,2024
Novena / Toa Payoh,Singapore,90,2,3,103814000.0,1153490.0,Landed,9.575285532317967,8.463719885844379,9.601634384527657,9.857972114750924,0.03513844477456712,0.0110586896675895,Q2,2024
Jurong West,Singapore,38,2,3,21557000.0,567301.0,Condo,1.4761453904455397,7.930262086817344,9.409928807641098,9.76395947820484,0.028536297851514347,0.022741757206243628,Q2,2024
Jurong West,Singapore,120,2,2,58548000.0,487904.0,Condo,9.77567189338435,7.097133827572742,9.85502765813828,9.54800723187288,0.04958601816606327,0.04920502937208667,Q4,2023
Novena / Toa Payoh,Singapore,105,2,2,94820000.0,903047.0,HDB,23.39755872638787,8.984496368182938,9.480129758666267,9.56261914753725,0.0456090732806018,0.030724643739010064,Q3,2024
Woodlands / Yishun,Singapore,140,4,5,61582000.0,439868.0,Condo,13.641404982604303,8.61089686762562,9.2108668202523,9.510192140030547,0.020140683073733796,0.02731684400859065,Q4,2024
Novena / Toa Payoh,Singapore,140,4,3,140713000.0,1005095.0,Condo,20.34247066666608,8.250764379927233,9.567778975760344,9.065181899499233,0.011724660745411356,0.012810022598311495,Q2,2024
Novena / Toa Payoh,Singapore,105,4,4,112403000.0,1070506.0,Condo,17.53771851548391,7.7261431823687685,9.50831005490625,9.639197881210293,0.03887940130371406,0.04776676062790834,Q4,2024
Jurong West,Singapore,105,2,3,46396000.0,441868.0,HDB,10.329447305273536,7.197002810340021,9.512992623052282,9.563040696003315,0.048153351494100806,0.011423148868733076,Q3,2023
Jurong West,Singapore,45,1,2,28346000.0,629921.0,Landed,21.839770058652725,8.423149221573482,9.524875660294596,9.122045134924168,0.020800927810098332,0.030285270361025095,Q1,2023
Orchard / Marina Bay,Singapore,45,1,1,93997000.0,2088818.0,Landed,9.852279750793823,7.62619257748087,9.633047855838319,9.311551181209435,0.025143899036048634,0.04883620673063975,Q3,2023
Jurong West,Singapore,140,5,4,73717000.0,526553.0,Condo,18.489510057716416,7.649065179475918,9.593497020306339,9.047088825127574,0.03260474770626222,0.045417930793981515,Q2,2024
Tampines / Bedok,Singapore,65,1,1,46025000.0,708084.0,Condo,5.401324767284992,8.014499616214062,9.719825366021997,9.80120737588448,0.023301118157357713,0.011507705593787514,Q3,2024
Novena / Toa Payoh,Singapore,140,3,3,133513000.0,953667.0,Condo,3.411540964077637,8.397489891586488,9.410804861414686,9.385978232244165,0.04984800195709328,0.040356203507106544,Q2,2023
Orchard / Marina Bay,Singapore,120,4,3,251423000.0,2095189.0,Landed,6.306622418539084,8.298859225974056,9.599889512881154,9.513725180855477,0.04380039893578095,0.02892516783697697,Q4,2023
Jurong West,Singapore,120,2,3,80397000.0,669979.0,Landed,20.448361723337623,7.849623948458702,9.981857661329286,9.738797180063258,0.048865800046197755,0.013060714928348118,Q4,2023
Jurong West,Singapore,65,1,1,26383000.0,405899.0,HDB,10.23488561030778,7.519913563080933,9.382026747987837,9.546252993957772,0.020670277318975402,0.0477847860191672,Q2,2024
Jurong West,Singapore,55,1,1,24996000.0,454466.0,HDB,6.984750881025682,8.63288082068335,9.36495901987265,9.172291196473102,0.02668044008829231,0.035662950694279785,Q3,2024
Jurong West,Singapore,65,1,1,30502000.0,469267.0,HDB,19.59761329294667,8.955319280800044,9.037876331842401,9.821538517800967,0.023060273113759286,0.03286026833453493,Q4,2024
Orchard / Marina Bay,Singapore,120,3,4,180741000.0,1506174.0,Condo,14.231807186838207,7.417275202686752,9.726253817438387,9.834285466384046,0.01286811669562781,0.04468996451138453,Q4,2024
Woodlands / Yishun,Singapore,75,3,3,34068000.0,454245.0,Condo,11.076236442240283,7.611313539398521,9.450074460204533,9.118232015725505,0.03310323821716049,0.01105736406688152,Q2,2024
Novena / Toa Payoh,Singapore,65,1,2,67279000.0,1035056.0,Condo,22.761523356431884,7.769252207941749,9.294986460055672,9.127707609662458,0.03932571711707821,0.03998315069660575,Q4,2023
Novena / Toa Payoh,Singapore,105,3,2,125378000.0,1194076.0,Landed,21.01178474355524,8.365372463630672,9.266134420930026,9.129272572750429,0.020606795598640967,0.047093426989181716,Q4,2024
Jurong West,Singapore,140,4,3,75655000.0,540395.0,Condo,7.351705642962262,7.005116403925866,9.620457311712553,9.5736256604436,0.015909484358526696,0.017266886995807813,Q3,2023
Orchard / Marina Bay,Singapore,55,1,2,81409000.0,1480160.0,Condo,4.726311561818073,8.621330444010052,9.52209538419588,9.480827663935587,0.044090090786764874,0.02650740233662833,Q2,2024
Bukit Timah,Singapore,38,2,3,55569000.0,1462347.0,Condo,20.11652072906325,7.9227998300703915,9.712331456113914,9.926067732648212,0.040750253837288586,0.030969802121667785,Q1,2024
Bukit Timah,Singapore,75,2,3,98750000.0,1316660.0,Condo,8.123308071469808,7.005611605334764,9.79531300827906,9.514517703995153,0.024289016664707775,0.04548918409093816,Q1,2023
Orchard / Marina Bay,Singapore,75,1,1,100893000.0,1345234.0,HDB,13.27787464140835,7.201513940364583,9.989834418014505,9.06331952710471,0.045631977811803975,0.0294640843653955,Q3,2023
Jurong West,Singapore,105,3,2,71031000.0,676482.0,Landed,5.737673876674245,7.391133692091734,9.528976100438324,9.61571388733333,0.0311659885162323,0.027234995623875546,Q3,2024
Orchard / Marina Bay,Singapore,90,1,1,190555000.0,2117278.0,Landed,8.055300499701762,8.108021358146468,9.58167956252192,9.489127443122252,0.032770882332723884,0.02481343082249402,Q2,2024
Bukit Timah,Singapore,140,3,3,244645000.0,1747465.0,Landed,2.0800424369453667,8.940730483372736,9.763365210210074,9.393821020025353,0.01716591864408896,0.0405658011055567,Q1,2024
Novena / Toa Payoh,Singapore,140,5,4,194205000.0,1387177.0,Landed,17.244066386705946,8.018971587764435,9.323984297418267,9.972344901967755,0.04318832393024269,0.042618440896981864,Q2,2023
Tampines / Bedok,Singapore,65,2,3,41108000.0,632435.0,HDB,17.30408210874733,8.096948584863743,9.095412081450547,9.434363707779154,0.019567812263356636,0.03696405575323363,Q3,2024
Woodlands / Yishun,Singapore,90,3,2,39156000.0,435071.0,HDB,20.038988928929122,7.4724215916782875,9.928384855194858,9.128760598393535,0.013184617720332206,0.012553700862410469,Q2,2024
Jurong West,Singapore,38,1,1,21785000.0,573289.0,Condo,12.975501525151898,7.845755512963198,9.924528533018304,9.03490607630719,0.03846457637586897,0.019424823938535465,Q1,2024
Orchard / Marina Bay,Singapore,65,1,1,124873000.0,1921120.0,Landed,1.3635661128009264,7.322503094270767,9.719623374578354,9.075234335335734,0.012013888791190133,0.040158622437898514,Q4,2024
Orchard / Marina Bay,Singapore,75,3,3,118738000.0,1583167.0,Condo,9.521017497210163,8.90742685641229,9.66377123255535,9.72389349544521,0.028522070479479633,0.015885726467382684,Q3,2023
Novena / Toa Payoh,Singapore,105,3,4,142945000.0,1361381.0,Landed,19.83214998684626,8.37590351371343,9.082133520959385,9.63643680038801,0.03519468215316523,0.03535046307316551,Q4,2023
Woodlands / Yishun,Singapore,38,1,1,13756000.0,361989.0,HDB,9.115539725905641,8.551411381406606,9.92291004325541,9.28819416951486,0.03437949102735665,0.02574636784312532,Q2,2023
Woodlands / Yishun,Singapore,90,2,2,58993000.0,655473.0,Landed,2.093772512735094,8.434120960249876,9.262365901647332,9.942500742271704,0.023566156734121192,0.021208489645299186,Q1,2023
Tampines / Bedok,Singapore,90,3,3,74691000.0,829900.0,Landed,23.68220658952172,7.885392527825196,9.691781490435016,9.808239825777518,0.010244120572911486,0.04202812299891163,Q1,2023
Jurong West,Singapore,38,2,3,18853000.0,496120.0,Condo,15.061027901004142,7.921049014400587,9.966265896093145,9.031601027997972,0.04887600368438384,0.01729874526380029,Q2,2023
Novena / Toa Payoh,Singapore,105,2,1,146399000.0,1394279.0,Landed,24.09620992642293,8.344020110481955,9.762495489904058,9.142913554296792,0.029619810633516513,0.04176999270071325,Q1,2023
Bukit Timah,Singapore,65,1,2,68628000.0,1055810.0,HDB,8.890491021611304,7.366016281650555,9.291988882420979,9.5340707600417,0.014417066336804028,0.030348485253496683,Q3,2023
Jurong West,Singapore,65,1,1,47821000.0,735714.0,Landed,2.4869234307955566,8.795599919123882,9.014534227402326,9.426515815270204,0.03309796175047734,0.039333056827513875,Q1,2024
Woodlands / Yishun,Singapore,45,2,3,19132000.0,425165.0,HDB,21.311874816402888,8.679307240285267,9.305169604093313,9.82583499627511,0.022456031936789807,0.04953446247802509,Q1,2023
Woodlands / Yishun,Singapore,55,2,1,35020000.0,636718.0,Landed,10.170939899676391,8.170816680472191,9.107768787267624,9.395210306665424,0.02983088412250045,0.027990093038471983,Q3,2023
Bukit Timah,Singapore,105,2,1,126943000.0,1208984.0,HDB,4.960240790057238,8.937327008222972,9.431925544218402,9.53288044048981,0.042611710097127976,0.046114208432786664,Q3,2023
Woodlands / Yishun,Singapore,65,2,3,29041000.0,446781.0,Condo,7.284529573961529,8.976712239516933,9.165704902261322,9.544631200520227,0.03515092064240531,0.024730186929173635,Q2,2024
Jurong West,Singapore,120,2,2,65791000.0,548258.0,Condo,3.638695951622747,8.102196121919466,9.31999994304258,9.82100398796299,0.028250078924558587,0.03563695779879565,Q2,2023
Orchard / Marina Bay,Singapore,55,2,3,69997000.0,1272670.0,HDB,9.462412459477786,8.682607054567086,9.643957243698388,9.70744046891702,0.03675655830991565,0.0374826157752673,Q4,2024
Woodlands / Yishun,Singapore,55,1,1,25467000.0,463043.0,Condo,5.542201276595221,7.261666195126114,9.991929573360755,9.999187213456391,0.03832256441233105,0.04391804134758218,Q1,2023
Tampines / Bedok,Singapore,38,1,2,21710000.0,571322.0,HDB,6.8062637584908,8.421411927304856,9.735007709608142,9.15221458038715,0.04884165291382825,0.03826527134944357,Q4,2024
Jurong West,Singapore,90,3,2,49443000.0,549367.0,Condo,8.837516888970168,8.973313532599699,9.016048529951254,9.270960954348526,0.017844648901227028,0.04480445785143859,Q2,2023
Jurong West,Singapore,65,1,1,26364000.0,405593.0,HDB,3.560077631651377,8.228397461362947,9.004136378909706,9.245524711235712,0.026055993209702963,0.038889084645237916,Q2,2023
Orchard / Marina Bay,Singapore,45,2,1,76262000.0,1694706.0,Condo,3.262874474238889,7.323486388877356,9.091917940771788,9.372999767650974,0.04746054692428265,0.03377614778994243,Q1,2023
Orchard / Marina Bay,Singapore,75,2,1,91877000.0,1225025.0,HDB,1.1588972031109508,7.086146552696751,9.818577304249613,9.630149389539401,0.010397439112549086,0.02337905280184493,Q2,2024
Jurong West,Singapore,120,2,1,70265000.0,585543.0,Condo,13.357629968993084,8.342356460021875,9.043783613971648,9.647963380284736,0.022939141501908785,0.04772035021442524,Q1,2024
Novena / Toa Payoh,Singapore,45,1,1,41336000.0,918568.0,HDB,16.762992904625715,7.923033400752274,9.784212508653953,9.516147860540466,0.011143838792926339,0.0462666411690789,Q4,2024
Jurong West,Singapore,90,3,4,41764000.0,464045.0,HDB,23.5988526676723,8.979998732858624,9.131688604292844,9.17832167375914,0.03502014562209961,0.03528892254438814,Q2,2023
Novena / Toa Payoh,Singapore,120,2,2,137906000.0,1149219.0,Landed,18.84540544452291,7.478664988300276,9.51969022173772,9.800774831874229,0.024347059335473452,0.04175190913020687,Q3,2024
Jurong West,Singapore,38,2,1,24965000.0,656969.0,Landed,21.16867065020345,7.518073467577586,9.545228048024702,9.532896983657517,0.016105398923881763,0.011414026356217816,Q3,2024
Novena / Toa Payoh,Singapore,140,4,4,151009000.0,1078634.0,Condo,9.546978168376889,8.440367174480796,9.269038079617776,9.42146233175078,0.017715675807667274,0.04203508447382207,Q2,2024
Bukit Timah,Singapore,55,2,1,81398000.0,1479964.0,Condo,21.864552953959375,7.845143073336378,9.07097847282336,9.460844619437772,0.03298632381358346,0.01720204892092933,Q3,2024
Jurong West,Singapore,65,1,2,41896000.0,644551.0,Landed,12.896245169882416,8.047256111780197,9.093749516593974,9.31791702665553,0.03027380920787978,0.03355602884121006,Q3,2023
Woodlands / Yishun,Singapore,120,2,2,47354000.0,394619.0,HDB,16.831048955453934,7.425805858654504,9.825571931562497,9.432566562160536,0.015096223967842163,0.02825088528325915,Q3,2023
Woodlands / Yishun,Singapore,105,2,2,59283000.0,564596.0,Landed,1.7460577037926805,8.583919142888439,9.920233642978602,9.11020036008515,0.01023297403209011,0.04986354113489867,Q3,2023
Jurong West,Singapore,75,2,1,44510000.0,593470.0,Condo,12.420372204716273,8.509876924207795,9.37678811962969,9.180803753414702,0.01714655634959432,0.019967763051042968,Q2,2023
Novena / Toa Payoh,Singapore,90,3,4,83439000.0,927100.0,Condo,14.659877748528801,7.166890153138922,9.320146496718152,9.871646654985613,0.049450341407341815,0.03470101474299037,Q2,2024
Bukit Timah,Singapore,120,4,5,159621000.0,1330174.0,Condo,6.533211022473918,7.348877237879417,9.814050093982395,9.384270285095035,0.040835740703559054,0.045983561014255,Q2,2024
Novena / Toa Payoh,Singapore,90,3,2,76846000.0,853843.0,HDB,22.780287946127004,8.781054318311256,9.271289035075608,9.290040774522199,0.031873112241190216,0.01973901696832146,Q2,2023
Bukit Timah,Singapore,38,1,1,59601000.0,1568444.0,Landed,11.748153672366698,8.565246492399407,9.952549354664082,9.197192753154942,0.03166606227715446,0.033088919107129286,Q4,2023
Woodlands / Yishun,Singapore,105,3,4,52224000.0,497376.0,Condo,15.34534570319089,8.200135355806687,9.200316380228154,9.538394572100227,0.04730411922398127,0.02541994073078819,Q3,2024
Woodlands / Yishun,Singapore,45,1,1,24469000.0,543747.0,Landed,12.632187425691196,8.423869627968,9.812237134659199,9.686220005642603,0.044111151837960744,0.027571669250049655,Q2,2023
Bukit Timah,Singapore,38,1,2,61665000.0,1622756.0,Landed,22.38207446337968,8.467790446108431,9.646793672212906,9.673145652766385,0.010111968886228935,0.04427195639725045,Q4,2023
Tampines / Bedok,Singapore,120,2,2,118125000.0,984377.0,Landed,10.347187263183123,8.691262291913457,9.858923584408108,9.27395200972366,0.018841990780297538,0.017774564588605164,Q2,2023
Jurong West,Singapore,90,2,1,42725000.0,474720.0,HDB,3.892131615112562,8.776760272210115,9.609052797295508,9.35210292663525,0.03033925469941598,0.036329044133633095,Q3,2023
Tampines / Bedok,Singapore,65,1,1,48369000.0,744146.0,Condo,13.953442175305756,8.01347653038191,9.042578047604701,9.760437615065065,0.041485447252791574,0.02217084829117677,Q4,2024
Bukit Timah,Singapore,120,3,4,203580000.0,1696499.0,Landed,8.79994731345202,8.958370643205908,9.548054972849165,9.707738742255,0.028822179703532888,0.014135351327348552,Q4,2023
Orchard / Marina Bay,Singapore,55,1,1,89652000.0,1630035.0,Condo,15.289904422983884,8.384917558466068,9.873990635065228,9.35620781638508,0.04169105597549569,0.03920419335570028,Q4,2023
Woodlands / Yishun,Singapore,140,5,4,52216000.0,372969.0,HDB,17.613407372721866,7.115142459646457,9.09512256656995,9.703651209839444,0.02219857420255822,0.048293487350537886,Q4,2024
Jurong West,Singapore,65,1,2,29039000.0,446756.0,HDB,1.2309348865625127,7.159172919078953,9.97476885289083,9.397555162306249,0.036287348257424114,0.022159096179098066,Q1,2024
Jurong West,Singapore,45,1,2,21296000.0,473244.0,HDB,21.482421891812738,7.344400817270666,9.209007688753704,9.477632097135942,0.03638201263846118,0.0496658848030345,Q3,2023
Orchard / Marina Bay,Singapore,45,1,1,81712000.0,1815826.0,Landed,5.110803880020649,8.220876523123795,9.144899972935917,9.862196571811475,0.01653377087861898,0.027950958513343428,Q2,2024
Orchard / Marina Bay,Singapore,38,1,1,46882000.0,1233750.0,HDB,2.30038461132075,8.654139136392075,9.200288430056196,9.612207318987833,0.031206374167194774,0.015739991969392145,Q3,2024
Orchard / Marina Bay,Singapore,55,1,2,69216000.0,1258465.0,HDB,10.242423632320623,8.609911030037937,9.293947197025586,9.075690334137885,0.021697701654027055,0.03080146782388587,Q1,2023
Bukit Timah,Singapore,45,2,2,71789000.0,1595308.0,Landed,4.723756621850761,7.442006996916224,9.63125552369878,9.899422683553455,0.018531197447672183,0.02042276764131951,Q4,2024
Orchard / Marina Bay,Singapore,45,1,2,73299000.0,1628863.0,Condo,14.494993137423023,7.549294860155774,9.517638802000173,9.674162168558086,0.03633064838644575,0.017173084273611965,Q4,2023
Woodlands / Yishun,Singapore,90,2,2,46356000.0,515070.0,Condo,20.45611006916228,8.838343490187652,9.707266734851558,9.409534396598113,0.012297256206367195,0.020665538027303663,Q1,2024
Tampines / Bedok,Singapore,140,3,2,117413000.0,838663.0,Landed,14.402769648234273,7.801514820056802,9.973506052908382,9.093018249588072,0.04565782610643103,0.02492909042919233,Q3,2024
Bukit Timah,Singapore,105,2,3,173353000.0,1650978.0,Landed,6.341188792620307,8.280674717217845,9.953990641938713,9.304497602027537,0.017705581207784482,0.020352222001697007,Q3,2023
Novena / Toa Payoh,Singapore,105,4,3,91286000.0,869393.0,HDB,6.883456801275276,8.46024822351517,9.3710610050965,9.667814499329813,0.019921408933247845,0.04553455129886703,Q4,2024
Orchard / Marina Bay,Singapore,105,3,3,201503000.0,1919079.0,Landed,20.671585430421093,7.5785123584183935,9.39165992153708,9.221354807859006,0.014421376426870726,0.036382355473329256,Q1,2024
Tampines / Bedok,Singapore,90,1,2,74709000.0,830098.0,Landed,1.2077830024699496,7.067290900777988,9.091808435070265,9.803452908861027,0.02392101414537024,0.020851918625693487,Q3,2024
Bukit Timah,Singapore,140,3,3,199229000.0,1423065.0,Condo,13.104747618271285,7.024645271024461,9.633201980615446,9.403502657164255,0.037083425960281954,0.03166285935051297,Q1,2024
Orchard / Marina Bay,Singapore,38,1,2,80399000.0,2115770.0,Landed,14.471478773999298,8.532285418627245,9.102111018556142,9.992617785501759,0.04331629191037828,0.03714059556881625,Q4,2023
Novena / Toa Payoh,Singapore,75,1,1,91089000.0,1214519.0,Landed,13.304234500634285,7.023645092782625,9.814813477783407,9.313205586912447,0.027892132658920085,0.023907719190157502,Q1,2024
Orchard / Marina Bay,Singapore,90,1,1,139762000.0,1552914.0,Condo,24.339623750105474,8.862398316463041,9.335307862684779,9.347632647003623,0.04623438361274963,0.03301681529805515,Q3,2023
Bukit Timah,Singapore,105,4,5,189516000.0,1804914.0,Landed,8.539521402150115,8.953887817461984,9.195793755716553,9.079208602773827,0.023580136903188335,0.04131007108753009,Q3,2023
Tampines / Bedok,Singapore,55,1,1,33961000.0,617473.0,HDB,22.8008325276969,7.019619458180012,9.367185863498547,9.663815934489001,0.01071010008765819,0.04573829353445284,Q1,2023
Novena / Toa Payoh,Singapore,105,2,3,94963000.0,904413.0,HDB,12.329195443268318,7.62769567853233,9.234527088521958,9.01471529684822,0.01483440843081906,0.04667888420750833,Q4,2023
Orchard / Marina Bay,Singapore,120,3,3,192149000.0,1601238.0,Condo,3.4432170804371154,8.613616642982741,9.806907374039366,9.934829939962215,0.04081503388170448,0.04797030345034495,Q3,2024
Woodlands / Yishun,Singapore,105,4,3,67015000.0,638240.0,Landed,19.323204749404155,7.22402019245145,9.63271998219827,9.961883633485929,0.0442722986933117,0.04997685647961994,Q4,2023
Orchard / Marina Bay,Singapore,38,1,1,59539000.0,1566813.0,Condo,16.16604477603531,8.290785093835348,9.539723175111503,9.778989354559643,0.03955950995704594,0.029328571713826926,Q3,2023
Jurong West,Singapore,105,2,3,58006000.0,552440.0,Condo,10.606157181605528,8.114683394477703,9.248128943946162,9.457490593395255,0.014878958292546884,0.03517094776270072,Q3,2024
Woodlands / Yishun,Singapore,90,2,2,43742000.0,486017.0,Condo,5.3821194599157165,7.295779469526042,9.282984620762116,9.679893373095965,0.0401036393762445,0.020096676292195994,Q1,2023
Woodlands / Yishun,Singapore,120,4,3,52702000.0,439183.0,HDB,8.93695047075365,8.654214669867809,9.537045147181317,9.122730162733486,0.03424784577429035,0.04670697669633674,Q4,2024
Novena / Toa Payoh,Singapore,105,3,4,107319000.0,1022084.0,Condo,21.889282815209782,7.609264213335114,9.224883720505604,9.990697683623136,0.047297547310004635,0.01672285379447832,Q1,2024
Novena / Toa Payoh,Singapore,140,3,2,117511000.0,839368.0,HDB,2.256495446717202,7.4870787663003755,9.250730163063356,9.709583721562755,0.04394988380448133,0.04742988994728655,Q1,2023
Tampines / Bedok,Singapore,75,3,4,49493000.0,659908.0,HDB,24.118203383911926,7.536777112330663,9.740882866957739,9.763442408861373,0.025709546315278456,0.03761993373564693,Q2,2023
Jurong West,Singapore,90,3,2,60999000.0,677770.0,Landed,17.075860720465343,7.439151317085335,9.159503817802939,9.610372918658586,0.016119299830357724,0.032925258266036664,Q2,2024
Novena / Toa Payoh,Singapore,75,1,1,60688000.0,809173.0,HDB,19.235962545905018,8.109926685322613,9.358662033157072,9.265170308733262,0.021157036379515427,0.019425221986498084,Q4,2023
Novena / Toa Payoh,Singapore,140,5,5,177028000.0,1264488.0,Landed,8.063438537770057,8.295827914720915,9.861012212062029,9.051063395664237,0.014811146570773386,0.03155045011964126,Q2,2023
Novena / Toa Payoh,Singapore,140,4,3,142955000.0,1021108.0,Condo,15.430099918101337,8.35694707359835,9.563754828182363,9.975558768277734,0.03812248708995819,0.03887080433010231,Q3,2024
Bukit Timah,Singapore,105,3,3,132778000.0,1264557.0,HDB,24.12707519000975,7.282883362043689,9.801527431785694,9.189705700497042,0.024200993770139397,0.028843929241926615,Q1,2024
Novena / Toa Payoh,Singapore,38,1,1,45758000.0,1204147.0,Landed,21.003069654884992,8.89365685823622,9.596858913367349,9.505984973748548,0.033890323145894026,0.0472761608923289,Q4,2023
Orchard / Marina Bay,Singapore,140,4,3,229873000.0,1641951.0,Condo,10.37629621245662,8.368030724145916,9.723971215472302,9.783137242540182,0.04194894817025182,0.047046812821733286,Q3,2024
Orchard / Marina Bay,Singapore,65,1,2,89487000.0,1376727.0,HDB,5.778200409098307,8.377171512052325,9.069227594095954,9.919444934019703,0.03321315669120538,0.010798468498962328,Q2,2024
Novena / Toa Payoh,Singapore,38,2,1,49985000.0,1315404.0,Landed,18.243722536899355,8.719699559767315,9.704367281740907,9.009004775308794,0.010692788651433091,0.03980512238083739,Q2,2024
Jurong West,Singapore,90,2,3,62784000.0,697603.0,Landed,10.886967064325004,8.952432971416446,9.289565679466152,9.990654528698451,0.016259598483624408,0.03739821924286215,Q2,2024
Orchard / Marina Bay,Singapore,45,1,1,63588000.0,1413066.0,HDB,6.04496366163058,7.751152677902525,9.439759572188457,9.5168146673245,0.02682147708266954,0.013380987972244572,Q3,2023
Tampines / Bedok,Singapore,120,3,3,76431000.0,636927.0,HDB,15.175534855635433,7.288932605327706,9.186030527428986,9.691259787011235,0.016799287923594787,0.023893841357880165,Q1,2024
Bukit Timah,Singapore,38,2,3,60250000.0,1585525.0,Landed,3.7177337896481326,7.157838506583934,9.146485150368095,9.543056929012684,0.025071789678893806,0.03481034728626717,Q1,2024
Woodlands / Yishun,Singapore,120,2,3,53751000.0,447928.0,Condo,3.8083065405476253,7.268674819516914,9.355405811399915,9.84239419872599,0.03165723283777663,0.014784250405056498,Q1,2024
Novena / Toa Payoh,Singapore,45,2,2,34915000.0,775897.0,HDB,1.1118175045524845,7.376243794608281,9.836618898189148,9.773640661383027,0.019111730360576958,0.048548167665779025,Q3,2023
Jurong West,Singapore,140,4,4,63403000.0,452881.0,HDB,17.26240503563455,7.84567882131141,9.621696081792392,9.998016537920995,0.0472564660838715,0.04772952520123612,Q2,2023
Orchard / Marina Bay,Singapore,140,5,5,221517000.0,1582264.0,Condo,22.81944268947451,8.287816096376595,9.254485589445437,9.60122315958423,0.048106126403753315,0.013378243970428572,Q2,2023
Jurong West,Singapore,38,1,1,21857000.0,575187.0,Condo,1.1193047640890388,8.920011380397733,9.214385822838222,9.83925376406348,0.014286485445891523,0.023410644205678014,Q1,2024
Novena / Toa Payoh,Singapore,55,1,1,70119000.0,1274890.0,Landed,11.455330118558226,7.901168966586388,9.417605415111097,9.632735737154125,0.024943012795180762,0.016298605661970004,Q4,2024
Woodlands / Yishun,Singapore,65,2,2,38677000.0,595034.0,Landed,20.436179026421577,8.621212452194866,9.077847866528746,9.90948408402189,0.017112030534687777,0.04316973321591114,Q1,2023
Jurong West,Singapore,65,2,2,31269000.0,481066.0,HDB,8.499892910837616,7.041428928521701,9.90275709231759,9.427019061039728,0.04467501902480909,0.03999409197247548,Q3,2023
Bukit Timah,Singapore,120,2,1,223578000.0,1863153.0,Landed,22.107653927398978,7.3647193393299935,9.591791439427272,9.400893505635143,0.04381300917285118,0.031582121250338664,Q2,2024
Bukit Timah,Singapore,75,1,1,78911000.0,1052149.0,HDB,10.952750410493516,8.902955216114282,9.551364958265367,9.86338565775028,0.04238734572687427,0.043232311505787414,Q3,2024
Novena / Toa Payoh,Singapore,120,3,2,101470000.0,845585.0,HDB,18.36571409705225,8.722745742849561,9.002335634758063,9.703788147281516,0.039332147547233895,0.031658027157434376,Q2,2023
Orchard / Marina Bay,Singapore,65,1,1,97482000.0,1499721.0,Condo,2.2997103124447342,8.108301198709286,9.396821835291176,9.488504465112463,0.011322983701765339,0.032235116287870874,Q3,2024
Novena / Toa Payoh,Singapore,120,4,3,115752000.0,964600.0,Condo,16.179152632868146,7.851913513688754,9.891262862845183,9.62834148458667,0.027714067830559456,0.025253261307942053,Q1,2023
Jurong West,Singapore,38,2,3,15803000.0,415857.0,HDB,16.73809228072048,7.919085717039415,9.562089164375902,9.001308611082779,0.04583609046610799,0.042252798739039955,Q2,2023
Bukit Timah,Singapore,105,2,1,173949000.0,1656662.0,Landed,9.086578461705306,7.160164969402828,9.34750376953453,9.940830194388814,0.018698458072937636,0.049398412807321726,Q1,2023
Novena / Toa Payoh,Singapore,65,2,3,58557000.0,900870.0,HDB,9.53062554179079,7.47370816361987,9.353443392905934,9.055564658358321,0.048889143246529564,0.022129400327414044,Q1,2024
Jurong West,Singapore,55,1,1,40001000.0,727295.0,Landed,8.668521340061805,8.050507371672737,9.742597620226373,9.266749516121147,0.024075075107211755,0.013484257477048622,Q1,2023
Jurong West,Singapore,45,1,1,22952000.0,510035.0,Condo,23.330806445450698,8.130373810084528,9.330387835363071,9.45691642439749,0.047046914835972,0.011804440161591278,Q2,2024
Woodlands / Yishun,Singapore,140,5,5,59604000.0,425745.0,HDB,2.4008422717024667,7.165252681804219,9.048944317089761,9.15618208812856,0.04718892471796447,0.022624909071160486,Q3,2023
Novena / Toa Payoh,Singapore,65,2,1,59138000.0,909810.0,HDB,15.38353173569383,7.531268060765606,9.212267488636325,9.240215343005406,0.02975028386265119,0.04671291839019645,Q2,2023
Orchard / Marina Bay,Singapore,55,2,1,84567000.0,1537578.0,Condo,17.71827126781861,7.6324476385743445,9.90089339942185,9.450019073133785,0.04164290760832602,0.04701283447086523,Q1,2023
Woodlands / Yishun,Singapore,120,2,3,43344000.0,361202.0,HDB,18.056277559188153,8.41945603745913,9.96528476739854,9.28958896841488,0.022731060041009214,0.03809706854972343,Q1,2023
Tampines / Bedok,Singapore,105,3,2,69174000.0,658798.0,HDB,22.34368570060649,8.474146137256003,9.08598910660099,9.496859246087062,0.043462641659157066,0.04167777216370433,Q4,2024
Jurong West,Singapore,120,3,4,70869000.0,590572.0,Condo,19.741182015517,8.496249680448113,9.211253852380977,9.456888183205331,0.04239158511561697,0.023061839774588283,Q2,2023
Novena / Toa Payoh,Singapore,120,2,1,138251000.0,1152092.0,Landed,20.825824202647357,8.819719910426418,9.3371607342186,9.418531089401492,0.04461278837749589,0.04973811223658214,Q2,2024
Tampines / Bedok,Singapore,55,1,1,47708000.0,867415.0,Landed,22.450983714133006,8.832387967734617,9.22709205325008,9.408807841672509,0.047333477890297175,0.014840159190476734,Q4,2023
Bukit Timah,Singapore,55,1,1,93757000.0,1704671.0,Landed,9.316666058233421,7.162849521382861,9.814571382454233,9.228849712948291,0.019575125938515944,0.022836830446035458,Q2,2024
Jurong West,Singapore,55,2,3,38260000.0,695644.0,Landed,19.51022010121458,8.277323980827468,9.838012114796346,9.839613916487416,0.019868758775357535,0.03699164732432451,Q3,2023
Bukit Timah,Singapore,65,2,1,103875000.0,1598084.0,Landed,8.39941108949068,8.526636295043863,9.763899562833391,9.802131632393749,0.043194096503126035,0.021341779301428603,Q3,2024
Woodlands / Yishun,Singapore,90,3,3,45483000.0,505365.0,Condo,20.886187918601856,8.219386777423216,9.096476474898237,9.237831170876381,0.01863827432255186,0.012118402932557353,Q3,2023
Novena / Toa Payoh,Singapore,105,2,1,111375000.0,1060712.0,Condo,6.787614250533939,8.394441863968272,9.162122710368212,9.669502968151784,0.03227087168499626,0.04574102121470523,Q1,2024
Jurong West,Singapore,55,1,1,39627000.0,720485.0,Landed,20.39993596956487,7.267735946662324,9.131098488442296,9.767365665772388,0.02326340281136198,0.049098656989325126,Q1,2024
Jurong West,Singapore,90,3,3,50615000.0,562394.0,Condo,12.447717640134114,7.532051373172244,9.540836763079746,9.996723076813245,0.04966637842461284,0.033315785907339523,Q1,2023
Tampines / Bedok,Singapore,38,2,2,34632000.0,911381.0,Landed,22.97740905181083,7.746687598499866,9.99710083610191,9.301937472978269,0.03691132591892049,0.02938504024868218,Q4,2023
Woodlands / Yishun,Singapore,65,2,1,24169000.0,371829.0,HDB,23.436358300340725,8.509671180910484,9.927215544493132,9.717367591824669,0.010903422707826592,0.02832104521006712,Q3,2023
Tampines / Bedok,Singapore,120,3,4,105661000.0,880505.0,Landed,8.734129708846464,7.444168451610716,9.62734708660326,9.180670874683898,0.03730101995617949,0.04900783161875406,Q2,2024
Woodlands / Yishun,Singapore,105,4,5,46078000.0,438837.0,Condo,5.445441738836275,7.102409574944108,9.769440833604348,9.360448235911562,0.03337109330313285,0.04092840229239752,Q2,2024
Tampines / Bedok,Singapore,140,4,5,106920000.0,763714.0,Condo,6.164426929783759,7.694344362124589,9.933855580544568,9.161847639852596,0.01594045721519041,0.04901061453735603,Q3,2023
Novena / Toa Payoh,Singapore,55,1,1,59879000.0,1088710.0,Condo,14.706475493996532,7.8261287972745635,9.16162290557692,9.24132347553619,0.048313941986506424,0.01805050447870797,Q1,2023
Tampines / Bedok,Singapore,105,3,3,70843000.0,674693.0,Condo,11.414069238566228,8.196494291344807,9.496859327000386,9.877673680943289,0.0389532357493455,0.016600894343628714,Q3,2023
Woodlands / Yishun,Singapore,38,2,2,23454000.0,617206.0,Landed,23.794969289603443,8.910355584951942,9.42623875406537,9.296868591954778,0.028177274166691448,0.04810824823283434,Q1,2024
Orchard / Marina Bay,Singapore,45,1,1,74883000.0,1664065.0,Condo,7.568843153727646,7.517447041152433,9.329551351009647,9.148817711241765,0.032874063556635524,0.018609206356305696,Q1,2024
Tampines / Bedok,Singapore,65,1,1,41293000.0,635284.0,HDB,15.684510836235102,7.168639390861648,9.73603030820176,9.244360145107171,0.013628852175370106,0.024365420471176114,Q3,2023
Bukit Timah,Singapore,75,3,3,126824000.0,1690984.0,Landed,10.46841036195994,8.468168129912893,9.458087259965321,9.741169140043901,0.044905811941719616,0.02034326790396472,Q1,2023
Jurong West,Singapore,45,1,1,31293000.0,695404.0,Landed,24.968018672471864,8.020357611783204,9.1852144870026,9.860317861235155,0.036130440434079744,0.027802987135918104,Q4,2023
Novena / Toa Payoh,Singapore,38,1,1,37763000.0,993754.0,Condo,6.9498431575805455,8.217078434752288,9.77475511526476,9.982527913175362,0.024612669896555722,0.022106867168894248,Q2,2023
Orchard / Marina Bay,Singapore,75,3,3,153442000.0,2045892.0,Landed,9.719104240457114,7.218872777503027,9.364381952381754,9.725505040399852,0.01015137353805366,0.025333972544461347,Q3,2024
Novena / Toa Payoh,Singapore,90,3,4,76426000.0,849183.0,HDB,7.019689720166292,8.854976681576646,9.10219703729325,9.48689406318492,0.013857256967450642,0.02384188674295961,Q2,2024
Jurong West,Singapore,90,2,3,49484000.0,549820.0,Condo,24.2897628991471,8.074302478639815,9.753143622781343,9.453366387260797,0.017793164372953897,0.038764737597829654,Q1,2024
Bukit Timah,Singapore,65,1,1,80898000.0,1244587.0,HDB,21.564825585930677,8.233854550844836,9.686163857634568,9.785796552281326,0.011973505699428899,0.0463777444146538,Q3,2023
Jurong West,Singapore,120,2,1,68379000.0,569827.0,Condo,3.8244529543094314,7.818969811683164,9.681651983061862,9.155816796318662,0.041971856080573945,0.04790227624245697,Q2,2023
Jurong West,Singapore,65,1,1,30683000.0,472050.0,HDB,8.671805662253831,7.37977193862571,9.459379959964934,9.705252870095016,0.026668932041395012,0.019364823307445933,Q1,2023
Orchard / Marina Bay,Singapore,38,1,1,74944000.0,1972202.0,Landed,24.662592791765597,8.954154083445353,9.527595828095105,9.47899325967553,0.0495582762730141,0.016920129527668665,Q4,2024
Orchard / Marina Bay,Singapore,90,1,2,127849000.0,1420539.0,Condo,24.29099765744553,7.333273704301693,9.503748670632351,9.708711946620507,0.027197239567379537,0.018946815566210445,Q3,2024
Bukit Timah,Singapore,45,1,2,69893000.0,1553177.0,Landed,13.08109024768837,8.062320105742515,9.563773253533398,9.897953065186408,0.04522318433534257,0.027085619414989208,Q2,2023
Novena / Toa Payoh,Singapore,38,2,2,33191000.0,873442.0,HDB,8.569200523726789,7.772667039333664,9.841990149847119,9.642546247681807,0.031044774281302576,0.04052046490271818,Q4,2023
Orchard / Marina Bay,Singapore,65,1,2,78420000.0,1206464.0,HDB,16.5473577781282,8.194093247240009,9.694233613661753,9.05324438843345,0.04717823394547831,0.013012703382449416,Q1,2023
Orchard / Marina Bay,Singapore,55,2,1,80293000.0,1459874.0,Condo,17.860468794169876,7.407844648297198,9.764609082728501,9.034141940004547,0.015655714056333023,0.02226360523981903,Q3,2023
Jurong West,Singapore,90,3,4,44090000.0,489886.0,HDB,11.272571525524434,7.876425679153153,9.50680285173484,9.23115141227614,0.049240493194521714,0.02079471853256483,Q2,2024
Woodlands / Yishun,Singapore,75,1,1,28454000.0,379389.0,HDB,14.394834067818085,7.562211458096975,9.02217567185099,9.478002412234552,0.04328491241230777,0.011653848532934665,Q1,2023
Bukit Timah,Singapore,75,1,1,110458000.0,1472773.0,Condo,24.378142427393662,8.500571348377527,9.435874959794791,9.114213033289843,0.015580284823327656,0.017686872502548,Q4,2023
Tampines / Bedok,Singapore,65,1,1,41876000.0,644247.0,HDB,15.304816824657806,8.913057677097072,9.057902154297237,9.874510058666642,0.04498888414566899,0.04985050853830263,Q1,2024
Orchard / Marina Bay,Singapore,38,2,3,59189000.0,1557611.0,Condo,15.578777403754046,8.425340056913111,9.609308533825304,9.679202949004665,0.019826853064453143,0.015391569524997047,Q1,2024
Bukit Timah,Singapore,140,4,4,246938000.0,1763845.0,Landed,10.312148625926227,7.795816234573125,9.814836479423569,9.562252882090375,0.010436091006775481,0.02440924388490509,Q2,2024
Woodlands / Yishun,Singapore,90,2,3,45587000.0,506517.0,Condo,24.704440164648677,7.27422631929393,9.801595458725528,9.024466489302942,0.028933961074018882,0.020492877954345692,Q1,2023
Woodlands / Yishun,Singapore,45,2,2,21543000.0,478733.0,Condo,10.790319430313158,8.40918986821828,9.209437500942988,9.001518350310652,0.039599060417736025,0.04375409854619235,Q2,2023
Bukit Timah,Singapore,55,2,3,68443000.0,1244413.0,HDB,6.140744440019135,8.322309759705853,9.374861584861645,9.193933447508558,0.02983474212109164,0.01184816874132189,Q4,2024
Tampines / Bedok,Singapore,75,1,2,70979000.0,946383.0,Landed,3.0054769444383265,8.189320605614997,9.624172942030414,9.273436537720286,0.02011047615981805,0.04331721295717312,Q1,2024
Woodlands / Yishun,Singapore,120,4,4,71388000.0,594897.0,Landed,24.67896399932128,7.440018030593076,9.172293935515992,9.795147331464708,0.0177168206409399,0.04818988658260424,Q1,2023
Jurong West,Singapore,75,3,2,43623000.0,581640.0,Condo,17.20720789603251,8.361365276832315,9.108301439856445,9.094677495546216,0.01928486410421948,0.014022737461840244,Q1,2023
Orchard / Marina Bay,Singapore,105,3,3,215770000.0,2054949.0,Landed,8.598424949002982,7.654279881497951,9.489254957666088,9.00760348519788,0.012133496055677142,0.04303001901279214,Q4,2023
Tampines / Bedok,Singapore,105,4,5,93872000.0,894023.0,Landed,24.480802950156622,8.130985202997312,9.531647703476027,9.674859199578352,0.02292642803762355,0.02510671316815056,Q4,2024
Orchard / Marina Bay,Singapore,90,3,3,192108000.0,2134537.0,Landed,19.283184778130874,8.075419420246703,9.698813983475889,9.283357954486611,0.029619754481766132,0.025578521119395764,Q2,2023
Jurong West,Singapore,45,2,3,24466000.0,543685.0,Condo,17.67163446609497,7.836519774093503,9.48008765991825,9.730838601086472,0.03445410370169678,0.026397740280740052,Q3,2023
Woodlands / Yishun,Singapore,65,1,2,29771000.0,458013.0,Condo,16.31713641537432,7.140777767216126,9.72636889917403,9.475383007412258,0.01579860626473338,0.04414923056821881,Q1,2023
Orchard / Marina Bay,Singapore,38,1,1,46151000.0,1214503.0,HDB,12.272143891656787,7.708787217020058,9.661666361376874,9.417641606638885,0.04457536161321966,0.024210715876966778,Q4,2023
Bukit Timah,Singapore,65,1,2,107126000.0,1648095.0,Landed,24.659413668495798,7.470419290589206,9.486974729650408,9.839658509324787,0.042801235963656176,0.02477767325322043,Q4,2024
Orchard / Marina Bay,Singapore,65,1,2,134396000.0,2067635.0,Landed,24.744755037927682,8.504465292703127,9.843577385182503,9.124276124903473,0.01967950694495829,0.021977174444348636,Q3,2024
Novena / Toa Payoh,Singapore,140,4,4,120939000.0,863847.0,HDB,2.8146469248960395,7.400528688052923,9.971460112651076,9.432874778677807,0.019115168934380224,0.02895696737674587,Q1,2024
Tampines / Bedok,Singapore,65,1,1,60009000.0,923213.0,Landed,15.381028122386947,7.454828948530951,9.399521177923528,9.084444593889826,0.03957682030825905,0.03552516879672586,Q4,2023
Novena / Toa Payoh,Singapore,140,4,4,126063000.0,900448.0,HDB,21.391345537402106,7.990551088386782,9.374683761540005,9.761073766685744,0.04344258399717961,0.04408153270658944,Q1,2024
Jurong West,Singapore,65,1,1,31738000.0,488283.0,HDB,18.7883351514327,7.910425732214984,9.410607402216629,9.41651088914736,0.01822738743790261,0.016668354143031743,Q1,2023
Jurong West,Singapore,55,2,2,39208000.0,712866.0,Landed,16.340380304518373,8.904708629599739,9.150991234936694,9.244214312477549,0.04908672615669546,0.026936379811969842,Q2,2024
Orchard / Marina Bay,Singapore,90,2,2,140851000.0,1565009.0,Condo,23.23446312803021,8.965505304840054,9.105490972592936,9.68792318862754,0.03944557486578162,0.01315935282891147,Q1,2023
Woodlands / Yishun,Singapore,105,4,4,38250000.0,364286.0,HDB,16.7611928649831,7.999704044969569,9.002819118129038,9.49226756848742,0.025222094990330256,0.028505206624690888,Q1,2024
Woodlands / Yishun,Singapore,105,4,5,58144000.0,553753.0,Landed,7.599014998312956,7.35307640286691,9.591206148280179,9.959675352198985,0.019837310271987707,0.037687739398598555,Q1,2024
Tampines / Bedok,Singapore,65,2,2,54619000.0,840291.0,Landed,22.638445401839604,8.079382608281872,9.45552897969212,9.855947410821805,0.020045682536472036,0.04574514048824009,Q2,2024
Jurong West,Singapore,55,1,1,29738000.0,540692.0,Condo,1.9633780570017807,7.599434432869973,9.686721240536718,9.961214336083287,0.04159844467235506,0.04437420530133742,Q1,2024
Novena / Toa Payoh,Singapore,105,2,3,87355000.0,831953.0,HDB,16.291585490290522,7.791290347268825,9.215505783534882,9.765268997898648,0.03761455207060393,0.01712906461307471,Q1,2024
Woodlands / Yishun,Singapore,105,4,4,57569000.0,548273.0,Landed,9.67145771127532,8.15046633319473,9.760460231786853,9.375953441315735,0.04248349115143564,0.04564922829113245,Q4,2024
Orchard / Marina Bay,Singapore,38,1,1,52538000.0,1382585.0,HDB,14.37124959127517,7.487674638578962,9.081931149460182,9.7958933001225,0.018800901926421015,0.026458973940726008,Q2,2023
Bukit Timah,Singapore,105,4,3,198821000.0,1893537.0,Landed,12.521872308802916,8.871120723888007,9.527434899839433,9.486628837524538,0.04836360653033192,0.0391963642306927,Q4,2024
Bukit Timah,Singapore,75,2,1,135528000.0,1807045.0,Landed,21.991928207667055,8.008287554970778,9.428634245007776,9.673218683524022,0.021136090205256863,0.023263273756178662,Q1,2024
Jurong West,Singapore,38,1,2,17023000.0,447985.0,HDB,10.00674041154556,8.307195674186932,9.822542410430763,9.301822176666208,0.03449898751473706,0.022594201748499104,Q1,2024
Jurong West,Singapore,140,5,6,100581000.0,718436.0,Landed,23.414487832137382,7.307774953996963,9.155965810910272,9.806503267474099,0.012977390077879418,0.03684212264269355,Q2,2023
Tampines / Bedok,Singapore,55,1,1,38333000.0,696965.0,Condo,14.2603737218576,7.06999886518335,9.816316131873519,9.992333200278507,0.02592327923572963,0.012395941601881542,Q2,2023
Tampines / Bedok,Singapore,105,3,3,58575000.0,557862.0,HDB,14.5838754558294,7.600899749051372,9.088656766576959,9.223345380837946,0.030976088863055605,0.019865987912665577,Q2,2024
Bukit Timah,Singapore,38,1,1,53178000.0,1399423.0,Condo,8.891918202180863,8.1032765453459,9.795877527586303,9.515001500394234,0.016728892234874088,0.024658153958256195,Q3,2023
Orchard / Marina Bay,Singapore,75,2,3,142582000.0,1901089.0,Landed,3.6684298936884385,7.2584551465046605,9.472992150725206,9.6534088103385,0.04801910218673249,0.04221865198118894,Q4,2024
Woodlands / Yishun,Singapore,75,3,4,39443000.0,525907.0,Condo,17.918985348741217,7.248169599431527,9.679795255880363,9.742216993502025,0.029215260980056404,0.014140025694158877,Q4,2024
Orchard / Marina Bay,Singapore,140,3,3,287981000.0,2057006.0,Landed,11.042347942812098,8.410200476221206,9.933754125778856,9.102040214358057,0.013001862598933652,0.02581830907610492,Q2,2024
Orchard / Marina Bay,Singapore,90,2,1,165844000.0,1842716.0,Landed,4.313386403892066,8.704517250821777,9.77959003883805,9.661065126235043,0.04310853182150246,0.04319394653695922,Q3,2023
Novena / Toa Payoh,Singapore,75,2,2,67041000.0,893876.0,HDB,13.020235779401675,7.628588690936283,9.35451785053859,9.154725017524486,0.02247667999494732,0.012679397811313194,Q3,2023
Jurong West,Singapore,55,1,1,26669000.0,484891.0,HDB,9.905705195953942,8.250858807761455,9.857096249100811,9.199522763486188,0.010870289122279959,0.03996924029611046,Q1,2024
Jurong West,Singapore,140,3,2,91970000.0,656929.0,Landed,18.814327570251386,8.467918494801474,9.601525340960519,9.729623020636964,0.03845842499780865,0.036312940200052844,Q2,2023
Bukit Timah,Singapore,105,3,2,154728000.0,1473598.0,Condo,4.341739839723323,7.018728753541717,9.750031017845355,9.797400681715068,0.02236386765244909,0.01330028485467664,Q1,2023
Novena / Toa Payoh,Singapore,75,2,3,61232000.0,816429.0,HDB,7.342990967109315,8.128768602334643,9.530556224324037,9.032306996309096,0.030185165354548987,0.0468612343271698,Q2,2023
Tampines / Bedok,Singapore,120,2,2,113890000.0,949085.0,Landed,2.9826748673892842,8.455480065138689,9.427759072985557,9.77325473550319,0.017317826965909205,0.04497564715927522,Q3,2023
Bukit Timah,Singapore,75,3,2,94599000.0,1261318.0,Condo,14.343791126676905,7.938976155403005,9.217638981396371,9.204977877881733,0.014269955337682294,0.029425870590922082,Q4,2024
Woodlands / Yishun,Singapore,90,2,3,56607000.0,628961.0,Landed,20.94006285457882,7.32282142502205,9.721251353273622,9.952002587609094,0.03911299154685568,0.03911304262687409,Q2,2023
Jurong West,Singapore,38,1,1,15931000.0,419237.0,HDB,21.736215471526435,8.562224888016964,9.158817953743684,9.759445631541542,0.04976922187278403,0.04080981331658886,Q3,2024
Tampines / Bedok,Singapore,75,2,3,72141000.0,961877.0,Landed,19.78996324815613,8.763401570582191,9.075450364738243,9.417761679329422,0.031357643738522886,0.044968698848816935,Q4,2024
Bukit Timah,Singapore,38,2,3,70058000.0,1843620.0,Landed,17.84641414029339,7.536635189018804,9.582652632871397,9.503499284166818,0.04230403571935082,0.016506942682649895,Q1,2023
Novena / Toa Payoh,Singapore,140,5,4,109085000.0,779180.0,HDB,18.602946875991694,7.007155233172857,9.321168728179163,9.882208462527299,0.045468246341806795,0.019032962450383453,Q2,2023
Novena / Toa Payoh,Singapore,55,2,2,50566000.0,919389.0,Condo,21.414502612282977,8.003454126177907,9.607680702823476,9.944818575241964,0.04596294267337719,0.040663944983119475,Q3,2024
Bukit Timah,Singapore,65,1,1,68596000.0,1055320.0,HDB,21.655159420523443,8.51573546910325,9.552567850483511,9.669727743945607,0.03519979535105412,0.038389188549803305,Q1,2023
Orchard / Marina Bay,Singapore,45,2,2,63750000.0,1416670.0,Condo,13.530917758867353,8.523183777432443,9.193877293254925,9.135146320291796,0.045954037251029624,0.03042537457249557,Q3,2023
Woodlands / Yishun,Singapore,105,4,3,50845000.0,484235.0,Condo,12.564888796629816,8.550942873529054,9.149594333251414,9.137850346652636,0.04659134129909073,0.047343057424645854,Q3,2023
Tampines / Bedok,Singapore,140,3,4,131939000.0,942419.0,Landed,3.5187208676685096,7.36613211944939,9.84639844658282,9.513335796751058,0.01306585080088222,0.02831743905149086,Q1,2023
Woodlands / Yishun,Singapore,120,2,3,71050000.0,592085.0,Landed,14.89913882633829,8.737090178352812,9.515427554538654,9.51434447421772,0.03726581936556575,0.013441783326914748,Q3,2024
Novena / Toa Payoh,Singapore,140,3,2,175451000.0,1253221.0,Landed,22.632562024656057,7.927311857645379,9.502103189071072,9.37475688384368,0.049064253915377165,0.04296747838787728,Q1,2024
Woodlands / Yishun,Singapore,90,1,1,45995000.0,511059.0,Condo,21.641042826159754,7.424753340586941,9.364265548339478,9.014400164740856,0.02560657250828495,0.010615147741220281,Q3,2024
Woodlands / Yishun,Singapore,45,1,2,17859000.0,396860.0,HDB,12.156525229340918,8.742602434513062,9.183642628615926,9.638842318938337,0.030191908809680076,0.049407500380373844,Q1,2024
Bukit Timah,Singapore,65,1,1,94362000.0,1451724.0,Condo,21.64093734573859,8.864282529028547,9.697221354822151,9.821176299220499,0.028049362130124378,0.040633669681657936,Q2,2023
Jurong West,Singapore,75,3,2,48013000.0,640176.0,Landed,21.311140853462494,8.447348599731113,9.673431214606392,9.511832633060902,0.023879672155230614,0.015604542557134837,Q3,2023
Orchard / Marina Bay,Singapore,75,1,1,138378000.0,1845037.0,Landed,15.0633587753865,7.743554483402672,9.11220896229328,9.979733441654963,0.012703969820322087,0.016361805152317884,Q1,2023
Woodlands / Yishun,Singapore,65,2,2,25969000.0,399524.0,HDB,15.332281627314844,7.169574735767899,9.973782455219819,9.603197464283747,0.03631371275036988,0.02525002781937015,Q1,2023
Bukit Timah,Singapore,90,3,3,111234000.0,1235937.0,HDB,8.470375281982832,7.0628349620861215,9.940971896351176,9.030318712898122,0.026584612782676265,0.029346194619617794,Q2,2024
Woodlands / Yishun,Singapore,65,1,1,30878000.0,475041.0,Condo,9.052038230814139,7.5518895989511385,9.399784972637942,9.808158915131726,0.042393227632811,0.025319543577191125,Q3,2023
Bukit Timah,Singapore,120,4,4,169555000.0,1412962.0,Condo,22.253854021444297,8.819281429901508,9.74076159088852,9.228751849287187,0.014231707921165772,0.028533971582745433,Q4,2024
Novena / Toa Payoh,Singapore,120,2,1,107113000.0,892605.0,HDB,8.464281009566829,8.762751153727883,9.585299425532913,9.102476381363225,0.01033800873169645,0.02837860872115077,Q1,2023
Novena / Toa Payoh,Singapore,105,4,5,87163000.0,830127.0,HDB,6.00774294014098,8.142858274980561,9.969866116732758,9.22333950942544,0.02112004129112591,0.018016794796952614,Q4,2024
Tampines / Bedok,Singapore,140,5,4,77657000.0,554695.0,HDB,11.915277294375283,7.126785248434478,9.833028573926846,9.117309702834271,0.012462298698942918,0.035978371769925965,Q4,2023
Woodlands / Yishun,Singapore,38,2,1,23112000.0,608200.0,Landed,22.890919913006424,8.253401505175116,9.183642748472971,9.726609878892456,0.022979772269525252,0.012720266738620273,Q4,2024
Jurong West,Singapore,140,5,4,86828000.0,620201.0,Landed,5.322492590535909,8.479604619864187,9.940663993853228,9.101880950813076,0.04854985847530458,0.047678861119775276,Q4,2024
Woodlands / Yishun,Singapore,55,2,2,25942000.0,471678.0,Condo,20.047838518404532,7.997260896633204,9.376305339997039,9.831891165440615,0.015257624014218138,0.040426149998732536,Q1,2024
Woodlands / Yishun,Singapore,55,1,2,28228000.0,513233.0,Condo,5.611994288803411,7.106482498743178,9.02772732475947,9.094139135031616,0.04293192113951206,0.0362699193522853,Q1,2024
Novena / Toa Payoh,Singapore,90,1,1,84416000.0,937961.0,Condo,9.491972814665264,8.651541080966632,9.300607469520878,9.187501859218061,0.02714780631285671,0.0356279398619233,Q1,2024
Bukit Timah,Singapore,90,3,4,125520000.0,1394669.0,Condo,23.633258565097425,8.731113449853435,9.766839011019005,9.053655233923994,0.012600189235514172,0.020988802950906937,Q2,2023
Bukit Timah,Singapore,105,4,4,174605000.0,1662908.0,Landed,5.9675848768029125,8.400268131658507,9.8239050548073,9.26717571728038,0.03877888383699874,0.03850953284015633,Q3,2024
Novena / Toa Payoh,Singapore,140,5,4,150002000.0,1071443.0,Condo,13.622234152192842,8.626208265610666,9.756839575171163,9.832255976889652,0.043221771713527306,0.02081729088604589,Q3,2024
Orchard / Marina Bay,Singapore,75,2,1,148748000.0,1983307.0,Landed,19.709454499887034,8.42869204214541,9.561047680859009,9.810227112131258,0.021023184157560344,0.012077923383317741,Q1,2023
Woodlands / Yishun,Singapore,120,2,2,75845000.0,632045.0,Landed,23.530986064007667,8.924071109836659,9.05513956058347,9.94401842142348,0.022500137926834862,0.046721593027490425,Q2,2023
Jurong West,Singapore,105,4,3,74389000.0,708463.0,Landed,7.609470060679805,7.466876219572914,9.676747869450264,9.398716575830662,0.02759822486799597,0.04816216021625371,Q4,2023
Jurong West,Singapore,75,1,1,39599000.0,527982.0,Condo,9.730180849196412,8.271309332647153,9.781248686324068,9.050090839101406,0.03557662490831946,0.02299687859260589,Q1,2023
Woodlands / Yishun,Singapore,90,1,1,41598000.0,462197.0,Condo,15.208850648552637,8.02717901494375,9.116564456738105,9.923685083846904,0.040324305516792606,0.0474008697113463,Q2,2024
Orchard / Marina Bay,Singapore,140,4,5,167778000.0,1198411.0,HDB,3.3861448422386093,7.002477932052476,9.070364817183098,9.36843552927546,0.031635220484605944,0.02517575917621607,Q3,2024
Novena / Toa Payoh,Singapore,140,5,6,164527000.0,1175196.0,Landed,21.95731785185087,7.111584767476792,9.246143838261242,9.691931969263878,0.03466984911531866,0.034671816374763645,Q1,2024
Bukit Timah,Singapore,105,4,5,131163000.0,1249175.0,HDB,3.358319730586776,8.3742871597791,9.32559072705367,9.213238583334807,0.022780817381792128,0.023323937473996616,Q4,2023
Orchard / Marina Bay,Singapore,75,3,3,137895000.0,1838603.0,Landed,7.801341835487997,8.640945081173532,9.373035159631064,9.970052394120152,0.029797466496158803,0.04465457209006898,Q1,2024
Orchard / Marina Bay,Singapore,75,2,2,91512000.0,1220166.0,HDB,22.83876048979049,7.443848571334354,9.976247859337242,9.822985001021342,0.023350199181641627,0.014400241839530037,Q2,2024
Woodlands / Yishun,Singapore,75,2,3,38464000.0,512849.0,Condo,8.592833906427975,8.512494334932924,9.213011329641073,9.715769775983807,0.013700691826747846,0.042414529343169693,Q3,2023
Bukit Timah,Singapore,105,3,2,114004000.0,1085749.0,HDB,19.35847927599874,8.65200767322467,9.376654536497997,9.728293409713343,0.023528262367650706,0.016737100639731495,Q3,2024
Bukit Timah,Singapore,105,3,3,132476000.0,1261674.0,HDB,9.420246805050775,8.501142497758536,9.385998876466655,9.533700898368918,0.029200069757713436,0.026586432974273155,Q4,2024
Jurong West,Singapore,38,1,2,25513000.0,671400.0,Landed,21.891639091239558,7.074138247857718,9.27577215132187,9.315331095010714,0.016555158289961885,0.013648364110702605,Q1,2024
Jurong West,Singapore,90,1,2,51168000.0,568534.0,Condo,2.2696141149165356,8.558481576936929,9.405625245622057,9.394787007343778,0.03339006631541216,0.040632081882639344,Q4,2024
Bukit Timah,Singapore,90,1,1,164913000.0,1832365.0,Landed,24.21487724298263,7.917392785045527,9.64669672224283,9.496355354901056,0.049429196640999644,0.04083844363499743,Q4,2024
Jurong West,Singapore,45,1,2,25302000.0,562267.0,Condo,5.978298894693407,7.6449796703113595,9.245864996894577,9.740269678938722,0.041876356055978045,0.01300851256523064,Q1,2024
Novena / Toa Payoh,Singapore,75,1,1,78918000.0,1052245.0,Condo,8.543807864779236,8.412928996043085,9.853491706128152,9.33478929684044,0.04235109949611737,0.024807817920752005,Q1,2023
Tampines / Bedok,Singapore,140,4,3,89046000.0,636040.0,HDB,4.288466090290867,7.5003060108481225,9.62989397392713,9.989427798815347,0.020155127855509943,0.027526301858171252,Q2,2024
Bukit Timah,Singapore,140,5,5,168176000.0,1201254.0,HDB,2.1279458951204724,7.601450641596323,9.726262856577641,9.063099730323334,0.043638516333588076,0.041856525633977106,Q4,2024
Woodlands / Yishun,Singapore,105,3,4,55320000.0,526854.0,Condo,15.96593232284838,8.188246442296052,9.093553746676065,9.601171149995132,0.02235296241673089,0.03663889789665591,Q1,2024
Jurong West,Singapore,120,3,2,55787000.0,464896.0,HDB,11.816183120934465,8.779650037480552,9.014209299591782,9.36610541263617,0.03725363109871039,0.03902588221490381,Q2,2023
Novena / Toa Payoh,Singapore,75,1,2,91696000.0,1222615.0,Landed,4.920001104044061,7.751399161689483,9.677606422380256,9.943729386784764,0.02641673915989464,0.024457747643398017,Q1,2023
Orchard / Marina Bay,Singapore,45,1,1,63826000.0,1418354.0,HDB,3.5233726415411475,8.156881584272567,9.149610808221924,9.505760195009447,0.021182880489132843,0.014280717806309472,Q3,2024
Orchard / Marina Bay,Singapore,75,3,3,97986000.0,1306479.0,HDB,17.0253656813634,7.24755237107321,9.877784292934352,9.667367294577735,0.039945120308444985,0.02546889068726386,Q4,2023
Novena / Toa Payoh,Singapore,38,1,2,36928000.0,971796.0,Condo,22.973292183203256,8.448849707639255,9.770160688952652,9.408044051551155,0.02555061634457577,0.031579516381631485,Q2,2023
Tampines / Bedok,Singapore,65,1,1,46253000.0,711579.0,Condo,7.494881918156678,8.132770665891467,9.319376236529248,9.81364591107925,0.04491360684002459,0.03350917486466197,Q4,2024
Bukit Timah,Singapore,90,3,3,112323000.0,1248039.0,HDB,23.651888871944784,7.319655641333618,9.977324727732743,9.881751016955503,0.047736705447356476,0.0161393453692905,Q2,2024
Woodlands / Yishun,Singapore,45,1,2,19155000.0,425675.0,HDB,18.92268349672455,7.314294359874632,9.375541766426178,9.629805554907614,0.024166705297494893,0.03256313493517901,Q4,2024
Woodlands / Yishun,Singapore,75,2,1,47943000.0,639237.0,Landed,1.449719328739672,8.048867674456313,9.97694371200651,9.358739665957133,0.012293641001539356,0.034334798561591266,Q2,2023
Jurong West,Singapore,45,1,1,20558000.0,456844.0,HDB,11.16343759180941,7.637016502064303,9.640898372028516,9.266105776468695,0.027772984264938405,0.04052631216563127,Q2,2023
Orchard / Marina Bay,Singapore,120,3,4,215981000.0,1799845.0,Landed,23.445704723049133,8.876076980814513,9.868548034721142,9.793648106310064,0.01633104439984241,0.03842544731703713,Q1,2024
Novena / Toa Payoh,Singapore,65,2,2,70721000.0,1088012.0,Condo,11.034611365362142,8.32638219959553,9.791058220550571,9.528417513056088,0.04703589729393358,0.010546219589388249,Q2,2023
Tampines / Bedok,Singapore,38,1,2,20685000.0,544333.0,HDB,2.75852750661718,7.88929752070633,9.62163048491467,9.331361842049152,0.049847539816045915,0.012721524174067658,Q1,2024
Bukit Timah,Singapore,55,2,1,79192000.0,1439855.0,Condo,16.381771874327356,8.290400368245813,9.136963924739762,9.033031612035646,0.034725326082021314,0.046410382630934686,Q1,2023
Bukit Timah,Singapore,90,3,2,114607000.0,1273416.0,Condo,5.743756255871809,7.948028766502658,9.01743600079221,9.480596063249777,0.010102187992172263,0.026537199937018384,Q1,2024
Woodlands / Yishun,Singapore,120,2,3,73974000.0,616447.0,Landed,13.143043102469168,8.561116521179873,9.440224314968235,9.43043748890323,0.02863253679051047,0.03627222062365083,Q1,2024
Tampines / Bedok,Singapore,38,1,2,27830000.0,732368.0,Condo,4.475349159075148,7.224682796909994,9.79159687766468,9.203665307116408,0.03009815580384305,0.04395498596536762,Q1,2024
Jurong West,Singapore,120,2,3,81995000.0,683288.0,Landed,10.24680185259476,8.860637643086134,9.57365351024894,9.592460682994451,0.04956728816690878,0.02604647132204735,Q2,2024
Bukit Timah,Singapore,105,3,3,183313000.0,1745837.0,Landed,17.8876525110402,8.298182460576275,9.772362996720847,9.09491921972249,0.04895932145704983,0.03927194417717654,Q2,2023
Orchard / Marina Bay,Singapore,38,2,1,74574000.0,1962477.0,Landed,20.95449830653344,7.104934989657311,9.376357758911302,9.88571461328925,0.04333305331293825,0.03653586220215478,Q1,2023
Bukit Timah,Singapore,38,2,3,47640000.0,1253677.0,HDB,1.374587749023724,7.284134058643626,9.183628190293346,9.111363092225279,0.030488181809891893,0.04645008681476719,Q2,2023
Orchard / Marina Bay,Singapore,105,2,3,188655000.0,1796713.0,Landed,2.9732029604925936,8.171560112380453,9.113350177196827,9.012015061805997,0.03526142160291338,0.03782036048577739,Q4,2024
Orchard / Marina Bay,Singapore,55,1,2,110690000.0,2012544.0,Landed,21.395320593451313,7.530501603553604,9.567622615786261,9.302257704541931,0.04820168990762639,0.025755633717261153,Q2,2023
Jurong West,Singapore,105,4,3,60812000.0,579163.0,Condo,14.948371996010293,7.023073344336954,9.982871499362782,9.036168637688986,0.041729460481825756,0.04309023020032008,Q4,2023
Novena / Toa Payoh,Singapore,105,2,1,108754000.0,1035749.0,Condo,17.119336449539368,8.407883434453366,9.62272830520725,9.441548669219197,0.01787552037062619,0.02776017750012643,Q4,2023
Woodlands / Yishun,Singapore,140,5,5,51913000.0,370807.0,HDB,13.271369871277141,7.082783472820868,9.21100074270074,9.453088185268538,0.013278054542339816,0.020972832605764317,Q3,2023
Woodlands / Yishun,Singapore,105,4,3,61745000.0,588046.0,Landed,6.2360972793358895,7.972867768023548,9.456796914412891,9.918951227689677,0.03614158819787381,0.013920585961359016,Q3,2023
Jurong West,Singapore,55,2,2,33838000.0,615243.0,Landed,13.485755434042392,7.809149767599277,9.607612944790754,9.84737669038585,0.026965153437566898,0.022594233297378093,Q2,2023
Tampines / Bedok,Singapore,105,4,4,79668000.0,758748.0,Condo,8.258794250056578,8.518323476936475,9.862921833304778,9.15415520674528,0.03959047059662892,0.04349372224996198,Q3,2023
Bukit Timah,Singapore,120,3,2,141706000.0,1180881.0,HDB,1.7352732462496752,7.801545873386942,9.364293770096966,9.032822860744563,0.04538365114711816,0.03405574395852735,Q4,2023
Tampines / Bedok,Singapore,65,2,3,40565000.0,624084.0,HDB,22.284223863076903,7.542378992476364,9.137056534442422,9.014817075778192,0.02831843383814768,0.013979005406414445,Q1,2023
Orchard / Marina Bay,Singapore,105,2,3,150587000.0,1434158.0,Condo,10.473196831503106,8.577996848471054,9.850094620795552,9.768677868644641,0.018009666567073052,0.012149599910434303,Q3,2024
Tampines / Bedok,Singapore,65,2,1,43513000.0,669438.0,Condo,1.2607084369745083,7.62698472804252,9.551940225803117,9.577446558223603,0.016094042236627484,0.029011088743833083,Q1,2023
Orchard / Marina Bay,Singapore,45,1,2,94314000.0,2095875.0,Landed,2.0136999059611123,7.568747318021324,9.265329643133832,9.371084752574776,0.04169835727605467,0.0398412057232945,Q2,2023
Tampines / Bedok,Singapore,45,1,2,24567000.0,545927.0,HDB,18.166121836746544,8.066850943429651,9.409002885520366,9.269251888535589,0.04063394421826121,0.04285511936552659,Q1,2024
Jurong West,Singapore,75,2,2,35887000.0,478498.0,HDB,22.268125129453356,8.351428186842986,9.732225064193264,9.25568135269082,0.04753570417266457,0.027930668852709152,Q1,2024
Woodlands / Yishun,Singapore,90,2,2,46138000.0,512646.0,Condo,14.629302249153294,7.737870977550251,9.21225868880937,9.460517786051593,0.012989282961717663,0.021483399703775732,Q3,2023
Orchard / Marina Bay,Singapore,55,1,1,72241000.0,1313479.0,HDB,20.918124765787113,8.534234815523929,9.388459153349764,9.828314532970124,0.015335830243055914,0.02157028463775556,Q3,2024
Tampines / Bedok,Singapore,120,2,1,74508000.0,620903.0,HDB,17.439009355037328,7.235365228111682,9.370571445035193,9.844082048979136,0.03558708025910607,0.028077858509972672,Q4,2023
Tampines / Bedok,Singapore,105,3,3,102350000.0,974760.0,Landed,24.57864897187921,8.001671512058534,9.749979515842506,9.257841501572416,0.020389208203875422,0.03652259035490061,Q1,2024
Jurong West,Singapore,65,1,1,36410000.0,560150.0,Condo,3.3505704392909283,7.656663658864055,9.147892466956467,9.860231827215106,0.019934177265737103,0.044779271311062824,Q1,2023
Woodlands / Yishun,Singapore,55,1,2,27398000.0,498139.0,Condo,11.639299621947838,8.35378574654969,9.74740139403524,9.440133699803713,0.011049684413006059,0.036247515503379284,Q3,2023
Orchard / Marina Bay,Singapore,45,2,3,65174000.0,1448305.0,Condo,23.12541542045244,8.343508017270537,9.132690333156944,9.170656169604735,0.04375385995124181,0.011821330783031377,Q2,2024
Tampines / Bedok,Singapore,45,1,1,42268000.0,939279.0,Landed,8.834835584924024,7.775780259397962,9.84866953111316,9.768098803316194,0.023005080147717634,0.016241571893087656,Q2,2024
Woodlands / Yishun,Singapore,38,1,1,15918000.0,418890.0,HDB,7.178811016464081,8.804564371891692,9.247993931125112,9.602217530189284,0.027327862154568214,0.013428107681342323,Q4,2024
Orchard / Marina Bay,Singapore,45,1,1,54842000.0,1218719.0,HDB,18.21495394137774,7.576092346372094,9.671616322994485,9.452535800115097,0.03629778152681727,0.036733803619957296,Q2,2024
Woodlands / Yishun,Singapore,38,1,2,17017000.0,447816.0,Condo,18.603479674630126,8.46612620276437,9.95792437675127,9.215787326748124,0.022297343758501967,0.020142978992272555,Q3,2024
Tampines / Bedok,Singapore,105,2,1,102138000.0,972742.0,Landed,6.95889929991805,7.667532173976138,9.168942050537316,9.472226282737395,0.04063955360690359,0.020960072799647504,Q2,2024
Novena / Toa Payoh,Singapore,55,1,2,49303000.0,896415.0,HDB,3.8432488963415743,7.062918929351475,9.810563000890934,9.087834318625422,0.042241257621206736,0.03808209821924573,Q3,2024
Jurong West,Singapore,75,2,3,41494000.0,553252.0,Condo,14.01097189050284,8.328120968374614,9.734698905155108,9.809595494106649,0.027920128469142075,0.039204094623984324,Q2,2024
Woodlands / Yishun,Singapore,38,1,1,17442000.0,458988.0,Condo,6.888760461784729,7.119440084640952,9.28743558115943,9.946497659379046,0.02021343626315942,0.03478344701974333,Q1,2023
Jurong West,Singapore,140,3,4,94510000.0,675071.0,Landed,15.676908860635816,7.643127563657746,9.372631190136625,9.447703317440224,0.049627519966030736,0.04832811087849902,Q2,2023
Novena / Toa Payoh,Singapore,140,4,4,194672000.0,1390516.0,Landed,1.726458886238933,8.03768518883916,9.394990768724815,9.845757671945265,0.013909416353691553,0.0173017955460052,Q2,2023
Novena / Toa Payoh,Singapore,45,1,1,44109000.0,980211.0,Condo,1.568588203977468,7.550266673220014,9.36353858918661,9.747862250381663,0.016438878299989683,0.01205012980024743,Q4,2024
Jurong West,Singapore,55,1,2,38895000.0,707190.0,Landed,23.711698037619655,7.0436934788453565,9.852460593368898,9.706778886996583,0.026050716732038834,0.04826605536907584,Q2,2023
Novena / Toa Payoh,Singapore,90,1,1,70351000.0,781678.0,HDB,2.743734595720489,8.262704307076516,9.913260576690117,9.29073139182924,0.0320566728657305,0.029055724250185773,Q2,2023
Woodlands / Yishun,Singapore,120,4,4,68639000.0,571992.0,Landed,7.029091380064343,7.009314689708207,9.097000167128263,9.977798703733365,0.04516955370350469,0.0490962967871335,Q3,2023
Tampines / Bedok,Singapore,105,2,2,71093000.0,677074.0,Condo,24.542079309065876,8.61080417748032,9.056018755957048,9.529251838232659,0.010491760383481236,0.01230795965763189,Q1,2024
Orchard / Marina Bay,Singapore,45,1,1,61368000.0,1363725.0,HDB,21.425290734699757,8.764491198703283,9.908000346414788,9.78549044937665,0.01363898099054968,0.02124460538975692,Q2,2023
Orchard / Marina Bay,Singapore,140,3,4,183692000.0,1312084.0,HDB,3.833432217295254,8.984110374723347,9.986625252745064,9.349993913062649,0.03024295881003538,0.016388030038429414,Q2,2023
Tampines / Bedok,Singapore,65,2,1,44753000.0,688506.0,Condo,10.424593323533578,7.372723248758032,9.473622169505985,9.01597347728187,0.013608218437216718,0.02931457256578967,Q1,2023
Bukit Timah,Singapore,120,3,2,177851000.0,1482095.0,Condo,6.664258390276591,7.329197637083921,9.692363371750647,9.250577235487619,0.015351545036407246,0.04347228954059961,Q3,2024
Orchard / Marina Bay,Singapore,38,2,2,68516000.0,1803062.0,Landed,6.265388225127091,8.399747181522702,9.39827909789827,9.521856922005549,0.018983708040704254,0.015923728369073555,Q2,2023
Orchard / Marina Bay,Singapore,65,1,2,139080000.0,2139694.0,Landed,10.152356621323552,7.6121718301527075,9.910870959635636,9.806241447417856,0.026390771391708,0.0101264415615353,Q3,2023
Tampines / Bedok,Singapore,140,3,3,120170000.0,858360.0,Landed,22.632080899161263,8.791954703908774,9.680050907478892,9.55987754963947,0.04720165832361667,0.017623181190667223,Q4,2023
Tampines / Bedok,Singapore,45,1,1,34947000.0,776608.0,Condo,15.23035193410731,7.475186642827263,9.779389792102378,9.26835665227532,0.028122376277266353,0.034879020536616324,Q3,2024
Novena / Toa Payoh,Singapore,140,5,5,130468000.0,931916.0,HDB,4.482760475400953,7.919191658834432,9.579284894478555,9.545198026313287,0.027706335895761595,0.013021510748045908,Q1,2024
Bukit Timah,Singapore,45,2,2,57115000.0,1269216.0,Condo,12.418844820015956,8.997488634041703,9.57138320445666,9.032114386764214,0.02723147658788426,0.018817197915153502,Q3,2023
Orchard / Marina Bay,Singapore,140,5,6,225336000.0,1609544.0,Condo,16.079504475773316,8.707149362711325,9.525080570235748,9.348378672388028,0.029782265662889357,0.015242332059676001,Q1,2023
Jurong West,Singapore,90,1,2,56373000.0,626364.0,Landed,5.457296395390722,8.379319102459405,9.811578263966597,9.45706308047299,0.01936008415419832,0.03999408697319568,Q4,2023
Novena / Toa Payoh,Singapore,75,1,2,75993000.0,1013236.0,Condo,6.2773603971793115,7.504319706511021,9.102931754950113,9.382130768330882,0.0465695770506727,0.026544358816413968,Q4,2023
Orchard / Marina Bay,Singapore,55,2,3,99082000.0,1801494.0,Landed,21.604653349479413,7.058471094133401,9.535509679863242,9.790732487704535,0.04725449164288323,0.033715123614606164,Q4,2023
Jurong West,Singapore,75,1,1,55362000.0,738158.0,Landed,9.150680704035473,8.013890160263076,9.522103608006011,9.622747517258919,0.024599389640160084,0.03773033874799778,Q1,2023
Woodlands / Yishun,Singapore,45,1,1,19574000.0,434987.0,HDB,14.88955483317346,7.617994835931872,9.92249096593996,9.633503258278225,0.01116045698576158,0.012092787396316843,Q1,2023
Woodlands / Yishun,Singapore,120,2,1,54943000.0,457861.0,Condo,22.60342568280429,7.222541507953771,9.849527441268972,9.032508999423293,0.028427656525167107,0.02748061562566332,Q4,2024
Tampines / Bedok,Singapore,65,1,2,50355000.0,774686.0,Condo,17.96098500049827,7.128512830066977,9.038813768865888,9.239779469834755,0.0253130465311194,0.03158209903499991,Q3,2023
Orchard / Marina Bay,Singapore,65,1,1,87553000.0,1346968.0,HDB,17.169240918543252,8.814875250308187,9.423123785193972,9.49846144353593,0.029591843707581666,0.042284545411886726,Q3,2024
Orchard / Marina Bay,Singapore,65,1,1,78946000.0,1214549.0,HDB,13.998282157577673,7.148287369479766,9.44093692991477,9.882957965544184,0.016564213590354666,0.021279674301195123,Q1,2024
Novena / Toa Payoh,Singapore,105,2,1,103720000.0,987810.0,Condo,16.89092308292123,7.08331612851778,9.51960156824351,9.071203231524493,0.037217821665294755,0.01116839695361484,Q4,2024
Jurong West,Singapore,55,1,2,34412000.0,625671.0,Landed,3.4855366157991634,8.563174373150183,9.28793672836945,9.331560477894792,0.03401557531113194,0.035555179174614204,Q3,2024
Jurong West,Singapore,75,3,2,43670000.0,582267.0,Condo,8.463641856248644,8.028026283927172,9.623527840214187,9.856325102616099,0.04675282914469065,0.018950198970250107,Q4,2023
Orchard / Marina Bay,Singapore,105,2,1,160242000.0,1526116.0,Condo,23.45765971215011,8.010397714699382,9.68512052244922,9.931926541322,0.03567637589040085,0.04181553531758795,Q1,2023
Novena / Toa Payoh,Singapore,120,2,2,123090000.0,1025754.0,Condo,24.201418155217162,8.06358576858852,9.549301414144923,9.258316381353328,0.02362619552819685,0.029077084453737016,Q3,2024
Novena / Toa Payoh,Singapore,38,1,1,36400000.0,957889.0,Condo,5.4551118351881085,8.489528903539554,9.50757715773757,9.865750552952287,0.028845668460643382,0.03274257681455291,Q2,2024
Orchard / Marina Bay,Singapore,105,2,1,209261000.0,1992963.0,Landed,1.187390291295623,7.554102654871557,9.790591490748286,9.643545826177164,0.023806382043569628,0.04528634393299706,Q3,2024
Jurong West,Singapore,105,4,3,61088000.0,581790.0,Condo,1.4978887101489224,8.544903202043185,9.142140133818408,9.837113949602303,0.04045779566118522,0.0251904073746936,Q3,2024
Novena / Toa Payoh,Singapore,140,3,2,183023000.0,1307308.0,Landed,18.636805463628047,7.979807632158179,9.813884519948775,9.027947993219424,0.023039213333505865,0.03847265290298984,Q3,2023
Orchard / Marina Bay,Singapore,45,1,2,54464000.0,1210301.0,HDB,8.898558667597902,8.537035074195357,9.870893894874676,9.8285069136495,0.01461090365479967,0.04989145884846467,Q3,2024
Orchard / Marina Bay,Singapore,75,3,2,89063000.0,1187507.0,HDB,15.53050736786404,8.380522736393296,9.525990155747579,9.152110175335022,0.02178568388766526,0.027693525498438364,Q2,2023
Tampines / Bedok,Singapore,75,3,4,54240000.0,723201.0,Condo,23.76811734169567,7.5295258980730555,9.268177511172489,9.853898449021706,0.012904121226652077,0.016008830122856643,Q3,2024
Bukit Timah,Singapore,90,1,1,162576000.0,1806402.0,Landed,12.745844911632297,8.8998321678328,9.542865805826247,9.759660944027647,0.0498703535813515,0.042365227666847444,Q3,2024
Jurong West,Singapore,55,2,2,35482000.0,645118.0,Landed,19.700435066857615,7.872203711290075,9.02407675199493,9.285845519533767,0.03392767244987172,0.03152888914044243,Q3,2024
Woodlands / Yishun,Singapore,55,1,1,20635000.0,375180.0,HDB,10.649553289173003,8.227224312015203,9.848734979172992,9.568143623936509,0.03849106959060285,0.041897795806968126,Q1,2024
Orchard / Marina Bay,Singapore,120,2,3,198044000.0,1650370.0,Condo,7.73011341583609,7.938348915578549,9.950854955328037,9.140952766686762,0.04209735224072962,0.02110486679850026,Q3,2023
Tampines / Bedok,Singapore,45,1,2,34290000.0,762007.0,Condo,8.305281932061142,7.116822461734246,9.741132370717263,9.29025975583544,0.03463659697962488,0.014704549433341128,Q4,2024
Orchard / Marina Bay,Singapore,65,1,2,95816000.0,1474087.0,Condo,10.172621439892822,8.091770741212779,9.757556686172103,9.847015176639626,0.04737593775355032,0.023378038029193894,Q2,2023
Jurong West,Singapore,38,1,2,17682000.0,465306.0,HDB,13.975840314835246,7.3719008902419185,9.963168592492886,9.90242062688192,0.01983274412399189,0.04409775433055181,Q3,2024
Tampines / Bedok,Singapore,140,5,6,128041000.0,914578.0,Landed,6.409027326812413,8.67255287835972,9.74074260837291,9.755383548503909,0.01759563047009752,0.020699480643053707,Q2,2024
Novena / Toa Payoh,Singapore,55,2,1,55543000.0,1009868.0,Condo,8.037676018214382,7.995636421388009,9.729532394382318,9.77018192058961,0.03860180397901318,0.04032733529819248,Q4,2023
Orchard / Marina Bay,Singapore,45,1,1,64148000.0,1425513.0,HDB,7.94773286694855,7.229688014437174,9.763132168202677,9.879058718540826,0.01177131074410768,0.03127775220444285,Q1,2024
Novena / Toa Payoh,Singapore,75,3,2,99171000.0,1322285.0,Landed,2.4901404795551896,8.589784382193722,9.23144049907877,9.613879973069968,0.01463085677749664,0.024194291203114615,Q4,2024
Novena / Toa Payoh,Singapore,55,1,1,45082000.0,819668.0,HDB,2.8067017756443517,8.447849321240334,9.4246110330569,9.29718167306011,0.04423435426836105,0.03043977417670997,Q2,2023
Tampines / Bedok,Singapore,65,2,2,56304000.0,866223.0,Landed,2.0807212455635833,8.446255156183263,9.49440449925871,9.805426988865893,0.015412973680782205,0.023250384843162955,Q3,2023
Novena / Toa Payoh,Singapore,55,1,1,75181000.0,1366922.0,Landed,19.372762784160823,7.7577602631271505,9.868855959184529,9.804152647857084,0.011688556409340186,0.0358182125078957,Q3,2024
Novena / Toa Payoh,Singapore,45,2,1,55248000.0,1227739.0,Landed,4.463334806113365,7.672184960792233,9.706026201144244,9.53184404708821,0.045070157792971174,0.011602620920712408,Q4,2023
Orchard / Marina Bay,Singapore,90,1,2,125154000.0,1390600.0,HDB,16.42547910588852,7.397377982441988,9.966425091974818,9.058457255951522,0.048018998494961836,0.04131879231264758,Q4,2023
Woodlands / Yishun,Singapore,105,4,5,49379000.0,470276.0,Condo,21.530592872854882,7.648434713308577,9.786497129709284,9.896089767981914,0.0477906499839632,0.04076883807127691,Q4,2023
Orchard / Marina Bay,Singapore,90,2,3,114934000.0,1277045.0,HDB,3.0509439155510423,7.453397146181606,9.557254943264612,9.746338699742926,0.0489960766913352,0.03785786317740423,Q3,2024
Bukit Timah,Singapore,65,2,1,95517000.0,1469488.0,Condo,23.75820375964052,8.537936919545134,9.068525839772946,9.20017343423222,0.011231195558149349,0.014993072886645243,Q4,2023
Bukit Timah,Singapore,140,3,2,152223000.0,1087306.0,HDB,12.353986439175744,7.897483691235857,9.96919945998488,9.103567730219844,0.02879949191150004,0.03338003931948985,Q2,2024
Tampines / Bedok,Singapore,140,4,3,102319000.0,730849.0,Condo,1.320122018949994,8.363440863541081,9.624795130717327,9.8672656106072,0.013386560531242094,0.03724762270904934,Q1,2023
Orchard / Marina Bay,Singapore,120,4,5,193411000.0,1611760.0,Condo,24.04615455698032,7.931019570384257,9.60938632816592,9.686583199970686,0.01169987804844236,0.02075314078800162,Q1,2023
Jurong West,Singapore,45,1,1,25217000.0,560385.0,Condo,1.913725398999084,8.968132748632645,9.380649658262586,9.213786470935638,0.036520645759972846,0.02107231982939646,Q1,2024
Tampines / Bedok,Singapore,75,3,3,72585000.0,967795.0,Landed,11.911853333482133,8.916895360143812,9.068066098056134,9.629182484008052,0.027730107166020077,0.04195409083107108,Q2,2024
Orchard / Marina Bay,Singapore,55,1,1,77453000.0,1408227.0,Condo,19.934373949051356,8.542553222540864,9.993714328780499,9.187962853883178,0.03093897717876793,0.010089122715593103,Q3,2024
Jurong West,Singapore,55,1,1,30102000.0,547314.0,Condo,14.772219866577377,7.885700843583571,9.716362058506625,9.239366918268022,0.04436047243699402,0.0407283278787839,Q1,2024
Jurong West,Singapore,55,1,1,39325000.0,715002.0,Landed,23.789214095605516,7.146189498603862,9.485297706516258,9.379878984781625,0.04332442728073731,0.019643834699920336,Q3,2023
Tampines / Bedok,Singapore,45,1,1,32041000.0,712017.0,Condo,12.034847252836451,8.6012968513292,9.832761813676216,9.962684772027023,0.0450622269373294,0.043856363887517916,Q2,2023
Novena / Toa Payoh,Singapore,75,3,4,81013000.0,1080168.0,Condo,12.09734551718693,7.049683610789643,9.230298175397573,9.787722302159137,0.025961857080589276,0.03271475931878784,Q4,2023
Jurong West,Singapore,45,1,1,23978000.0,532840.0,Condo,15.424075172433744,7.853206263285842,9.854241936933692,9.227944833743555,0.026184144432420745,0.0354884526627941,Q2,2023
Jurong West,Singapore,75,1,1,49026000.0,653677.0,Landed,24.61313173200553,7.293802884446678,9.965175008875779,9.28272748276669,0.023920738576987094,0.017729407520855514,Q4,2024
Woodlands / Yishun,Singapore,38,2,2,17237000.0,453612.0,Condo,3.1362680012828745,8.002544836852824,9.780986536355753,9.771081667799494,0.015222706365095618,0.03917212017857272,Q3,2024
Novena / Toa Payoh,Singapore,105,3,4,110227000.0,1049777.0,Condo,9.522202818881558,8.060656744684815,9.340194157360433,9.8734504320275,0.013549959444743806,0.02137801589965531,Q2,2024
Novena / Toa Payoh,Singapore,90,2,2,84579000.0,939770.0,Condo,17.258817539705817,7.975102521217219,9.712720452631052,9.685497427301215,0.0496337698911193,0.03992352853169408,Q2,2023
Jurong West,Singapore,105,2,2,69736000.0,664157.0,Landed,21.96823880092096,7.657589028979351,9.084043940913702,9.102401122030459,0.031131388061170377,0.019209882983217345,Q1,2023
Orchard / Marina Bay,Singapore,55,2,2,70526000.0,1282282.0,HDB,16.69032924788856,8.195793370266644,9.706818235239908,9.707948499961512,0.04058630822269585,0.03382481194767031,Q3,2023
Novena / Toa Payoh,Singapore,45,1,2,56637000.0,1258599.0,Landed,7.1076878420898915,7.16525196742195,9.067053170003593,9.686738287670126,0.039260871965076084,0.044541713318333565,Q3,2023
Jurong West,Singapore,120,4,5,68139000.0,567826.0,Condo,5.806971363244177,7.121106835220326,9.984240995538224,9.807028600367445,0.04185506732018019,0.03233648984090345,Q2,2023
Orchard / Marina Bay,Singapore,140,3,4,199332000.0,1423802.0,Condo,24.21666846087489,8.56773109844737,9.917422623899212,9.140707604858825,0.04662645383935209,0.03883295766845708,Q3,2023
Bukit Timah,Singapore,38,1,1,64877000.0,1707289.0,Landed,6.548481724100824,7.285805027322412,9.369064497345976,9.606666236807266,0.014408781744837281,0.03325066802715389,Q4,2024
Woodlands / Yishun,Singapore,75,3,3,27068000.0,360902.0,HDB,9.951236726962811,8.644275081575852,9.015665225591246,9.403275431604358,0.03145574698700034,0.02274856372628053,Q2,2023
Woodlands / Yishun,Singapore,90,3,4,37292000.0,414355.0,HDB,4.3542675118077945,7.9428298913261575,9.108981118081973,9.602227548849022,0.03672096710903791,0.035446248537669235,Q4,2024
Tampines / Bedok,Singapore,38,2,1,24975000.0,657225.0,Condo,10.678991313851615,7.010602122209594,9.710761464237015,9.241584131481437,0.03132527719228532,0.014225519226851016,Q4,2023
Jurong West,Singapore,38,1,1,20302000.0,534267.0,Condo,9.07194568206572,7.406714738967292,9.960824685681851,9.696407602002704,0.02966532931587497,0.03862258464882715,Q4,2024
Orchard / Marina Bay,Singapore,38,1,1,55150000.0,1451316.0,Condo,20.761009120146753,7.862266026409983,9.223717047796773,9.261372847436508,0.012255554326387067,0.03954317421707369,Q2,2024
Novena / Toa Payoh,Singapore,75,3,2,68702000.0,916021.0,HDB,21.11978703233883,8.449536409032095,9.434044093630334,9.658756716705293,0.024414778142393057,0.0162945697852463,Q2,2023
Bukit Timah,Singapore,55,2,3,100175000.0,1821365.0,Landed,12.397801268288152,8.813275296078732,9.621560616955422,9.650461292753825,0.046189738975599234,0.014769712225690578,Q1,2024
Jurong West,Singapore,120,2,1,59218000.0,493487.0,Condo,12.707968611799107,7.240803433440918,9.568240689739174,9.713198465517284,0.03684715208327412,0.032923489070528646,Q4,2023
Tampines / Bedok,Singapore,55,1,1,46909000.0,852883.0,Landed,17.352086616188075,8.304964064456161,9.090433376994264,9.555978281437406,0.043655082996882894,0.02133598777951708,Q1,2023
Novena / Toa Payoh,Singapore,45,1,1,40155000.0,892330.0,HDB,20.00062455441475,8.425664515723605,9.282434327134018,9.511601621577539,0.012429691373874969,0.043113406321097135,Q1,2023
Jurong West,Singapore,55,2,1,33999000.0,618160.0,Landed,18.627046002911026,8.506716748257166,9.66367969303255,9.246945696329803,0.010595196088340395,0.018569913851038684,Q3,2023
Novena / Toa Payoh,Singapore,120,2,1,143553000.0,1196279.0,Landed,18.730166292196042,8.91453204267085,9.05427268314461,9.46713010886332,0.022755466040547595,0.02111629691052893,Q4,2024
Orchard / Marina Bay,Singapore,55,2,3,103658000.0,1884684.0,Landed,19.86151826111204,7.958217783326297,9.618999615227208,9.830801016784116,0.018253761859460642,0.042459596773106324,Q2,2024
Bukit Timah,Singapore,120,2,3,189800000.0,1581671.0,Landed,10.951715122114614,7.6944785990308,9.542247453387947,9.52853549687741,0.02542234331344866,0.02647453397418443,Q3,2024
Jurong West,Singapore,75,2,2,52484000.0,699788.0,Landed,18.914718589963258,8.452363636778854,9.742231505803655,9.457298422119306,0.031769270004501235,0.033183495301039735,Q3,2024
Novena / Toa Payoh,Singapore,105,3,3,85870000.0,817806.0,HDB,12.086732156642615,7.424943554841354,9.314814927352787,9.519792435338877,0.012459915128174863,0.03580416878098399,Q1,2023
Tampines / Bedok,Singapore,75,1,1,43330000.0,577728.0,HDB,22.99030997582575,8.329062823457864,9.988094919833332,9.630192937501823,0.028585305742849017,0.029549600870283056,Q2,2024
Bukit Timah,Singapore,65,1,2,70449000.0,1083831.0,HDB,24.46257752583656,8.056096144426892,9.0388870159375,9.013483462668734,0.032549327888494635,0.03742585070344768,Q3,2024
Novena / Toa Payoh,Singapore,120,3,2,123079000.0,1025662.0,Condo,1.739529264003421,8.674844526140856,9.670057861198577,9.325410854392937,0.042671102111756565,0.02813143662742843,Q3,2023
Tampines / Bedok,Singapore,120,2,3,78595000.0,654958.0,HDB,23.74978506514157,8.741203853148697,9.71658183117851,9.1581545676257,0.01508855330547057,0.018599679557839546,Q4,2024
Tampines / Bedok,Singapore,140,4,3,88958000.0,635413.0,HDB,22.357070371780008,8.733363662380503,9.009061832902315,9.699461563590088,0.01848759102466014,0.038630096402944854,Q4,2023
Tampines / Bedok,Singapore,75,2,1,51949000.0,692653.0,Condo,1.0893157420256712,8.346775567568239,9.189013138987688,9.392922523536289,0.026209537256446237,0.017145488812913008,Q3,2023
Bukit Timah,Singapore,65,2,1,82676000.0,1271943.0,Condo,9.202484202418875,8.707999042693817,9.822280666955718,9.462174950996413,0.04429207840627069,0.038906514875536896,Q1,2023
Novena / Toa Payoh,Singapore,140,3,3,142487000.0,1017761.0,Condo,20.172078776419152,8.421695947922903,9.58500749357826,9.585196984431018,0.011143462170663879,0.044470487946787755,Q4,2024
Tampines / Bedok,Singapore,105,4,3,101841000.0,969916.0,Landed,5.833163991451985,7.1467090688106145,9.226523176508065,9.359381337461752,0.03670153610663062,0.0412054623996943,Q3,2023
Novena / Toa Payoh,Singapore,140,4,5,134409000.0,960063.0,Condo,24.715030559077174,7.425162015063769,9.965592718013802,9.389951293543723,0.02064892637212683,0.018722041479660737,Q2,2023
Bukit Timah,Singapore,105,2,1,113472000.0,1080689.0,HDB,16.463696435959342,8.573168235331407,9.468891767312975,9.518226222739488,0.043415551072085126,0.018909765233983758,Q3,2023
Orchard / Marina Bay,Singapore,90,1,2,125500000.0,1394441.0,HDB,18.418026779887235,7.9029219531509804,9.152176464797217,9.181179834526747,0.013202384528638872,0.025221521727751828,Q1,2024
Bukit Timah,Singapore,105,4,3,131824000.0,1255466.0,Condo,3.434987662422749,8.347716530127407,9.398468548047909,9.538540905664522,0.027432142469542502,0.04891243225526301,Q1,2023
Woodlands / Yishun,Singapore,90,1,1,37337000.0,414850.0,HDB,24.841626225835416,7.2426349757063,9.605433493711912,9.185273223129428,0.01219580939431459,0.04784822995086917,Q4,2023
Jurong West,Singapore,120,4,3,55342000.0,461183.0,HDB,1.7514165344489232,8.998531054318518,9.314475639768327,9.262974144989428,0.02947486262787477,0.011391783241448997,Q1,2023
Woodlands / Yishun,Singapore,90,2,1,37369000.0,415214.0,HDB,9.798992879862194,7.2581023444625075,9.150819136366852,9.321169994397804,0.046882914792534904,0.042004736627144705,Q3,2024
Woodlands / Yishun,Singapore,75,2,3,31248000.0,416635.0,HDB,21.02066442875387,8.24812094872354,9.796688622983908,9.48080727978383,0.0294125890573948,0.04446369716530295,Q2,2023
Orchard / Marina Bay,Singapore,75,2,1,133535000.0,1780467.0,Landed,18.289009638815408,7.322870349129684,9.76800300096579,9.715908853046514,0.01459029549013887,0.03543437046073188,Q2,2023
Tampines / Bedok,Singapore,140,3,2,93413000.0,667238.0,Condo,22.09039836606076,8.711044122877606,9.762812819388815,9.131690943652062,0.04201455340578129,0.037795922346564724,Q3,2024
Orchard / Marina Bay,Singapore,55,1,2,65693000.0,1194412.0,HDB,4.094913629803154,8.123193275059249,9.993694357815281,9.115127547840537,0.02153046282220767,0.03724962642477446,Q4,2024
Jurong West,Singapore,90,3,2,44219000.0,491327.0,Condo,12.818872345735418,8.215097307871199,9.081817445818062,9.835776569030582,0.027429681327537522,0.03260569555765197,Q1,2023
Novena / Toa Payoh,Singapore,140,4,3,130913000.0,935094.0,Condo,6.578504438382663,8.484402163449351,9.508508301469632,9.17729063955261,0.033268277573904895,0.017474521632814276,Q1,2024
Novena / Toa Payoh,Singapore,105,2,3,91021000.0,866865.0,HDB,6.376167609000643,8.772269376454247,9.082715080510036,9.789750449901327,0.03260457263788662,0.013859052874574377,Q4,2024
Tampines / Bedok,Singapore,75,3,2,58942000.0,785896.0,Condo,6.727403517670165,7.511295123620597,9.51991009113518,9.317070155573774,0.030850711345249686,0.028143577033611665,Q4,2024
Jurong West,Singapore,140,5,5,75214000.0,537243.0,Condo,23.245893707906365,7.360824558178173,9.825371711144353,9.75359179242455,0.03454830664141619,0.042500412865337074,Q4,2023
Woodlands / Yishun,Singapore,105,2,3,57022000.0,543066.0,Landed,15.242922139381532,7.156608783019998,9.592740758494768,9.61269492366121,0.01804379148735276,0.02658351597190694,Q4,2023
Woodlands / Yishun,Singapore,120,4,4,53176000.0,443130.0,Condo,9.368238825557455,7.871696889354735,9.348139615885964,9.583839233637848,0.02929101755749708,0.03184598052994155,Q2,2023
Novena / Toa Payoh,Singapore,105,2,1,122150000.0,1163333.0,Landed,1.1977097278103228,7.789510180796884,9.82877175529567,9.619967751926348,0.02708318563914977,0.011978620687727854,Q1,2023
Novena / Toa Payoh,Singapore,120,2,2,116148000.0,967902.0,Condo,19.88711242609275,8.465131157768276,9.086877387564707,9.765994438932488,0.01506058977989598,0.0182967116370404,Q4,2023
Novena / Toa Payoh,Singapore,55,2,1,60325000.0,1096827.0,Condo,7.673061999732726,7.692676132353639,9.03243947138156,9.174404611734046,0.011011447707324033,0.04496213373302566,Q2,2024
Novena / Toa Payoh,Singapore,140,4,3,135796000.0,969974.0,Condo,3.576965339327934,8.513346000212518,9.4790965200148,9.212655031550197,0.026595675988845886,0.033812734319275804,Q1,2023
Woodlands / Yishun,Singapore,90,1,1,51487000.0,572082.0,Landed,10.462034631819625,8.438801889889792,9.38002504440667,9.37343501823275,0.02575798473977984,0.0376876753062264,Q2,2024
Bukit Timah,Singapore,90,2,1,112140000.0,1246004.0,Condo,5.850784255828275,7.650602621985697,9.64284019072906,9.162358645059708,0.033603757529314125,0.010752135924058614,Q2,2023
Jurong West,Singapore,55,1,1,22493000.0,408959.0,HDB,13.360178869594813,8.878492368604697,9.005927784455604,9.364566891621646,0.04210627038369524,0.012669621131436366,Q2,2023
Orchard / Marina Bay,Singapore,45,1,2,95422000.0,2120500.0,Landed,7.323565628913846,7.751158010708126,9.571643075055809,9.69208298552346,0.03568496678983747,0.039928749920638856,Q4,2023
Bukit Timah,Singapore,55,1,2,69278000.0,1259607.0,HDB,7.30220535861926,7.791562871722731,9.30683151510573,9.822498819324473,0.040616364956104246,0.04889911081951276,Q4,2023
Jurong West,Singapore,65,2,3,31733000.0,488195.0,Condo,5.887116773118893,8.301764749055176,9.168466354197022,9.980015490143254,0.03884174853371901,0.032108881281939186,Q2,2023
Tampines / Bedok,Singapore,105,3,2,68504000.0,652421.0,Condo,10.114383693707914,8.87294864588402,9.681823324303124,9.39104974784624,0.04886950031610719,0.020960169274933167,Q1,2024
Jurong West,Singapore,65,1,1,34897000.0,536871.0,Condo,7.658856331549816,7.749449766036629,9.667643342307368,9.582961407066485,0.04017055889356607,0.011812693016920322,Q1,2023
Woodlands / Yishun,Singapore,105,3,3,50100000.0,477142.0,Condo,8.464680008185944,8.074261652089408,9.252992322423802,9.617775751390054,0.048771120248025907,0.04857782916832663,Q3,2024
Orchard / Marina Bay,Singapore,55,1,1,115136000.0,2093388.0,Landed,4.681247298531611,8.26666125462291,9.886594916068638,9.573033691121358,0.010558146590973988,0.03286127957478093,Q2,2023
Novena / Toa Payoh,Singapore,140,4,4,135398000.0,967126.0,Condo,4.807254171875243,8.070060054868488,9.407597392587821,9.24250761124265,0.022447008021422098,0.0453141660614817,Q4,2024
Orchard / Marina Bay,Singapore,55,2,1,71017000.0,1291227.0,HDB,12.302339990450513,8.479681936072561,9.039843433591034,9.210020616933365,0.015411814120321466,0.014639406706536868,Q1,2024
Bukit Timah,Singapore,105,2,3,122082000.0,1162688.0,HDB,24.807832461149182,7.3000233494376605,9.121267763648428,9.585384273530604,0.03590621506426414,0.047042998962808724,Q2,2023
Novena / Toa Payoh,Singapore,45,1,2,43852000.0,974479.0,Condo,12.18871010409384,8.686900405104403,9.521049896567181,9.559623787528556,0.03778334495616855,0.025171120168983277,Q4,2023
Novena / Toa Payoh,Singapore,105,2,1,92344000.0,879465.0,HDB,20.87631186918818,7.098381779340647,9.186605458560123,9.658022738486373,0.04181425745186059,0.023609873829886246,Q4,2024
Orchard / Marina Bay,Singapore,45,1,1,64231000.0,1427354.0,HDB,22.066469615644827,7.914730638631123,9.569627207122084,9.837284139727798,0.024664818876331044,0.03447056440151025,Q4,2024
Tampines / Bedok,Singapore,140,4,4,77956000.0,556831.0,HDB,1.4590243681428197,8.630605366426794,9.963733578407096,9.347014205743596,0.01459683257627534,0.026144598629309512,Q4,2023
Jurong West,Singapore,90,1,1,59556000.0,661739.0,Landed,15.28572124355426,7.654450692433394,9.497958964319926,9.058511295891986,0.04362236237535111,0.01370461830609536,Q3,2024
Woodlands / Yishun,Singapore,38,1,1,21265000.0,559607.0,Landed,22.083241356235796,8.94774502235327,9.194853844995393,9.884721635725528,0.03150340120062184,0.015468360079764971,Q2,2024
Bukit Timah,Singapore,105,4,5,112561000.0,1072011.0,HDB,18.954169039342492,8.75868601935978,9.842034246422893,9.308506115927896,0.01770490934332052,0.03404250030771056,Q2,2024
Woodlands / Yishun,Singapore,55,2,1,21772000.0,395847.0,HDB,21.113550056761618,7.318933751691787,9.94595837968992,9.580053664977195,0.039380505260436856,0.040184216942345065,Q2,2024
Woodlands / Yishun,Singapore,120,2,1,73959000.0,616327.0,Landed,2.5643626339852066,7.336818926901027,9.430145918356098,9.963452951150716,0.029460750794835004,0.031130463679308627,Q2,2023
Jurong West,Singapore,55,1,1,31902000.0,580033.0,Condo,23.896568526964643,8.359452438631802,9.666723678248418,9.926613073223358,0.04244968396014924,0.047599999741406954,Q1,2024
Tampines / Bedok,Singapore,105,3,4,66131000.0,629818.0,HDB,15.972497972283417,8.7998895232601,9.903792781106546,9.663213411837726,0.013648465889631032,0.039392739337674156,Q2,2023
Jurong West,Singapore,65,2,3,36148000.0,556119.0,Condo,2.3530661037591774,7.1495299554617695,9.27909281094113,9.21664304867449,0.03550681719044499,0.030559127412428187,Q3,2024
Novena / Toa Payoh,Singapore,140,3,3,167717000.0,1197980.0,Landed,14.062193198308343,7.641278370850887,9.952270623966458,9.37756933671603,0.025536368904348183,0.0435282958625993,Q3,2024
Tampines / Bedok,Singapore,45,2,2,36933000.0,820743.0,Landed,11.605764245427652,7.647193042021128,9.099826172958851,9.177031295547717,0.02224551270770901,0.014238451821316698,Q3,2024
Jurong West,Singapore,38,1,1,19021000.0,500566.0,Condo,16.904627756709914,7.6228318446631445,9.644341707706031,9.859044854235055,0.01956468208699648,0.020978105236439188,Q2,2024
Jurong West,Singapore,120,2,2,69800000.0,581670.0,Condo,12.265432207092305,7.888639825376078,9.827548386312113,9.234442774817468,0.03216260312715952,0.016507420605991717,Q4,2024
Tampines / Bedok,Singapore,140,5,4,131214000.0,937245.0,Landed,15.428129286963951,7.375876936763039,9.761011704344046,9.615180033737488,0.021237994262880564,0.04533018629251853,Q2,2023
Bukit Timah,Singapore,75,3,2,141600000.0,1887997.0,Landed,1.090562238344261,8.275605384924843,9.276430913456418,9.138806010255676,0.0323337229851004,0.048648441026408806,Q3,2024
Woodlands / Yishun,Singapore,120,4,4,72299000.0,602488.0,Landed,14.599773879068195,8.266000580961498,9.042279264034734,9.505023261086412,0.03037691007897437,0.04210081355079725,Q1,2024
Bukit Timah,Singapore,120,3,4,127695000.0,1064129.0,HDB,21.021105414334706,8.10463878267442,9.691539383591259,9.330187879997188,0.0371746951959563,0.013759731837736893,Q2,2024
Novena / Toa Payoh,Singapore,120,2,2,122529000.0,1021076.0,Condo,21.746393027552866,8.24034385081974,9.052836807325168,9.70031013808872,0.034931557456423325,0.01831033176209906,Q4,2023
Bukit Timah,Singapore,105,2,3,176047000.0,1676636.0,Landed,23.353809574792564,7.669486925902894,9.102072753626924,9.61449327490873,0.033391963614852756,0.04371264875545017,Q2,2024
Tampines / Bedok,Singapore,120,4,4,97919000.0,815990.0,Landed,19.080649112862204,7.32678642939737,9.168116174413852,9.825779385118816,0.030648929710053195,0.02059239028783301,Q4,2024
Orchard / Marina Bay,Singapore,140,4,5,268106000.0,1915043.0,Landed,14.043000880921781,7.215907100255939,9.213294882983778,9.500766227753102,0.0480928613666428,0.02045173729340057,Q1,2024
Orchard / Marina Bay,Singapore,75,2,3,159880000.0,2131729.0,Landed,2.2614099195077415,7.161582055368146,9.869453070725458,9.74760004959965,0.02970491611890458,0.030009663648582492,Q4,2023
Woodlands / Yishun,Singapore,90,2,1,44305000.0,492280.0,Condo,20.388649496803744,8.553847108263964,9.614077155958295,9.219573709406607,0.022545751446172248,0.043395038886864704,Q4,2023
Novena / Toa Payoh,Singapore,90,2,1,123577000.0,1373074.0,Landed,6.46569608874907,7.085593598087799,9.860550082117339,9.679260249568514,0.013506547276569286,0.021806758739465075,Q1,2024
Tampines / Bedok,Singapore,75,3,2,53004000.0,706717.0,Condo,24.06876469460629,8.468213920740894,9.55485121477814,9.71719469673849,0.03147710963241906,0.03273508741373568,Q3,2023
Bukit Timah,Singapore,38,2,3,55192000.0,1452416.0,Condo,5.933271325486589,8.054718766912318,9.867522167735135,9.75354457450054,0.024974781360030805,0.03944704296740706,Q4,2023
Woodlands / Yishun,Singapore,90,2,1,49716000.0,552397.0,Landed,18.55634756337254,7.59810843532751,9.858377829354493,9.547860826390712,0.011548028316273303,0.030352812472348258,Q1,2024
Tampines / Bedok,Singapore,55,1,1,42123000.0,765876.0,Condo,19.406909060985612,8.257737064888925,9.084108432590886,9.766590746101775,0.03216519997873515,0.03869875867332616,Q4,2023
Bukit Timah,Singapore,120,3,2,151643000.0,1263693.0,HDB,20.25059975778381,8.557209091711663,9.2652741186727,9.153366065684121,0.024206849652904698,0.017386597755451056,Q4,2023
Tampines / Bedok,Singapore,90,1,2,68900000.0,765558.0,Condo,11.82338828659031,8.690760402484084,9.97226981905679,9.704209348317859,0.02970366675609422,0.024166027022180146,Q2,2024
Orchard / Marina Bay,Singapore,55,1,1,104785000.0,1905177.0,Landed,17.053052054170426,7.589349457290352,9.056242035010527,9.793594120204926,0.04029782661026716,0.01066862692080807,Q1,2024
Woodlands / Yishun,Singapore,90,1,2,36839000.0,409327.0,HDB,5.98964719593655,8.468782838684891,9.24374649830519,9.076314899752006,0.0439266122418477,0.0182165732238037,Q1,2023
Jurong West,Singapore,90,3,4,65268000.0,725195.0,Landed,22.38835786011845,8.339639497180356,9.788905129932223,9.724852735761294,0.01073909700032802,0.01472112077412294,Q2,2023
Woodlands / Yishun,Singapore,105,4,5,54015000.0,514425.0,Condo,16.861366174252765,8.643649636451965,9.544097931989457,9.254691821911612,0.014102373460250743,0.030437496458353808,Q4,2023
Orchard / Marina Bay,Singapore,38,1,1,63201000.0,1663180.0,Condo,6.727872762990041,7.517895740825139,9.650112226518557,9.889211899171027,0.037700273003701074,0.0402253903132221,Q3,2024
Tampines / Bedok,Singapore,55,2,1,35599000.0,647252.0,HDB,7.579472899961013,8.438090755222238,9.942651646038001,9.98308748206534,0.013852281428249267,0.03358404303218393,Q2,2023
Orchard / Marina Bay,Singapore,105,4,3,208067000.0,1981592.0,Landed,1.3607500224608025,8.943166558452607,9.431826515220298,9.80626612600515,0.026001588870787802,0.027051810784795245,Q1,2023
Tampines / Bedok,Singapore,45,1,2,40516000.0,900365.0,Landed,11.754843799425064,8.205764136125634,9.546119099379766,9.648963811445107,0.018809007233316903,0.020207673205162438,Q3,2024
Woodlands / Yishun,Singapore,105,4,4,38421000.0,365911.0,HDB,11.32127036692679,7.94980353320489,9.253619591876655,9.988180923732566,0.023921068376290468,0.020400309309409163,Q4,2024
Bukit Timah,Singapore,120,4,4,152464000.0,1270535.0,Condo,18.465877991891546,7.116088519063636,9.982035431871372,9.290597068837782,0.028199620094720323,0.011317440629664964,Q4,2023
Bukit Timah,Singapore,65,1,2,120768000.0,1857976.0,Landed,23.352831496655195,7.0058623650297305,9.117350095847655,9.768785802862602,0.048512323357836826,0.026603366523895902,Q3,2024
Bukit Timah,Singapore,45,1,1,68008000.0,1511295.0,Condo,14.734170591765473,8.555067922057711,9.177998108186898,9.834081224574271,0.035958221400598685,0.04307914625109103,Q2,2024
Tampines / Bedok,Singapore,65,1,1,41564000.0,639449.0,HDB,17.14646163941862,8.075430073815635,9.102385692781555,9.93026525538096,0.03881127681325313,0.01401687063391718,Q4,2024
Tampines / Bedok,Singapore,65,2,1,46827000.0,720410.0,Condo,1.7550944039611744,8.891544423457658,9.942662142419639,9.585440078721303,0.04148944196944775,0.012783483971739727,Q4,2024
Novena / Toa Payoh,Singapore,105,4,3,128606000.0,1224817.0,Landed,23.62753817987778,8.637901317027115,9.317019107782553,9.866222655204302,0.032653688404434895,0.02728307488519876,Q1,2023
Tampines / Bedok,Singapore,120,4,5,79504000.0,662532.0,Condo,5.592175571466568,7.689047184043212,9.554520191654861,9.242199340590734,0.03340841697146149,0.0472336478857126,Q2,2024
Novena / Toa Payoh,Singapore,65,2,1,51778000.0,796585.0,HDB,16.131085421705603,7.112026007519133,9.92563887176295,9.38081424181118,0.014706298977424774,0.012878594127628654,Q4,2023
Tampines / Bedok,Singapore,38,1,1,21233000.0,558758.0,HDB,23.477164363386045,7.7600243553859,9.098198831993427,9.387893497219487,0.017165164424252182,0.0444282973946783,Q4,2023
Jurong West,Singapore,75,3,3,39973000.0,532975.0,Condo,18.943224116862577,7.293504125676783,9.626262465308004,9.344067157271592,0.03485368015529771,0.018294335449840413,Q1,2024
Tampines / Bedok,Singapore,90,1,1,52764000.0,586264.0,HDB,23.497371564626942,8.588140288097208,9.60064433016628,9.0191676045021,0.02483856850383638,0.03870372707520363,Q3,2024
Bukit Timah,Singapore,75,3,2,101899000.0,1358654.0,Condo,13.58154031087512,8.19722868411925,9.54156302204326,9.229303603339815,0.03569882784103285,0.03922175603459337,Q3,2023
Woodlands / Yishun,Singapore,140,4,5,56774000.0,405528.0,HDB,2.132337966739576,7.923788639687775,9.86011626227667,9.8407594185264,0.018079755431194888,0.013154108037554329,Q2,2024
Jurong West,Singapore,105,4,3,44065000.0,419668.0,HDB,16.602159806165446,7.71427123660643,9.546082504028586,9.216529926551612,0.03641938398600653,0.014071340610686277,Q1,2023
Woodlands / Yishun,Singapore,120,2,2,63068000.0,525564.0,Condo,24.2498886861627,7.801876948649315,9.237395781393523,9.012012695983518,0.01542023042816806,0.03701746686179093,Q1,2024
Tampines / Bedok,Singapore,105,3,3,100626000.0,958342.0,Landed,17.665576461730772,8.979930865560528,9.32063789829459,9.15626617394595,0.030281514944030245,0.010925808554699748,Q4,2023
Bukit Timah,Singapore,120,4,3,219750000.0,1831247.0,Landed,6.194084387336583,8.768004442409138,9.019289867447917,9.820497829132632,0.03440309758192882,0.04251554192060545,Q4,2023
Woodlands / Yishun,Singapore,38,2,1,19589000.0,515492.0,Condo,11.716325500062034,7.834006875320202,9.258641076099378,9.34745350648323,0.03747312731957596,0.04086485338338423,Q1,2023
Tampines / Bedok,Singapore,55,1,1,45042000.0,818942.0,Landed,6.357610595251155,8.653740132745465,9.974053547851419,9.627737553641431,0.036752998669006054,0.023965410956610984,Q2,2024
Tampines / Bedok,Singapore,105,2,1,72962000.0,694877.0,Condo,7.004752918549136,7.666016050901792,9.055744156407862,9.753991681842379,0.03258473708700052,0.03595255649239558,Q2,2024
Tampines / Bedok,Singapore,120,3,2,112838000.0,940315.0,Landed,7.098070521258585,8.129765969739795,9.562929422329686,9.850610622159898,0.03653987274987616,0.030494759448218993,Q3,2023
Woodlands / Yishun,Singapore,140,5,5,62130000.0,443783.0,Condo,19.39048540712388,7.777510609072033,9.079296521777257,9.268451260624847,0.0295567381920955,0.011839606297300924,Q1,2023
Orchard / Marina Bay,Singapore,45,2,3,90684000.0,2015198.0,Landed,1.7193268960951977,8.079971687830529,9.986949864388702,9.498978045842353,0.030094300660877614,0.04953535761631398,Q2,2024
Tampines / Bedok,Singapore,45,1,2,33051000.0,734465.0,Condo,5.412080213403742,8.927996000616977,9.485319432056942,9.455043988344366,0.011274575710723518,0.04654481875612164,Q1,2023
Orchard / Marina Bay,Singapore,65,1,1,120167000.0,1848725.0,Landed,16.374803943064755,8.320658021319709,9.03497820286528,9.159917659051933,0.01882213570202551,0.045234224344879816,Q4,2024
Bukit Timah,Singapore,120,3,2,171019000.0,1425159.0,Condo,21.190802583139188,7.191272108784148,9.082317581447052,9.731046086485861,0.04816596392504449,0.039166522047502976,Q1,2024
Woodlands / Yishun,Singapore,38,1,2,23049000.0,606556.0,Landed,3.5076746618050114,7.980765383161595,9.214108199876039,9.1706601206274,0.04657409166775991,0.013324695130852198,Q2,2023
Novena / Toa Payoh,Singapore,45,1,2,35515000.0,789218.0,HDB,12.18454665129267,8.155937939601158,9.806042562120007,9.25344074379057,0.029542359380329612,0.04410160916632182,Q3,2024
Bukit Timah,Singapore,45,2,1,85248000.0,1894399.0,Landed,18.693180044530767,8.616313107355488,9.421400151091454,9.173706128553244,0.0335678224699682,0.04129680255802483,Q2,2023
Jurong West,Singapore,120,3,4,73484000.0,612363.0,Landed,6.987085251570851,8.793835848236,9.765604692997805,9.534158346151887,0.02307606009189416,0.04237246049575053,Q4,2023
Jurong West,Singapore,120,2,3,52704000.0,439196.0,HDB,21.815751391621625,8.669917599554498,9.101362392017286,9.756559871576496,0.014213082225898958,0.029003722946961692,Q2,2023
Novena / Toa Payoh,Singapore,75,3,4,59252000.0,790033.0,HDB,17.197031196948053,8.262714656153264,9.944664655272447,9.581211242523993,0.018212456026162505,0.04595652497924794,Q2,2024
Orchard / Marina Bay,Singapore,140,5,4,281684000.0,2012032.0,Landed,19.978292218966697,7.755587414819959,9.729450013197635,9.592012010621207,0.01939338634135593,0.0323649505941533,Q1,2024
Bukit Timah,Singapore,140,5,6,178294000.0,1273527.0,Condo,2.0920052740747153,8.74962229344614,9.259228811848589,9.460119049434738,0.018580433554085212,0.0153767199090096,Q3,2023
Novena / Toa Payoh,Singapore,38,1,1,31834000.0,837729.0,HDB,8.95018609981209,7.161869331638164,9.05769283957788,9.734650887522166,0.024736944893434552,0.03074400222445023,Q4,2024
Woodlands / Yishun,Singapore,140,5,5,91206000.0,651472.0,Landed,7.67541767896184,7.954459576488033,9.061691237225398,9.496607531516059,0.03646460219212749,0.013738417044187963,Q2,2023
Woodlands / Yishun,Singapore,105,4,5,43887000.0,417968.0,HDB,24.309982860860778,8.576669696762053,9.875239686117945,9.077804830605407,0.03672517260640483,0.028763571442843347,Q1,2024
Woodlands / Yishun,Singapore,120,3,2,71259000.0,593822.0,Landed,14.468524415237876,7.418844582166127,9.066249378822212,9.702677989641511,0.04741131257061431,0.01703442610699539,Q3,2024
Jurong West,Singapore,75,1,1,54650000.0,728672.0,Landed,19.96840922880918,7.219050930628522,9.12535037192211,9.286792060722584,0.04042526165782415,0.02890579525042917,Q2,2024
Novena / Toa Payoh,Singapore,55,1,2,45666000.0,830287.0,HDB,20.32079711172299,7.7620656349341255,9.897285295387624,9.783145422666824,0.043630230746254814,0.045416360279772576,Q4,2024
Novena / Toa Payoh,Singapore,38,1,2,39150000.0,1030251.0,Condo,1.1405684751116034,8.911643701948917,9.084159397510598,9.876307620628635,0.02957141856100423,0.036655310016548016,Q1,2023
Bukit Timah,Singapore,45,1,2,52177000.0,1159481.0,HDB,1.7756596089395655,8.832858187075558,9.364542836279794,9.089365700627113,0.022015369057149126,0.04961750215194029,Q3,2024
Woodlands / Yishun,Singapore,75,3,3,35632000.0,475091.0,Condo,4.435428089882805,8.260901041311424,9.09752173724642,9.723580592061762,0.020189222771683637,0.04587640702215755,Q4,2024
Jurong West,Singapore,120,3,2,55483000.0,462362.0,HDB,10.360855684970073,7.5153432999109855,9.460571298261826,9.137395426416814,0.01446875380076042,0.036907479517358066,Q4,2024
Bukit Timah,Singapore,140,3,2,162268000.0,1159060.0,HDB,15.025702514541425,7.944206863386552,9.993347384620607,9.973468036903844,0.035394327316523415,0.024260294439839528,Q4,2024
Novena / Toa Payoh,Singapore,55,1,1,63665000.0,1157541.0,Landed,5.725465160658954,7.11475887975349,9.092256454470608,9.199743012010758,0.04494129953461886,0.042948510324652286,Q2,2023
Jurong West,Singapore,140,5,4,57135000.0,408105.0,HDB,11.846178765864332,8.355296665566899,9.030442618115202,9.590350255835387,0.02087873697073277,0.03381787372196172,Q4,2024
Bukit Timah,Singapore,90,3,3,157749000.0,1752764.0,Landed,19.37768300029825,7.742066187638115,9.950686489105193,9.255908677445797,0.04962020120023014,0.025281211608388615,Q4,2024
Tampines / Bedok,Singapore,120,3,4,83039000.0,691991.0,Condo,12.420090521682992,8.017080576301511,9.803980737449853,9.148367664780134,0.017720557387826193,0.020439310158517042,Q1,2023
Tampines / Bedok,Singapore,65,2,3,48418000.0,744898.0,Condo,14.005339671386972,7.356979695718284,9.790019459776875,9.885411503965743,0.03610734066094998,0.021873331462158273,Q4,2024
Tampines / Bedok,Singapore,90,2,2,50803000.0,564480.0,HDB,15.550599377210402,7.382986078856032,9.076245341319616,9.896375519813628,0.04596144414709674,0.041651554435569206,Q4,2024
Woodlands / Yishun,Singapore,105,2,2,57091000.0,543728.0,Landed,8.635759786940849,7.988764894205326,9.817310383445736,9.831590678900975,0.04164864117286926,0.01089946083041521,Q1,2024
Bukit Timah,Singapore,105,2,2,147688000.0,1406550.0,Condo,10.909113999247364,7.092481261278758,9.063699544255511,9.189288283597888,0.03149484916683937,0.02771817024648094,Q1,2024
Woodlands / Yishun,Singapore,45,1,1,19430000.0,431775.0,HDB,15.203306060887558,7.260324490051399,9.063570743672845,9.900078969844445,0.011056781830103994,0.01735137578141762,Q4,2024
Tampines / Bedok,Singapore,38,1,1,21435000.0,564080.0,HDB,7.540737982835531,8.018018820251024,9.62970026909904,9.967737804109689,0.011305940407979373,0.027866483123070503,Q4,2023
Novena / Toa Payoh,Singapore,75,1,1,93051000.0,1240683.0,Landed,11.350350579602354,8.452120799529506,9.509724852514152,9.28582976865464,0.016077531093465505,0.015444649874701004,Q2,2023
Bukit Timah,Singapore,140,3,2,263293000.0,1880666.0,Landed,9.178814522517037,7.994304092750196,9.347787719084165,9.406769337721485,0.022778999576971326,0.020252265093686432,Q2,2023
Novena / Toa Payoh,Singapore,45,1,1,36514000.0,811419.0,HDB,13.847299915528573,7.805188011576829,9.174487652095998,9.677320626429237,0.04199665986755805,0.025995039314395826,Q4,2024
Jurong West,Singapore,38,1,1,15679000.0,412604.0,HDB,14.876743389460177,7.4223491717047025,9.303806876204968,9.096242231608294,0.034374030920448564,0.04015405743991945,Q3,2024
Jurong West,Singapore,55,1,1,39623000.0,720416.0,Landed,9.774897963377304,7.439347511611906,9.300160116543687,9.68374751394586,0.014888032230734382,0.03858895061198983,Q1,2023
Tampines / Bedok,Singapore,140,4,3,90128000.0,643768.0,HDB,4.167964069237302,7.463563432045346,9.683172607119078,9.695624003745305,0.0435668407120394,0.04112529137816879,Q4,2023
Tampines / Bedok,Singapore,65,2,1,38228000.0,588118.0,HDB,2.8358352156846713,8.562151724822376,9.849694034820649,9.342464186485254,0.017840220434576608,0.021049051802384304,Q3,2023
Novena / Toa Payoh,Singapore,75,1,1,99347000.0,1324623.0,Landed,24.807624236502793,7.865786591752701,9.639460542162007,9.058127265224389,0.03606150953039825,0.039703641432829236,Q4,2024
Jurong West,Singapore,65,2,2,31613000.0,486349.0,HDB,17.470714262700536,8.06570516012799,9.272893545764578,9.673537445551114,0.031908621296209236,0.027684019817904817,Q1,2024
Woodlands / Yishun,Singapore,45,1,1,26073000.0,579398.0,Landed,1.209952003576504,8.14302325625465,9.06541210864666,9.599388992353244,0.04804968186006227,0.043337533496622976,Q1,2023
Bukit Timah,Singapore,140,4,3,236686000.0,1690616.0,Landed,8.221211650852146,8.735512141320177,9.258588471283288,9.303627900034225,0.04889109407461978,0.025068406085928228,Q2,2023
Jurong West,Singapore,55,1,1,33947000.0,617227.0,Landed,5.055937570806101,8.277399023038345,9.885923537659444,9.0099751543462,0.03200948297560374,0.018472727385394516,Q2,2024
Orchard / Marina Bay,Singapore,55,1,2,79348000.0,1442690.0,Condo,4.508782555213102,8.04621625425833,9.726643047563043,9.497186518825373,0.010731799838525742,0.029315765523556053,Q4,2023
Jurong West,Singapore,38,1,1,18121000.0,476857.0,HDB,19.01132181023442,8.95642190687196,9.727201050181632,9.471450192124946,0.02252811194847929,0.03697260172273307,Q4,2023
Orchard / Marina Bay,Singapore,38,2,1,70886000.0,1865418.0,Landed,6.717975929234986,7.82360078558685,9.064095388574168,9.933684183179906,0.04816151302843958,0.01706326561231982,Q2,2024
Novena / Toa Payoh,Singapore,45,1,1,51670000.0,1148215.0,Landed,20.847788331299352,7.419955271651497,9.744120398210853,9.624528561111424,0.033679515459327895,0.03969237929551269,Q1,2023
Bukit Timah,Singapore,140,3,2,167347000.0,1195338.0,HDB,20.007531594371933,7.2440121319051425,9.53896729283658,9.210318024762532,0.035715826603754254,0.01739087300578101,Q3,2024
Bukit Timah,Singapore,55,2,3,69189000.0,1257977.0,HDB,2.3278391469602804,8.327040248035784,9.541044238784774,9.991631665375639,0.030760085622817242,0.015492404740380477,Q3,2024
Bukit Timah,Singapore,45,1,1,57820000.0,1284890.0,Condo,8.753329456705277,8.190188923167979,9.46085046691355,9.527765756096214,0.04481757125474632,0.02478239423570723,Q4,2024
Woodlands / Yishun,Singapore,90,2,2,56055000.0,622829.0,Landed,17.369670788499135,7.406848051879327,9.59487052381038,9.184079345164657,0.04771535133166146,0.049257334282190146,Q1,2024
Tampines / Bedok,Singapore,45,1,2,43694000.0,970983.0,Landed,7.11517547209075,7.749650773547128,9.880348622111608,9.167146224104044,0.011090436022815621,0.03597338605831802,Q2,2024
Bukit Timah,Singapore,55,1,1,101675000.0,1848634.0,Landed,13.350580310671077,7.350582332447783,9.920582244686631,9.554152685154696,0.01603928891444565,0.020640875321525108,Q3,2023
Tampines / Bedok,Singapore,65,2,1,35590000.0,547535.0,HDB,12.861339057239864,8.393791032910169,9.625761520350558,9.866158122411813,0.04197037221040836,0.038734741060308664,Q2,2023
Woodlands / Yishun,Singapore,65,1,1,40374000.0,621140.0,Landed,15.876086365710435,8.203527705711272,9.546417017242378,9.481062271126003,0.030647121225712948,0.010088917214829848,Q3,2023
Orchard / Marina Bay,Singapore,120,2,3,155391000.0,1294923.0,HDB,19.62469751109922,8.796859640145446,9.88839563097995,9.583896358111968,0.012303062192186949,0.015758039877198274,Q4,2023
Woodlands / Yishun,Singapore,75,2,1,30758000.0,410112.0,HDB,15.9765422357274,7.393594728689157,9.567304210964341,9.148954251672206,0.012764524370623694,0.044647539787004115,Q1,2024
Tampines / Bedok,Singapore,55,1,2,42953000.0,780961.0,Condo,5.31430876230605,8.731678440475127,9.388824456135053,9.287195018775606,0.036960490871768156,0.013561695998307899,Q4,2023
Orchard / Marina Bay,Singapore,45,1,2,93479000.0,2077313.0,Landed,11.008618474329442,8.846279743722597,9.107299268815286,9.798235150527407,0.03746330219232146,0.04764548485593026,Q4,2024
Jurong West,Singapore,65,1,2,48254000.0,742376.0,Landed,21.179952792441917,7.94963632023139,9.07107999773158,9.699502404161436,0.04166598920080686,0.03818681454848621,Q4,2023
Tampines / Bedok,Singapore,105,4,3,78551000.0,748102.0,Condo,6.2411977000313055,7.554079211525155,9.938968533077453,9.580237285602617,0.019670314177925266,0.01703219153611943,Q2,2023
Novena / Toa Payoh,Singapore,38,1,1,34460000.0,906831.0,HDB,13.366787314412758,8.339246191466266,9.88597382619234,9.158071580308754,0.045184728861834215,0.028709947279466935,Q4,2023
Tampines / Bedok,Singapore,45,1,1,24905000.0,553440.0,HDB,18.006645957513506,8.875662582253732,9.639887368219044,9.086753018028844,0.03681932945453992,0.04009624415152166,Q2,2023
Jurong West,Singapore,105,4,5,53489000.0,509417.0,Condo,12.033208566032336,8.473327143225237,9.595597197286546,9.8063322283692,0.045385005037690065,0.038858735465383466,Q4,2024
Novena / Toa Payoh,Singapore,75,2,2,70727000.0,943020.0,Condo,20.271221175171505,8.00641412001641,9.315653466927522,9.62938407146304,0.04375376632773883,0.012637338912172922,Q4,2024
Tampines / Bedok,Singapore,140,3,3,120092000.0,857800.0,Landed,20.70757636431405,8.168068836055477,9.522305744744656,9.057705455624317,0.044895885519172736,0.01355869892645046,Q2,2024
Orchard / Marina Bay,Singapore,90,2,2,140505000.0,1561167.0,Condo,12.602006519829981,7.388281124150661,9.730897942931666,9.717478589387822,0.03406770647752188,0.048279859384109655,Q1,2023
Bukit Timah,Singapore,120,3,4,173259000.0,1443827.0,Condo,20.09176786445871,7.290573457859423,9.49897402662372,9.68758283315919,0.01749202759854458,0.02734032635041249,Q1,2024
Novena / Toa Payoh,Singapore,55,1,2,53634000.0,975172.0,Condo,23.757570354259595,8.945303339530186,9.125095897455344,9.743177637964022,0.015923418945321798,0.02275859871264812,Q3,2023
Woodlands / Yishun,Singapore,120,3,2,58334000.0,486118.0,Condo,10.861941416569703,7.856302013038274,9.015905015399142,9.570168435034994,0.026417955442031092,0.03063600720340843,Q2,2023
Jurong West,Singapore,38,1,1,15513000.0,408237.0,HDB,24.05316827384319,7.66420361671069,9.482494371951919,9.532171332886387,0.021228284943505277,0.026361711523923755,Q2,2023
Tampines / Bedok,Singapore,105,3,4,89353000.0,850982.0,Landed,2.2298737645166353,8.600357125125328,9.724430843903997,9.401024989794607,0.04836640139617714,0.04478066073777096,Q2,2024
Woodlands / Yishun,Singapore,120,3,4,64836000.0,540301.0,Landed,1.3175099730266728,7.048907577226235,9.057073572090584,9.403217167817592,0.021307705903951826,0.04443194030426381,Q3,2024
Jurong West,Singapore,90,1,1,39326000.0,436951.0,HDB,14.675495348047846,7.276955976114069,9.492866108271857,9.765490450719094,0.029371230330609704,0.037922306933066675,Q1,2024
Novena / Toa Payoh,Singapore,105,4,5,88850000.0,846188.0,HDB,17.151713977460933,8.916443465263043,9.329445687490445,9.758594323984056,0.01848387060928773,0.028566193786734438,Q3,2024
Orchard / Marina Bay,Singapore,55,1,1,104671000.0,1903102.0,Landed,14.547361985290422,7.0323021244581145,9.128463819264576,9.163694293580075,0.03922035480993085,0.02472594125870184,Q4,2023
Orchard / Marina Bay,Singapore,38,2,3,54817000.0,1442561.0,Condo,22.522607193896476,8.21039559822697,9.665752348849997,9.616521157569675,0.03906893428575559,0.031007107605738854,Q2,2024
Orchard / Marina Bay,Singapore,45,1,1,57990000.0,1288664.0,HDB,20.595041298444215,8.294957250485215,9.905649802027439,9.8029085934432,0.04527836183615798,0.02360256346434276,Q3,2023
Jurong West,Singapore,75,1,1,34807000.0,464097.0,HDB,5.535828811344995,8.355318152702575,9.990470132596858,9.796424834744485,0.036742389628749324,0.02214119702613401,Q2,2023
Orchard / Marina Bay,Singapore,140,5,5,192562000.0,1375445.0,HDB,15.079977363033107,8.050895080475811,9.062464077358946,9.465464338748987,0.033135976341705675,0.047527542013570206,Q1,2024
Orchard / Marina Bay,Singapore,55,1,1,75161000.0,1366562.0,HDB,3.7175123548269147,7.176172095988134,9.04074367567633,9.264842795169368,0.012453691589547318,0.02532792747783749,Q1,2023
Bukit Timah,Singapore,55,1,1,78208000.0,1421956.0,Condo,9.622435727035619,8.405086628300182,9.743539363192935,9.454584162678952,0.01829064492504887,0.030561650267543622,Q3,2023
Orchard / Marina Bay,Singapore,90,2,3,133060000.0,1478449.0,Condo,21.069274106684976,8.124565245098527,9.999459617078356,9.232591347029848,0.019491206873511586,0.025129930759200097,Q3,2024
Novena / Toa Payoh,Singapore,75,1,1,77805000.0,1037402.0,Condo,10.53326680298611,8.545842469713667,9.546358604994257,9.358463155859946,0.014124482447694557,0.03631176828526056,Q3,2023
Bukit Timah,Singapore,140,5,4,259873000.0,1856236.0,Landed,18.961920395944365,8.334232895559934,9.373048133077935,9.599706461889395,0.0378042195716859,0.021608919202259234,Q4,2024
Tampines / Bedok,Singapore,65,1,1,37441000.0,576013.0,HDB,21.706233530287225,7.53440772522183,9.765418958494369,9.899157287984007,0.02673608325341747,0.03674416632573059,Q3,2023
Tampines / Bedok,Singapore,105,4,4,75746000.0,721386.0,Condo,17.223484871476682,8.069218341445467,9.339518665462053,9.041032146287023,0.04754614042083537,0.04058352095784285,Q2,2023
Novena / Toa Payoh,Singapore,140,5,5,129767000.0,926908.0,Condo,13.365113605698536,8.387691805667062,9.33140835957754,9.604448268317922,0.03238421748415751,0.011869220697579973,Q4,2024
Orchard / Marina Bay,Singapore,120,4,3,173465000.0,1445540.0,Condo,6.299018800109881,8.133680074972943,9.553483028005354,9.34884169802764,0.02483347066502109,0.03924488610720681,Q2,2024
Bukit Timah,Singapore,45,2,2,60554000.0,1345651.0,Condo,15.74385031654185,7.138796939899754,9.628662499173089,9.16911027032918,0.03369669185957271,0.025343951635834118,Q3,2023
Jurong West,Singapore,45,1,2,18941000.0,420922.0,HDB,21.646012061712565,8.389123346281337,9.087944598926551,9.025511971100576,0.03238330543468744,0.031149215764114155,Q2,2023
Tampines / Bedok,Singapore,75,3,4,58308000.0,777440.0,Condo,20.692488396369,7.323578846196839,9.637261534321475,9.096484185833173,0.037160887518392784,0.046184486549818514,Q4,2023
Bukit Timah,Singapore,140,5,4,152876000.0,1091970.0,HDB,3.5472137697130597,8.193170988888264,9.82158347569344,9.782728805333006,0.048298456724542464,0.04771952846493565,Q1,2024
Jurong West,Singapore,140,3,4,73910000.0,527930.0,Condo,14.1761829570437,8.316404156225778,9.402413589705734,9.249496007562943,0.046044767407088544,0.046112170536169575,Q4,2024
Orchard / Marina Bay,Singapore,45,1,1,74368000.0,1652632.0,Condo,9.901268605106413,8.638510897643261,9.470158876759642,9.28719510668067,0.026650689225451447,0.0484768256552666,Q3,2023
Tampines / Bedok,Singapore,140,4,4,134606000.0,961474.0,Landed,19.232822919986575,8.51029996001081,9.463971177550043,9.492093351144597,0.04015795477501972,0.039260879014211124,Q4,2024
Tampines / Bedok,Singapore,65,2,2,39011000.0,600177.0,HDB,6.646003314996415,7.221157325642011,9.68901741967871,9.5568366322024,0.027956911211447784,0.04556604226984568,Q1,2023
Woodlands / Yishun,Singapore,65,1,1,40319000.0,620293.0,Landed,5.260716257360859,7.6940224406016045,9.712301232700376,9.328306300214654,0.021152015853880636,0.04568084925214001,Q4,2023
Orchard / Marina Bay,Singapore,65,1,2,85165000.0,1310232.0,HDB,4.169045985728866,8.014094739758335,9.80063090704679,9.140283809204242,0.0144028005464512,0.049511104896827675,Q4,2024
Orchard / Marina Bay,Singapore,120,4,4,191445000.0,1595374.0,Condo,15.765368375382955,8.412729893560854,9.657812257168764,9.331262770775838,0.018255799477752487,0.0459397320367241,Q1,2024
Tampines / Bedok,Singapore,38,2,1,21941000.0,577403.0,HDB,8.463311161355213,8.467083478604577,9.685154182570011,9.584616904646674,0.03634761941917654,0.015257445295522629,Q4,2023
Novena / Toa Payoh,Singapore,105,3,4,135484000.0,1290328.0,Landed,23.37347135154685,8.84168932055162,9.600570504195929,9.904257790545298,0.027488096292217032,0.01062246012800756,Q2,2023
Orchard / Marina Bay,Singapore,140,4,3,165623000.0,1183018.0,HDB,16.800547166747165,7.762452893315839,9.820151496283037,9.786432975871982,0.025877126041304162,0.043779603726271814,Q3,2023
Woodlands / Yishun,Singapore,45,1,1,27832000.0,618493.0,Landed,16.969837428792932,7.450156667022429,9.65396297533523,9.562912643627518,0.017507924421788057,0.04585742682761291,Q4,2023
Novena / Toa Payoh,Singapore,45,2,2,37649000.0,836646.0,HDB,11.190825051957184,8.561223987057563,9.541366931139883,9.361600014940223,0.04666811427047213,0.030649659440928165,Q4,2023
Novena / Toa Payoh,Singapore,45,1,2,44568000.0,990408.0,Condo,13.444474648199574,8.080473500839997,9.481630708557995,9.504163550730263,0.013178182828892866,0.03545240095045061,Q4,2023
Orchard / Marina Bay,Singapore,55,1,1,105841000.0,1924381.0,Landed,8.823854094575974,7.468358645704768,9.512425598766548,9.39544777156305,0.034923845014312276,0.04254649075783033,Q3,2024
Jurong West,Singapore,90,3,2,44875000.0,498610.0,Condo,12.368463064897131,7.313763649030276,9.672550120830934,9.956441041638987,0.046515619395010505,0.01884741236861972,Q2,2023
Tampines / Bedok,Singapore,140,4,3,126828000.0,905913.0,Landed,10.906690826204363,7.700636069446311,9.423631867426142,9.283485231449758,0.04326740461438848,0.02993884699530587,Q4,2023
Orchard / Marina Bay,Singapore,120,4,5,251646000.0,2097049.0,Landed,7.1966421466856065,8.212078151573257,9.79830830236211,9.921045795441447,0.0364363105793843,0.011703480239359253,Q4,2023
Orchard / Marina Bay,Singapore,65,2,3,135259000.0,2080908.0,Landed,2.0935935990868693,7.3594713314206945,9.248853056853292,9.986601162768222,0.0418069017314634,0.01901516018230627,Q3,2023
Orchard / Marina Bay,Singapore,55,1,1,74072000.0,1346769.0,HDB,20.332348784834785,8.505974794059568,9.261285721698517,9.867975277749,0.043884495804652375,0.02707868196329046,Q1,2024
Tampines / Bedok,Singapore,38,1,1,37606000.0,989642.0,Landed,4.351564046999518,7.537125663420697,9.579218530945369,9.361771218569844,0.013632974543941403,0.0484304621262862,Q3,2024
Novena / Toa Payoh,Singapore,105,4,5,141949000.0,1351900.0,Landed,1.6179406277165969,8.88312526806387,9.033011931255906,9.24282453379949,0.03392106182654669,0.0183693632153743,Q1,2024
Orchard / Marina Bay,Singapore,75,2,1,149930000.0,1999070.0,Landed,7.268905565266192,8.810172836437989,9.703324801741145,9.344537108127257,0.03225288022904784,0.01906483682324251,Q3,2024
Tampines / Bedok,Singapore,120,3,3,75802000.0,631682.0,HDB,23.37520483799566,7.096897191710674,9.967440224124553,9.172970070251822,0.012359101501404055,0.049078759367625846,Q1,2023
Tampines / Bedok,Singapore,75,3,2,72407000.0,965423.0,Landed,10.681128647913972,7.967140902395916,9.73817406367246,9.389802056655896,0.018528013180356136,0.0194942407332073,Q1,2024
Jurong West,Singapore,55,1,2,29935000.0,544279.0,Condo,18.064186034142725,7.794837573111122,9.398967501617518,9.315120228027139,0.013232673284405298,0.016211770582804798,Q3,2023
Tampines / Bedok,Singapore,105,4,3,71067000.0,676827.0,Condo,7.327721684416792,8.56431394989334,9.143475069694107,9.634344617624746,0.028848945785588595,0.022764107656831997,Q3,2023
Tampines / Bedok,Singapore,55,1,2,32311000.0,587467.0,HDB,1.0713157010177694,8.753676022860455,9.952818564405794,9.187801619206361,0.038487800285570695,0.044158494646291575,Q4,2023
Orchard / Marina Bay,Singapore,38,1,1,54282000.0,1428469.0,HDB,16.761811139310076,8.185008706574427,9.89490384514035,9.459897055624015,0.028241709569449665,0.025400132493578913,Q4,2023
Tampines / Bedok,Singapore,140,4,3,82564000.0,589741.0,HDB,12.841898605081514,7.3298164576170795,9.4892012426048,9.32089759261972,0.036770965663827974,0.02863056497180934,Q3,2024
Tampines / Bedok,Singapore,105,3,2,63278000.0,602650.0,HDB,13.47943742216729,8.613846773372728,9.119344569059399,9.353927958939222,0.04417910361194722,0.045257347178279984,Q1,2024
Orchard / Marina Bay,Singapore,55,1,1,68153000.0,1239143.0,HDB,13.600503874996472,8.0042758020147,9.060611012785243,9.560982383495535,0.03778298821406574,0.026103144870729074,Q1,2024
Jurong West,Singapore,140,3,2,71815000.0,512964.0,Condo,9.075041852564848,7.3044755886668415,9.76949007294053,9.962847050418011,0.034895300300923304,0.015108733100887473,Q1,2023
Tampines / Bedok,Singapore,55,1,1,30336000.0,551558.0,HDB,4.538577429771136,7.827156808227962,9.176275672801097,9.158423368277397,0.029819000797320007,0.03892491998624767,Q1,2024
Novena / Toa Payoh,Singapore,65,2,1,55351000.0,851558.0,HDB,3.6839973779725144,8.618048926252388,9.773956029350726,9.489482264717374,0.041173520806575443,0.03483524647734505,Q1,2024
Novena / Toa Payoh,Singapore,140,5,4,123309000.0,880780.0,HDB,13.000751569422041,8.496746263054838,9.206182669807118,9.002808736627218,0.03936068830589806,0.040977146993227416,Q4,2024
Bukit Timah,Singapore,140,4,3,205555000.0,1468251.0,Condo,15.386855364525434,8.930173419953586,9.572224892342886,9.817175301527422,0.04659563086575445,0.010245196470059255,Q3,2023
Tampines / Bedok,Singapore,120,4,4,70943000.0,591190.0,HDB,12.321583936427125,8.724716739019092,9.702496768652928,9.402309095006906,0.01665896476062756,0.030502131116288626,Q1,2023
Orchard / Marina Bay,Singapore,105,4,5,175095000.0,1667575.0,Condo,8.134481854830703,8.685721633210548,9.772508549400765,9.886886688722589,0.01809840050380589,0.04499718687998884,Q4,2024
Orchard / Marina Bay,Singapore,140,4,3,174474000.0,1246240.0,HDB,9.940284886058347,7.7528823672925515,9.308611202140169,9.549345284127819,0.018054524704271498,0.04479222893470275,Q4,2024
Woodlands / Yishun,Singapore,55,2,1,22519000.0,409433.0,HDB,21.492072806265746,7.562938752962824,9.294488590349221,9.689041299507496,0.049969779792464405,0.014964103698604857,Q2,2024
Tampines / Bedok,Singapore,90,2,3,57671000.0,640787.0,HDB,3.909462370836744,8.568849216240976,9.373897165398834,9.809698565698296,0.0479032374755719,0.025820744570328416,Q1,2023
Jurong West,Singapore,65,2,2,32991000.0,507554.0,Condo,12.382819393686638,7.439637788414274,9.183389743328032,9.627582249941158,0.02687777379278996,0.022530050459057586,Q1,2024
Orchard / Marina Bay,Singapore,55,2,2,87657000.0,1593764.0,Condo,16.59509393643711,7.902346235736663,9.221303942408479,9.376512177309483,0.033948059711190484,0.016401856733964833,Q2,2023
Tampines / Bedok,Singapore,140,5,6,122933000.0,878093.0,Landed,14.058262985912794,8.568727876756133,9.377260499825969,9.844604073617262,0.029892032244300384,0.017341916737005133,Q1,2024
Tampines / Bedok,Singapore,38,1,1,24871000.0,654508.0,HDB,1.5210791589363684,8.55395616262415,9.050740999906585,9.311046727390625,0.038155060655959916,0.020669986373229685,Q3,2024
Woodlands / Yishun,Singapore,120,3,4,44428000.0,370237.0,HDB,22.011064422839517,8.97408841542326,9.81064648039701,9.55340021641457,0.014112740714854573,0.025017236216462353,Q4,2023
Woodlands / Yishun,Singapore,75,1,1,38407000.0,512088.0,Condo,14.599428810658893,8.943309314067577,9.501743403400747,9.282471780000414,0.037772628748346235,0.013484851602129453,Q2,2023
Bukit Timah,Singapore,140,3,4,262898000.0,1877841.0,Landed,20.303815318264277,7.730018020109543,9.535217083862614,9.206534637545442,0.027160857877605617,0.013005651435576145,Q4,2024
Orchard / Marina Bay,Singapore,140,5,5,164376000.0,1174112.0,HDB,13.976500270236942,8.870951124856726,9.27105229355749,9.266288491186826,0.03704940853270089,0.011296682371321073,Q1,2024
Novena / Toa Payoh,Singapore,45,1,2,41739000.0,927533.0,Condo,5.314711054233535,8.71660163049427,9.901632123317782,9.49704107764179,0.04776045999394079,0.032758642600900084,Q4,2023
Tampines / Bedok,Singapore,120,3,3,78884000.0,657369.0,Condo,16.795123144276054,8.889834021309245,9.18742407207206,9.80388518785246,0.01091806500930944,0.026825384798961814,Q1,2024
Woodlands / Yishun,Singapore,120,3,2,52054000.0,433781.0,Condo,1.3619904125729771,7.971617243373922,9.020128596435393,9.305699661349344,0.039622452298099964,0.020983118022983974,Q4,2023
Woodlands / Yishun,Singapore,105,3,2,45676000.0,435006.0,HDB,3.205245919857745,8.413285791391676,9.63283567088174,9.669672589209664,0.018067925342470117,0.022566870565549027,Q1,2024
Orchard / Marina Bay,Singapore,55,2,2,109767000.0,1995771.0,Landed,4.9351536345316855,7.859750593349205,9.555530323038798,9.393100994951604,0.024116214416237458,0.03169833610235231,Q4,2023
Tampines / Bedok,Singapore,55,1,2,30144000.0,548074.0,HDB,21.772901969661824,7.2093256489430475,9.123913682097221,9.270274904172883,0.02342985691261386,0.033082515607199235,Q2,2024
Bukit Timah,Singapore,90,2,3,143378000.0,1593089.0,Landed,7.352036299633412,7.000293629328783,9.924721019271601,9.149620149813963,0.02721340939759548,0.04667363142029708,Q3,2023
Bukit Timah,Singapore,105,3,3,152795000.0,1455189.0,Condo,23.015334100730847,7.855422595219347,9.826667369512055,9.883010048713437,0.015147546738822407,0.01738508024660085,Q3,2023
Woodlands / Yishun,Singapore,75,1,2,43148000.0,575312.0,Landed,20.64813412949864,7.356882859514251,9.852102438499026,9.3679910101799,0.04599463632303303,0.02235701939337855,Q3,2023
Jurong West,Singapore,65,1,1,47998000.0,738425.0,Landed,23.3838515343302,8.224746154004096,9.940739456620546,9.931349532972552,0.03732043677902401,0.03093401993912813,Q4,2023
Woodlands / Yishun,Singapore,55,1,2,36025000.0,655003.0,Landed,4.087184083440155,7.783993189956801,9.70085104967065,9.942851960257718,0.03575721182676075,0.018863280935108785,Q1,2023
Woodlands / Yishun,Singapore,105,2,3,45176000.0,430245.0,HDB,11.80229039686661,7.742199700341813,9.863668806070269,9.61597215996961,0.04090895946779382,0.03309362939114663,Q4,2024
Woodlands / Yishun,Singapore,120,4,4,67760000.0,564668.0,Landed,14.346943228864852,7.821787030560906,9.626520286216712,9.826475102418804,0.024996505156013656,0.04805059375977505,Q4,2023
Tampines / Bedok,Singapore,75,1,1,58239000.0,776516.0,Condo,11.977409036570712,7.921336181195487,9.488205988899841,9.55478707081752,0.024973697664018128,0.03649888998168673,Q2,2023
Woodlands / Yishun,Singapore,38,1,2,20751000.0,546066.0,Landed,9.235758265666238,8.428486601761247,9.596561412035841,9.203790096311225,0.020540697542623367,0.04429288105787083,Q1,2023
Tampines / Bedok,Singapore,120,2,1,76706000.0,639217.0,HDB,12.004845133957573,7.063030112417931,9.477183790685588,9.881873590573106,0.013429675671696839,0.041635419587927235,Q1,2024
Woodlands / Yishun,Singapore,38,1,1,23351000.0,614493.0,Landed,11.519986882676118,7.255015983698292,9.701650727260562,9.818292962693064,0.04055982774332703,0.01799316078678884,Q4,2023
Novena / Toa Payoh,Singapore,55,1,1,64970000.0,1181277.0,Landed,3.0423402455133175,7.988930917846328,9.273510742363817,9.23020327205644,0.017512056616874837,0.023547145498484447,Q1,2023
Woodlands / Yishun,Singapore,55,1,2,33420000.0,607638.0,Landed,23.94584237447681,7.129709829048635,9.918300142161982,9.548189097295603,0.03795591800693943,0.035704244714717275,Q2,2023
Jurong West,Singapore,55,1,2,22796000.0,414468.0,HDB,14.44303820453349,7.107783370304815,9.841086570410658,9.865839889026542,0.03963431499763191,0.014140985949354907,Q3,2024
Tampines / Bedok,Singapore,90,2,3,81850000.0,909448.0,Landed,8.534179568001637,7.703726431199671,9.561089021897827,9.181720205431766,0.043315008603575254,0.018265313033092423,Q3,2024
Jurong West,Singapore,75,3,3,33545000.0,447264.0,HDB,8.092397489114763,7.5334348069719255,9.378346501525971,9.111506594852461,0.02799851029692938,0.042588388013754364,Q4,2023
Tampines / Bedok,Singapore,75,3,2,53699000.0,715983.0,Condo,9.690681766321426,8.860485729530742,9.800519551843399,9.20011362478382,0.018274486842522572,0.012214311509991908,Q2,2024
Bukit Timah,Singapore,45,1,1,59506000.0,1322345.0,Condo,8.757941029562817,7.318414372593453,9.541234365635825,9.66757576253708,0.042519846180611304,0.01025618669612189,Q4,2024
Woodlands / Yishun,Singapore,45,1,1,17006000.0,377917.0,HDB,16.280418066957616,7.461842861679559,9.74929517427241,9.370751931177086,0.044562828652734233,0.016551728212602368,Q2,2024
Woodlands / Yishun,Singapore,120,3,3,53463000.0,445522.0,Condo,1.13351197693558,7.95846487042025,9.989640011160052,9.428146743680365,0.043097665950089674,0.0233322500383766,Q2,2023
Bukit Timah,Singapore,38,2,1,47435000.0,1248286.0,Condo,16.822940359531493,8.32527055063597,9.796917404138634,9.24941880494122,0.02574457962574994,0.03367931539439979,Q3,2024
Orchard / Marina Bay,Singapore,90,2,3,161698000.0,1796641.0,Landed,18.617718016638527,7.240987577852659,9.7092189207084,9.154895072980832,0.04911395265928569,0.03255207250644383,Q3,2024
Jurong West,Singapore,65,1,1,45969000.0,707208.0,Landed,17.763934969788117,8.163109132557278,9.72148164599461,9.162684113198559,0.014432265189472493,0.03132108659359333,Q1,2023
Bukit Timah,Singapore,45,1,1,75904000.0,1686758.0,Landed,9.659430383666672,8.51844231868236,9.268922444717147,9.15024987288151,0.04907586883817083,0.015225186967619138,Q1,2024
Woodlands / Yishun,Singapore,120,4,4,57505000.0,479205.0,Condo,7.373580097320867,7.479609328326176,9.540243630627488,9.96065163947656,0.011491431133779692,0.032400359775761244,Q3,2023
Orchard / Marina Bay,Singapore,90,3,2,127302000.0,1414466.0,Condo,21.338965505117873,7.162664413832262,9.038052747027137,9.00815767996705,0.033548838579624464,0.04511181495139686,Q2,2023
Jurong West,Singapore,90,3,3,39109000.0,434541.0,HDB,6.172724705549164,8.9508254963596,9.73629863915406,9.5709877055097,0.0299185740069334,0.010291772255265421,Q1,2024
Bukit Timah,Singapore,140,4,3,263347000.0,1881051.0,Landed,22.045002010326176,7.343905838142219,9.941275924144568,9.943421632081625,0.010707367238633587,0.013849305128290478,Q3,2023
Orchard / Marina Bay,Singapore,140,3,3,277327000.0,1980907.0,Landed,8.205123321313582,8.747943756593205,9.367812338910095,9.263819275140499,0.019670657159870937,0.02989539454759857,Q3,2023
Jurong West,Singapore,140,5,6,59276000.0,423400.0,HDB,21.877224297888514,7.489353622362019,9.84944328629073,9.790271953598891,0.022251519004735952,0.03613461946081601,Q3,2024
Jurong West,Singapore,75,1,1,53384000.0,711788.0,Landed,2.7294545942490096,7.601886294562806,9.696721914705753,9.836658036200943,0.018739409165539258,0.03399818309938446,Q2,2023
Novena / Toa Payoh,Singapore,65,2,2,59979000.0,922750.0,Condo,7.685625948744677,7.714600253485607,9.287672054646078,9.551814111033002,0.011207509846810279,0.04281494083014313,Q3,2024
Orchard / Marina Bay,Singapore,45,1,2,89536000.0,1989687.0,Landed,11.387446037221757,7.644583710813171,9.402298664529182,9.121394187687404,0.01958439433797566,0.040325814642554816,Q3,2024
Bukit Timah,Singapore,90,1,1,126435000.0,1404832.0,Condo,7.506357039322377,8.353958958538323,9.648199440520509,9.84554877433852,0.011156994490750183,0.031558615499148165,Q3,2024
Orchard / Marina Bay,Singapore,45,1,2,54374000.0,1208309.0,HDB,5.588956372986459,7.351888884411319,9.491001290044737,9.591942555856827,0.038750743197549724,0.03277868678156344,Q4,2024
Orchard / Marina Bay,Singapore,45,2,2,82707000.0,1837925.0,Landed,2.5866549121418734,8.098512550183392,9.722861521516652,9.155865523375532,0.017979026212499263,0.044375050102309764,Q4,2024
Orchard / Marina Bay,Singapore,120,3,4,191964000.0,1599698.0,Condo,19.513626293843014,8.813327611797144,9.424271581938854,9.366888233251982,0.021783676919789163,0.047664764760477235,Q3,2024
Bukit Timah,Singapore,75,3,3,81367000.0,1084897.0,HDB,10.451431376165905,8.81304326851239,9.687103557335478,9.402377545859839,0.036930796262355944,0.024811518141169553,Q4,2023
Tampines / Bedok,Singapore,45,1,1,25407000.0,564598.0,HDB,18.86617922611316,7.63519791371237,9.655006951791277,9.290760595534437,0.03657808954758545,0.037066384661851956,Q1,2023
Woodlands / Yishun,Singapore,105,2,3,53646000.0,510913.0,Condo,16.688598684145077,7.011021059431379,9.043364066195336,9.50383563946537,0.0307345954162362,0.047950458655840224,Q3,2023
Orchard / Marina Bay,Singapore,45,2,2,66658000.0,1481295.0,Condo,15.690434574964982,8.70078112429535,9.55952930618108,9.346657050829036,0.0387652042082277,0.018545810098440755,Q2,2024
Novena / Toa Payoh,Singapore,55,1,2,44574000.0,810435.0,HDB,15.613311078348445,7.135652679711836,9.376792615177418,9.519954044128793,0.03863176553953386,0.0288020645026838,Q4,2023
Novena / Toa Payoh,Singapore,75,1,1,58415000.0,778869.0,HDB,5.909335660152264,7.437002172637526,9.15043069940254,9.813147989185985,0.022649755504281346,0.014617049613618961,Q3,2024
Jurong West,Singapore,105,2,1,57832000.0,550782.0,Condo,7.62744672863256,8.584156221416492,9.319322048038769,9.569920686550308,0.04638364812454946,0.036637777340709686,Q3,2023
Novena / Toa Payoh,Singapore,45,1,1,43314000.0,962536.0,Condo,1.0475516592697867,8.078964253511502,9.477987021657098,9.078609590552432,0.03460953305681482,0.019397247620029888,Q1,2023
Jurong West,Singapore,38,1,2,17510000.0,460782.0,HDB,21.341119193754167,8.347822342364225,9.606779411579693,9.925122707634099,0.026447873098099636,0.029948105817450686,Q4,2024
Jurong West,Singapore,75,3,4,42310000.0,564138.0,Condo,15.272300190918585,7.2237399391567685,9.218724379367703,9.516198708179195,0.031702132361733505,0.021743769805108833,Q1,2024
Tampines / Bedok,Singapore,55,2,2,31384000.0,570625.0,HDB,11.523600590532379,7.068191628173087,9.113334083263496,9.928988403319089,0.030354316592132585,0.013256922094612142,Q1,2023
Jurong West,Singapore,38,1,2,18440000.0,485262.0,HDB,21.836661493310523,8.290020552165323,9.10419710086508,9.71164874554987,0.04103984905433134,0.01669027163776879,Q2,2023
Woodlands / Yishun,Singapore,65,1,1,26401000.0,406169.0,HDB,10.644593442365409,8.079815958125037,9.38595435006718,9.93195925243298,0.02641583972885545,0.04117938388635321,Q1,2024
Woodlands / Yishun,Singapore,55,2,1,27011000.0,491116.0,Condo,4.764016091585809,7.187121475113947,9.789893788622418,9.682945033115232,0.012673405737481828,0.04713502838432124,Q3,2024
Jurong West,Singapore,90,2,1,45805000.0,508945.0,Condo,8.994208606150158,8.315523864740541,9.717167167737387,9.889299324323737,0.04016646954371559,0.049352823889259836,Q2,2024
Woodlands / Yishun,Singapore,140,4,4,57707000.0,412193.0,HDB,6.077690271967771,8.775149507753763,9.12845773330503,9.230699581363641,0.04067879600807458,0.045554877107045574,Q3,2024
Orchard / Marina Bay,Singapore,75,2,2,126314000.0,1684190.0,Condo,11.536784874049964,7.627907687352033,9.021826276854618,9.184190484881865,0.02460035496239011,0.016878067219503308,Q4,2024
Jurong West,Singapore,120,2,1,83576000.0,696468.0,Landed,21.11075109946166,8.369197772859383,9.005468924940887,9.799300146543896,0.03855049576007903,0.03494489748103357,Q2,2023
Tampines / Bedok,Singapore,38,2,2,27131000.0,713980.0,Condo,7.51286452554792,8.935743478469744,9.54663601364917,9.230351728809758,0.024398064840957915,0.013088761189618593,Q3,2024
Novena / Toa Payoh,Singapore,75,2,1,102654000.0,1368724.0,Landed,8.354067887539365,8.112396348934176,9.4533421944548,9.013253342994538,0.03498605321882415,0.030492842518396762,Q4,2024
Orchard / Marina Bay,Singapore,55,1,1,83570000.0,1519458.0,Condo,17.355970848900103,7.580045493508989,9.899098748617384,9.638270608040719,0.03265721181742552,0.03918586738267499,Q2,2023
Tampines / Bedok,Singapore,90,2,3,64390000.0,715440.0,Condo,11.485161798465967,7.3625679251284435,9.538338072805088,9.632344995278121,0.031801251340587235,0.012707047620155563,Q1,2023
Tampines / Bedok,Singapore,120,4,4,75676000.0,630630.0,HDB,20.65669890461926,8.016928058368288,9.716886454227371,9.562407423896918,0.013084432797050734,0.014674203480988836,Q4,2024
Bukit Timah,Singapore,140,4,3,260847000.0,1863193.0,Landed,4.46190266609262,8.960551492547333,9.452636082388421,9.78937794007572,0.033487865338972925,0.030031810587911323,Q3,2024
Novena / Toa Payoh,Singapore,65,1,2,79348000.0,1220738.0,Landed,14.303354615387912,8.543296015322483,9.404703564227134,9.662526909397991,0.019530341167350265,0.04665787687013545,Q1,2023
Orchard / Marina Bay,Singapore,55,1,1,100776000.0,1832287.0,Landed,3.520605892911922,7.740390696286758,9.021892153881506,9.208301755083124,0.04109774121775439,0.019527685857686775,Q2,2023
Novena / Toa Payoh,Singapore,45,2,1,39655000.0,881219.0,HDB,23.49333792090345,7.916686319456856,9.03670854630261,9.05125687374888,0.04872792852265512,0.011186690971898519,Q3,2023
Woodlands / Yishun,Singapore,65,1,1,33947000.0,522266.0,Condo,13.145946802480356,7.9889080452853465,9.272498662683809,9.58150140155223,0.04612705603183469,0.022872960040612365,Q4,2024
Tampines / Bedok,Singapore,75,1,2,70617000.0,941555.0,Landed,12.030282308708179,7.915215861063265,9.661463001790276,9.579129819280958,0.01010052932572517,0.015281490914236296,Q2,2023
Tampines / Bedok,Singapore,38,1,1,34450000.0,906573.0,Landed,14.120565654005457,8.961899050288068,9.263067100899528,9.136165973081498,0.01571398687782023,0.018487438711855587,Q1,2023
Orchard / Marina Bay,Singapore,75,3,2,111612000.0,1488164.0,Condo,12.856868370335427,7.829141463800809,9.611613628413687,9.183034379459684,0.02737378684155508,0.02892411190081933,Q1,2024
Woodlands / Yishun,Singapore,90,2,3,45139000.0,501540.0,Condo,5.9860301318470945,7.382835429502506,9.52854265193704,9.3657708965323,0.020552218058704094,0.03011835446565607,Q4,2023
Orchard / Marina Bay,Singapore,38,1,2,62240000.0,1637894.0,Condo,3.554491603425686,7.875991848991653,9.143800830443348,9.521586786937288,0.046033104947536825,0.04755708365119863,Q4,2023
Jurong West,Singapore,45,1,1,26470000.0,588225.0,Condo,6.50550523547706,8.700046777534373,9.948787892955542,9.027888522343819,0.01893518478776969,0.027282184492869455,Q3,2024
Orchard / Marina Bay,Singapore,65,1,1,80893000.0,1244514.0,HDB,6.45861459265425,8.701514907713955,9.437513833088348,9.760528092998753,0.033749978212459765,0.04101581008059899,Q2,2024
Jurong West,Singapore,45,1,1,21962000.0,488036.0,Condo,21.765598194713423,8.11406010187133,9.571446905302329,9.684123923529652,0.036086440763206766,0.04121951908220479,Q2,2023
Woodlands / Yishun,Singapore,120,3,3,43875000.0,365625.0,HDB,14.148152194744647,8.867559081827926,9.227873688912723,9.917932492953934,0.040070519775981785,0.02567676150774576,Q2,2024
Novena / Toa Payoh,Singapore,45,1,1,58038000.0,1289731.0,Landed,17.914531033537063,7.092023558082909,9.954478371174455,9.028250323737849,0.012387458485630361,0.01802314813797335,Q1,2023
Jurong West,Singapore,55,1,1,32190000.0,585279.0,Condo,15.315181878236082,7.202920323875409,9.727564674701739,9.259185202056512,0.02302761989763502,0.010612102838700661,Q4,2024
Tampines / Bedok,Singapore,75,3,2,58910000.0,785463.0,Condo,4.589729720246898,8.904358373992508,9.816666508317663,9.056257789217632,0.042276966728279235,0.01707159713786025,Q3,2024
Woodlands / Yishun,Singapore,75,2,2,46978000.0,626369.0,Landed,5.11078220476877,7.389917207006503,9.32014891190701,9.571400929218289,0.012061047629429798,0.016282161750414272,Q1,2024
Tampines / Bedok,Singapore,75,2,1,52119000.0,694924.0,Condo,4.690785855832617,7.8389981040687715,9.85475476696746,9.905562844102052,0.033090429021926736,0.012925878063647969,Q1,2024
Woodlands / Yishun,Singapore,120,3,3,59994000.0,499950.0,Condo,18.124344991387435,7.257696207812853,9.905836605050592,9.217109418016703,0.01871385084324243,0.01740870939335968,Q3,2024
Novena / Toa Payoh,Singapore,65,1,1,59774000.0,919598.0,Condo,20.158043772096878,7.357134928174232,9.543845001129952,9.194783648531567,0.016797050567947655,0.03611995088751474,Q1,2024
Novena / Toa Payoh,Singapore,45,1,2,41801000.0,928921.0,HDB,7.622595306377482,8.451367352962825,9.087755195728473,9.72628173582862,0.029463060347094457,0.04005322601628062,Q4,2023
Jurong West,Singapore,105,2,2,54533000.0,519361.0,Condo,7.769590086443169,8.76036179276858,9.170239456280099,9.263501060773006,0.042129512323226655,0.03518543888241651,Q3,2023
Novena / Toa Payoh,Singapore,90,2,1,83045000.0,922723.0,Condo,11.685744186487863,7.213546877950018,9.578895862704421,9.662018575659754,0.049527267015106874,0.02782215626124719,Q3,2024
Orchard / Marina Bay,Singapore,105,4,3,162821000.0,1550674.0,Condo,4.869717847508688,7.445772907948859,9.828349161046399,9.88154010851127,0.04670343075573881,0.025265991401679826,Q1,2024
Orchard / Marina Bay,Singapore,55,2,3,114628000.0,2084140.0,Landed,17.714536247723522,7.26848018275188,9.9680047385528,9.308755044046721,0.02298304858330804,0.045715644722898865,Q4,2024
Novena / Toa Payoh,Singapore,105,3,2,104679000.0,996940.0,Condo,1.8411622011883146,7.410555311251455,9.395263305609227,9.631318743820739,0.04061908059049658,0.04616444919888554,Q4,2023
Novena / Toa Payoh,Singapore,105,4,5,117146000.0,1115676.0,Condo,13.052199751011887,7.810927157828138,9.733329139961784,9.572228927046607,0.023883411144781708,0.019955883710077123,Q4,2024
Novena / Toa Payoh,Singapore,45,2,3,60264000.0,1339196.0,Landed,11.685138504744884,7.915352066913521,9.606483319220208,9.455813685491224,0.01683876527252445,0.01462610784072076,Q3,2023
Bukit Timah,Singapore,65,1,2,118716000.0,1826400.0,Landed,13.416865637725401,7.4219823906069085,9.41635235411744,9.013342184078903,0.04017617902268565,0.027435959659710886,Q2,2024
Orchard / Marina Bay,Singapore,105,3,3,140258000.0,1335795.0,HDB,22.217735940652876,8.851177481030227,9.616703582656653,9.655678716831375,0.025915558304306356,0.012860898822989256,Q4,2023
Novena / Toa Payoh,Singapore,45,1,1,53060000.0,1179106.0,Landed,8.194044573822094,8.970550036248643,9.926978017424874,9.059916827403221,0.027049693169049677,0.01615313481554862,Q4,2023
Woodlands / Yishun,Singapore,105,2,2,67562000.0,643450.0,Landed,5.098192488533381,8.219369801033638,9.443838718122763,9.809106709774136,0.03946382021438628,0.03199819227271079,Q1,2024
Jurong West,Singapore,140,4,5,58963000.0,421161.0,HDB,24.78320770812365,8.468952802897423,9.724728169701265,9.087912435698547,0.02377884690117609,0.0453051386455044,Q3,2024
Bukit Timah,Singapore,120,2,3,205487000.0,1712394.0,Landed,16.89214821671436,7.104400929187131,9.979535769517128,9.122273147048961,0.035964053627502726,0.014636231542936931,Q3,2024
Tampines / Bedok,Singapore,55,2,3,38688000.0,703425.0,Condo,20.335378481832386,7.64828181889936,9.875807708323215,9.865104623845161,0.029632840376593403,0.028471242259032574,Q3,2024
Jurong West,Singapore,105,3,4,46175000.0,439757.0,HDB,11.040718442020964,7.898683772915314,9.154998860334349,9.178432018943854,0.014964601062147587,0.02890844598810896,Q1,2023
Tampines / Bedok,Singapore,90,2,3,80730000.0,896995.0,Landed,1.9477452382702474,7.232255978556825,9.68723598688374,9.850491792468452,0.027999673655471416,0.018610828656907635,Q3,2024
Bukit Timah,Singapore,120,3,2,187153000.0,1559606.0,Landed,7.83191531996554,8.768373221785255,9.321653635002463,9.19995106456883,0.020884963234698788,0.0469038693610804,Q4,2024
Tampines / Bedok,Singapore,90,1,1,53939000.0,599318.0,HDB,8.56351237952707,8.283699486701558,9.579287429891073,9.912754103056697,0.03674278352107703,0.031920935923695035,Q1,2023
Bukit Timah,Singapore,120,4,4,151151000.0,1259588.0,HDB,5.441845304685755,8.032057509391054,9.510200697986498,9.166523937102044,0.02232920937505152,0.043518551757081365,Q2,2024
Woodlands / Yishun,Singapore,75,1,1,33834000.0,451125.0,Condo,19.444039574168556,8.547801543787498,9.741010918652611,9.57934828447978,0.017569275955778983,0.04870647468144784,Q2,2024
Bukit Timah,Singapore,45,2,2,58175000.0,1292786.0,Condo,16.67314749074196,8.172547312406671,9.657591335414004,9.164859047249006,0.027170644312879563,0.02709862770687744,Q4,2023
Novena / Toa Payoh,Singapore,105,2,3,87174000.0,830231.0,HDB,6.719472194054114,7.087658409139475,9.272985976756388,9.598372979486689,0.04159703665814435,0.03736989885019427,Q4,2024
Orchard / Marina Bay,Singapore,38,1,1,61088000.0,1607590.0,Condo,15.607426135150984,7.483829548408801,9.216495569468545,9.60447093493532,0.03179037174704373,0.0191199029442579,Q4,2023
Woodlands / Yishun,Singapore,75,2,1,27530000.0,367063.0,HDB,7.707302938714536,8.395424046683775,9.355986683710833,9.614382715552583,0.04864307432343553,0.02333103082314085,Q4,2024
Woodlands / Yishun,Singapore,90,2,1,42911000.0,476793.0,Condo,2.7770803977713365,7.936830098190326,9.901937839232424,9.80730507496729,0.021778823534682995,0.016173787758921303,Q2,2023
Novena / Toa Payoh,Singapore,55,1,2,53631000.0,975115.0,Condo,3.113936572084242,8.314013214612372,9.011414361343967,9.673864962343888,0.016109655421162893,0.022975647236524788,Q4,2023
Bukit Timah,Singapore,45,2,2,56025000.0,1245010.0,Condo,1.7523899302067125,8.17884643484263,9.290311720833055,9.488400871308038,0.04526523800463391,0.01039800219877744,Q2,2023
Bukit Timah,Singapore,120,4,4,203272000.0,1693932.0,Landed,16.51698885616855,8.169232914356632,9.85025954681664,9.235562180644719,0.03084531450427088,0.031130526242544393,Q1,2023
Jurong West,Singapore,65,1,2,36895000.0,567614.0,Condo,23.001446029172673,8.582786138341802,9.931630188065823,9.881135459444927,0.047531426784251964,0.018083166839453345,Q4,2024
Orchard / Marina Bay,Singapore,120,3,2,218667000.0,1822224.0,Landed,8.52171543244038,8.447403633944315,9.897933382873568,9.930541966955234,0.020098616064090254,0.036571876736742066,Q1,2023
Novena / Toa Payoh,Singapore,90,1,2,76689000.0,852104.0,HDB,14.455093902503688,8.580956013265244,9.704656126245894,9.25974573652698,0.046329527362921945,0.03959614508111063,Q1,2023
Bukit Timah,Singapore,65,1,2,83037000.0,1277498.0,Condo,23.203879256253597,8.182193176997828,9.087536542118372,9.466360533429865,0.034404378352891785,0.02758454542002297,Q4,2024
Jurong West,Singapore,140,5,6,79956000.0,571113.0,Condo,1.6082546602988934,8.295878644941666,9.003957582991504,9.021835300153525,0.012822371039912208,0.02749663488818202,Q2,2023
Novena / Toa Payoh,Singapore,75,2,1,65694000.0,875925.0,HDB,14.828368985582635,7.145227343774485,9.609256194869443,9.741944309095018,0.021406369203711827,0.03740955321682428,Q1,2023
Woodlands / Yishun,Singapore,45,1,2,25805000.0,573444.0,Landed,12.474695752735414,8.718764069476958,9.623847877202602,9.321588826888217,0.010446362291204676,0.032166145640806595,Q4,2023
Bukit Timah,Singapore,55,1,2,97331000.0,1769654.0,Landed,13.112228997984483,8.945490240918716,9.79569706150999,9.567657759823131,0.038306659626390425,0.04542837420800948,Q1,2023
Bukit Timah,Singapore,38,1,1,63856000.0,1680417.0,Landed,20.603915227896916,8.781685839431324,9.833624145468555,9.117101537534442,0.04137283052017765,0.010148296236958112,Q4,2024
Jurong West,Singapore,45,2,2,21279000.0,472870.0,HDB,15.663200231347378,7.995574842360819,9.725133990799549,9.427419660260334,0.04148527344897189,0.017593815326694504,Q1,2024
Bukit Timah,Singapore,45,1,1,56551000.0,1256698.0,HDB,19.211225589453175,8.577775739911065,9.247047696669664,9.046535323560253,0.04571257148938604,0.01011362924919098,Q3,2023
Novena / Toa Payoh,Singapore,45,2,1,41289000.0,917536.0,HDB,17.441313293294925,8.563452825131176,9.038951982440436,9.552634537179978,0.035757494878798306,0.012773304244339895,Q3,2023
Novena / Toa Payoh,Singapore,38,1,1,37202000.0,979005.0,Condo,23.31412766720804,8.772982122347297,9.817069541357384,9.2453658293562,0.024874722819358812,0.029073210219303827,Q1,2024
Jurong West,Singapore,55,1,1,35133000.0,638789.0,Landed,20.946565812225032,7.840609408323693,9.421148586492432,9.861350507583856,0.03323228403468965,0.02418544744620375,Q4,2024
Woodlands / Yishun,Singapore,90,1,1,52981000.0,588682.0,Landed,11.997256078817548,8.325629125014594,9.17182525230255,9.548321154984723,0.042240880807481,0.04556255582911617,Q1,2024
Bukit Timah,Singapore,65,1,1,91176000.0,1402709.0,Condo,12.481071570960752,7.083545578641152,9.106132676488368,9.439798715006019,0.03742401990906552,0.039915201013226737,Q3,2024
Novena / Toa Payoh,Singapore,105,4,4,139840000.0,1331810.0,Landed,11.895298036095465,7.212164201727356,9.617087414131452,9.528404097042506,0.030957208689284463,0.028906362009747624,Q4,2024
Bukit Timah,Singapore,120,2,3,220874000.0,1840615.0,Landed,1.5806287747113084,8.83923134154443,9.157556828078734,9.640930396555182,0.04900372469977865,0.03298825153797888,Q1,2023
Tampines / Bedok,Singapore,120,2,2,71085000.0,592378.0,HDB,8.978748913872622,7.466674645221947,9.893069296799531,9.235474621120407,0.048778964290273605,0.03533153500013521,Q4,2023
Jurong West,Singapore,38,2,3,27841000.0,732650.0,Landed,9.74888917866681,7.861696278238154,9.459524089539716,9.478935639606153,0.030777438075249346,0.044555376824522014,Q4,2023
Tampines / Bedok,Singapore,65,1,1,62431000.0,960469.0,Landed,10.611216311845212,7.880171473883355,9.863008706652018,9.735822022263937,0.04140748133216774,0.035982457174850324,Q3,2024
Woodlands / Yishun,Singapore,90,1,2,33762000.0,375134.0,HDB,16.19929358544703,8.086563204051373,9.730772388934419,9.2491163328928,0.03065433536465178,0.02272059506831378,Q1,2023
Novena / Toa Payoh,Singapore,75,1,1,75162000.0,1002159.0,Condo,20.4083328379786,7.956992392523651,9.0005389259827,9.92710415702679,0.015316171882702153,0.01710402587674615,Q4,2023
Novena / Toa Payoh,Singapore,65,1,1,55244000.0,849900.0,HDB,1.663324358261863,8.466462612417125,9.586043984640519,9.950779584044962,0.012723998514411698,0.02025396560811662,Q4,2023
Orchard / Marina Bay,Singapore,55,2,2,77675000.0,1412270.0,HDB,5.794340540843918,8.863741985701935,9.438765897602545,9.162673641357989,0.0115422063818386,0.020761233694609197,Q4,2024
Orchard / Marina Bay,Singapore,105,2,3,171781000.0,1636008.0,Condo,19.141327674933834,8.311027435810887,9.04366396989312,9.902972164515745,0.0361279954842146,0.029257241510503455,Q3,2024
Tampines / Bedok,Singapore,140,5,6,135588000.0,968486.0,Landed,8.28935528861555,8.807443063310654,9.051479337437614,9.384463017135822,0.010404753186811675,0.01753965887321842,Q3,2023
Orchard / Marina Bay,Singapore,38,1,2,59339000.0,1561557.0,Condo,8.929405132285924,7.800187320158041,9.057919025561532,9.368717150502121,0.03677796958615549,0.020068666902725386,Q1,2023
Jurong West,Singapore,55,2,2,29932000.0,544216.0,Condo,4.860858595169171,7.282889810313487,9.938322720579517,9.952858209164685,0.03260126576340253,0.044514452155870646,Q3,2023
Bukit Timah,Singapore,65,2,3,104559000.0,1608602.0,Landed,23.282803604969573,8.905701172506237,9.678389548069244,9.831031304240113,0.01617069617636959,0.023486576651831535,Q4,2023
Bukit Timah,Singapore,55,1,1,61720000.0,1122174.0,HDB,24.47730379192292,8.082107391982287,9.99431116608328,9.199107273269933,0.03882494634004711,0.015562028886494682,Q2,2024
Woodlands / Yishun,Singapore,55,2,3,20176000.0,366840.0,HDB,12.707880897306683,7.056220824632759,9.640290572310311,9.470991830496516,0.041704611938379876,0.04711544672485567,Q4,2023
Novena / Toa Payoh,Singapore,140,5,5,156194000.0,1115669.0,Condo,18.870391782568213,8.096984510857418,9.933268131922466,9.67709594479184,0.034378684793314296,0.04371353892753985,Q1,2024
Jurong West,Singapore,140,3,3,68561000.0,489722.0,Condo,3.0252264896749343,8.537918144882159,9.255424108580355,9.863364050229315,0.01789507798047138,0.02822312785335805,Q4,2023
Jurong West,Singapore,55,1,2,29015000.0,527549.0,Condo,1.1994727984876228,8.770183684180749,9.573188411114272,9.17509419418368,0.03465126893048192,0.03467991190171769,Q1,2023
Woodlands / Yishun,Singapore,38,2,3,13824000.0,363801.0,HDB,9.760680422163922,7.0594555761211675,9.256431427407307,9.752896240875733,0.04134770641802537,0.04368298621056741,Q1,2024
Bukit Timah,Singapore,65,2,3,87757000.0,1350106.0,Condo,20.46234702840782,8.156609974881256,9.83664546160758,9.534445662340651,0.02989576536833994,0.024174057370748202,Q4,2024
Tampines / Bedok,Singapore,55,1,1,32791000.0,596194.0,HDB,12.307268190234822,8.573835046557578,9.784309333848942,9.912070743501253,0.022431237367661234,0.020788773792049953,Q4,2023
Jurong West,Singapore,55,1,1,36635000.0,666093.0,Landed,18.011077008436132,7.1686838160010256,9.313672837615725,9.146682852700994,0.036336111708638964,0.04126064438213796,Q4,2023
Orchard / Marina Bay,Singapore,45,1,1,60322000.0,1340489.0,HDB,3.3784140639330413,8.573248662024124,9.869789326512294,9.42850522627916,0.014208289119947762,0.02974847275110034,Q4,2024
Tampines / Bedok,Singapore,140,4,4,126945000.0,906749.0,Landed,2.009105067450683,8.766222033551832,9.137087506911488,9.538954833287585,0.018866058748073043,0.018906801709074866,Q3,2024
Woodlands / Yishun,Singapore,140,5,6,76662000.0,547583.0,Landed,14.064428165414522,8.282526055848074,9.985029920648504,9.561968146928109,0.032795628207177886,0.01437433505459723,Q3,2024
Tampines / Bedok,Singapore,140,5,6,93391000.0,667079.0,Condo,8.26461062853475,8.352537471362387,9.798334850773175,9.723786990767572,0.03151060729914209,0.012959724149213009,Q2,2023
Tampines / Bedok,Singapore,75,2,2,46099000.0,614651.0,HDB,7.621659043197804,7.384858302726405,9.134560058456225,9.008436138139338,0.043203237424000104,0.03834380833893432,Q1,2023
Bukit Timah,Singapore,75,3,3,140990000.0,1879861.0,Landed,23.45856490164159,7.621374179903251,9.34639833743373,9.288474684281693,0.027937242982479744,0.019772241505005554,Q4,2023
Bukit Timah,Singapore,45,1,2,53190000.0,1182001.0,HDB,7.180708546562147,8.31161352254865,9.937794069848014,9.101360336892709,0.03576498837060894,0.04725455008475068,Q1,2024
Woodlands / Yishun,Singapore,65,1,1,40735000.0,626686.0,Landed,10.881805028299329,7.516665720447101,9.151407465981285,9.6866547606201,0.01122194327780969,0.044998432110978044,Q2,2024
Tampines / Bedok,Singapore,90,1,2,55470000.0,616336.0,HDB,24.945922227088158,8.90970770000456,9.839922266553105,9.273579457878961,0.04806072584266117,0.027673711389198045,Q4,2024
Novena / Toa Payoh,Singapore,105,2,2,146066000.0,1391105.0,Landed,10.309161426649876,8.151041040855096,9.670825922776253,9.457627595037398,0.025090095400159666,0.014807426650293075,Q1,2024
Bukit Timah,Singapore,55,1,2,90523000.0,1645864.0,Landed,11.810720658786355,8.929415515055693,9.27075589875057,9.018018774194477,0.04804163300122046,0.01155863888170968,Q3,2024
Woodlands / Yishun,Singapore,105,4,5,44942000.0,428024.0,HDB,5.656110257754592,8.893401685397034,9.105883790210303,9.663134486631192,0.026458239609683465,0.036865166170966426,Q3,2024
Jurong West,Singapore,140,5,5,60122000.0,429441.0,HDB,21.601850289221503,8.702506578344662,9.331146477865312,9.662349118112909,0.041992858008293735,0.023846173720066054,Q3,2023
Jurong West,Singapore,105,2,1,49676000.0,473102.0,HDB,14.270601792683504,7.766855486504841,9.905263198181988,9.067046624507386,0.03903831747124982,0.03199843715216411,Q2,2024
Bukit Timah,Singapore,90,2,3,96589000.0,1073213.0,HDB,19.127962152003434,8.607791456696505,9.842850579539096,9.551518041846808,0.03462068292323936,0.01978435754495353,Q1,2023
Novena / Toa Payoh,Singapore,38,1,2,46040000.0,1211579.0,Landed,8.611183204288174,8.284716656254275,9.273402151405094,9.914620913833568,0.029102304387346213,0.027286636108703403,Q1,2024
Tampines / Bedok,Singapore,45,1,2,31091000.0,690904.0,Condo,24.928851815751486,7.059579434414119,9.012685177515808,9.983836238975732,0.037864033536777135,0.012514363714496511,Q4,2023
Orchard / Marina Bay,Singapore,120,2,1,195481000.0,1629006.0,Condo,8.323853142321026,8.057567053952152,9.614171646450288,9.879881568358767,0.03997768454777437,0.04644872243191024,Q3,2024
Novena / Toa Payoh,Singapore,140,4,3,123349000.0,881063.0,HDB,20.217416739808225,7.002389051607181,9.059131478287517,9.831770129813894,0.010377230897883739,0.019293527656413637,Q3,2023
Novena / Toa Payoh,Singapore,45,1,2,41037000.0,911928.0,HDB,23.595589316021375,8.366219619280571,9.629720025746225,9.64604448927886,0.0415988873975113,0.03150124548640971,Q3,2024
Orchard / Marina Bay,Singapore,45,2,3,75290000.0,1673103.0,Condo,19.067268499327767,7.238300443465288,9.113519410320256,9.520999043388427,0.03883697472024155,0.03628786636738905,Q2,2024
Bukit Timah,Singapore,140,4,4,168645000.0,1204609.0,HDB,1.675928835074906,8.299456149949242,9.193906141837589,9.293295058755591,0.01588211766620449,0.018193288296511106,Q1,2023
Novena / Toa Payoh,Singapore,65,2,2,60576000.0,931937.0,Condo,13.587201207051155,7.051577776190056,9.554602026347247,9.870668791756142,0.043925247446651695,0.015475607843948578,Q2,2024
Orchard / Marina Bay,Singapore,65,1,2,88667000.0,1364103.0,HDB,3.9205075782159655,8.687543894073524,9.975313024172117,9.994944747338597,0.010533674866788401,0.03419183939564982,Q4,2024
Orchard / Marina Bay,Singapore,90,3,4,127988000.0,1422089.0,Condo,10.616544590722583,7.441451994801485,9.05241335330101,9.577151352251747,0.04825201651425003,0.02442223178671287,Q2,2024
Novena / Toa Payoh,Singapore,38,1,1,35750000.0,940779.0,Condo,15.984595999117207,8.263745770811845,9.981984876825333,9.277654875968285,0.02884721362609287,0.040126617545713755,Q2,2024
Jurong West,Singapore,75,3,3,55305000.0,737396.0,Landed,23.680953440196955,8.220556615948269,9.992481448688478,9.117497803210108,0.04860496436696913,0.04106763399598129,Q2,2024
Woodlands / Yishun,Singapore,140,4,3,81976000.0,585546.0,Landed,8.85485237781256,7.6646451112378875,9.124599350611671,9.407535322410954,0.045329716606759544,0.031839199428920974,Q3,2024
Tampines / Bedok,Singapore,65,1,1,53909000.0,829375.0,Landed,1.2356293117479415,8.513394162737466,9.296302212152446,9.072425779036553,0.03133998260534689,0.010645248034069814,Q3,2023
Jurong West,Singapore,45,2,3,32504000.0,722322.0,Landed,16.92807121718185,7.168583115442685,9.67738513887656,9.401512119099625,0.03498525102494467,0.028937088341639113,Q4,2023
Jurong West,Singapore,105,4,4,60484000.0,576039.0,Condo,24.953231489283123,7.796889593789428,9.91226658884743,9.187906270180374,0.04214918319741907,0.019609976465528887,Q1,2024
Novena / Toa Payoh,Singapore,75,1,1,70337000.0,937822.0,Condo,18.109691270496548,7.80596588426169,9.562123685901032,9.417706568514669,0.018198990882580868,0.03980277484275728,Q3,2024
Woodlands / Yishun,Singapore,105,4,4,64185000.0,611287.0,Landed,17.68312343347113,7.914041437416373,9.356832331965915,9.038748464576605,0.02809030507837141,0.03633087785493196,Q4,2024
Woodlands / Yishun,Singapore,90,2,2,56322000.0,625796.0,Landed,21.191882985624222,7.216037152915667,9.414717902763142,9.282517986423663,0.041082618278079346,0.026462161352515584,Q1,2023
Jurong West,Singapore,140,4,3,77629000.0,554494.0,Condo,12.83512773234656,8.86960316693393,9.553446383119805,9.880802881121529,0.04767771358369778,0.010191776149450292,Q2,2024
Novena / Toa Payoh,Singapore,65,1,2,64160000.0,987073.0,Condo,21.31396685795316,8.85299875014929,9.838015347875633,9.871694574697896,0.04699591659894591,0.024063923495227582,Q4,2024
Woodlands / Yishun,Singapore,120,2,3,51563000.0,429690.0,HDB,12.940784492694085,7.59159362048535,9.771358458523446,9.77887922320938,0.04473938101336554,0.011730541869175272,Q2,2023
Novena / Toa Payoh,Singapore,90,3,2,95651000.0,1062788.0,Condo,4.201314176664261,8.692007224966785,9.265995565406756,9.713888965097563,0.04313610605738911,0.01902786619270197,Q4,2024
Bukit Timah,Singapore,105,2,1,134174000.0,1277847.0,Condo,14.789432634564447,7.677715470446442,9.893686281185243,9.468386473878862,0.016253748755330782,0.020815925309628037,Q2,2024
Novena / Toa Payoh,Singapore,55,2,3,63831000.0,1160563.0,Landed,12.63337328736919,8.165844277868533,9.287655826633081,9.454267314698,0.03505318884120118,0.02200018071831706,Q1,2023
Bukit Timah,Singapore,45,2,3,58392000.0,1297601.0,Condo,8.221236065015486,8.660180372346739,9.18710240160699,9.724905763079398,0.026569781585184638,0.020309873570346554,Q1,2023
Orchard / Marina Bay,Singapore,90,3,4,120308000.0,1336754.0,HDB,24.663515656113397,7.174953588038453,9.721285995631108,9.917422466644142,0.04037453168697482,0.039137643801611104,Q3,2023
Bukit Timah,Singapore,38,1,1,66316000.0,1745164.0,Landed,6.1567020375997625,7.812611631114873,9.684592775563353,9.345862699083405,0.027733301378956562,0.04389007871115716,Q2,2023
Woodlands / Yishun,Singapore,90,2,1,59026000.0,655841.0,Landed,16.94093289085413,8.941139095242294,9.810788566330443,9.602395085644845,0.016536489037635202,0.029310927012551072,Q3,2023
Woodlands / Yishun,Singapore,65,1,1,25232000.0,388179.0,HDB,3.3027795679157483,8.922124270696129,9.859669372258484,9.51277056323539,0.025689578879837922,0.02963276160954738,Q3,2023
Bukit Timah,Singapore,65,1,2,117756000.0,1811632.0,Landed,20.97394311598859,7.545389654573356,9.311170946251792,9.701588716800677,0.028919220984521266,0.012496532683798085,Q3,2023
Woodlands / Yishun,Singapore,38,1,2,18302000.0,481642.0,Condo,7.5183505356137585,8.002082355673998,9.388308576914834,9.108073956035772,0.013474797184722359,0.04719297950375737,Q3,2024
Woodlands / Yishun,Singapore,75,2,3,42674000.0,568987.0,Landed,12.357236336289205,8.328210775728264,9.97413364619852,9.446070814864687,0.029526376706117324,0.015102865976552344,Q4,2024
Orchard / Marina Bay,Singapore,90,3,2,125595000.0,1395503.0,HDB,4.181156725853647,7.409628923082861,9.110068377798228,9.115838998335798,0.021086164897501414,0.02466091131202068,Q2,2023
Woodlands / Yishun,Singapore,75,1,2,31778000.0,423709.0,HDB,21.510482264172925,8.099449606573884,9.668495198941791,9.891230841898208,0.03795772328100001,0.03581675471686787,Q2,2024
Novena / Toa Payoh,Singapore,55,2,3,47455000.0,862809.0,HDB,2.6674106896512058,7.919123080950492,9.769099333335177,9.373112180030812,0.03672393462583884,0.02515175216771324,Q1,2024
Jurong West,Singapore,105,2,2,57120000.0,543997.0,Condo,15.714620926747024,8.872724051253769,9.914004192663995,9.49057737510895,0.0288892251698029,0.017055476971768155,Q1,2024
Jurong West,Singapore,120,2,1,74009000.0,616740.0,Landed,20.308939865248117,7.063317015168096,9.858381752343227,9.686845619220945,0.025476357710949454,0.043536698095774144,Q3,2024
Novena / Toa Payoh,Singapore,90,2,2,88404000.0,982261.0,Condo,21.938809254428815,7.657590741049357,9.194598004668894,9.790166146062981,0.013108054576126666,0.04447472878745861,Q4,2023
Orchard / Marina Bay,Singapore,65,1,1,92181000.0,1418169.0,Condo,20.679708513371565,8.692222145179446,9.24130841152891,9.083025915845893,0.02310083731039376,0.020004994337452384,Q2,2024
Novena / Toa Payoh,Singapore,45,1,1,54344000.0,1207641.0,Landed,16.850007552826746,8.980398147134663,9.257203953346005,9.819459955300662,0.01958465153040638,0.03296112263041788,Q4,2024
Jurong West,Singapore,65,1,1,28076000.0,431934.0,HDB,5.859195996921068,8.848296325810022,9.693664826944941,9.107399097715785,0.026695769026097847,0.01600997985923365,Q2,2023
Novena / Toa Payoh,Singapore,120,2,3,167682000.0,1397347.0,Landed,23.838517374616,8.656762342214055,9.178997441796238,9.049369516226664,0.022143000326529307,0.03988479989968744,Q3,2023
Tampines / Bedok,Singapore,38,1,2,24848000.0,653891.0,Condo,8.742906296762882,7.2105198710401766,9.20852273984902,9.60586168629147,0.017411486918622168,0.018020127726954622,Q4,2023
Woodlands / Yishun,Singapore,120,2,3,72569000.0,604745.0,Landed,7.9456580645129335,8.388978996895172,9.132855170863426,9.935575266737931,0.04762469405548635,0.019073673178320864,Q2,2024
Bukit Timah,Singapore,120,3,4,151488000.0,1262398.0,Condo,1.2520064060300866,7.085323985547048,9.549228670381156,9.039609833992177,0.02593593310954958,0.038091299236019414,Q4,2024
Orchard / Marina Bay,Singapore,105,2,1,136614000.0,1301087.0,HDB,3.733195289802813,7.76540056001741,9.460170573935413,9.62666583972365,0.03349406808613525,0.020509990032970424,Q4,2023
Jurong West,Singapore,65,1,2,27963000.0,430203.0,HDB,16.298198190562964,8.412452030237151,9.17388741913729,9.917869802137849,0.042730946070081634,0.041292689586446905,Q2,2024
Woodlands / Yishun,Singapore,75,3,2,32488000.0,433173.0,Condo,13.456935401660424,7.622600171449703,9.919381956812497,9.69214452623963,0.0399122271633947,0.015178924197362553,Q1,2023
Tampines / Bedok,Singapore,105,2,2,61566000.0,586339.0,HDB,16.9282979102043,7.275155510967103,9.588795206174295,9.022764130947856,0.018278798564247488,0.04597878778594721,Q1,2024
Tampines / Bedok,Singapore,140,4,3,131322000.0,938014.0,Landed,13.228027624119884,8.9102209725557,9.867091278803928,9.851820452834351,0.04934894037369813,0.047124316847799275,Q2,2023
Tampines / Bedok,Singapore,38,1,1,31857000.0,838338.0,Landed,16.425396973358797,7.898586213762849,9.853452436452132,9.585952692599554,0.02545076559265909,0.026752243880535327,Q2,2023
Tampines / Bedok,Singapore,75,2,1,66300000.0,884003.0,Landed,10.58223815282469,8.13341167749563,9.244904694129268,9.226119212991172,0.039141006031651354,0.01623316175767081,Q4,2024
Bukit Timah,Singapore,65,1,1,67797000.0,1043027.0,HDB,8.80117164634404,8.088588194058397,9.508187607042972,9.254463317363827,0.046792183850355655,0.0430383406516225,Q2,2023
Novena / Toa Payoh,Singapore,65,2,2,70310000.0,1081693.0,Condo,17.28702165401995,7.572574256634522,9.905991957494297,9.393041374315699,0.02058682888642152,0.011760000389429868,Q1,2023
Tampines / Bedok,Singapore,90,2,2,53367000.0,592967.0,HDB,13.476671452590926,8.587922013385155,9.229263046526752,9.936384092990581,0.022138123620860744,0.017360839850569534,Q3,2024
Novena / Toa Payoh,Singapore,120,2,2,99324000.0,827697.0,HDB,6.925855409848229,7.077534930122981,9.46636281146281,9.169481654823551,0.02077759955472447,0.047575132903380425,Q1,2023
Novena / Toa Payoh,Singapore,90,2,2,83371000.0,926349.0,HDB,12.940632858376581,8.046355160852123,9.64207892994657,9.491667027025665,0.04036729440096876,0.03861790016158753,Q4,2024
Bukit Timah,Singapore,120,3,2,203353000.0,1694609.0,Landed,14.64995305406373,7.439262205585413,9.150834438849527,9.497720361239958,0.030014914481253423,0.037670055290946615,Q3,2024
Orchard / Marina Bay,Singapore,55,2,3,96678000.0,1757783.0,Landed,21.208637240082286,8.370669917287987,9.861094324593653,9.496951323862248,0.030185669432404284,0.015781843477333687,Q1,2024
Jurong West,Singapore,65,2,2,35517000.0,546416.0,Condo,5.65412263127824,8.175064150561216,9.741061392462838,9.2374175494274,0.026865063281785576,0.04055808363944142,Q3,2023
Bukit Timah,Singapore,38,1,1,59064000.0,1554306.0,Landed,24.64148553144131,7.8538247381892,9.033276458597404,9.237316262154302,0.012152719640057454,0.03682870000767458,Q1,2023
Jurong West,Singapore,120,3,2,61402000.0,511681.0,Condo,17.396157135464485,7.125371791276738,9.939907890877645,9.8668513427775,0.04732629002588461,0.046279420526890935,Q3,2024
Bukit Timah,Singapore,38,2,2,45974000.0,1209854.0,HDB,13.82061990899385,7.464376029695759,9.359587910096439,9.466818154587472,0.02020774672938458,0.042882953757100044,Q4,2023
Jurong West,Singapore,45,1,1,21718000.0,482623.0,HDB,1.2395795532570641,8.281550704475661,9.02604306877513,9.095542337302842,0.030879835901257015,0.034230763565756155,Q4,2024
Bukit Timah,Singapore,90,2,1,154657000.0,1718413.0,Landed,23.286374928736944,7.400235074390988,9.691247776579925,9.2311358066007,0.046017497445059605,0.011332881545270243,Q1,2023
Bukit Timah,Singapore,65,2,2,84872000.0,1305730.0,Condo,22.93221254456243,8.786494009908074,9.975598899467613,9.203538699909592,0.023471844477837882,0.02439515156255337,Q3,2023
Tampines / Bedok,Singapore,55,2,3,48123000.0,874967.0,Landed,11.094059213414983,8.459300962671973,9.258526844111845,9.646064889250304,0.034457711287277586,0.014807987965480414,Q3,2023
Novena / Toa Payoh,Singapore,105,4,5,138305000.0,1317189.0,Landed,6.700885675914409,8.591972974211918,9.9062615719538,9.622213429278895,0.01587373060505513,0.0388908006043344,Q2,2023
Novena / Toa Payoh,Singapore,140,4,4,164805000.0,1177176.0,Landed,8.662359245316438,7.960867716744374,9.074411347875525,9.314192386874957,0.01143542216487552,0.049772816841229785,Q2,2023
Tampines / Bedok,Singapore,105,4,3,101920000.0,970665.0,Landed,19.41185551194135,8.539900954431658,9.11125062229873,9.014020451493478,0.036564973292983215,0.02681512707225537,Q2,2024
Tampines / Bedok,Singapore,120,4,3,65998000.0,549985.0,HDB,11.38670997832605,8.076594995386968,9.744375885443672,9.882064785037587,0.029067682332627902,0.0374996657681972,Q4,2023
Bukit Timah,Singapore,55,2,3,90053000.0,1637332.0,Landed,5.06603521146893,7.02040195661954,9.309525049545144,9.225503957023466,0.04469242551975488,0.022409105795103974,Q4,2024
Novena / Toa Payoh,Singapore,105,2,2,86316000.0,822060.0,HDB,12.593360991320157,8.671383737788217,9.263502632434799,9.571623724983443,0.0302059115585967,0.031251899911738205,Q1,2023
Woodlands / Yishun,Singapore,75,3,4,27094000.0,361250.0,HDB,12.946394422831862,7.654810168173245,9.899893987535798,9.180905930204318,0.03373084352877233,0.024668389169010926,Q4,2023
Orchard / Marina Bay,Singapore,55,1,1,96706000.0,1758295.0,Landed,14.721107759307749,8.02920912014344,9.129033393781267,9.303831178620985,0.04134191587087884,0.025617569045685337,Q2,2024
Bukit Timah,Singapore,140,5,4,234369000.0,1674064.0,Landed,11.284158267854483,8.045271180595199,9.56304194820264,9.582283383174957,0.01884728121712488,0.04367282508112629,Q3,2023
Orchard / Marina Bay,Singapore,65,1,1,127753000.0,1965435.0,Landed,9.178762243200474,7.921017231893559,9.892731568128914,9.767819354956766,0.04516196186508248,0.02547305675486731,Q3,2024
Tampines / Bedok,Singapore,120,4,4,76385000.0,636543.0,HDB,3.9895103486367374,7.040586497085201,9.845995993357727,9.005618865291916,0.010920167822541016,0.03787605823798078,Q3,2024
Woodlands / Yishun,Singapore,45,2,3,18870000.0,419327.0,HDB,17.93949928663345,8.694441156071102,9.93857652221591,9.842953850127747,0.04504142520564569,0.027001768385037907,Q1,2024
Tampines / Bedok,Singapore,55,1,1,42368000.0,770325.0,Condo,14.34777400743744,8.199073886864609,9.291000073323618,9.035165714009146,0.019066598660033098,0.011590724924411901,Q3,2023
Jurong West,Singapore,90,3,2,56787000.0,630971.0,Landed,1.540440159473258,8.587128383796358,9.350094647027928,9.68566447422984,0.026540125548931856,0.0384454145768329,Q1,2023
Jurong West,Singapore,140,4,5,81585000.0,582747.0,Condo,22.346914290968947,7.292042422712523,9.355593411131494,9.644595607389226,0.04346821827708605,0.04499600046121309,Q3,2024
Woodlands / Yishun,Singapore,45,2,2,20078000.0,446186.0,Condo,20.335262486926638,7.735470357021006,9.49844129934235,9.956250860583513,0.03540220724928702,0.028761493235706585,Q4,2024
Orchard / Marina Bay,Singapore,45,1,1,94137000.0,2091924.0,Landed,24.038301588806934,8.869322673801392,9.731158321184072,9.557739409626867,0.031230309529340416,0.01647256717868947,Q2,2024
Orchard / Marina Bay,Singapore,55,2,1,70319000.0,1278530.0,HDB,24.651829564951658,8.597545077727098,9.798977271188955,9.333245300397406,0.04730365694028054,0.014057649563665895,Q3,2023
Bukit Timah,Singapore,75,1,2,78455000.0,1046067.0,HDB,2.2660663352496178,7.337145047977257,9.386071377807669,9.558676952793434,0.016010806751829428,0.014549255384456509,Q2,2023
Woodlands / Yishun,Singapore,140,5,4,71707000.0,512196.0,Condo,17.632284691447516,8.913598690688977,9.976417756125347,9.029946754713377,0.019523170414800034,0.016914141358374924,Q3,2024
Tampines / Bedok,Singapore,75,3,4,40594000.0,541250.0,HDB,18.127871018031566,7.029304572426519,9.817321169528086,9.538929432138943,0.03602628331685522,0.015303383599718,Q4,2024
Tampines / Bedok,Singapore,55,2,1,40525000.0,736821.0,Condo,20.300307204199193,8.663614731728282,9.608912950340436,9.254192497783825,0.03586663111869428,0.019955144566641672,Q3,2023
Bukit Timah,Singapore,45,1,1,47646000.0,1058799.0,HDB,16.08183415812548,7.5219090406936004,9.022346839996125,9.530056623494344,0.011103853714459296,0.04385300713587941,Q4,2023
Jurong West,Singapore,140,4,4,60633000.0,433095.0,HDB,8.41302176385425,8.930264186066207,9.80664438350608,9.311628235788904,0.048316676228393286,0.026661501828751086,Q4,2023
Woodlands / Yishun,Singapore,105,2,2,48617000.0,463023.0,Condo,6.395075560480343,8.912248880050965,9.148133938291213,9.95171858517308,0.04545858595470522,0.013969434862063097,Q3,2024
Tampines / Bedok,Singapore,55,2,3,49555000.0,901006.0,Landed,2.436329692622375,8.76335430338601,9.696016659027679,9.899954380629891,0.024261898514900404,0.043957997138559156,Q1,2024
Woodlands / Yishun,Singapore,75,3,3,37592000.0,501231.0,Condo,24.476786735224966,8.203163325839894,9.89304248917136,9.23503972530859,0.015553147021296988,0.013739938336574446,Q2,2023
Bukit Timah,Singapore,75,3,4,92975000.0,1239671.0,HDB,11.331165992684276,8.597653492592126,9.266464659822498,9.938601898249566,0.03971076455822028,0.02192567381545188,Q2,2024
Jurong West,Singapore,120,4,5,61863000.0,515523.0,Condo,17.18436174372156,8.545954044077718,9.411961510622804,9.30351372845152,0.033742101534651014,0.04049135115514372,Q4,2023
Novena / Toa Payoh,Singapore,140,3,4,114021000.0,814435.0,HDB,13.461554108093601,8.763823306157551,9.157129032071875,9.840031103010267,0.013656685774239815,0.02848904430786791,Q4,2024
Woodlands / Yishun,Singapore,120,3,3,59193000.0,493274.0,Condo,1.5031306599753584,7.174395476057978,9.086712593565192,9.352897874449614,0.04167935799102245,0.019987510980336277,Q1,2024
Tampines / Bedok,Singapore,140,5,6,109363000.0,781167.0,Condo,14.183036045733882,8.88073412267709,9.932210800783148,9.608871940789482,0.019663930733082598,0.030820813745561934,Q1,2023
Orchard / Marina Bay,Singapore,65,1,1,77465000.0,1191770.0,HDB,24.853394559401973,8.763240167736324,9.118102688859274,9.381237670154936,0.03399181616507641,0.029627810654327458,Q1,2023
Bukit Timah,Singapore,38,2,2,68582000.0,1804795.0,Landed,20.116920360481068,8.037688147459994,9.54831951530286,9.819714730160511,0.04427314659823008,0.04397068221304521,Q3,2023
Tampines / Bedok,Singapore,45,2,1,27909000.0,620203.0,HDB,3.373439105575579,8.259894162143544,9.47905550338061,9.990595983462253,0.028170090778348825,0.019537573368229904,Q3,2024
Woodlands / Yishun,Singapore,90,1,1,43892000.0,487689.0,Condo,4.448669273004874,7.307304951566212,9.326717126158226,9.473436995902413,0.03663415532549358,0.014322698637722408,Q4,2024
Tampines / Bedok,Singapore,38,1,2,26110000.0,687113.0,Condo,19.660292130379705,7.745847604591933,9.56680423515472,9.029484048612328,0.024614403722009286,0.012411204761977195,Q2,2023
Jurong West,Singapore,38,1,1,27010000.0,710785.0,Landed,16.057454332720596,8.341488333677923,9.286709043336058,9.711712114710124,0.02501188966242399,0.04260095300280358,Q2,2024
Woodlands / Yishun,Singapore,90,1,2,49757000.0,552856.0,Landed,18.450536561042526,7.0968484415695965,9.418450090570442,9.03348819604486,0.046111537467721585,0.02674226914362427,Q4,2023
Bukit Timah,Singapore,140,3,4,150819000.0,1077279.0,HDB,5.404664584174356,7.487277799506099,9.737393350699836,9.299253198616471,0.02357831829319007,0.043301109017194396,Q2,2024
Bukit Timah,Singapore,105,3,3,154154000.0,1468132.0,Condo,21.947533558647855,8.669788900629214,9.200444915457458,9.308558549679063,0.027456927671975107,0.020316306073813073,Q1,2023
Novena / Toa Payoh,Singapore,45,1,1,57870000.0,1285994.0,Landed,1.63332323118828,8.284649960285984,9.276372867851682,9.324792103794133,0.04747440486640773,0.010729477789654607,Q2,2024
Orchard / Marina Bay,Singapore,120,3,2,168173000.0,1401441.0,HDB,22.52757864020379,7.745302874331969,9.673218592516914,9.249443649565446,0.021273136918437165,0.0202112563828973,Q2,2024
Tampines / Bedok,Singapore,120,4,4,78243000.0,652021.0,Condo,1.6584735380418074,8.879004453962693,9.363067753190947,9.859911895914488,0.020410501481622743,0.038871842261170665,Q1,2023
Tampines / Bedok,Singapore,105,2,1,80786000.0,769393.0,Condo,1.9356879109946847,7.783279125985097,9.62123917961769,9.723259417662124,0.02105041383497051,0.03672772341902277,Q2,2023
Novena / Toa Payoh,Singapore,75,1,1,69462000.0,926167.0,Condo,23.86428396534558,8.826029874388286,9.806953816147558,9.3601902716117,0.03779210310049411,0.03083365884514805,Q3,2023
Bukit Timah,Singapore,140,5,6,235772000.0,1684083.0,Landed,21.70153636565088,8.743623974386471,9.336574512252488,9.916003855511738,0.035173420110093986,0.02941559890684639,Q4,2023
Woodlands / Yishun,Singapore,65,1,1,27846000.0,428400.0,HDB,5.145747517258618,8.868839948727997,9.94034313294504,9.197838396318534,0.014135323958119953,0.023950257226285136,Q1,2024
Woodlands / Yishun,Singapore,90,2,1,46684000.0,518712.0,Condo,19.518271127447345,7.965346643322568,9.937766932981257,9.311622793576813,0.015339044071002138,0.041070797201913305,Q2,2023
Orchard / Marina Bay,Singapore,65,1,2,124648000.0,1917655.0,Landed,16.120518067824015,8.248824063788733,9.334578513825104,9.063783510913838,0.026405895419343642,0.03606055081778224,Q2,2024
Woodlands / Yishun,Singapore,90,1,1,39527000.0,439191.0,Condo,18.679579300059835,8.537286949338592,9.326265019316612,9.039452394250764,0.04918045414300053,0.010849186674162539,Q4,2023
Bukit Timah,Singapore,38,1,2,39660000.0,1043696.0,HDB,12.876152738832328,8.261026016255308,9.230224804753886,9.866495729612058,0.029151546255138827,0.01808462664836543,Q1,2023
Jurong West,Singapore,75,3,4,34925000.0,465661.0,HDB,20.439224904137582,8.378806753853958,9.731591536028251,9.237372946660031,0.03200469942869961,0.03692887913794418,Q2,2023
Orchard / Marina Bay,Singapore,90,2,3,148038000.0,1644866.0,Condo,13.857168887348632,7.8678299997077925,9.896583097114258,9.951208661508268,0.012570478880763191,0.04736839076079882,Q1,2024
Novena / Toa Payoh,Singapore,75,2,1,101789000.0,1357193.0,Landed,14.431623242939242,7.992492578031356,9.627328532212836,9.120023850080734,0.026653885142559133,0.02665756432258562,Q4,2024
Bukit Timah,Singapore,120,4,3,211932000.0,1766099.0,Landed,20.524403099726392,7.537863637839373,9.029043541413925,9.79653835214958,0.02813721841984472,0.04771742384992993,Q2,2023
Bukit Timah,Singapore,90,2,3,101346000.0,1126071.0,HDB,8.86454390701821,7.374962766175354,9.902111612049225,9.403031293598332,0.010034538291926763,0.032622554718259644,Q2,2024
Orchard / Marina Bay,Singapore,45,1,2,70288000.0,1561955.0,Condo,6.959446259791891,8.165296601684235,9.502191934378855,9.53702121804724,0.0459725117528478,0.043605989439075774,Q4,2023
Woodlands / Yishun,Singapore,65,1,1,35669000.0,548759.0,Landed,9.782956131382235,8.778183714252298,9.84784666523674,9.301328952354767,0.01681146241307342,0.04975906860736388,Q1,2023
Bukit Timah,Singapore,105,4,3,109630000.0,1044091.0,HDB,3.1847574763420017,7.008298985354383,9.130962169160533,9.09402671137448,0.04247447962833745,0.012330080942070084,Q1,2024
Novena / Toa Payoh,Singapore,75,2,3,101563000.0,1354175.0,Landed,1.4250943205931277,7.822955095362094,9.502888675614587,9.977898275797749,0.04239548799168922,0.02788867811721559,Q4,2024
Tampines / Bedok,Singapore,38,1,1,29780000.0,783683.0,Condo,13.111030436091315,8.993663318251455,9.853313992951433,9.489825408903705,0.02084964507707237,0.03870658747020103,Q2,2023
Novena / Toa Payoh,Singapore,105,3,4,117798000.0,1121882.0,Condo,24.712188035665825,8.551141938665072,9.939635354133372,9.5052593577309,0.04664438104827113,0.04011977672283105,Q1,2024
Woodlands / Yishun,Singapore,45,1,1,20577000.0,457260.0,Condo,20.119034730723428,8.72000301766192,9.855767301491037,9.112715427049537,0.04273053635054971,0.04692859858479907,Q4,2024
Novena / Toa Payoh,Singapore,120,4,5,121962000.0,1016353.0,Condo,11.462898900870979,8.693807167899712,9.54762499912116,9.464130893538316,0.03364118656435145,0.018364951950245997,Q2,2024
Woodlands / Yishun,Singapore,38,1,2,14016000.0,368837.0,HDB,23.89312274051263,8.526884906408903,9.254765676824599,9.997633889727313,0.03079653231141742,0.021444626409073093,Q3,2023
Orchard / Marina Bay,Singapore,45,1,1,89219000.0,1982649.0,Landed,21.553804882522492,8.953539507765436,9.937621130133573,9.381343087529892,0.033440058406438725,0.023270763571231617,Q3,2023
Bukit Timah,Singapore,45,1,2,55235000.0,1227448.0,HDB,1.5034197432358667,8.523152635527024,9.013235108374161,9.705946490553776,0.018039606590188485,0.012607950308017726,Q2,2023
Woodlands / Yishun,Singapore,140,5,6,62694000.0,447812.0,Condo,14.57244021387061,7.842952898026123,9.658390956017751,9.81104949315395,0.04314923689648878,0.03859186675626546,Q3,2023
Bukit Timah,Singapore,120,2,3,202118000.0,1684317.0,Landed,8.89183819620948,8.708369281485602,9.712291255418046,9.080357746894752,0.013119137552244435,0.02418144330564282,Q3,2024
Jurong West,Singapore,65,1,1,28522000.0,438798.0,HDB,3.885405817645225,8.425376782579455,9.3907296568497,9.918995140133948,0.0419179897285097,0.04402809880849864,Q2,2023
Jurong West,Singapore,120,4,5,51261000.0,427172.0,HDB,1.2137901508137166,8.027675495839219,9.313434226151951,9.64034832172952,0.03937798261713322,0.04314748779220623,Q1,2024
Bukit Timah,Singapore,55,1,1,76114000.0,1383894.0,Condo,18.549471721610946,8.716221077276849,9.098214591722789,9.509044313325287,0.03456724403825087,0.011081720912879699,Q2,2024
Tampines / Bedok,Singapore,55,2,2,46668000.0,848515.0,Landed,21.51304829310986,7.742648177020836,9.785137871545123,9.486077458123354,0.045499217126289314,0.04591269114849036,Q3,2024
Tampines / Bedok,Singapore,90,1,1,75555000.0,839496.0,Landed,18.426236803540952,8.391425798159577,9.341503211224936,9.140659735991965,0.02922441541807149,0.030998429324880505,Q1,2024
Woodlands / Yishun,Singapore,75,1,1,27447000.0,365956.0,HDB,12.695174579975124,8.657998439059316,9.839834467317285,9.654949483814423,0.027756633690376557,0.025891859567719652,Q1,2024
Jurong West,Singapore,90,2,2,40340000.0,448228.0,HDB,20.06620456730036,8.7098625689964,9.803357383086905,9.736151491625906,0.038642317455198257,0.037310969827647186,Q2,2024
Bukit Timah,Singapore,65,2,3,110077000.0,1693499.0,Landed,15.413771632444092,8.37251106463965,9.076423426890779,9.658228708512034,0.027019942283146102,0.04771781868520324,Q3,2024
Woodlands / Yishun,Singapore,65,2,1,25634000.0,394371.0,HDB,17.244311957884165,8.504574540921508,9.791788910755237,9.846624022704686,0.03958904347181192,0.015488737379612334,Q2,2024
Bukit Timah,Singapore,65,1,2,67824000.0,1043451.0,HDB,21.375711214739887,8.85427653736979,9.397878441749173,9.389038570566148,0.03603602728970045,0.028285688669652996,Q1,2024
Bukit Timah,Singapore,140,4,3,230811000.0,1648647.0,Landed,4.023969994570219,7.123248954245905,9.809926636369147,9.211678664508552,0.0422955912148583,0.021978341997203988,Q2,2023
Orchard / Marina Bay,Singapore,65,1,1,91402000.0,1406190.0,Condo,24.782237822472162,8.375163388459457,9.188823618961074,9.831197767869625,0.03134026125815548,0.02599040362214443,Q3,2023
Bukit Timah,Singapore,55,2,3,57497000.0,1045402.0,HDB,11.253490328007985,8.494776721694986,9.993111891864748,9.561391093619648,0.033195893885489276,0.020616430237974888,Q1,2024
Jurong West,Singapore,38,2,2,28000000.0,736839.0,Landed,13.765861424310241,7.847758442708052,9.779868089684848,9.812693275556814,0.033183200892780804,0.01975252887143169,Q4,2023
Woodlands / Yishun,Singapore,140,4,4,56062000.0,400446.0,HDB,12.813940391224541,8.320759956294927,9.517867056081021,9.543498655263274,0.018149337748700818,0.01434380445381776,Q2,2024
Jurong West,Singapore,105,4,3,73322000.0,698308.0,Landed,8.403751456148864,8.088782535496271,9.527273566836902,9.89658033292179,0.011314041680676179,0.021598284954192297,Q2,2024
Bukit Timah,Singapore,120,4,3,137977000.0,1149808.0,HDB,15.559326657775884,8.22405870012387,9.673749727615611,9.929249796009854,0.022401133769729468,0.025845215336323953,Q4,2023
Tampines / Bedok,Singapore,105,3,2,76051000.0,724300.0,Condo,9.564469850903182,8.068036095493367,9.875032671615152,9.324295449644431,0.011268575226508456,0.04031768149957472,Q4,2024
Orchard / Marina Bay,Singapore,55,2,3,106095000.0,1929005.0,Landed,8.901687052823654,7.2934081802749935,9.648744636904722,9.763423999978723,0.04578082221734743,0.023176371582182963,Q3,2024
Bukit Timah,Singapore,120,3,3,126109000.0,1050912.0,HDB,23.6578930082769,7.539800447172672,9.286859697418574,9.233159878365315,0.01881356604867116,0.04179419610557896,Q4,2023
Tampines / Bedok,Singapore,65,1,1,38270000.0,588764.0,HDB,21.54510717905407,7.546347718072105,9.864561244807469,9.610117757449967,0.015265837825476095,0.02075067157140817,Q2,2023
Orchard / Marina Bay,Singapore,38,1,1,79388000.0,2089148.0,Landed,5.959893643056223,8.923764998110954,9.687957262906208,9.77534422992177,0.013162343721350864,0.04816185565189904,Q3,2023
Jurong West,Singapore,90,1,1,64911000.0,721236.0,Landed,21.11395308992067,7.756423119488265,9.607175687075461,9.864685065164243,0.028309724354574593,0.04599812135787772,Q1,2024
Woodlands / Yishun,Singapore,65,1,2,27319000.0,420294.0,HDB,14.290427935779643,8.537485924499144,9.588266024048856,9.81324752210434,0.03402761042650373,0.042013226818263597,Q1,2024
Jurong West,Singapore,105,4,5,47750000.0,454764.0,HDB,14.277391853494303,8.319444814745205,9.71700018314465,9.227332554636874,0.02257241586907091,0.031700829521550504,Q4,2023
Novena / Toa Payoh,Singapore,55,1,2,53294000.0,968987.0,Condo,3.7340900494547435,8.811690221709947,9.03002165274575,9.622233732835259,0.01596490040913826,0.011659339034139533,Q4,2023
Bukit Timah,Singapore,65,1,1,82161000.0,1264019.0,HDB,6.450344137725369,8.991249993277036,9.275932995882815,9.02697690091422,0.02383341030211865,0.030215198299145297,Q3,2024
Tampines / Bedok,Singapore,75,1,2,47312000.0,630827.0,HDB,5.254603133212606,7.000148202321547,9.666783421110516,9.51591197064893,0.014121139321769092,0.02132999521573746,Q2,2023
Woodlands / Yishun,Singapore,38,1,2,24726000.0,650672.0,Landed,20.168799593832105,7.145234311565896,9.574791174559087,9.78636575228523,0.04206062793377436,0.030891573772899965,Q2,2024
Woodlands / Yishun,Singapore,38,1,1,15175000.0,399338.0,HDB,14.17232778834213,8.289221466948446,9.982015960188951,9.71082232578367,0.04284190184222265,0.04789285386852556,Q2,2023
Woodlands / Yishun,Singapore,120,3,3,44671000.0,372259.0,HDB,7.81340001553197,8.37120754495766,9.36771918536608,9.533078993693664,0.04515491999338697,0.029736892525778255,Q2,2024
Orchard / Marina Bay,Singapore,65,1,1,93274000.0,1434979.0,Condo,8.800861711047034,7.4365134167676725,9.84516718220406,9.289966277474614,0.03135466347426341,0.03714438863010766,Q1,2023
Tampines / Bedok,Singapore,65,2,2,41911000.0,644779.0,HDB,23.568579611278786,8.793601986192227,9.88924714237351,9.043829758685813,0.02306763382942696,0.024011692129125614,Q1,2023
Orchard / Marina Bay,Singapore,90,3,2,126696000.0,1407733.0,Condo,8.868782571565061,7.854843488178176,9.20441362610579,9.935618869331178,0.036153572720216354,0.03736685800874927,Q2,2023
Orchard / Marina Bay,Singapore,75,3,2,98475000.0,1313000.0,HDB,13.765652161255508,7.532588711537401,9.634568081373706,9.799087453827683,0.04997491978114766,0.039325996253555054,Q2,2024
Orchard / Marina Bay,Singapore,45,1,1,56197000.0,1248813.0,HDB,12.891790002465932,8.223662063741724,9.234586074103708,9.335972189438081,0.014649744852345443,0.0334224005935713,Q2,2024
Jurong West,Singapore,90,2,3,40713000.0,452368.0,HDB,21.68836386678089,7.920808404656158,9.782981858459955,9.930054291678381,0.03738550359974941,0.042191499487194556,Q3,2024
Bukit Timah,Singapore,75,3,4,103841000.0,1384548.0,Condo,15.927439810711952,8.591619886856336,9.919712487388773,9.16847979456963,0.027593951047589493,0.021544313885132952,Q4,2024
Tampines / Bedok,Singapore,38,1,1,28429000.0,748132.0,Condo,17.3493498565712,7.7640161179006,9.877341312808198,9.947276069438974,0.04528934736846495,0.036719661267526654,Q4,2024
Tampines / Bedok,Singapore,75,3,4,62174000.0,828991.0,Landed,20.23481933545858,8.808363569200344,9.79174548976175,9.479561521332775,0.03409528100186209,0.026333261827707677,Q3,2024
Novena / Toa Payoh,Singapore,38,1,2,39112000.0,1029271.0,Condo,15.129122562941816,8.917025060379759,9.937181940453872,9.425583167201017,0.044131057473539036,0.036621620164673956,Q1,2024
Jurong West,Singapore,45,2,3,21938000.0,487501.0,Condo,18.937723083739176,8.625047907042589,9.612033497031963,9.426343768242027,0.014095298540158395,0.02889676879338307,Q4,2024
Orchard / Marina Bay,Singapore,55,2,3,70592000.0,1283498.0,HDB,10.009403049539149,8.248530679430157,9.737496238777489,9.338268457466663,0.024662047083268628,0.04914560503701435,Q2,2023
Orchard / Marina Bay,Singapore,45,2,1,82235000.0,1827449.0,Landed,22.05288282994219,8.199656481094319,9.459547652595942,9.270254300555228,0.04068281276419985,0.04698840453719096,Q4,2023
Woodlands / Yishun,Singapore,75,2,1,40781000.0,543744.0,Landed,2.6562500325184644,8.54172207504497,9.059032576332632,9.338387180706565,0.03445066973783287,0.030657625244298513,Q4,2024
Novena / Toa Payoh,Singapore,45,1,2,55805000.0,1240114.0,Landed,8.169863572373213,7.915783927182945,9.808384759596068,9.221423784898933,0.04779257791944494,0.03721647937281297,Q4,2024
Bukit Timah,Singapore,140,3,3,218522000.0,1560871.0,Landed,23.82692095512524,7.2270509825344185,9.569729530966073,9.427406843174909,0.04997608769423607,0.011911417283550194,Q3,2024
Bukit Timah,Singapore,90,3,3,140202000.0,1557800.0,Landed,5.977467738926646,7.381360994102641,9.051148888944283,9.598875424909558,0.02455179812949146,0.03065972639023369,Q4,2024
Novena / Toa Payoh,Singapore,55,1,1,46975000.0,854084.0,HDB,3.60433196584843,8.474363328404268,9.73863501701657,9.20162731959336,0.030782489580570067,0.04684386673483944,Q2,2024
Tampines / Bedok,Singapore,90,2,2,78408000.0,871205.0,Landed,15.76028817559769,8.051715966520108,9.901315350393277,9.107537417336179,0.012034428037677496,0.03552734329393011,Q3,2024
Novena / Toa Payoh,Singapore,65,2,3,66857000.0,1028565.0,Condo,2.9470274843081334,8.368487192264778,9.022868854772966,9.53343317665359,0.03253563325595141,0.04284107967929829,Q1,2024
Bukit Timah,Singapore,90,3,3,165519000.0,1839099.0,Landed,3.183076356338887,7.722387230284301,9.807034166158088,9.947600862092976,0.02581803191922464,0.021256322450976486,Q1,2023
Woodlands / Yishun,Singapore,120,2,2,57077000.0,475646.0,Condo,24.988847284416284,8.057027791471523,9.996449942522164,9.875135133234119,0.04234883130147415,0.02085637119306997,Q4,2024
Bukit Timah,Singapore,38,1,2,41265000.0,1085932.0,HDB,23.25086621977947,8.103203312131098,9.572159036878151,9.319087834238244,0.015726517742081905,0.04546767377952051,Q2,2023
Orchard / Marina Bay,Singapore,45,1,1,54477000.0,1210605.0,HDB,3.5803560026985535,8.644239420954488,9.437144752652562,9.778683277160638,0.019044216455260277,0.013431994459496424,Q1,2023
Bukit Timah,Singapore,65,1,1,95076000.0,1462703.0,Condo,3.092616829944161,7.867628757832758,9.875561271207566,9.06204692081119,0.02023857175151931,0.04182997223402209,Q1,2023
Bukit Timah,Singapore,105,2,2,155412000.0,1480114.0,Condo,7.180812518156737,7.133206240399028,9.029138884071207,9.4358388751179,0.035663557771852886,0.018750105055639857,Q3,2023
Orchard / Marina Bay,Singapore,140,5,6,172664000.0,1233315.0,HDB,18.821500517085216,7.062910145928127,9.185491617452808,9.006332733997645,0.047302505313659586,0.017134301518245087,Q3,2024
Woodlands / Yishun,Singapore,90,2,3,40755000.0,452839.0,Condo,3.8789201219796325,8.288960402302038,9.763612464830818,9.506072754017115,0.014908216190805002,0.016661185832818275,Q2,2024
Woodlands / Yishun,Singapore,105,4,4,43227000.0,411690.0,HDB,4.547071509591778,8.639428997565552,9.973296425820857,9.439963422887951,0.03867790234828481,0.020862198631459078,Q2,2023
Novena / Toa Payoh,Singapore,90,1,1,82865000.0,920726.0,Condo,9.51184630150674,7.375102085589024,9.813676187105312,9.614783454768773,0.030765220737412537,0.01475564909244735,Q2,2024
Bukit Timah,Singapore,90,3,2,108994000.0,1211047.0,HDB,2.9211894083460317,8.388209640810755,9.520561928362907,9.339833188040373,0.032230044358241165,0.039532814420647384,Q3,2024
Tampines / Bedok,Singapore,55,1,1,34027000.0,618673.0,HDB,12.645539649971688,8.754015724095307,9.272011698070694,9.37347039384408,0.01957443057793898,0.04378872438986829,Q4,2024
Novena / Toa Payoh,Singapore,65,1,1,59493000.0,915284.0,HDB,16.356719317910546,8.337569047868303,9.809553403740702,9.342355537562717,0.03868129223353732,0.015802506651000168,Q3,2024
Bukit Timah,Singapore,75,2,1,93519000.0,1246919.0,Condo,17.773099516078595,8.171511577733705,9.653998799090184,9.88978119026247,0.04180768042028854,0.020984310788472977,Q2,2024
Woodlands / Yishun,Singapore,45,1,2,18117000.0,402609.0,HDB,18.947966851183587,7.2876934739998225,9.510162837717232,9.425340262347323,0.019770188010730747,0.0393955745577545,Q1,2023
Orchard / Marina Bay,Singapore,105,2,1,147725000.0,1406903.0,HDB,2.8822066652024745,7.9025996594066195,9.560387968917446,9.658013666283411,0.045615706611449154,0.03943046939817662,Q2,2024
Tampines / Bedok,Singapore,45,1,1,37673000.0,837188.0,Landed,23.709473011377934,8.213548692400018,9.024526134658396,9.748550077959973,0.04664275814258548,0.018357729660279706,Q4,2023
Orchard / Marina Bay,Singapore,38,1,1,64735000.0,1703549.0,Condo,5.174596225945723,8.341261614385918,9.792629050634261,9.454844796366386,0.018956447662470115,0.010538892191431035,Q3,2023
Tampines / Bedok,Singapore,65,1,1,41444000.0,637605.0,HDB,17.818370408935994,8.00646612178432,9.058281905731128,9.258016743000931,0.022760228999188413,0.030747995092345104,Q2,2023
Tampines / Bedok,Singapore,38,2,3,29988000.0,789156.0,Condo,24.760357210543845,8.983314009960623,9.737422111820933,9.833062402669333,0.02842849341606405,0.018215128090585127,Q2,2023
Woodlands / Yishun,Singapore,140,4,3,53569000.0,382632.0,HDB,15.459905857704932,7.342137890982075,9.107846246613432,9.566321746121655,0.018699996813146137,0.03350937779396876,Q1,2023
Woodlands / Yishun,Singapore,90,3,4,35631000.0,395902.0,HDB,16.584509188859755,7.55524554196014,9.937589990612382,9.359941723500736,0.04513654186887688,0.010233508308453385,Q3,2024
Jurong West,Singapore,140,3,3,73593000.0,525665.0,Condo,15.298771079257346,8.253178730739783,9.174938574881445,9.088045274205443,0.03642136367260048,0.04685090922068478,Q4,2023
Woodlands / Yishun,Singapore,75,2,1,35089000.0,467853.0,Condo,12.051048886121283,7.311555389669277,9.805808522727677,9.62062849802422,0.03700234767781555,0.011242627888084496,Q4,2024
Woodlands / Yishun,Singapore,45,1,1,16654000.0,370090.0,HDB,18.418086604812288,7.7672748421848485,9.580439467180529,9.337216822537668,0.034765680376070994,0.022588753394438443,Q1,2024
Woodlands / Yishun,Singapore,120,2,2,73280000.0,610670.0,Landed,14.83452954049747,8.177783671775739,9.352809552439739,9.445367440738607,0.04719978062152656,0.044357756822497346,Q2,2023
Jurong West,Singapore,65,1,1,35951000.0,553099.0,Condo,18.061065970095726,8.288222667564392,9.652890983826904,9.951860284085928,0.012699206801449026,0.020568173667565567,Q4,2023
Tampines / Bedok,Singapore,105,2,1,62989000.0,599896.0,HDB,15.353041064576015,8.027851195498961,9.933710393503638,9.522510774554746,0.037715085628908095,0.021979155259526532,Q3,2023
Bukit Timah,Singapore,90,2,1,112699000.0,1252207.0,HDB,6.57205054171015,8.386918208649389,9.21336239191655,9.794543025051652,0.021830993306204034,0.020302322803154985,Q1,2023
Tampines / Bedok,Singapore,75,1,1,46385000.0,618466.0,HDB,22.96535728337897,7.00401848034951,9.042211985011392,9.31436871445952,0.033349568724154566,0.01941512129119883,Q3,2023
Orchard / Marina Bay,Singapore,55,1,2,102014000.0,1854792.0,Landed,1.9668625101454946,8.717883522513828,9.501992456814834,9.423362797090872,0.030038572745719368,0.045893447694597814,Q1,2024
Novena / Toa Payoh,Singapore,38,2,1,49963000.0,1314819.0,Landed,9.52596856076163,8.681618504957425,9.090270678659635,9.363284282294728,0.03723025395724302,0.02272333566955125,Q4,2024
Woodlands / Yishun,Singapore,140,5,5,86265000.0,616179.0,Landed,20.19830050363786,7.412060161938189,9.744520339665762,9.441732819644068,0.045182986323272986,0.042135742625576754,Q3,2024
Woodlands / Yishun,Singapore,90,1,2,39318000.0,436864.0,HDB,10.711832276005628,7.761704167910615,9.444834501916294,9.407758913454177,0.03222875950249305,0.03705040840008334,Q4,2024
Orchard / Marina Bay,Singapore,65,1,2,137785000.0,2119763.0,Landed,18.20627348146312,7.700040580790218,9.48153037927352,9.743736943165455,0.02845951133937541,0.015277398088803521,Q1,2024
Bukit Timah,Singapore,120,4,5,188886000.0,1574052.0,Landed,1.9691626973594287,8.996125195408096,9.784106143261706,9.829027911991348,0.03171614309311031,0.04324743236165819,Q3,2023
Woodlands / Yishun,Singapore,90,2,1,32873000.0,365256.0,HDB,11.577249159925815,8.636126623747883,9.57229137858104,9.869411804606013,0.03196857206362411,0.024866919749392723,Q3,2023
Woodlands / Yishun,Singapore,55,2,3,34757000.0,631951.0,Landed,14.033132735273929,7.65039828586783,9.318458303827672,9.1397872065434,0.016029788928965574,0.0376004928280305,Q2,2023
Tampines / Bedok,Singapore,120,4,4,81279000.0,677321.0,Condo,12.258084689659887,8.603391490705459,9.550494703652767,9.27077443706007,0.04840263839932385,0.045323189328633474,Q2,2023
Jurong West,Singapore,120,2,3,57844000.0,482033.0,HDB,8.89214005696801,8.956733134474327,9.277844041209294,9.577731033070533,0.020726299943532176,0.021374353721182238,Q3,2024
Tampines / Bedok,Singapore,45,2,3,31881000.0,708468.0,Condo,15.705614061861748,8.817934443966685,9.368133599768248,9.963550759509463,0.04102853228925036,0.049966511148157707,Q4,2024
Orchard / Marina Bay,Singapore,105,2,3,127105000.0,1210527.0,HDB,11.200624305893363,7.833854220842706,9.324532238263771,9.519916402839689,0.030416990557638066,0.01983002128089608,Q4,2023
Tampines / Bedok,Singapore,105,4,3,89592000.0,853260.0,Landed,17.053515836848216,7.7122808545256705,9.71866437514923,9.510161392220354,0.030134381738138212,0.020868652304628622,Q1,2023
Jurong West,Singapore,65,1,1,33787000.0,519806.0,Condo,21.0912773747746,7.97046087514079,9.406964877723022,9.907681570785595,0.04659505222770367,0.038447499033640746,Q1,2024
Bukit Timah,Singapore,55,2,2,70502000.0,1281863.0,Condo,22.46045307567921,8.377077058818031,9.604496701657323,9.452059029947389,0.03861487019334013,0.03363655132630731,Q3,2023
Woodlands / Yishun,Singapore,90,2,2,50842000.0,564916.0,Landed,22.47842138313735,7.349930476735062,9.791327066114418,9.946202657169279,0.04472746806513438,0.02035850167833381,Q1,2023
Jurong West,Singapore,65,1,2,36073000.0,554963.0,Condo,10.309005614202928,8.953551085642816,9.578288371463227,9.04661039528827,0.03744533841185369,0.013092281031130937,Q4,2024
Woodlands / Yishun,Singapore,105,2,1,50035000.0,476526.0,Condo,16.776497946020513,8.762237286939671,9.861563831733719,9.367731586166228,0.04409909575691519,0.04895786144215246,Q4,2024
Bukit Timah,Singapore,90,3,3,147703000.0,1641147.0,Landed,14.006172032692135,7.120335875948085,9.469105896378892,9.959650899611066,0.04628235033857579,0.010797045403790615,Q3,2024
Bukit Timah,Singapore,120,4,5,151095000.0,1259122.0,HDB,7.2859263107791445,7.957788661379169,9.940531189960089,9.3164555017832,0.022232319448213293,0.025855610150235894,Q4,2023
Woodlands / Yishun,Singapore,45,1,1,26412000.0,586923.0,Landed,18.91235603558356,8.675187015051636,9.423203934827903,9.263212195021072,0.043183535664843564,0.016455761456462863,Q4,2024
Tampines / Bedok,Singapore,90,3,3,79856000.0,887290.0,Landed,8.266766172312582,8.574593872366556,9.733951951482625,9.304818875551032,0.01830334387419216,0.03796256782835355,Q3,2023
Orchard / Marina Bay,Singapore,38,1,1,74389000.0,1957609.0,Landed,21.76281825380302,7.360884969736216,9.549943450559185,9.381935583174023,0.0489284800476997,0.0489881602797601,Q4,2023
Novena / Toa Payoh,Singapore,55,1,1,46924000.0,853161.0,HDB,23.748204782606763,7.378855986876652,9.75820006044409,9.201850149227573,0.04338791239427591,0.028612003040059508,Q4,2024
Novena / Toa Payoh,Singapore,120,2,3,119771000.0,998095.0,Condo,6.310853004448099,7.158481576976971,9.306088467149424,9.474074293100898,0.044834201798702025,0.01987896408620822,Q4,2024
Novena / Toa Payoh,Singapore,140,5,4,175503000.0,1253591.0,Landed,5.846359123439212,8.591680043364683,9.587063627625836,9.973051996161628,0.04996308332782715,0.04132438805989929,Q3,2024
Tampines / Bedok,Singapore,105,2,2,70532000.0,671736.0,Condo,14.112809407845312,8.429811306354125,9.949683520009419,9.94045516416657,0.016787720955423923,0.045164835646521496,Q1,2024
Jurong West,Singapore,140,4,3,103844000.0,741741.0,Landed,2.9996893516170875,7.552317166773067,9.635341064834359,9.608335286790734,0.029746679383834768,0.026056808720605215,Q4,2024
Orchard / Marina Bay,Singapore,90,1,1,148763000.0,1652918.0,Condo,1.91955236537527,8.389458612932774,9.236399368707454,9.940960268165739,0.034633847260388,0.024630184554212314,Q2,2024
Novena / Toa Payoh,Singapore,55,1,1,54560000.0,991996.0,Condo,5.198754880746545,7.448706715955466,9.041307726956067,9.299038205768365,0.022770876122146004,0.018346789795661997,Q4,2023
Orchard / Marina Bay,Singapore,38,2,1,45461000.0,1196348.0,HDB,19.592649981600218,7.406368217979569,9.709337537225672,9.721467667535395,0.014848651243656034,0.02121028165915874,Q4,2023
Bukit Timah,Singapore,120,2,3,201004000.0,1675036.0,Landed,20.76268414610377,8.908698884618325,9.25135077343521,9.367747797185446,0.040661663057274124,0.02549353287477519,Q3,2024
Orchard / Marina Bay,Singapore,55,1,1,64356000.0,1170109.0,HDB,15.69652532602061,7.472517327734022,9.169873844398653,9.249085935810484,0.03329550536371032,0.03180460941005768,Q4,2024
Novena / Toa Payoh,Singapore,140,3,4,195757000.0,1398266.0,Landed,2.8563825934871216,8.253139009310479,9.52467845610233,9.566433323118838,0.03475438341183081,0.044430564871209555,Q1,2023
Bukit Timah,Singapore,140,5,6,169002000.0,1207155.0,HDB,24.497660927600233,7.9421330531868755,9.75300018181842,9.498822526669535,0.045086828194233104,0.019021518543642753,Q4,2024
Jurong West,Singapore,75,2,1,54443000.0,725908.0,Landed,23.400392639617714,7.388797660734881,9.960450521091243,9.644206670584778,0.01983571947997903,0.0370511966130524,Q3,2023
Novena / Toa Payoh,Singapore,140,3,2,108137000.0,772406.0,HDB,6.083561729613231,8.837519589442403,9.66726214472483,9.707876609405147,0.0458821191777208,0.018558722851958212,Q3,2024
Novena / Toa Payoh,Singapore,38,2,2,47228000.0,1242841.0,Landed,21.44989774402599,8.885641760958796,9.290394383461765,9.791966053583772,0.04403930436663093,0.029365817552232207,Q2,2024
Woodlands / Yishun,Singapore,105,3,3,49318000.0,469696.0,Condo,22.089098054925252,7.598605333588202,9.419905137025786,9.579423248097317,0.03964663414517992,0.01787603394017342,Q2,2024
Woodlands / Yishun,Singapore,45,1,1,17238000.0,383069.0,HDB,19.318511284802348,7.339184789948359,9.815280332377608,9.343255857524307,0.01682184985870273,0.018580966815311052,Q1,2024
Orchard / Marina Bay,Singapore,65,2,2,104313000.0,1604815.0,Condo,17.504516290283206,7.2575106300255126,9.669955879299932,9.398053732476892,0.04555064097634012,0.0428227320112725,Q3,2024
Woodlands / Yishun,Singapore,140,5,6,51156000.0,365398.0,HDB,12.59889963730512,8.454382854156224,9.208599301661533,9.93253337971389,0.04091688119191408,0.021219182460811246,Q2,2024
Novena / Toa Payoh,Singapore,75,1,1,104909000.0,1398791.0,Landed,1.851284272224425,7.971246239293726,9.29345113872515,9.097724850419489,0.012668318134370797,0.012456387415838672,Q4,2024
Woodlands / Yishun,Singapore,90,3,4,58622000.0,651354.0,Landed,8.520119040918303,7.502808990638181,9.869863594046716,9.424307579620875,0.022524130865632715,0.012199204488599862,Q3,2024
Tampines / Bedok,Singapore,120,3,2,103626000.0,863547.0,Landed,9.930831719924921,8.172080352110054,9.052622263655168,9.437162965640644,0.029882675040344815,0.03309956801832745,Q4,2023
Bukit Timah,Singapore,105,2,2,173052000.0,1648113.0,Landed,14.12456836766425,8.652784762033209,9.107760043928671,9.452665560635717,0.03824954398364132,0.025319536396528286,Q3,2024
Novena / Toa Payoh,Singapore,55,1,1,54635000.0,993364.0,Condo,2.763879136990661,7.291675885446811,9.740220954177857,9.291536646508085,0.045529298549699206,0.049529445285321196,Q1,2024
Orchard / Marina Bay,Singapore,38,2,2,47968000.0,1262312.0,HDB,3.1027265058646174,7.158847759847498,9.932839925740824,9.867914051852388,0.02667235947303974,0.01371635445846116,Q1,2024
Woodlands / Yishun,Singapore,55,1,2,31873000.0,579517.0,Landed,7.76351400124919,8.716253246295308,9.193383360735526,9.437666700302694,0.013910968836066986,0.022103371717229724,Q1,2023
Jurong West,Singapore,105,3,3,44916000.0,427772.0,HDB,19.10692767031808,8.485724709629027,9.378989543927817,9.81746635974323,0.015534915066062673,0.019261475350568973,Q3,2023
Tampines / Bedok,Singapore,140,4,4,84684000.0,604889.0,HDB,9.440637726370571,8.789137637550796,9.835236789273015,9.039510026963654,0.03770396259268025,0.019277163690358666,Q1,2023
Bukit Timah,Singapore,90,1,2,155943000.0,1732699.0,Landed,20.141598924461398,8.575130146253029,9.708775306441826,9.63199545011988,0.01538562665849824,0.02694876078479698,Q4,2024
Jurong West,Singapore,120,2,2,61996000.0,516630.0,Condo,21.872821223135528,7.976426056816622,9.381503296641982,9.96319325854424,0.03676891356997273,0.012642675682289588,Q3,2024
Orchard / Marina Bay,Singapore,55,1,1,78207000.0,1421952.0,HDB,19.85659790281897,7.595940731584282,9.852676330220662,9.671490745708002,0.02985053321047631,0.012948962247608354,Q1,2024
Woodlands / Yishun,Singapore,55,2,3,28587000.0,519767.0,Condo,9.871467443438771,8.237214473431363,9.421129895372479,9.083516131122968,0.016369051209819088,0.023748567767247746,Q1,2024
Novena / Toa Payoh,Singapore,75,1,1,97696000.0,1302616.0,Landed,1.4721384641923771,7.871396512360144,9.438394433694517,9.174854267858848,0.01086264413189911,0.047519870055800904,Q4,2024
Woodlands / Yishun,Singapore,55,1,1,24563000.0,446594.0,Condo,6.663124224095832,7.361333143792373,9.150131540211428,9.649192985158882,0.01744253302964499,0.031462943031566784,Q1,2023
Bukit Timah,Singapore,55,1,2,97899000.0,1779991.0,Landed,15.037672085778743,7.414622000995365,9.286716170578549,9.706014518934898,0.03658334329113736,0.03984834434970589,Q3,2023
Woodlands / Yishun,Singapore,90,1,2,39173000.0,435256.0,Condo,4.240624756144136,8.76462204831447,9.842847830163219,9.0755571515799,0.03316461008275266,0.04342044922632276,Q2,2024
Bukit Timah,Singapore,38,1,1,49380000.0,1299464.0,Condo,24.524586086101145,7.300326177128885,9.233531668605288,9.618441775427769,0.016247701884212696,0.024732151459054358,Q2,2023
Bukit Timah,Singapore,45,1,2,56219000.0,1249300.0,Condo,14.088635200117956,8.834703272648447,9.170133649601572,9.531680291446882,0.016027377329016698,0.049230133275726215,Q1,2024
Jurong West,Singapore,105,3,3,73424000.0,699280.0,Landed,16.45910914649433,7.568401330427882,9.640050575132081,9.932788010990892,0.03793346640264776,0.03484682638116538,Q1,2024
Orchard / Marina Bay,Singapore,55,2,2,68642000.0,1248039.0,HDB,3.321694354471444,7.8186140173877385,9.41027116668873,9.427661616990484,0.025666921490544274,0.016839420637788136,Q2,2023
Tampines / Bedok,Singapore,55,1,1,34768000.0,632142.0,HDB,9.496872297547998,8.432049564223139,9.17525437223234,9.600526339309742,0.025433610227640076,0.03619287778038953,Q3,2024
Orchard / Marina Bay,Singapore,90,2,3,123016000.0,1366846.0,HDB,20.47882061608886,8.960526285642784,9.841785177061691,9.332844852448916,0.0485944283732026,0.03448933856470579,Q2,2023
Jurong West,Singapore,90,2,1,38015000.0,422384.0,HDB,24.324667641101456,8.80704654787356,9.2019926942928,9.427522523514314,0.025363615467738375,0.04084060468838608,Q3,2023
Orchard / Marina Bay,Singapore,75,2,1,102847000.0,1371297.0,HDB,17.168581951059537,8.24913475218647,9.823127112153491,9.585277488221967,0.03134963859126821,0.02181668174339401,Q3,2024
Jurong West,Singapore,90,3,2,54903000.0,610030.0,Landed,12.874171720848784,7.715478900752823,9.853746132670613,9.254903970670565,0.020190388563210555,0.033706225444045196,Q2,2024
Tampines / Bedok,Singapore,140,5,4,85157000.0,608263.0,HDB,17.105753138837912,7.59684625340876,9.10888303554952,9.798936729223682,0.03282552521471719,0.032643888465493986,Q2,2023
Jurong West,Singapore,75,3,4,55394000.0,738589.0,Landed,16.016761003663444,7.719532254751976,9.77642745685223,9.993480196071971,0.01325164588101209,0.020569473888067,Q2,2023
Bukit Timah,Singapore,140,3,3,245362000.0,1752584.0,Landed,13.282924740320167,7.633164604258274,9.514002235659385,9.860924556579961,0.04508251997496666,0.017156158101861073,Q4,2024
Novena / Toa Payoh,Singapore,120,3,2,118267000.0,985558.0,Condo,15.249550978209964,7.345444424361104,9.93260365660365,9.166306761579893,0.017881676250290114,0.030673735964322255,Q1,2023
Orchard / Marina Bay,Singapore,90,3,3,111976000.0,1244177.0,HDB,7.404865953009628,7.228185995230338,9.19577275991676,9.337594669178852,0.022366504625726168,0.03702681176279479,Q4,2023
Woodlands / Yishun,Singapore,45,2,2,27013000.0,600282.0,Landed,15.313501623925166,7.717051245318951,9.960575065672753,9.840662964073527,0.01309830453778731,0.018084504708795492,Q4,2023
Bukit Timah,Singapore,75,3,4,85448000.0,1139309.0,HDB,2.7542286278931574,8.915845272065836,9.474314382442659,9.248587037927818,0.04850169070040698,0.026739268614201568,Q2,2023
Jurong West,Singapore,140,4,5,88460000.0,631859.0,Landed,16.669759324824046,8.083118235708593,9.040675258704196,9.472544082063743,0.012809828326627994,0.02582849116026357,Q1,2023
Orchard / Marina Bay,Singapore,105,3,2,212721000.0,2025914.0,Landed,20.377158664033704,7.334655672462026,9.079774574870589,9.85246986001414,0.03832829197262508,0.045595015088606874,Q1,2024
Novena / Toa Payoh,Singapore,105,4,3,122444000.0,1166138.0,Landed,7.734127109969975,7.124876897197629,9.114070089059208,9.988200467431708,0.013822600860054012,0.030399033788256334,Q3,2024
Jurong West,Singapore,140,3,4,65772000.0,469802.0,HDB,17.109424522913717,8.63918774609755,9.139266406426929,9.681259269818002,0.03850297998245019,0.02566492265875788,Q4,2023
Novena / Toa Payoh,Singapore,38,1,2,37062000.0,975320.0,Condo,20.966958798431406,8.49023477559933,9.285937275292905,9.479125835100135,0.037796329231291774,0.04459075257527077,Q3,2023
Jurong West,Singapore,140,4,4,94269000.0,673347.0,Landed,15.967035981732781,8.696782700213335,9.883188876239405,9.067695636570422,0.0430417797582287,0.043318941936052346,Q3,2024
Novena / Toa Payoh,Singapore,75,3,2,91694000.0,1222581.0,Landed,15.369783345535875,8.012407070835211,9.176040013158573,9.481262014217398,0.04076412065442045,0.012600634573019014,Q4,2023
Novena / Toa Payoh,Singapore,90,2,1,123775000.0,1375279.0,Landed,16.423024086455467,8.65743396033081,9.998847022327341,9.06451800877741,0.011394802130174053,0.03218885164373361,Q2,2024
Tampines / Bedok,Singapore,105,4,5,69911000.0,665822.0,Condo,22.78236702436407,8.12690768135275,9.463195822629636,9.995585933235489,0.023500486840334407,0.04810229580260152,Q1,2024
Tampines / Bedok,Singapore,140,5,4,108798000.0,777128.0,Condo,5.174366380840039,7.2602374747816345,9.71553444194076,9.256349545480575,0.029490583137764252,0.03703214485401449,Q4,2023
Jurong West,Singapore,55,2,1,27518000.0,500322.0,Condo,1.5549813133857588,8.974452228147864,9.575142803989818,9.436257858194269,0.03408825909902556,0.018997160316345116,Q4,2024
Novena / Toa Payoh,Singapore,45,2,2,61983000.0,1377405.0,Landed,18.945672456074895,8.008035923463947,9.591987910599272,9.09831349724945,0.021720643070824608,0.04896850148261296,Q2,2023
Orchard / Marina Bay,Singapore,45,1,1,63946000.0,1421024.0,HDB,24.928115801184234,7.100836961342615,9.52687980649049,9.297580418545854,0.04464068107544217,0.02464009162641654,Q4,2023
Woodlands / Yishun,Singapore,65,1,1,33767000.0,519488.0,Condo,15.233958878685602,8.394972605582801,9.023215884598496,9.258094239751422,0.020724458141671422,0.03367280556305187,Q4,2024
Tampines / Bedok,Singapore,120,3,4,81335000.0,677790.0,Condo,4.431632338377502,8.776911514953477,9.37991308440499,9.239891060308386,0.036448872117805224,0.028805469889999234,Q3,2024
Woodlands / Yishun,Singapore,38,1,2,22239000.0,585243.0,Landed,2.474672595028238,7.983204169002954,9.456309310729015,9.169103886615488,0.017508352201257696,0.024453931949638893,Q4,2023
Orchard / Marina Bay,Singapore,140,3,4,277798000.0,1984275.0,Landed,16.87532282433567,8.83539429093814,9.96323448425449,9.159605336091268,0.02352746300637641,0.03687941126481488,Q3,2023
Novena / Toa Payoh,Singapore,65,2,3,65193000.0,1002974.0,Condo,21.014506778422653,7.275489675711761,9.35773160031191,9.589553940375927,0.03434744145070603,0.011615602806694944,Q3,2024
Bukit Timah,Singapore,105,2,2,181939000.0,1732757.0,Landed,7.598182804001196,8.294650791930751,9.442600601967182,9.129059149292969,0.03978348004359966,0.048769375844637905,Q3,2024
Tampines / Bedok,Singapore,120,3,4,116677000.0,972306.0,Landed,16.925726216999635,8.793600161371074,9.88058157039964,9.800980349690665,0.04111224590615767,0.020350043503089173,Q3,2024
